MODEL,DATE,HR_NAME,HR_ID,ET_MEAN,ET_MEDIAN,ET_PCT25,ET_PCT75,ET_STDDEV,PIXEL_COUNT
DISALEXI,2003-10-01,California Islands,0,56.3242,54.0,23.0,85.0,39.1059,75309
DISALEXI,2003-11-01,California Islands,0,28.4077,27.0,6.0,48.0,22.3024,90834
DISALEXI,2003-12-01,California Islands,0,19.6913,16.0,2.0,35.0,17.7394,90753
DISALEXI,2004-01-01,California Islands,0,30.714,30.0,8.0,51.0,23.3412,97771
DISALEXI,2004-02-01,California Islands,0,40.5589,41.0,21.0,59.0,21.6754,90826
DISALEXI,2004-03-01,California Islands,0,93.9603,94.0,71.0,119.0,33.1202,87330
DISALEXI,2004-04-01,California Islands,0,111.4038,111.0,74.0,148.0,51.4119,97986
DISALEXI,2004-05-01,California Islands,0,135.0525,139.0,96.0,176.0,55.0176,98044
DISALEXI,2004-06-01,California Islands,0,151.255,155.0,119.0,187.0,48.8982,90865
DISALEXI,2004-07-01,California Islands,0,134.622,137.0,100.0,171.0,49.4743,90364
DISALEXI,2004-08-01,California Islands,0,107.6104,106.0,68.0,144.0,51.3007,74884
DISALEXI,2004-09-01,California Islands,0,84.7083,84.0,47.0,122.0,49.2893,90832
DISALEXI,2004-10-01,California Islands,0,58.7304,60.0,34.0,85.0,31.8317,90827
DISALEXI,2004-11-01,California Islands,0,39.2492,41.0,17.0,61.0,24.6694,90771
DISALEXI,2004-12-01,California Islands,0,26.0881,25.0,7.0,44.0,19.5332,97994
DISALEXI,2005-01-01,California Islands,0,34.1523,36.0,15.0,53.0,20.9302,89694
DISALEXI,2005-02-01,California Islands,0,41.3813,43.0,26.0,57.0,18.2125,84944
DISALEXI,2005-03-01,California Islands,0,82.9579,85.0,63.0,105.0,27.9871,78291
DISALEXI,2005-04-01,California Islands,0,119.2154,122.0,95.0,147.0,34.9529,98044
DISALEXI,2005-05-01,California Islands,0,147.5288,151.0,116.0,181.0,44.415,98044
DISALEXI,2005-06-01,California Islands,0,163.5718,169.0,131.0,199.0,48.2652,97186
DISALEXI,2005-07-01,California Islands,0,157.5681,158.0,121.0,196.0,54.2477,75890
DISALEXI,2005-08-01,California Islands,0,109.4639,108.0,67.0,153.0,58.2726,90863
DISALEXI,2005-09-01,California Islands,0,88.6812,90.0,57.0,123.0,44.1187,90864
DISALEXI,2005-10-01,California Islands,0,60.3281,59.0,30.0,90.0,36.7352,90859
DISALEXI,2005-11-01,California Islands,0,29.0353,23.0,3.0,52.0,26.0795,98040
DISALEXI,2005-12-01,California Islands,0,23.4299,21.0,4.0,41.0,19.4685,97990
DISALEXI,2006-01-01,California Islands,0,29.9575,29.0,9.0,49.0,21.9995,97992
DISALEXI,2006-02-01,California Islands,0,47.743,48.0,22.0,73.0,29.6493,97998
DISALEXI,2006-03-01,California Islands,0,76.9901,79.0,48.0,107.0,37.0894,98043
DISALEXI,2006-04-01,California Islands,0,111.1688,114.0,95.0,130.0,25.1868,69049
DISALEXI,2006-05-01,California Islands,0,177.0317,184.0,154.0,205.0,38.6938,84182
DISALEXI,2006-06-01,California Islands,0,178.5875,185.0,149.0,214.0,48.0429,90866
DISALEXI,2006-07-01,California Islands,0,172.2894,178.0,140.0,209.0,49.3406,90866
DISALEXI,2006-08-01,California Islands,0,144.8293,150.0,111.0,182.0,50.0682,90860
DISALEXI,2006-09-01,California Islands,0,106.3649,108.0,74.0,140.0,46.2218,90856
DISALEXI,2006-10-01,California Islands,0,70.7302,72.0,45.0,97.0,33.9227,90828
DISALEXI,2006-11-01,California Islands,0,38.7714,39.0,13.0,62.0,26.4374,90780
DISALEXI,2006-12-01,California Islands,0,30.131,30.0,9.0,50.0,21.5754,90759
DISALEXI,2007-01-01,California Islands,0,35.6178,36.0,10.0,59.0,25.1423,90760
DISALEXI,2007-02-01,California Islands,0,48.9662,50.0,31.0,69.0,23.4971,98009
DISALEXI,2007-03-01,California Islands,0,92.2836,94.0,69.0,118.0,32.4704,98036
DISALEXI,2007-04-01,California Islands,0,119.5262,123.0,94.0,147.0,35.6478,98043
DISALEXI,2007-05-01,California Islands,0,152.9446,159.0,121.0,188.0,46.4877,98003
DISALEXI,2007-06-01,California Islands,0,158.3505,163.0,123.0,197.0,50.444,97713
DISALEXI,2007-07-01,California Islands,0,158.9384,164.0,128.0,193.0,46.1902,90733
DISALEXI,2007-08-01,California Islands,0,135.9555,141.0,105.0,170.0,47.3695,90860
DISALEXI,2007-09-01,California Islands,0,101.0651,104.0,72.0,132.0,39.9112,90859
DISALEXI,2007-10-01,California Islands,0,72.4679,74.0,40.0,106.0,40.1634,80051
DISALEXI,2007-11-01,California Islands,0,43.2056,44.0,17.0,69.0,29.0988,60613
DISALEXI,2007-12-01,California Islands,0,25.9788,26.0,7.0,43.0,19.3176,64440
DISALEXI,2008-01-01,California Islands,0,29.4771,30.0,12.0,46.0,19.2306,64426
DISALEXI,2008-02-01,California Islands,0,52.6965,54.0,33.0,74.0,25.1645,90853
DISALEXI,2008-03-01,California Islands,0,104.5162,107.0,78.0,135.0,38.0166,90865
DISALEXI,2008-04-01,California Islands,0,121.8522,126.0,91.0,156.0,43.5024,98036
DISALEXI,2008-05-01,California Islands,0,145.9472,149.0,115.0,178.0,42.1963,98044
DISALEXI,2008-06-01,California Islands,0,166.6064,173.0,132.0,205.0,51.239,90866
DISALEXI,2008-07-01,California Islands,0,148.9732,154.0,111.0,189.0,53.7117,78026
DISALEXI,2008-08-01,California Islands,0,129.5804,133.0,95.0,166.0,49.0752,88172
DISALEXI,2008-09-01,California Islands,0,103.6757,106.0,73.0,136.0,42.1798,88327
DISALEXI,2008-10-01,California Islands,0,63.2041,64.0,35.0,91.0,34.9053,90848
DISALEXI,2008-11-01,California Islands,0,36.4566,36.0,15.0,58.0,24.3792,90814
DISALEXI,2008-12-01,California Islands,0,28.6089,29.0,10.0,46.0,19.7755,90701
DISALEXI,2009-01-01,California Islands,0,33.2066,33.0,10.0,54.0,23.8012,98030
DISALEXI,2009-02-01,California Islands,0,40.3096,41.0,24.0,57.0,19.4322,98044
DISALEXI,2009-03-01,California Islands,0,90.4577,94.0,65.0,119.0,34.319,98044
DISALEXI,2009-04-01,California Islands,0,114.5805,119.0,88.0,144.0,38.2205,90709
DISALEXI,2009-05-01,California Islands,0,145.077,148.0,116.0,175.0,41.4573,84696
DISALEXI,2009-06-01,California Islands,0,150.1954,151.0,121.0,180.0,41.6158,62494
DISALEXI,2009-07-01,California Islands,0,155.5254,160.0,122.0,191.0,48.2384,90865
DISALEXI,2009-08-01,California Islands,0,123.3886,125.0,88.0,160.0,50.8376,90481
DISALEXI,2009-09-01,California Islands,0,98.3021,99.0,68.0,129.0,41.4798,90861
DISALEXI,2009-10-01,California Islands,0,64.961,66.0,38.0,92.0,33.5211,90856
DISALEXI,2009-11-01,California Islands,0,37.8593,37.0,12.0,62.0,27.5659,90852
DISALEXI,2009-12-01,California Islands,0,25.686,26.0,7.0,43.0,18.9133,90174
DISALEXI,2010-01-01,California Islands,0,32.0712,33.0,11.0,51.0,21.5474,88330
DISALEXI,2010-02-01,California Islands,0,45.2356,46.0,28.0,62.0,20.2705,90781
DISALEXI,2010-03-01,California Islands,0,94.4474,97.0,74.0,117.0,28.1172,96205
DISALEXI,2010-04-01,California Islands,0,124.2452,129.0,102.0,150.0,32.9794,96206
DISALEXI,2010-05-01,California Islands,0,150.4375,155.0,123.0,181.0,39.9213,98044
DISALEXI,2010-06-01,California Islands,0,163.7117,166.0,133.0,196.0,45.0083,90840
DISALEXI,2010-07-01,California Islands,0,167.6195,170.0,131.0,205.0,50.7747,90840
DISALEXI,2010-08-01,California Islands,0,144.7811,148.0,111.0,181.0,49.4442,90660
DISALEXI,2010-09-01,California Islands,0,103.3653,105.0,72.0,135.0,44.2746,88068
DISALEXI,2010-10-01,California Islands,0,59.3542,60.0,35.0,84.0,30.9343,88016
DISALEXI,2010-11-01,California Islands,0,38.3528,39.0,16.0,60.0,25.0117,90788
DISALEXI,2010-12-01,California Islands,0,22.0333,22.0,9.0,34.0,14.4728,90846
DISALEXI,2011-01-01,California Islands,0,34.668,35.0,13.0,54.0,22.6215,90862
DISALEXI,2011-02-01,California Islands,0,48.8598,51.0,30.0,68.0,23.1916,90860
DISALEXI,2011-03-01,California Islands,0,86.0186,87.0,68.0,105.0,24.3703,98039
DISALEXI,2011-04-01,California Islands,0,128.2246,131.0,106.0,154.0,32.295,98044
DISALEXI,2011-05-01,California Islands,0,150.5618,155.0,125.0,179.0,37.6602,98044
DISALEXI,2011-06-01,California Islands,0,157.1546,159.0,134.0,182.0,35.4188,90866
DISALEXI,2011-07-01,California Islands,0,166.6985,171.0,139.0,198.0,42.5747,90866
DISALEXI,2011-08-01,California Islands,0,142.2051,145.0,110.0,178.0,47.9121,90863
DISALEXI,2011-09-01,California Islands,0,104.4329,106.0,79.0,132.0,35.5135,90859
DISALEXI,2011-10-01,California Islands,0,69.5735,70.0,46.0,94.0,29.9951,90857
DISALEXI,2011-11-01,California Islands,0,39.7402,41.0,19.0,60.0,23.3224,90851
DISALEXI,2011-12-01,California Islands,0,33.6814,35.0,10.0,55.0,23.7879,85129
DISALEXI,2012-01-01,California Islands,0,43.585,46.0,22.0,65.0,24.4427,90843
DISALEXI,2012-02-01,California Islands,0,62.2217,66.0,42.0,85.0,26.9574,90849
DISALEXI,2012-03-01,California Islands,0,91.8128,95.0,66.0,121.0,35.7503,86503
DISALEXI,2012-04-01,California Islands,0,110.8046,111.0,85.0,138.0,37.4767,83868
DISALEXI,2012-05-01,California Islands,0,149.1054,152.0,115.0,185.0,47.1031,74938
DISALEXI,2012-06-01,California Islands,0,151.9426,157.0,120.0,187.0,46.6312,82392
DISALEXI,2012-07-01,California Islands,0,138.4545,143.0,103.0,175.0,48.844,78085
DISALEXI,2012-08-01,California Islands,0,120.9716,124.0,81.0,163.0,54.6999,85789
DISALEXI,2012-09-01,California Islands,0,86.3665,84.0,47.0,125.0,50.8473,86849
DISALEXI,2012-10-01,California Islands,0,74.5913,75.0,43.0,107.0,40.5418,88721
DISALEXI,2012-11-01,California Islands,0,42.0439,43.0,26.0,59.0,20.533,83167
DISALEXI,2012-12-01,California Islands,0,29.8313,31.0,15.0,44.0,16.8229,83569
DISALEXI,2013-01-01,California Islands,0,39.3975,41.0,17.0,60.0,24.5828,90753
DISALEXI,2013-02-01,California Islands,0,62.9166,66.0,43.0,84.0,25.677,77482
DISALEXI,2013-03-01,California Islands,0,95.6598,99.0,72.0,122.0,32.4256,77526
DISALEXI,2013-04-01,California Islands,0,101.6039,103.0,73.0,133.0,40.9678,98043
DISALEXI,2013-05-01,California Islands,0,134.2535,137.0,104.0,168.0,45.2845,90481
DISALEXI,2013-06-01,California Islands,0,134.9388,139.0,107.0,165.0,41.3545,90459
DISALEXI,2013-07-01,California Islands,0,129.375,135.0,95.0,166.0,48.8645,87456
DISALEXI,2013-08-01,California Islands,0,102.7327,107.0,64.0,145.0,52.2829,87475
DISALEXI,2013-09-01,California Islands,0,80.4471,83.0,47.0,115.0,43.2289,90849
DISALEXI,2013-10-01,California Islands,0,71.3838,74.0,46.0,99.0,33.7205,90861
DISALEXI,2013-11-01,California Islands,0,40.0652,41.0,19.0,62.0,24.947,90816
DISALEXI,2013-12-01,California Islands,0,30.1637,30.0,6.0,51.0,23.1984,90773
DISALEXI,2014-01-01,California Islands,0,30.8183,29.0,8.0,50.0,23.5908,90783
DISALEXI,2014-02-01,California Islands,0,44.7554,45.0,24.0,66.0,25.3816,90851
DISALEXI,2014-03-01,California Islands,0,83.1022,85.0,61.0,107.0,30.2384,97373
DISALEXI,2014-04-01,California Islands,0,103.8687,104.0,77.0,132.0,37.0394,97376
DISALEXI,2014-05-01,California Islands,0,129.2089,132.0,97.0,164.0,46.6719,98044
DISALEXI,2014-06-01,California Islands,0,141.9706,146.0,107.0,180.0,48.9294,82038
DISALEXI,2014-07-01,California Islands,0,121.0018,121.0,87.0,157.0,47.9674,44807
DISALEXI,2014-08-01,California Islands,0,107.2866,108.0,72.0,144.0,49.0148,97719
DISALEXI,2014-09-01,California Islands,0,95.274,97.0,59.0,133.0,47.3234,90853
DISALEXI,2014-10-01,California Islands,0,78.0602,81.0,49.0,109.0,38.2026,86508
DISALEXI,2014-11-01,California Islands,0,40.7428,41.0,19.0,62.0,25.165,90829
DISALEXI,2014-12-01,California Islands,0,30.4318,32.0,14.0,46.0,18.1413,90858
DISALEXI,2015-01-01,California Islands,0,36.7882,38.0,18.0,55.0,21.1939,90847
DISALEXI,2015-02-01,California Islands,0,57.1869,59.0,38.0,78.0,25.4747,90848
DISALEXI,2015-03-01,California Islands,0,99.4425,102.0,75.0,127.0,33.6747,90866
DISALEXI,2015-04-01,California Islands,0,121.1168,123.0,96.0,148.0,33.8345,90865
DISALEXI,2015-05-01,California Islands,0,149.7638,154.0,122.0,181.0,39.3084,90865
DISALEXI,2015-06-01,California Islands,0,159.5203,162.0,132.0,188.0,38.9923,90839
DISALEXI,2015-07-01,California Islands,0,142.6705,144.0,116.0,172.0,38.1712,90839
DISALEXI,2015-08-01,California Islands,0,136.9013,138.0,108.0,168.0,41.6916,90859
DISALEXI,2015-09-01,California Islands,0,103.6794,106.0,78.0,131.0,35.4307,90861
DISALEXI,2015-10-01,California Islands,0,71.516,72.0,44.0,100.0,35.0121,90841
DISALEXI,2015-11-01,California Islands,0,45.0825,47.0,19.0,71.0,28.4178,90821
DISALEXI,2015-12-01,California Islands,0,33.5023,35.0,12.0,53.0,22.9605,82209
DISALEXI,2016-01-01,California Islands,0,35.0676,37.0,17.0,52.0,20.378,71221
DISALEXI,2016-02-01,California Islands,0,64.3418,66.0,41.0,88.0,29.2632,86954
DISALEXI,2016-03-01,California Islands,0,97.8045,100.0,77.0,121.0,29.273,90862
DISALEXI,2016-04-01,California Islands,0,123.3386,125.0,99.0,150.0,33.6067,90864
DISALEXI,2016-05-01,California Islands,0,148.0144,150.0,120.0,178.0,38.0041,60947
DISALEXI,2016-06-01,California Islands,0,162.8816,165.0,136.0,192.0,39.6862,59798
DISALEXI,2016-07-01,California Islands,0,156.3093,157.0,127.0,187.0,41.0874,97780
DISALEXI,2016-08-01,California Islands,0,134.4124,136.0,103.0,169.0,44.4064,90861
DISALEXI,2016-09-01,California Islands,0,100.4612,101.0,71.0,130.0,38.5686,90856
DISALEXI,2016-10-01,California Islands,0,69.2087,71.0,46.0,94.0,30.5611,90835
DISALEXI,2016-11-01,California Islands,0,40.8972,42.0,23.0,59.0,23.0901,97978
DISALEXI,2016-12-01,California Islands,0,27.5768,29.0,12.0,43.0,17.3289,90846
DISALEXI,2017-01-01,California Islands,0,36.6875,38.0,20.0,53.0,19.96,87923
DISALEXI,2017-02-01,California Islands,0,40.9543,42.0,30.0,53.0,16.0318,94424
DISALEXI,2017-03-01,California Islands,0,94.3235,96.0,71.0,118.0,30.9482,95749
DISALEXI,2017-04-01,California Islands,0,116.2836,118.0,93.0,142.0,32.9841,96199
DISALEXI,2017-05-01,California Islands,0,143.0774,143.0,116.0,172.0,36.7072,97924
DISALEXI,2017-06-01,California Islands,0,167.9118,171.0,138.0,200.0,41.3794,96757
DISALEXI,2017-07-01,California Islands,0,157.2931,159.0,127.0,189.0,42.3087,79425
DISALEXI,2017-08-01,California Islands,0,130.1593,134.0,96.0,167.0,46.7926,59859
DISALEXI,2017-09-01,California Islands,0,96.8801,97.0,64.0,130.0,43.4639,59965
DISALEXI,2017-10-01,California Islands,0,66.7046,65.0,40.0,94.0,34.8203,90852
DISALEXI,2017-11-01,California Islands,0,31.2172,29.0,10.0,50.0,22.759,90862
DISALEXI,2017-12-01,California Islands,0,28.4986,28.0,9.0,46.0,20.1156,90836
DISALEXI,2018-01-01,California Islands,0,30.0511,31.0,13.0,46.0,18.8273,90856
DISALEXI,2018-02-01,California Islands,0,55.1052,57.0,27.0,83.0,32.2137,90865
DISALEXI,2018-03-01,California Islands,0,72.7974,75.0,56.0,90.0,21.1285,90863
DISALEXI,2018-04-01,California Islands,0,108.0756,110.0,83.0,136.0,34.9042,98044
DISALEXI,2018-05-01,California Islands,0,144.3758,148.0,119.0,172.0,36.5809,97179
DISALEXI,2018-06-01,California Islands,0,152.6018,154.0,125.0,182.0,39.5312,97020
DISALEXI,2018-07-01,California Islands,0,153.3532,155.0,126.0,183.0,41.8251,90776
DISALEXI,2018-08-01,California Islands,0,140.3317,143.0,113.0,171.0,41.494,90864
DISALEXI,2018-09-01,California Islands,0,109.4776,113.0,83.0,139.0,38.2601,90212
DISALEXI,2018-10-01,California Islands,0,73.9489,76.0,48.0,102.0,34.1565,90852
DISALEXI,2018-11-01,California Islands,0,37.4748,38.0,15.0,59.0,24.6839,90833
DISALEXI,2018-12-01,California Islands,0,27.8323,28.0,10.0,45.0,19.3582,90795
DISALEXI,2019-01-01,California Islands,0,30.5059,31.0,13.0,47.0,19.3532,90839
DISALEXI,2019-02-01,California Islands,0,42.1821,44.0,28.0,57.0,18.8896,90864
DISALEXI,2019-03-01,California Islands,0,82.5672,86.0,64.0,103.0,27.8005,90595
DISALEXI,2019-04-01,California Islands,0,96.6052,100.0,69.0,125.0,35.9119,64295
DISALEXI,2019-05-01,California Islands,0,109.5949,111.0,82.0,139.0,37.4326,72065
DISALEXI,2019-06-01,California Islands,0,143.7108,148.0,108.0,181.0,49.0786,83481
DISALEXI,2019-07-01,California Islands,0,142.5794,150.0,101.0,187.0,56.8747,90665
DISALEXI,2019-08-01,California Islands,0,118.3111,124.0,83.0,155.0,48.4881,84301
DISALEXI,2019-09-01,California Islands,0,80.144,83.0,54.0,109.0,37.7143,90714
DISALEXI,2019-10-01,California Islands,0,54.1333,55.0,26.0,81.0,34.047,90849
DISALEXI,2019-11-01,California Islands,0,33.0072,32.0,12.0,52.0,23.232,90823
DISALEXI,2019-12-01,California Islands,0,25.3504,25.0,9.0,41.0,17.8999,90754
DISALEXI,2020-01-01,California Islands,0,32.5486,32.0,11.0,52.0,23.3349,90824
DISALEXI,2020-02-01,California Islands,0,48.7211,50.0,26.0,71.0,27.3271,90851
DISALEXI,2020-03-01,California Islands,0,62.6445,64.0,45.0,82.0,25.1974,87962
DISALEXI,2020-04-01,California Islands,0,94.4392,95.0,76.0,114.0,27.0734,90826
DISALEXI,2020-05-01,California Islands,0,129.4868,130.0,105.0,155.0,35.8232,90864
DISALEXI,2020-06-01,California Islands,0,114.5055,116.0,89.0,140.0,35.5866,90864
DISALEXI,2020-07-01,California Islands,0,131.1059,137.0,95.0,170.0,49.7144,90405
DISALEXI,2020-08-01,California Islands,0,107.2804,112.0,74.0,143.0,48.0139,90851
DISALEXI,2020-09-01,California Islands,0,77.8304,80.0,45.0,110.0,42.5542,90851
DISALEXI,2020-10-01,California Islands,0,48.7749,48.0,20.0,73.0,33.8162,90822
DISALEXI,2020-11-01,California Islands,0,27.0462,23.0,4.0,45.0,23.8747,90822
DISALEXI,2020-12-01,California Islands,0,17.9674,12.0,0.0,33.0,18.3923,90803
DISALEXI,2021-01-01,California Islands,0,25.5252,25.0,8.0,41.0,18.5014,90827
DISALEXI,2021-02-01,California Islands,0,44.3988,45.0,21.0,67.0,27.6469,90846
DISALEXI,2021-03-01,California Islands,0,64.8746,65.0,38.0,91.0,35.3788,98036
DISALEXI,2021-04-01,California Islands,0,87.5791,92.0,58.0,118.0,41.2405,98038
DISALEXI,2021-05-01,California Islands,0,108.5279,114.0,75.0,145.0,48.465,90834
DISALEXI,2021-06-01,California Islands,0,111.7649,117.0,77.0,148.0,48.2136,90836
DISALEXI,2021-07-01,California Islands,0,101.2261,103.0,66.0,137.0,48.2786,97941
DISALEXI,2021-08-01,California Islands,0,86.8672,89.0,50.0,123.0,47.8254,96924
DISALEXI,2021-09-01,California Islands,0,64.6681,65.0,30.0,95.0,41.2562,90851
DISALEXI,2021-10-01,California Islands,0,46.3469,46.0,16.0,72.0,33.0879,90845
DISALEXI,2021-11-01,California Islands,0,27.8512,23.0,4.0,48.0,24.6541,89412
DISALEXI,2021-12-01,California Islands,0,18.046,14.0,2.0,32.0,16.7059,89293
DISALEXI,2022-01-01,California Islands,0,27.9813,26.0,6.0,46.0,22.0922,90771
DISALEXI,2022-02-01,California Islands,0,41.3624,37.0,15.0,65.0,30.5047,90853
DISALEXI,2022-03-01,California Islands,0,66.2099,66.0,38.0,94.0,36.0624,90866
DISALEXI,2022-04-01,California Islands,0,95.4454,97.0,70.0,122.0,36.5746,98044
DISALEXI,2022-05-01,California Islands,0,113.79,115.0,85.0,142.0,41.274,97958
DISALEXI,2022-06-01,California Islands,0,104.2524,107.0,77.0,133.0,39.788,97502
DISALEXI,2022-07-01,California Islands,0,101.8152,105.0,67.0,137.0,48.5339,88859
DISALEXI,2022-08-01,California Islands,0,91.0848,92.0,50.0,129.0,52.5906,90864
DISALEXI,2022-09-01,California Islands,0,66.9338,67.0,34.0,97.0,41.9267,90857
DISALEXI,2022-10-01,California Islands,0,43.546,42.0,14.0,68.0,32.55,97830
DISALEXI,2022-11-01,California Islands,0,26.9374,25.0,7.0,44.0,21.171,90850
DISALEXI,2022-12-01,California Islands,0,19.5147,19.0,6.0,31.0,14.4621,73576
DISALEXI,2023-01-01,California Islands,0,27.0009,27.0,11.0,42.0,18.0374,90839
DISALEXI,2023-02-01,California Islands,0,40.1063,41.0,22.0,58.0,21.8395,90839
DISALEXI,2023-03-01,California Islands,0,71.1972,72.0,55.0,89.0,22.8766,90838
DISALEXI,2023-04-01,California Islands,0,119.511,120.0,97.0,143.0,33.9252,90863
DISALEXI,2023-05-01,California Islands,0,131.0458,132.0,110.0,154.0,30.2802,90636
DISALEXI,2023-06-01,California Islands,0,124.1115,128.0,99.0,152.0,36.7162,76045
DISALEXI,2023-07-01,California Islands,0,138.6315,143.0,104.0,176.0,49.6988,90865
DISALEXI,2023-08-01,California Islands,0,100.2002,102.0,69.0,131.0,42.1641,90864
DISALEXI,2023-09-01,California Islands,0,66.4226,65.0,40.0,92.0,36.4118,90856
DISALEXI,2023-10-01,California Islands,0,50.476,48.0,24.0,75.0,32.8204,97863
DISALEXI,2023-11-01,California Islands,0,29.0183,27.0,8.0,48.0,22.4288,90852
DISALEXI,2023-12-01,California Islands,0,22.495,21.0,7.0,36.0,16.4241,90865
DISALEXI,2024-01-01,California Islands,0,31.3649,31.0,18.0,44.0,16.3861,90860
DISALEXI,2024-02-01,California Islands,0,49.039,50.0,36.0,64.0,18.9911,90865
DISALEXI,2024-03-01,California Islands,0,85.6083,88.0,67.0,105.0,27.4192,90866
DISALEXI,2024-04-01,California Islands,0,114.8492,116.0,90.0,140.0,33.2372,98044
DISALEXI,2024-05-01,California Islands,0,139.8979,140.0,111.0,169.0,39.5664,96596
DISALEXI,2024-06-01,California Islands,0,156.8253,160.0,115.0,203.0,53.5595,97071
DISALEXI,2024-07-01,California Islands,0,142.8784,156.0,93.0,198.0,70.4995,98043
DISALEXI,2024-08-01,California Islands,0,121.0214,128.0,69.0,174.0,63.4329,90865
DISALEXI,2024-09-01,California Islands,0,78.9731,78.0,39.0,116.0,49.7177,72468
DISALEXI,2024-10-01,California Islands,0,44.3609,42.0,15.0,65.0,34.4182,70073
DISALEXI,2024-11-01,California Islands,0,29.428,26.0,7.0,47.0,24.2308,90811
DISALEXI,2024-12-01,California Islands,0,22.8356,20.0,6.0,37.0,18.702,90826
DISALEXI,2025-01-01,California Islands,0,30.6853,28.0,11.0,48.0,21.8673,90851
DISALEXI,2025-02-01,California Islands,0,41.9358,43.0,27.0,57.0,20.6645,90861
DISALEXI,2025-03-01,California Islands,0,72.6665,74.0,53.0,93.0,27.0462,98044
DISALEXI,2025-04-01,California Islands,0,114.0545,118.0,85.0,146.0,40.9775,98044
DISALEXI,2025-05-01,California Islands,0,133.6671,138.0,94.0,177.0,51.1852,98044
DISALEXI,2025-06-01,California Islands,0,138.9788,148.0,88.0,191.0,59.575,90854
DISALEXI,2025-07-01,California Islands,0,124.6532,136.0,72.0,178.0,63.5844,90853
DISALEXI,2025-08-01,California Islands,0,113.8418,122.0,64.0,165.0,61.2534,90806
DISALEXI,2025-09-01,California Islands,0,71.6659,75.0,32.0,111.0,44.963,90851
DISALEXI,2025-10-01,California Islands,0,53.6484,52.0,23.0,82.0,35.8845,90845
DISALEXI,2025-11-01,California Islands,0,30.367,30.0,14.0,46.0,20.2592,90841
DISALEXI,2025-12-01,California Islands,0,25.1795,23.0,9.0,40.0,18.5251,90819
DISALEXI,2003-10-01,Central Coast,3,36.2338,33.0,8.0,58.0,29.9207,31666981
DISALEXI,2003-11-01,Central Coast,3,19.9234,18.0,5.0,31.0,16.1912,31057779
DISALEXI,2003-12-01,Central Coast,3,14.5576,13.0,4.0,23.0,11.6492,31032257
DISALEXI,2004-01-01,Central Coast,3,23.21,22.0,10.0,34.0,15.639,31186630
DISALEXI,2004-02-01,Central Coast,3,30.8391,30.0,19.0,42.0,15.7989,31611628
DISALEXI,2004-03-01,Central Coast,3,73.7751,73.0,52.0,95.0,30.1536,31670951
DISALEXI,2004-04-01,Central Coast,3,76.3899,76.0,43.0,109.0,42.5322,31703404
DISALEXI,2004-05-01,Central Coast,3,84.3312,82.501,32.5002,128.4984,58.5001,31686842
DISALEXI,2004-06-01,Central Coast,3,88.3765,86.5004,36.5013,134.4984,61.2414,31643341
DISALEXI,2004-07-01,Central Coast,3,83.4907,80.4998,26.5006,128.498,61.7207,31620867
DISALEXI,2004-08-01,Central Coast,3,69.6084,66.5021,18.4977,110.4979,53.4016,31640312
DISALEXI,2004-09-01,Central Coast,3,43.5913,38.0,5.0,73.0,38.7056,31681129
DISALEXI,2004-10-01,Central Coast,3,32.1511,29.0,9.0,51.0,25.4861,31665430
DISALEXI,2004-11-01,Central Coast,3,25.1708,24.0,11.0,37.0,17.2684,31480484
DISALEXI,2004-12-01,Central Coast,3,18.5856,17.0,5.0,29.0,14.7815,31655455
DISALEXI,2005-01-01,Central Coast,3,24.8891,24.0,14.0,35.0,14.2228,31280426
DISALEXI,2005-02-01,Central Coast,3,32.9952,32.0,22.0,43.0,15.0213,31111104
DISALEXI,2005-03-01,Central Coast,3,70.5609,70.0,55.0,85.0,21.2935,30750655
DISALEXI,2005-04-01,Central Coast,3,93.3024,93.0,71.0,116.0,30.1065,31658079
DISALEXI,2005-05-01,Central Coast,3,113.4247,114.4998,82.5031,146.4976,43.9961,31680548
DISALEXI,2005-06-01,Central Coast,3,108.4294,106.4993,68.5031,148.0,53.2513,31671699
DISALEXI,2005-07-01,Central Coast,3,115.3961,114.5014,68.5022,158.4959,62.0305,31600669
DISALEXI,2005-08-01,Central Coast,3,89.2177,86.4986,44.5017,128.4987,54.4892,31614155
DISALEXI,2005-09-01,Central Coast,3,57.0653,55.0,25.0,85.0,38.0617,31650746
DISALEXI,2005-10-01,Central Coast,3,37.4928,34.0,13.0,58.0,28.1471,31671621
DISALEXI,2005-11-01,Central Coast,3,20.0191,17.0,5.0,32.0,17.0552,31674440
DISALEXI,2005-12-01,Central Coast,3,15.5118,13.0,5.0,24.0,12.3664,31461720
DISALEXI,2006-01-01,Central Coast,3,24.3412,23.0,13.0,34.0,14.8042,31631969
DISALEXI,2006-02-01,Central Coast,3,36.2685,35.0,21.0,50.0,20.4449,31659905
DISALEXI,2006-03-01,Central Coast,3,55.2039,55.0,38.0,72.0,24.282,30405334
DISALEXI,2006-04-01,Central Coast,3,79.5042,80.0,63.0,96.0,23.82,31151096
DISALEXI,2006-05-01,Central Coast,3,123.544,124.4996,92.5032,154.4979,44.1193,31666505
DISALEXI,2006-06-01,Central Coast,3,110.6997,110.5012,68.5027,150.4957,55.4644,31684129
DISALEXI,2006-07-01,Central Coast,3,108.436,106.5003,58.5014,152.495,63.4061,31624422
DISALEXI,2006-08-01,Central Coast,3,81.4751,78.5002,36.501,120.4965,54.2115,31569084
DISALEXI,2006-09-01,Central Coast,3,53.9633,51.0,18.0,83.0,40.0737,31648208
DISALEXI,2006-10-01,Central Coast,3,30.9785,27.0,6.0,50.0,26.6082,31660481
DISALEXI,2006-11-01,Central Coast,3,18.0225,14.0,2.0,29.0,17.2771,31665238
DISALEXI,2006-12-01,Central Coast,3,13.5195,10.0,2.0,22.0,13.2464,31643723
DISALEXI,2007-01-01,Central Coast,3,20.3397,17.0,4.0,32.0,17.295,31636300
DISALEXI,2007-02-01,Central Coast,3,30.3185,29.0,16.0,43.0,18.4291,31659026
DISALEXI,2007-03-01,Central Coast,3,59.61,59.0,35.0,83.0,32.1228,31695002
DISALEXI,2007-04-01,Central Coast,3,68.0726,68.0,32.0,101.0,42.9176,31695710
DISALEXI,2007-05-01,Central Coast,3,80.399,78.4992,28.4984,124.4977,57.3866,31682519
DISALEXI,2007-06-01,Central Coast,3,82.1313,78.4994,20.4964,130.4981,64.2167,31669558
DISALEXI,2007-07-01,Central Coast,3,82.5747,78.502,22.4975,130.4996,63.732,31660298
DISALEXI,2007-08-01,Central Coast,3,68.8281,62.4994,16.4961,110.4969,55.1296,31674273
DISALEXI,2007-09-01,Central Coast,3,43.0385,37.0,6.0,72.0,37.9523,31674167
DISALEXI,2007-10-01,Central Coast,3,25.4357,19.0,0.0,44.0,25.8133,31341833
DISALEXI,2007-11-01,Central Coast,3,17.1785,12.0,0.0,29.0,18.1325,28413201
DISALEXI,2007-12-01,Central Coast,3,13.1639,10.0,1.0,22.0,13.1048,27633892
DISALEXI,2008-01-01,Central Coast,3,17.6173,16.0,7.0,26.0,12.8147,29292362
DISALEXI,2008-02-01,Central Coast,3,34.7641,34.0,21.0,48.0,18.9963,31561883
DISALEXI,2008-03-01,Central Coast,3,66.8552,66.0,45.0,89.0,31.6128,31657621
DISALEXI,2008-04-01,Central Coast,3,72.2229,70.5004,42.504,100.4971,38.8668,31704982
DISALEXI,2008-05-01,Central Coast,3,81.319,78.4985,38.4999,120.498,52.6157,31696147
DISALEXI,2008-06-01,Central Coast,3,79.7652,72.502,24.4974,124.4976,61.655,31665308
DISALEXI,2008-07-01,Central Coast,3,84.0012,80.5,30.4983,128.4983,62.0576,31659851
DISALEXI,2008-08-01,Central Coast,3,66.1124,60.5006,16.497,104.4981,53.5219,31679254
DISALEXI,2008-09-01,Central Coast,3,41.0984,35.0,4.0,69.0,37.4106,31683343
DISALEXI,2008-10-01,Central Coast,3,20.0599,10.0,0.0,34.0,23.2749,31666017
DISALEXI,2008-11-01,Central Coast,3,15.5743,10.0,1.0,26.0,16.4848,31520564
DISALEXI,2008-12-01,Central Coast,3,15.7882,13.0,2.0,26.0,14.2147,31286406
DISALEXI,2009-01-01,Central Coast,3,19.854,17.0,5.0,31.0,16.6267,31670320
DISALEXI,2009-02-01,Central Coast,3,27.3173,26.0,15.0,38.0,15.79,31687719
DISALEXI,2009-03-01,Central Coast,3,62.2561,60.4991,40.5054,84.4972,30.0642,31693482
DISALEXI,2009-04-01,Central Coast,3,68.1248,64.4984,32.5014,100.4979,43.4603,31700677
DISALEXI,2009-05-01,Central Coast,3,73.3113,70.5005,26.4996,112.4966,53.2299,31617420
DISALEXI,2009-06-01,Central Coast,3,71.961,66.5,20.498,112.4973,56.537,31627745
DISALEXI,2009-07-01,Central Coast,3,79.7534,74.5019,20.4987,126.4988,63.934,31675178
DISALEXI,2009-08-01,Central Coast,3,54.5269,46.4994,6.4833,90.4976,49.7477,31679177
DISALEXI,2009-09-01,Central Coast,3,35.1266,25.0,1.0,60.0,36.1338,31684063
DISALEXI,2009-10-01,Central Coast,3,28.4336,24.0,6.0,46.0,24.7133,31688303
DISALEXI,2009-11-01,Central Coast,3,17.3402,12.0,1.0,29.0,17.6476,31677672
DISALEXI,2009-12-01,Central Coast,3,13.8941,11.0,4.0,22.0,12.0009,31320562
DISALEXI,2010-01-01,Central Coast,3,23.0458,22.0,12.0,33.0,14.5545,30252593
DISALEXI,2010-02-01,Central Coast,3,34.4314,34.0,24.0,45.0,15.1854,31022821
DISALEXI,2010-03-01,Central Coast,3,70.1409,70.0,55.0,86.0,23.3044,31574955
DISALEXI,2010-04-01,Central Coast,3,85.4395,85.0,67.0,105.0,26.8727,31700212
DISALEXI,2010-05-01,Central Coast,3,96.1103,96.0,65.0,127.0,42.9723,31693371
DISALEXI,2010-06-01,Central Coast,3,94.6479,92.5002,52.5017,134.4971,55.4634,31684640
DISALEXI,2010-07-01,Central Coast,3,95.3454,92.4995,48.5007,138.4968,59.9213,31664093
DISALEXI,2010-08-01,Central Coast,3,71.5819,68.5001,30.5004,108.4981,49.6367,31659473
DISALEXI,2010-09-01,Central Coast,3,45.6107,41.0,12.0,72.0,36.3541,31663734
DISALEXI,2010-10-01,Central Coast,3,32.6099,30.0,12.0,50.0,24.1192,31660439
DISALEXI,2010-11-01,Central Coast,3,22.4006,20.0,7.0,34.0,17.7237,31628963
DISALEXI,2010-12-01,Central Coast,3,15.2826,13.0,5.0,23.0,11.9645,29465145
DISALEXI,2011-01-01,Central Coast,3,26.0595,25.0,13.0,37.0,16.3176,31434873
DISALEXI,2011-02-01,Central Coast,3,32.9881,32.0,19.0,45.0,18.0897,31056079
DISALEXI,2011-03-01,Central Coast,3,56.4671,56.0,42.0,71.0,20.5318,31113189
DISALEXI,2011-04-01,Central Coast,3,83.559,83.0,61.0,105.0,31.0454,31681993
DISALEXI,2011-05-01,Central Coast,3,95.0549,94.501,64.5043,126.4974,42.978,31696567
DISALEXI,2011-06-01,Central Coast,3,93.1612,92.4994,54.502,130.4979,51.53,31681657
DISALEXI,2011-07-01,Central Coast,3,92.5106,90.4995,46.5016,134.4971,58.4721,31666499
DISALEXI,2011-08-01,Central Coast,3,68.2384,64.5011,24.4987,104.4954,50.3492,31601978
DISALEXI,2011-09-01,Central Coast,3,46.6671,43.0,14.0,73.0,36.1651,31670995
DISALEXI,2011-10-01,Central Coast,3,32.0123,29.0,9.0,50.0,25.3131,31678986
DISALEXI,2011-11-01,Central Coast,3,20.8911,18.0,6.0,32.0,16.8225,31661947
DISALEXI,2011-12-01,Central Coast,3,17.332,13.0,2.0,28.0,16.5218,31336019
DISALEXI,2012-01-01,Central Coast,3,20.9062,18.0,6.0,33.0,16.9692,31312534
DISALEXI,2012-02-01,Central Coast,3,31.9843,31.0,15.0,47.0,21.1543,31213771
DISALEXI,2012-03-01,Central Coast,3,47.2127,45.0,24.0,67.0,29.3207,29436959
DISALEXI,2012-04-01,Central Coast,3,78.3756,78.5017,50.5017,106.496,37.4414,29333097
DISALEXI,2012-05-01,Central Coast,3,92.5073,92.5013,48.5027,132.4975,56.1614,30724705
DISALEXI,2012-06-01,Central Coast,3,81.1344,78.4992,26.4996,124.4979,60.1328,31430961
DISALEXI,2012-07-01,Central Coast,3,75.8575,70.5007,16.4946,122.4986,62.3672,30818123
DISALEXI,2012-08-01,Central Coast,3,66.8271,62.5006,16.4985,106.4964,53.9598,29668326
DISALEXI,2012-09-01,Central Coast,3,46.1505,41.0,7.0,75.0,40.0619,28402374
DISALEXI,2012-10-01,Central Coast,3,29.251,24.0,2.0,49.0,27.5056,29873180
DISALEXI,2012-11-01,Central Coast,3,17.4717,14.0,2.0,29.0,16.2744,30737788
DISALEXI,2012-12-01,Central Coast,3,14.8561,14.0,5.0,23.0,11.5408,30808258
DISALEXI,2013-01-01,Central Coast,3,24.039,23.0,9.0,37.0,17.5628,30165907
DISALEXI,2013-02-01,Central Coast,3,36.1725,35.0,17.0,53.0,23.1714,29581017
DISALEXI,2013-03-01,Central Coast,3,52.609,52.0,26.0,77.0,32.7198,30420610
DISALEXI,2013-04-01,Central Coast,3,64.1661,62.0,24.0,99.0,45.5408,31692413
DISALEXI,2013-05-01,Central Coast,3,71.7794,68.5011,20.4959,112.4985,54.3289,31672355
DISALEXI,2013-06-01,Central Coast,3,72.6216,68.5021,18.4947,116.4994,56.9652,31687956
DISALEXI,2013-07-01,Central Coast,3,67.5319,58.5002,10.4896,110.0,59.1734,31671800
DISALEXI,2013-08-01,Central Coast,3,55.4768,48.5014,6.4767,92.4994,48.4884,31674457
DISALEXI,2013-09-01,Central Coast,3,39.299,33.0,4.0,67.0,36.2086,31693203
DISALEXI,2013-10-01,Central Coast,3,21.2036,12.0,0.0,37.0,24.3054,31693772
DISALEXI,2013-11-01,Central Coast,3,13.9563,7.0,0.0,25.0,16.5592,31679268
DISALEXI,2013-12-01,Central Coast,3,10.948,4.0,0.0,19.0,13.6033,31651458
DISALEXI,2014-01-01,Central Coast,3,12.6057,6.0,1.0,21.0,14.9616,31665584
DISALEXI,2014-02-01,Central Coast,3,20.3529,17.0,3.0,33.0,18.2407,31667154
DISALEXI,2014-03-01,Central Coast,3,46.0995,45.0,23.0,67.0,28.2398,31682364
DISALEXI,2014-04-01,Central Coast,3,69.2352,69.0,37.0,100.0,40.0006,31685433
DISALEXI,2014-05-01,Central Coast,3,72.193,68.5019,20.4939,112.4981,54.5353,31690735
DISALEXI,2014-06-01,Central Coast,3,71.4377,64.4999,10.4867,116.4985,61.1876,31653009
DISALEXI,2014-07-01,Central Coast,3,93.2158,90.4999,42.4986,136.4981,58.7242,31597546
DISALEXI,2014-08-01,Central Coast,3,54.6536,46.5006,8.4759,90.4974,48.0384,31685304
DISALEXI,2014-09-01,Central Coast,3,34.9444,26.5001,0.0979,62.0,35.4327,31680828
DISALEXI,2014-10-01,Central Coast,3,24.4017,15.0,1.0,43.0,26.2544,31683916
DISALEXI,2014-11-01,Central Coast,3,18.7219,16.0,3.0,30.0,16.438,31684963
DISALEXI,2014-12-01,Central Coast,3,14.8291,13.0,5.0,22.0,11.2563,31633507
DISALEXI,2015-01-01,Central Coast,3,26.5308,25.0,13.0,38.0,16.9992,31697451
DISALEXI,2015-02-01,Central Coast,3,37.2718,37.0,23.0,52.0,19.9204,31695881
DISALEXI,2015-03-01,Central Coast,3,56.7632,56.0,34.0,78.0,30.2329,31699190
DISALEXI,2015-04-01,Central Coast,3,59.7558,57.0,27.0,89.0,39.0753,31698136
DISALEXI,2015-05-01,Central Coast,3,64.658,62.4989,22.4994,100.4991,46.9568,31661836
DISALEXI,2015-06-01,Central Coast,3,67.2288,62.5012,20.4984,106.4986,51.7452,31695138
DISALEXI,2015-07-01,Central Coast,3,62.6779,58.4984,14.4945,100.4994,50.3784,31703705
DISALEXI,2015-08-01,Central Coast,3,49.4762,44.4992,6.4834,82.4965,42.9723,31702174
DISALEXI,2015-09-01,Central Coast,3,33.3004,28.0,3.0,56.0,30.9483,31691266
DISALEXI,2015-10-01,Central Coast,3,23.8257,18.0,2.0,40.0,23.5673,31695218
DISALEXI,2015-11-01,Central Coast,3,18.5036,15.0,3.0,30.0,16.4931,31695651
DISALEXI,2015-12-01,Central Coast,3,15.6124,14.0,4.0,24.0,12.7985,30220070
DISALEXI,2016-01-01,Central Coast,3,19.4332,19.0,11.0,27.0,11.0383,30277312
DISALEXI,2016-02-01,Central Coast,3,44.37,44.0,31.0,58.0,19.9417,31690952
DISALEXI,2016-03-01,Central Coast,3,64.8744,64.0,48.0,82.0,24.362,31682269
DISALEXI,2016-04-01,Central Coast,3,70.3523,70.0,46.0,95.0,33.3409,31677083
DISALEXI,2016-05-01,Central Coast,3,77.8321,78.0,42.0,112.0,45.6245,31653696
DISALEXI,2016-06-01,Central Coast,3,78.8282,78.5003,34.5016,116.4991,52.8615,31689700
DISALEXI,2016-07-01,Central Coast,3,74.5558,72.5001,24.4994,114.4975,55.2739,31690441
DISALEXI,2016-08-01,Central Coast,3,66.157,64.5001,24.5003,100.4984,47.3639,31701831
DISALEXI,2016-09-01,Central Coast,3,35.8324,30.0,5.0,59.0,31.9208,31695249
DISALEXI,2016-10-01,Central Coast,3,23.0485,18.0,3.0,38.0,21.5833,31686953
DISALEXI,2016-11-01,Central Coast,3,21.4927,19.0,6.0,33.0,17.8363,31686848
DISALEXI,2016-12-01,Central Coast,3,16.0698,15.0,6.0,24.0,11.8117,31686535
DISALEXI,2017-01-01,Central Coast,3,22.8109,23.0,14.0,31.0,12.435,31606402
DISALEXI,2017-02-01,Central Coast,3,28.559,28.0,20.0,37.0,11.6793,31603851
DISALEXI,2017-03-01,Central Coast,3,71.2864,71.0,55.0,88.0,24.5311,31612992
DISALEXI,2017-04-01,Central Coast,3,79.8095,78.4984,60.505,100.495,28.4034,31647107
DISALEXI,2017-05-01,Central Coast,3,91.0144,88.4993,58.5035,120.4964,42.1532,31695208
DISALEXI,2017-06-01,Central Coast,3,95.4857,92.5001,58.5019,130.4961,48.4205,31678063
DISALEXI,2017-07-01,Central Coast,3,90.3373,86.4991,48.5016,127.0,53.5115,31620820
DISALEXI,2017-08-01,Central Coast,3,69.7488,66.4993,34.5002,100.4982,43.5525,31608683
DISALEXI,2017-09-01,Central Coast,3,38.3725,33.0,11.0,60.0,30.5835,31663896
DISALEXI,2017-10-01,Central Coast,3,23.8168,17.0,2.0,39.0,23.8243,31679914
DISALEXI,2017-11-01,Central Coast,3,15.9775,13.0,2.0,26.0,14.8328,31673475
DISALEXI,2017-12-01,Central Coast,3,12.4898,8.0,1.0,20.0,13.3217,31672306
DISALEXI,2018-01-01,Central Coast,3,19.2469,18.0,8.0,28.0,13.5012,31627099
DISALEXI,2018-02-01,Central Coast,3,31.0553,29.0,13.0,46.0,21.5645,31675423
DISALEXI,2018-03-01,Central Coast,3,44.4662,45.0,31.0,58.0,19.5333,31649652
DISALEXI,2018-04-01,Central Coast,3,76.3771,77.0,52.0,101.0,33.5661,31678572
DISALEXI,2018-05-01,Central Coast,3,78.7375,78.4994,42.5022,112.497,46.0877,31697422
DISALEXI,2018-06-01,Central Coast,3,81.0799,80.5003,34.5011,120.4971,54.8519,31696980
DISALEXI,2018-07-01,Central Coast,3,77.2288,74.5,26.4986,118.4979,56.5618,31688048
DISALEXI,2018-08-01,Central Coast,3,61.2072,56.5018,16.497,96.4968,48.541,31697151
DISALEXI,2018-09-01,Central Coast,3,38.4414,33.0,6.0,63.0,33.9525,31700161
DISALEXI,2018-10-01,Central Coast,3,21.1787,14.0,1.0,36.0,22.372,31694500
DISALEXI,2018-11-01,Central Coast,3,13.31,9.0,2.0,22.0,13.847,31694354
DISALEXI,2018-12-01,Central Coast,3,17.7089,16.0,7.0,26.0,12.7257,31566175
DISALEXI,2019-01-01,Central Coast,3,19.8869,19.0,9.0,29.0,13.394,30685073
DISALEXI,2019-02-01,Central Coast,3,29.4615,29.0,18.0,39.0,14.7543,22464566
DISALEXI,2019-03-01,Central Coast,3,59.2861,59.0,43.0,75.0,22.3571,31429037
DISALEXI,2019-04-01,Central Coast,3,76.4821,74.4996,54.5028,98.4961,30.1326,31338850
DISALEXI,2019-05-01,Central Coast,3,86.0539,84.4999,58.5031,114.4961,39.1781,31289768
DISALEXI,2019-06-01,Central Coast,3,99.9118,98.4993,60.5037,138.4978,53.9057,31624152
DISALEXI,2019-07-01,Central Coast,3,91.5961,90.4987,46.5018,132.4988,57.3958,31643532
DISALEXI,2019-08-01,Central Coast,3,72.9666,70.5003,32.5005,108.4977,49.0985,31669541
DISALEXI,2019-09-01,Central Coast,3,43.0759,38.0,12.0,68.0,34.1918,31678609
DISALEXI,2019-10-01,Central Coast,3,26.3408,20.0,3.0,43.0,25.8407,31678702
DISALEXI,2019-11-01,Central Coast,3,17.8564,14.0,3.0,29.0,16.7236,31674362
DISALEXI,2019-12-01,Central Coast,3,15.6628,14.0,7.0,23.0,11.2293,31240469
DISALEXI,2020-01-01,Central Coast,3,25.1364,24.0,13.0,36.0,15.3867,31518590
DISALEXI,2020-02-01,Central Coast,3,39.7565,38.0,22.0,56.0,22.7537,31686350
DISALEXI,2020-03-01,Central Coast,3,49.372,48.0,33.0,65.0,22.9831,31677377
DISALEXI,2020-04-01,Central Coast,3,84.3279,84.0,60.0,109.0,33.567,31687992
DISALEXI,2020-05-01,Central Coast,3,94.4429,92.4999,58.5026,128.498,46.7466,31694058
DISALEXI,2020-06-01,Central Coast,3,89.4078,86.4992,44.5022,130.4982,56.7468,31690415
DISALEXI,2020-07-01,Central Coast,3,88.8478,86.4982,40.5012,130.4966,59.041,31596808
DISALEXI,2020-08-01,Central Coast,3,70.3676,68.5004,28.5012,106.4983,48.4391,31638932
DISALEXI,2020-09-01,Central Coast,3,46.9763,43.0,14.0,74.0,36.1918,31682247
DISALEXI,2020-10-01,Central Coast,3,28.0449,23.0,4.0,46.0,25.4273,31682830
DISALEXI,2020-11-01,Central Coast,3,15.5199,10.0,0.0,26.0,16.7854,31684434
DISALEXI,2020-12-01,Central Coast,3,12.8402,9.0,1.0,21.0,13.154,31674097
DISALEXI,2021-01-01,Central Coast,3,18.4149,16.0,5.0,28.0,15.2228,31686623
DISALEXI,2021-02-01,Central Coast,3,32.8186,30.0,17.0,47.0,20.9002,31662551
DISALEXI,2021-03-01,Central Coast,3,53.3223,51.0,31.0,74.0,29.8062,31682735
DISALEXI,2021-04-01,Central Coast,3,68.5326,66.4984,36.5036,99.0,41.2573,31687165
DISALEXI,2021-05-01,Central Coast,3,80.1323,78.4989,32.5026,122.5003,55.0988,31687684
DISALEXI,2021-06-01,Central Coast,3,80.609,78.4995,30.4995,123.0,56.9028,31700720
DISALEXI,2021-07-01,Central Coast,3,74.3493,70.502,20.4977,116.498,57.6287,31667522
DISALEXI,2021-08-01,Central Coast,3,61.7384,56.5019,16.4967,98.4971,49.4037,31644001
DISALEXI,2021-09-01,Central Coast,3,38.5679,32.0,3.0,65.0,35.8229,31692176
DISALEXI,2021-10-01,Central Coast,3,24.0178,18.0,3.0,40.0,23.5182,31693830
DISALEXI,2021-11-01,Central Coast,3,18.3928,15.0,3.0,30.0,16.8101,31686582
DISALEXI,2021-12-01,Central Coast,3,13.1725,12.0,3.0,21.0,11.0402,31671986
DISALEXI,2022-01-01,Central Coast,3,25.3428,24.0,13.0,36.0,16.1007,31649014
DISALEXI,2022-02-01,Central Coast,3,34.7135,33.0,18.0,50.0,21.6386,31686260
DISALEXI,2022-03-01,Central Coast,3,51.3482,50.0,27.0,74.0,30.969,31695008
DISALEXI,2022-04-01,Central Coast,3,66.4204,66.0,34.0,96.0,39.6723,31696526
DISALEXI,2022-05-01,Central Coast,3,71.7441,68.4991,20.4957,112.4986,54.1752,31700923
DISALEXI,2022-06-01,Central Coast,3,66.6176,58.4991,10.49,109.0,57.2138,31704466
DISALEXI,2022-07-01,Central Coast,3,69.9061,64.5019,14.4956,112.4988,57.5927,31700057
DISALEXI,2022-08-01,Central Coast,3,56.9352,50.5004,8.4844,94.4988,49.3464,31695700
DISALEXI,2022-09-01,Central Coast,3,36.8162,30.0,3.0,62.0,34.6164,31690227
DISALEXI,2022-10-01,Central Coast,3,24.0395,16.0,0.0,42.0,25.3834,31692158
DISALEXI,2022-11-01,Central Coast,3,14.7217,10.0,1.0,24.0,15.4485,31698354
DISALEXI,2022-12-01,Central Coast,3,12.6868,11.0,4.0,19.0,10.2135,31683629
DISALEXI,2023-01-01,Central Coast,3,22.3305,22.0,13.0,31.0,12.3408,31575658
DISALEXI,2023-02-01,Central Coast,3,35.673,35.0,24.0,47.0,16.3706,31582205
DISALEXI,2023-03-01,Central Coast,3,54.2109,54.0,42.0,66.0,18.534,31554552
DISALEXI,2023-04-01,Central Coast,3,102.7909,102.4994,82.5047,122.4937,29.0635,31659342
DISALEXI,2023-05-01,Central Coast,3,107.567,108.4998,80.5047,134.4971,38.1586,31136031
DISALEXI,2023-06-01,Central Coast,3,101.5998,100.4996,70.5029,132.4962,44.2248,31650005
DISALEXI,2023-07-01,Central Coast,3,101.754,100.498,62.505,138.4977,52.6811,31675831
DISALEXI,2023-08-01,Central Coast,3,77.4067,74.4981,42.5031,108.4975,44.1744,31653316
DISALEXI,2023-09-01,Central Coast,3,48.0677,46.0,23.0,70.0,30.7957,31655160
DISALEXI,2023-10-01,Central Coast,3,31.9073,28.0,10.0,49.0,25.8471,31659210
DISALEXI,2023-11-01,Central Coast,3,19.2463,16.0,5.0,30.0,16.7588,31660856
DISALEXI,2023-12-01,Central Coast,3,16.4794,15.0,7.0,24.0,11.9292,31647568
DISALEXI,2024-01-01,Central Coast,3,24.0872,23.0,15.0,32.0,12.5381,31603728
DISALEXI,2024-02-01,Central Coast,3,38.449,37.0,29.0,48.0,14.0928,31628503
DISALEXI,2024-03-01,Central Coast,3,69.9339,69.0,55.0,85.0,21.6163,31632829
DISALEXI,2024-04-01,Central Coast,3,102.2414,102.4995,84.5065,120.4955,26.449,31674545
DISALEXI,2024-05-01,Central Coast,3,117.1516,116.4997,88.5037,148.4963,42.3513,31524903
DISALEXI,2024-06-01,Central Coast,3,113.8947,112.5002,78.5021,150.4973,50.9386,31664485
DISALEXI,2024-07-01,Central Coast,3,108.5251,106.5003,66.5016,146.4981,55.0533,31661494
DISALEXI,2024-08-01,Central Coast,3,79.4261,78.4994,46.5034,110.4982,44.764,31659206
DISALEXI,2024-09-01,Central Coast,3,53.5125,51.0,25.0,78.0,34.8452,31609739
DISALEXI,2024-10-01,Central Coast,3,31.6706,28.0,9.0,49.0,25.2967,31617836
DISALEXI,2024-11-01,Central Coast,3,17.8689,15.0,4.0,28.0,15.5421,31665075
DISALEXI,2024-12-01,Central Coast,3,15.8664,14.0,5.0,24.0,12.4695,31668693
DISALEXI,2025-01-01,Central Coast,3,22.4962,20.0,9.0,34.0,16.603,31674855
DISALEXI,2025-02-01,Central Coast,3,32.2952,31.0,21.0,43.0,15.3673,31667003
DISALEXI,2025-03-01,Central Coast,3,57.3992,57.0,44.0,71.0,20.2755,31684193
DISALEXI,2025-04-01,Central Coast,3,82.8909,83.0,58.0,108.0,35.5518,31674488
DISALEXI,2025-05-01,Central Coast,3,93.1773,94.5002,52.5035,132.498,53.09,31683720
DISALEXI,2025-06-01,Central Coast,3,92.1993,92.4991,46.5014,136.496,58.2088,31665233
DISALEXI,2025-07-01,Central Coast,3,84.5653,84.4992,32.5012,128.4982,59.3986,31623081
DISALEXI,2025-08-01,Central Coast,3,67.9596,64.4996,18.4972,106.498,52.3219,31664811
DISALEXI,2025-09-01,Central Coast,3,37.0332,32.0,5.0,61.0,32.8809,31677966
DISALEXI,2025-10-01,Central Coast,3,28.4033,24.0,5.0,45.0,25.2453,31663422
DISALEXI,2025-11-01,Central Coast,3,19.3833,18.0,7.0,29.0,14.3923,31661340
DISALEXI,2025-12-01,Central Coast,3,18.0942,17.0,7.0,27.0,13.3811,31660406
DISALEXI,2003-10-01,Colorado River,10,18.669,9.0,3.0,22.0,25.2807,55600346
DISALEXI,2003-11-01,Colorado River,10,13.0405,8.0,3.0,16.0,15.434,55616183
DISALEXI,2003-12-01,Colorado River,10,9.3398,4.0,1.0,11.0,13.2041,55282100
DISALEXI,2004-01-01,Colorado River,10,10.6695,5.0,1.0,13.0,15.4451,55222922
DISALEXI,2004-02-01,Colorado River,10,15.2572,8.0,4.0,19.0,18.2593,55330140
DISALEXI,2004-03-01,Colorado River,10,28.2726,18.4902,8.499,36.4853,30.2324,55390481
DISALEXI,2004-04-01,Colorado River,10,22.113,8.4778,2.4535,26.4869,33.5774,55556340
DISALEXI,2004-05-01,Colorado River,10,19.8665,2.4266,0.1587,18.486,38.89,55616918
DISALEXI,2004-06-01,Colorado River,10,25.856,6.0,0.155,30.4931,43.471,55637324
DISALEXI,2004-07-01,Colorado River,10,28.1024,8.4786,0.2193,36.4914,43.0106,55599297
DISALEXI,2004-08-01,Colorado River,10,27.8672,12.4857,2.4591,36.4883,39.1673,55605619
DISALEXI,2004-09-01,Colorado River,10,19.361,6.4733,0.2218,22.4845,29.9082,55632460
DISALEXI,2004-10-01,Colorado River,10,15.1595,7.0,2.0,18.0,20.5512,55635492
DISALEXI,2004-11-01,Colorado River,10,15.367,11.0,4.0,20.0,16.1628,55065147
DISALEXI,2004-12-01,Colorado River,10,11.896,7.0,2.0,15.0,13.9178,55389594
DISALEXI,2005-01-01,Colorado River,10,15.1394,12.0,6.0,20.0,13.8291,55150999
DISALEXI,2005-02-01,Colorado River,10,21.43,18.0,12.0,27.0,14.3442,55179772
DISALEXI,2005-03-01,Colorado River,10,31.6224,24.0,12.0,42.0,26.4081,55262966
DISALEXI,2005-04-01,Colorado River,10,26.2262,10.4808,2.4548,36.4929,35.3274,55421836
DISALEXI,2005-05-01,Colorado River,10,32.3734,14.4844,2.4686,44.496,42.8941,55540755
DISALEXI,2005-06-01,Colorado River,10,27.2299,8.4741,0.2145,36.4947,42.5662,55609685
DISALEXI,2005-07-01,Colorado River,10,31.319,14.4872,4.4843,40.4938,41.7262,55580471
DISALEXI,2005-08-01,Colorado River,10,31.8962,18.4898,6.493,42.4906,37.0345,55583600
DISALEXI,2005-09-01,Colorado River,10,18.002,4.4604,0.3251,20.4853,28.8026,55622581
DISALEXI,2005-10-01,Colorado River,10,17.7737,10.0,4.0,21.0,22.3489,55648190
DISALEXI,2005-11-01,Colorado River,10,11.1131,5.0,1.0,13.0,16.0502,55583521
DISALEXI,2005-12-01,Colorado River,10,6.9545,1.0,0.0,7.0,12.5147,54984351
DISALEXI,2006-01-01,Colorado River,10,8.0708,2.0,0.0,8.0,14.3987,55047394
DISALEXI,2006-02-01,Colorado River,10,10.589,3.0,0.0,12.0,17.475,55441181
DISALEXI,2006-03-01,Colorado River,10,17.1796,6.0,0.0,23.0,25.9029,55254858
DISALEXI,2006-04-01,Colorado River,10,22.627,8.4821,0.2553,28.4892,33.1639,55474354
DISALEXI,2006-05-01,Colorado River,10,25.1194,6.4645,0.2381,28.4918,41.5814,55592355
DISALEXI,2006-06-01,Colorado River,10,25.2482,6.4733,0.2466,30.4913,39.7501,55623680
DISALEXI,2006-07-01,Colorado River,10,28.8286,12.487,2.466,36.4916,40.7673,55597740
DISALEXI,2006-08-01,Colorado River,10,21.6132,4.4585,0.2804,22.4854,37.0457,55583865
DISALEXI,2006-09-01,Colorado River,10,17.0727,6.4697,0.2681,18.4771,27.9977,55594446
DISALEXI,2006-10-01,Colorado River,10,12.093,3.0,0.0,12.0,20.8856,55585684
DISALEXI,2006-11-01,Colorado River,10,8.1308,1.0,0.0,7.0,15.5868,55584379
DISALEXI,2006-12-01,Colorado River,10,5.995,1.0,0.0,5.0,12.0163,55537287
DISALEXI,2007-01-01,Colorado River,10,7.3129,1.0,0.0,7.0,13.7973,55378463
DISALEXI,2007-02-01,Colorado River,10,10.987,4.0,0.0,12.0,17.948,55540489
DISALEXI,2007-03-01,Colorado River,10,16.2133,5.0,0.0,17.0,26.4806,55628490
DISALEXI,2007-04-01,Colorado River,10,19.274,6.4739,0.2086,20.4815,32.3664,55589570
DISALEXI,2007-05-01,Colorado River,10,20.6371,4.4621,0.1791,20.4841,38.6853,55599724
DISALEXI,2007-06-01,Colorado River,10,19.0325,2.429,0.1631,18.4859,37.7111,55590821
DISALEXI,2007-07-01,Colorado River,10,21.8729,6.4732,0.2016,24.4871,37.2527,55600945
DISALEXI,2007-08-01,Colorado River,10,27.5645,14.4863,4.4871,34.4902,36.0201,55586887
DISALEXI,2007-09-01,Colorado River,10,21.0108,10.4844,2.4901,26.484,27.6507,55583649
DISALEXI,2007-10-01,Colorado River,10,12.2205,3.0,0.0,13.0,21.479,55439591
DISALEXI,2007-11-01,Colorado River,10,10.3669,4.0,0.0,12.0,15.4536,54406801
DISALEXI,2007-12-01,Colorado River,10,9.9894,5.0,1.0,13.0,13.4264,54643870
DISALEXI,2008-01-01,Colorado River,10,11.5779,7.0,2.0,15.0,13.8655,55025688
DISALEXI,2008-02-01,Colorado River,10,15.9709,10.0,3.0,20.0,18.3466,55346824
DISALEXI,2008-03-01,Colorado River,10,17.7018,5.0,1.0,19.0,28.7885,55456451
DISALEXI,2008-04-01,Colorado River,10,16.879,4.4589,0.2648,14.4743,31.9189,55520986
DISALEXI,2008-05-01,Colorado River,10,18.0429,2.439,0.1212,16.4839,36.4749,55579567
DISALEXI,2008-06-01,Colorado River,10,19.4261,2.4239,0.1871,18.4843,38.3446,55587779
DISALEXI,2008-07-01,Colorado River,10,23.2179,6.4735,0.1877,28.4919,38.9077,55599341
DISALEXI,2008-08-01,Colorado River,10,21.6794,6.4785,0.197,26.4891,34.086,55599058
DISALEXI,2008-09-01,Colorado River,10,17.7274,6.0,1.0,21.0,28.0068,55598381
DISALEXI,2008-10-01,Colorado River,10,9.0077,1.0,0.0,7.0,19.0453,55589632
DISALEXI,2008-11-01,Colorado River,10,8.8971,3.0,1.0,9.0,14.875,55578499
DISALEXI,2008-12-01,Colorado River,10,10.8151,7.0,3.0,14.0,11.9662,55410293
DISALEXI,2009-01-01,Colorado River,10,11.0298,5.0,1.0,13.0,15.473,55115635
DISALEXI,2009-02-01,Colorado River,10,16.9726,12.0,4.0,22.0,18.0303,55252077
DISALEXI,2009-03-01,Colorado River,10,20.4037,8.4831,2.4601,24.4815,28.5423,55407725
DISALEXI,2009-04-01,Colorado River,10,17.6943,2.4342,0.2275,16.4812,32.9119,55516529
DISALEXI,2009-05-01,Colorado River,10,21.899,6.4726,0.1878,24.4871,38.3882,55596149
DISALEXI,2009-06-01,Colorado River,10,16.3519,0.1302,0.1302,14.4837,34.1912,55604013
DISALEXI,2009-07-01,Colorado River,10,20.769,4.4658,0.1248,24.4893,36.7934,55603925
DISALEXI,2009-08-01,Colorado River,10,19.3907,6.4752,0.2639,20.4826,32.7293,55603101
DISALEXI,2009-09-01,Colorado River,10,16.3727,4.4649,0.239,18.4774,27.1748,55603479
DISALEXI,2009-10-01,Colorado River,10,9.4212,1.0,0.0,7.0,19.7257,55577538
DISALEXI,2009-11-01,Colorado River,10,6.9537,1.0,0.0,5.0,14.2861,55548037
DISALEXI,2009-12-01,Colorado River,10,8.3517,3.0,0.0,10.0,12.6329,55255592
DISALEXI,2010-01-01,Colorado River,10,13.061,9.0,4.0,16.0,13.8385,55263302
DISALEXI,2010-02-01,Colorado River,10,20.5155,16.0,10.0,25.0,16.7919,54936421
DISALEXI,2010-03-01,Colorado River,10,24.8953,16.4922,4.4895,32.4848,27.9762,55091285
DISALEXI,2010-04-01,Colorado River,10,23.2343,8.4818,0.2874,30.4879,33.1558,55378615
DISALEXI,2010-05-01,Colorado River,10,21.2897,2.4258,0.2052,20.4869,39.5834,55537549
DISALEXI,2010-06-01,Colorado River,10,22.6518,4.4713,0.1841,24.4893,39.5209,55603330
DISALEXI,2010-07-01,Colorado River,10,30.381,14.4862,2.4824,38.4903,40.8293,55619358
DISALEXI,2010-08-01,Colorado River,10,21.4882,6.4724,0.2654,24.483,34.7982,55604151
DISALEXI,2010-09-01,Colorado River,10,14.3291,2.4173,0.2451,14.478,26.7886,55604741
DISALEXI,2010-10-01,Colorado River,10,13.5612,5.0,1.0,15.0,21.2729,55600192
DISALEXI,2010-11-01,Colorado River,10,8.4998,2.0,0.0,8.0,15.2734,55585728
DISALEXI,2010-12-01,Colorado River,10,8.5046,5.0,1.0,11.0,10.7616,55506410
DISALEXI,2011-01-01,Colorado River,10,12.0879,7.0,2.0,15.0,15.4481,55407317
DISALEXI,2011-02-01,Colorado River,10,15.1206,9.0,2.0,18.0,19.0926,55420804
DISALEXI,2011-03-01,Colorado River,10,24.935,15.0,5.0,32.0,29.0704,55411589
DISALEXI,2011-04-01,Colorado River,10,23.9583,8.4794,0.2095,28.4871,36.7576,55471303
DISALEXI,2011-05-01,Colorado River,10,19.8054,2.4339,0.155,20.4875,37.4807,55590499
DISALEXI,2011-06-01,Colorado River,10,20.1165,2.4305,0.134,20.4901,39.2906,55602182
DISALEXI,2011-07-01,Colorado River,10,19.5841,2.4389,0.1354,20.4852,37.4073,55588505
DISALEXI,2011-08-01,Colorado River,10,20.7597,4.4558,0.2451,22.4858,35.1673,55584681
DISALEXI,2011-09-01,Colorado River,10,18.3547,7.0,2.0,22.0,27.0146,55580950
DISALEXI,2011-10-01,Colorado River,10,12.0462,3.0,0.0,12.0,22.0083,55574236
DISALEXI,2011-11-01,Colorado River,10,9.3583,2.0,0.0,10.0,15.893,55515384
DISALEXI,2011-12-01,Colorado River,10,7.5433,2.0,0.0,8.0,12.5609,53763729
DISALEXI,2012-01-01,Colorado River,10,8.6964,3.0,0.0,10.0,13.8137,53949902
DISALEXI,2012-02-01,Colorado River,10,14.4483,7.0,1.0,18.0,20.044,54504875
DISALEXI,2012-03-01,Colorado River,10,19.1357,7.0,0.0,22.0,29.3047,52066408
DISALEXI,2012-04-01,Colorado River,10,21.9341,6.4826,0.1734,26.4882,34.6396,54729890
DISALEXI,2012-05-01,Colorado River,10,21.7459,4.4577,0.2135,22.4868,40.1927,55372038
DISALEXI,2012-06-01,Colorado River,10,18.8751,0.1288,0.1288,16.4855,38.8378,54418344
DISALEXI,2012-07-01,Colorado River,10,20.3531,4.4548,0.2895,22.4892,36.0143,54098012
DISALEXI,2012-08-01,Colorado River,10,25.8727,12.4901,2.4829,34.4916,33.8492,54546137
DISALEXI,2012-09-01,Colorado River,10,19.4764,8.0,2.0,25.0,28.3311,53755819
DISALEXI,2012-10-01,Colorado River,10,13.0951,4.0,0.0,15.0,22.0727,55358426
DISALEXI,2012-11-01,Colorado River,10,8.867,3.0,0.0,9.0,15.0401,55405012
DISALEXI,2012-12-01,Colorado River,10,9.7276,5.0,1.0,12.0,12.9863,54818750
DISALEXI,2013-01-01,Colorado River,10,10.9432,6.0,2.0,13.0,14.5824,54552150
DISALEXI,2013-02-01,Colorado River,10,17.5019,11.0,4.0,22.0,19.5505,54666754
DISALEXI,2013-03-01,Colorado River,10,20.3702,10.0,2.0,25.0,27.1475,54364259
DISALEXI,2013-04-01,Colorado River,10,19.3407,4.4579,0.2609,20.4845,33.4472,55594707
DISALEXI,2013-05-01,Colorado River,10,20.9752,2.4383,0.1603,22.4882,38.7247,55605337
DISALEXI,2013-06-01,Colorado River,10,20.87,2.425,0.1713,22.4886,39.2223,55611633
DISALEXI,2013-07-01,Colorado River,10,17.912,2.4478,0.1411,20.4872,32.9562,55573564
DISALEXI,2013-08-01,Colorado River,10,19.9838,8.4776,0.2877,22.4818,31.8107,55576622
DISALEXI,2013-09-01,Colorado River,10,19.1961,8.4826,2.4808,22.4827,26.6922,55580965
DISALEXI,2013-10-01,Colorado River,10,9.4522,1.0,0.0,8.0,19.2552,55560764
DISALEXI,2013-11-01,Colorado River,10,9.1131,4.0,0.0,10.0,14.195,55538943
DISALEXI,2013-12-01,Colorado River,10,9.931,5.0,1.0,12.0,13.101,55546899
DISALEXI,2014-01-01,Colorado River,10,9.5497,4.0,1.0,11.0,13.8083,55564495
DISALEXI,2014-02-01,Colorado River,10,15.2355,9.0,3.0,19.0,18.9948,55580133
DISALEXI,2014-03-01,Colorado River,10,18.6789,8.482,0.2697,22.479,27.7105,55582122
DISALEXI,2014-04-01,Colorado River,10,20.0061,6.4764,0.2228,22.4859,32.5452,55587135
DISALEXI,2014-05-01,Colorado River,10,17.3885,2.4375,0.1568,14.4806,35.6103,55605116
DISALEXI,2014-06-01,Colorado River,10,22.4121,6.4567,0.4611,24.4884,38.0046,55612528
DISALEXI,2014-07-01,Colorado River,10,41.3156,28.4939,14.5047,54.4913,41.1923,55602192
DISALEXI,2014-08-01,Colorado River,10,25.8318,14.4865,4.4921,32.4851,31.7416,55606860
DISALEXI,2014-09-01,Colorado River,10,19.3834,8.0,2.0,24.0,28.1708,55623024
DISALEXI,2014-10-01,Colorado River,10,13.4165,5.0,0.0,16.0,21.068,55636487
DISALEXI,2014-11-01,Colorado River,10,9.0867,3.0,0.0,10.0,14.924,55542288
DISALEXI,2014-12-01,Colorado River,10,7.5524,4.0,0.0,9.0,10.8765,55330070
DISALEXI,2015-01-01,Colorado River,10,11.1899,6.0,2.0,13.0,14.1007,55388093
DISALEXI,2015-02-01,Colorado River,10,17.5899,11.0,4.0,21.0,20.1121,55537559
DISALEXI,2015-03-01,Colorado River,10,23.8406,15.0,5.0,30.0,28.0347,55536308
DISALEXI,2015-04-01,Colorado River,10,24.3537,10.4846,2.4655,30.4865,34.5275,55595511
DISALEXI,2015-05-01,Colorado River,10,23.9065,8.4828,0.2445,30.4893,36.0797,55614485
DISALEXI,2015-06-01,Colorado River,10,19.9782,2.4237,0.1954,22.4871,35.9191,55626549
DISALEXI,2015-07-01,Colorado River,10,18.1796,2.4267,0.2037,20.486,33.4999,55638290
DISALEXI,2015-08-01,Colorado River,10,23.741,10.4841,0.1918,30.4869,34.3161,55635405
DISALEXI,2015-09-01,Colorado River,10,18.9839,8.4821,2.4613,24.4846,26.7981,55623157
DISALEXI,2015-10-01,Colorado River,10,14.7209,7.0,2.0,18.0,20.0441,55599923
DISALEXI,2015-11-01,Colorado River,10,7.4636,2.0,0.0,7.0,13.7604,55607481
DISALEXI,2015-12-01,Colorado River,10,7.2918,2.0,0.0,8.0,12.159,55274812
DISALEXI,2016-01-01,Colorado River,10,11.2862,7.0,2.0,14.0,13.1845,55169201
DISALEXI,2016-02-01,Colorado River,10,16.3186,9.0,3.0,20.0,20.2496,55452585
DISALEXI,2016-03-01,Colorado River,10,19.9004,10.0,3.0,25.0,26.051,55567988
DISALEXI,2016-04-01,Colorado River,10,20.3187,8.483,2.4655,24.4851,29.2795,55566249
DISALEXI,2016-05-01,Colorado River,10,25.6727,10.4861,0.23,32.4898,37.2795,55620949
DISALEXI,2016-06-01,Colorado River,10,24.0119,6.4678,0.2504,30.492,38.3824,55623885
DISALEXI,2016-07-01,Colorado River,10,24.9345,8.4822,0.2359,30.491,38.5077,55641224
DISALEXI,2016-08-01,Colorado River,10,25.8032,12.4864,2.4598,34.4926,35.2554,55636830
DISALEXI,2016-09-01,Colorado River,10,12.9956,2.4279,0.2619,12.4744,24.3027,55659396
DISALEXI,2016-10-01,Colorado River,10,10.8651,2.0,0.0,11.0,19.9195,55665784
DISALEXI,2016-11-01,Colorado River,10,7.4411,2.0,0.0,7.0,13.4113,55680452
DISALEXI,2016-12-01,Colorado River,10,8.0722,4.0,2.0,9.0,10.7026,55352093
DISALEXI,2017-01-01,Colorado River,10,14.4652,11.0,7.0,18.0,12.1496,54863923
DISALEXI,2017-02-01,Colorado River,10,18.4989,15.0,8.0,24.0,15.3661,55136220
DISALEXI,2017-03-01,Colorado River,10,29.4138,20.4911,10.5032,38.4866,28.438,55527935
DISALEXI,2017-04-01,Colorado River,10,28.6371,14.4902,4.4829,38.4915,35.3116,55602677
DISALEXI,2017-05-01,Colorado River,10,23.2461,6.4729,0.2356,28.491,36.4104,55644752
DISALEXI,2017-06-01,Colorado River,10,25.0644,6.474,0.2198,32.4937,40.3205,55650784
DISALEXI,2017-07-01,Colorado River,10,28.1149,12.4859,2.4635,38.4935,37.2455,55660636
DISALEXI,2017-08-01,Colorado River,10,22.1768,8.4747,0.2668,28.4898,32.4821,55641405
DISALEXI,2017-09-01,Colorado River,10,17.2779,6.4742,0.2336,22.4884,25.7446,55659503
DISALEXI,2017-10-01,Colorado River,10,9.4896,1.0,0.0,8.0,19.0903,55679004
DISALEXI,2017-11-01,Colorado River,10,8.2014,2.0,0.0,9.0,13.6573,55671123
DISALEXI,2017-12-01,Colorado River,10,5.7131,1.0,0.0,5.0,11.2336,55655491
DISALEXI,2018-01-01,Colorado River,10,11.9092,7.0,2.0,15.0,14.2185,55669154
DISALEXI,2018-02-01,Colorado River,10,14.1547,7.0,2.0,17.0,18.4597,55621214
DISALEXI,2018-03-01,Colorado River,10,19.6349,10.4898,2.4682,24.4818,24.8916,55606549
DISALEXI,2018-04-01,Colorado River,10,21.7818,8.4815,0.244,26.4869,32.2599,55620913
DISALEXI,2018-05-01,Colorado River,10,25.3101,10.4852,0.2016,32.4913,37.9523,55647228
DISALEXI,2018-06-01,Colorado River,10,23.1995,6.4773,0.1862,28.4918,37.9262,55655707
DISALEXI,2018-07-01,Colorado River,10,25.8439,10.4821,2.45,34.4937,36.8209,55645149
DISALEXI,2018-08-01,Colorado River,10,30.9602,18.4897,6.4958,42.4921,35.8165,55656120
DISALEXI,2018-09-01,Colorado River,10,18.132,6.475,0.315,21.0,27.161,55656668
DISALEXI,2018-10-01,Colorado River,10,13.2989,5.0,1.0,16.0,20.1089,55644492
DISALEXI,2018-11-01,Colorado River,10,7.3182,2.0,0.0,7.0,12.9638,55666231
DISALEXI,2018-12-01,Colorado River,10,10.7953,7.0,2.0,14.0,12.3178,55555079
DISALEXI,2019-01-01,Colorado River,10,13.4337,10.0,4.0,17.0,13.2761,55450250
DISALEXI,2019-02-01,Colorado River,10,18.9672,15.0,8.0,24.0,15.5623,55304277
DISALEXI,2019-03-01,Colorado River,10,27.8305,20.0,9.0,37.0,26.5126,55283589
DISALEXI,2019-04-01,Colorado River,10,27.8662,14.487,4.4839,38.4915,34.2685,55542346
DISALEXI,2019-05-01,Colorado River,10,31.746,16.4872,4.4866,44.4948,39.0733,55576914
DISALEXI,2019-06-01,Colorado River,10,29.2343,10.4791,2.4442,40.4949,41.6616,55665022
DISALEXI,2019-07-01,Colorado River,10,24.7126,6.4672,0.2285,32.4936,38.7962,55680134
DISALEXI,2019-08-01,Colorado River,10,23.2767,8.474,0.2842,28.4926,35.1051,55670479
DISALEXI,2019-09-01,Colorado River,10,16.9568,5.0,1.0,19.0,27.4566,55689439
DISALEXI,2019-10-01,Colorado River,10,10.7415,1.0,0.0,9.0,20.9426,55695730
DISALEXI,2019-11-01,Colorado River,10,9.8802,5.0,1.0,11.0,14.4946,55684377
DISALEXI,2019-12-01,Colorado River,10,10.8809,8.0,3.0,14.0,11.153,55403189
DISALEXI,2020-01-01,Colorado River,10,15.0241,10.0,4.0,19.0,16.0369,55364223
DISALEXI,2020-02-01,Colorado River,10,18.465,11.0,4.0,24.0,20.5957,55509811
DISALEXI,2020-03-01,Colorado River,10,26.2683,19.0,10.0,34.0,24.1469,55531771
DISALEXI,2020-04-01,Colorado River,10,36.4316,27.0,14.0,49.0,31.8311,55594334
DISALEXI,2020-05-01,Colorado River,10,32.7537,14.4846,2.4511,46.495,44.0966,55680462
DISALEXI,2020-06-01,Colorado River,10,27.7046,8.4792,0.1919,38.4944,41.5541,55668433
DISALEXI,2020-07-01,Colorado River,10,27.5737,8.4806,0.209,38.4934,40.8133,55682304
DISALEXI,2020-08-01,Colorado River,10,27.3302,12.4824,2.4587,36.4939,36.95,55683832
DISALEXI,2020-09-01,Colorado River,10,19.1614,6.4752,0.3082,24.4862,28.7474,55683174
DISALEXI,2020-10-01,Colorado River,10,12.9865,3.0,0.0,13.0,22.8672,55713608
DISALEXI,2020-11-01,Colorado River,10,7.4535,1.0,0.0,6.0,14.3666,55693083
DISALEXI,2020-12-01,Colorado River,10,6.7316,2.0,0.0,7.0,11.658,55666076
DISALEXI,2021-01-01,Colorado River,10,9.9292,4.0,1.0,12.0,13.8212,55421370
DISALEXI,2021-02-01,Colorado River,10,14.3711,7.0,2.0,18.0,18.7941,55444664
DISALEXI,2021-03-01,Colorado River,10,20.9556,10.0,2.0,27.0,27.4176,55539301
DISALEXI,2021-04-01,Colorado River,10,24.6097,10.4861,2.4673,30.4887,34.2694,55629211
DISALEXI,2021-05-01,Colorado River,10,28.9228,10.4856,2.4557,38.4939,42.2408,55683033
DISALEXI,2021-06-01,Colorado River,10,25.6099,8.4777,0.224,32.492,39.168,55684456
DISALEXI,2021-07-01,Colorado River,10,25.0319,8.4755,0.2294,32.4916,37.1796,55682963
DISALEXI,2021-08-01,Colorado River,10,20.6892,6.4659,0.3813,24.4877,32.5059,55693052
DISALEXI,2021-09-01,Colorado River,10,18.7068,8.4761,2.4799,20.4787,27.8728,55681373
DISALEXI,2021-10-01,Colorado River,10,11.2905,3.0,0.0,12.0,19.414,55685924
DISALEXI,2021-11-01,Colorado River,10,8.8505,2.0,0.0,9.0,15.2476,55678241
DISALEXI,2021-12-01,Colorado River,10,6.9392,3.0,0.0,8.0,10.3156,55612592
DISALEXI,2022-01-01,Colorado River,10,11.0613,6.0,1.0,13.0,14.6837,55429987
DISALEXI,2022-02-01,Colorado River,10,12.7863,5.0,1.0,15.0,18.646,55477597
DISALEXI,2022-03-01,Colorado River,10,20.3979,10.4851,2.4746,24.483,27.1991,55487566
DISALEXI,2022-04-01,Colorado River,10,27.3736,14.4871,4.4833,35.0,35.2335,55619709
DISALEXI,2022-05-01,Colorado River,10,28.1034,10.4881,0.2383,36.4919,41.7412,55634923
DISALEXI,2022-06-01,Colorado River,10,28.7804,12.4866,2.4654,36.4922,41.1336,55641900
DISALEXI,2022-07-01,Colorado River,10,23.3487,6.4692,0.2687,28.4909,36.8405,55623485
DISALEXI,2022-08-01,Colorado River,10,25.8412,12.4825,2.4636,34.4918,34.3084,55664467
DISALEXI,2022-09-01,Colorado River,10,20.4354,9.0,2.0,27.0,27.1974,55682817
DISALEXI,2022-10-01,Colorado River,10,15.5017,7.0,1.0,20.0,21.2793,55667272
DISALEXI,2022-11-01,Colorado River,10,9.9653,3.0,1.0,11.0,15.6729,55616837
DISALEXI,2022-12-01,Colorado River,10,7.7755,3.0,1.0,9.0,11.2463,55579497
DISALEXI,2023-01-01,Colorado River,10,11.2525,7.0,3.0,14.0,12.3496,55210953
DISALEXI,2023-02-01,Colorado River,10,14.7286,9.0,4.0,19.0,16.4115,55206921
DISALEXI,2023-03-01,Colorado River,10,25.7108,20.0,10.0,35.0,22.5986,55185229
DISALEXI,2023-04-01,Colorado River,10,28.1414,14.4886,4.4843,38.4928,34.8227,55589188
DISALEXI,2023-05-01,Colorado River,10,29.5138,12.4904,2.4449,42.4941,39.9241,55630285
DISALEXI,2023-06-01,Colorado River,10,26.7868,8.4804,0.1967,34.4929,41.64,55639499
DISALEXI,2023-07-01,Colorado River,10,25.2462,8.4814,0.1635,32.4923,39.6391,55628836
DISALEXI,2023-08-01,Colorado River,10,23.1144,10.4755,2.4534,28.4869,32.1011,55701590
DISALEXI,2023-09-01,Colorado River,10,22.5053,12.0,3.0,31.0,27.8729,55700129
DISALEXI,2023-10-01,Colorado River,10,15.3758,6.0,1.0,19.0,22.9734,55686352
DISALEXI,2023-11-01,Colorado River,10,9.874,4.0,1.0,11.0,14.8343,55669062
DISALEXI,2023-12-01,Colorado River,10,9.2339,4.0,1.0,12.0,12.6614,55634792
DISALEXI,2024-01-01,Colorado River,10,13.5176,10.0,5.0,17.0,13.1667,55545728
DISALEXI,2024-02-01,Colorado River,10,22.4438,18.0,12.0,28.0,16.6176,55446724
DISALEXI,2024-03-01,Colorado River,10,30.1965,22.4885,12.5078,40.4872,25.7904,55359105
DISALEXI,2024-04-01,Colorado River,10,33.9831,22.4874,8.501,46.4935,35.4678,55651934
DISALEXI,2024-05-01,Colorado River,10,32.964,16.4903,2.4488,46.4946,42.1248,55692917
DISALEXI,2024-06-01,Colorado River,10,33.486,16.4925,2.451,46.4928,43.3212,55722452
DISALEXI,2024-07-01,Colorado River,10,35.3033,20.4924,4.4781,48.493,43.2736,55703312
DISALEXI,2024-08-01,Colorado River,10,20.7346,6.4695,0.2179,26.4907,32.6293,55701020
DISALEXI,2024-09-01,Colorado River,10,14.9415,2.4381,0.2083,16.4776,24.9814,55707717
DISALEXI,2024-10-01,Colorado River,10,11.8754,3.0,0.0,13.0,20.4279,55703312
DISALEXI,2024-11-01,Colorado River,10,5.5859,1.0,0.0,4.0,11.739,55663088
DISALEXI,2024-12-01,Colorado River,10,7.2685,2.0,0.0,8.0,12.1688,55638489
DISALEXI,2025-01-01,Colorado River,10,9.4654,4.0,1.0,11.0,13.9742,55647413
DISALEXI,2025-02-01,Colorado River,10,15.456,10.0,3.0,20.0,17.7737,55607178
DISALEXI,2025-03-01,Colorado River,10,21.7703,14.0,5.0,28.0,24.7294,55578815
DISALEXI,2025-04-01,Colorado River,10,24.7054,12.4897,2.4451,32.4891,33.3047,55635192
DISALEXI,2025-05-01,Colorado River,10,26.447,12.4821,2.4685,34.4909,37.6224,55710114
DISALEXI,2025-06-01,Colorado River,10,23.6277,6.4773,0.2317,30.4931,37.5,55694920
DISALEXI,2025-07-01,Colorado River,10,25.697,10.486,2.46,32.4901,37.6726,55676884
DISALEXI,2025-08-01,Colorado River,10,22.5406,8.4781,0.2577,28.486,32.6891,55692514
DISALEXI,2025-09-01,Colorado River,10,17.8082,8.0,2.0,23.0,24.4759,55691545
DISALEXI,2025-10-01,Colorado River,10,13.937,6.0,1.0,17.0,20.2255,55693098
DISALEXI,2025-11-01,Colorado River,10,11.5312,7.0,4.0,13.0,12.6813,55675605
DISALEXI,2025-12-01,Colorado River,10,12.702,10.0,4.0,16.0,12.443,55638973
DISALEXI,2003-10-01,North Coast,1,45.3632,45.0,26.0,64.0,25.9414,54049641
DISALEXI,2003-11-01,North Coast,1,21.5006,21.0,13.0,30.0,11.1863,52376156
DISALEXI,2003-12-01,North Coast,1,13.9599,14.0,9.0,19.0,7.1099,23839878
DISALEXI,2004-01-01,North Coast,1,19.662,20.0,13.0,26.0,9.274,24066987
DISALEXI,2004-02-01,North Coast,1,31.4481,31.0,22.0,41.0,13.3604,39999140
DISALEXI,2004-03-01,North Coast,1,75.7045,78.0,58.0,95.0,24.9357,45090502
DISALEXI,2004-04-01,North Coast,1,96.1066,100.0,75.0,120.0,31.0773,49743640
DISALEXI,2004-05-01,North Coast,1,126.6399,132.5017,92.5026,164.4997,48.4238,52207301
DISALEXI,2004-06-01,North Coast,1,138.4941,144.501,94.5018,186.4997,58.3848,53825688
DISALEXI,2004-07-01,North Coast,1,137.3661,142.5003,90.5019,190.5009,63.5893,53923448
DISALEXI,2004-08-01,North Coast,1,98.6652,102.502,60.5017,138.4984,50.8179,54069094
DISALEXI,2004-09-01,North Coast,1,70.9776,72.0,44.0,99.0,37.3038,54107875
DISALEXI,2004-10-01,North Coast,1,45.3476,46.0,28.0,62.0,23.1723,54068541
DISALEXI,2004-11-01,North Coast,1,29.5202,29.0,19.0,41.0,14.1243,52703953
DISALEXI,2004-12-01,North Coast,1,18.3481,18.0,10.0,27.0,10.9047,48742400
DISALEXI,2005-01-01,North Coast,1,25.2087,25.0,15.0,36.0,13.0708,34280836
DISALEXI,2005-02-01,North Coast,1,38.922,39.0,28.0,50.0,14.7051,34298350
DISALEXI,2005-03-01,North Coast,1,64.6746,67.0,50.0,81.0,21.0198,46002782
DISALEXI,2005-04-01,North Coast,1,91.2612,94.0,69.0,114.0,30.4992,43784038
DISALEXI,2005-05-01,North Coast,1,113.8015,115.0,86.0,144.0,38.9469,51288780
DISALEXI,2005-06-01,North Coast,1,133.7722,138.5021,102.5033,168.5011,43.8885,53173153
DISALEXI,2005-07-01,North Coast,1,155.5871,164.501,112.5035,204.5004,60.4098,53964600
DISALEXI,2005-08-01,North Coast,1,119.8534,122.5017,80.5017,162.4995,54.6306,54075366
DISALEXI,2005-09-01,North Coast,1,75.0873,75.0,48.0,104.0,37.1207,54051173
DISALEXI,2005-10-01,North Coast,1,49.384,49.0,31.0,68.0,24.2101,53860906
DISALEXI,2005-11-01,North Coast,1,24.779,24.0,15.0,35.0,12.7353,49531862
DISALEXI,2005-12-01,North Coast,1,15.7156,16.0,9.0,22.0,8.361,28342211
DISALEXI,2006-01-01,North Coast,1,18.1709,18.0,12.0,25.0,8.9696,26471438
DISALEXI,2006-02-01,North Coast,1,38.7389,39.0,28.0,51.0,15.575,45470878
DISALEXI,2006-03-01,North Coast,1,49.5391,49.0,37.0,63.0,18.698,42578136
DISALEXI,2006-04-01,North Coast,1,86.1391,87.0,67.0,107.0,26.708,45322097
DISALEXI,2006-05-01,North Coast,1,129.9375,134.5023,98.5022,164.4982,44.0403,50083979
DISALEXI,2006-06-01,North Coast,1,136.7202,142.5006,98.5035,178.5002,51.4739,53660887
DISALEXI,2006-07-01,North Coast,1,149.112,158.0,100.0,202.5001,65.1503,53975692
DISALEXI,2006-08-01,North Coast,1,117.658,120.4997,76.5023,162.4998,55.5275,54025388
DISALEXI,2006-09-01,North Coast,1,77.5673,78.0,48.0,108.0,40.344,54026697
DISALEXI,2006-10-01,North Coast,1,46.9284,46.0,28.0,65.0,25.6059,54009817
DISALEXI,2006-11-01,North Coast,1,19.9266,20.0,12.0,27.0,10.2287,53675477
DISALEXI,2006-12-01,North Coast,1,17.9179,18.0,11.0,25.0,9.5358,36128594
DISALEXI,2007-01-01,North Coast,1,28.1679,28.0,17.0,40.0,14.7496,45484127
DISALEXI,2007-02-01,North Coast,1,29.9035,30.0,21.0,40.0,13.3718,46767478
DISALEXI,2007-03-01,North Coast,1,68.9418,71.0,53.0,86.0,22.7001,48531885
DISALEXI,2007-04-01,North Coast,1,100.3435,104.5025,76.5011,126.499,32.8998,50344784
DISALEXI,2007-05-01,North Coast,1,140.7218,148.5018,106.5025,178.5005,48.8678,53506684
DISALEXI,2007-06-01,North Coast,1,138.8065,146.5013,96.5026,184.5017,56.4391,54059536
DISALEXI,2007-07-01,North Coast,1,140.6106,148.5013,94.5024,192.5012,62.0398,54075277
DISALEXI,2007-08-01,North Coast,1,111.5917,114.5009,68.5011,156.5018,56.0235,54081303
DISALEXI,2007-09-01,North Coast,1,74.8227,76.0,46.0,104.0,38.2546,54093423
DISALEXI,2007-10-01,North Coast,1,44.2971,44.0,29.0,61.0,20.5105,53021541
DISALEXI,2007-11-01,North Coast,1,29.3763,29.0,18.0,41.0,14.6709,41887443
DISALEXI,2007-12-01,North Coast,1,16.8505,17.0,9.0,24.0,9.852,13651320
DISALEXI,2008-01-01,North Coast,1,19.496,20.0,13.0,27.0,9.2598,17385738
DISALEXI,2008-02-01,North Coast,1,40.2703,42.0,30.0,52.0,14.5969,31163053
DISALEXI,2008-03-01,North Coast,1,67.2888,69.0,52.0,84.0,22.9123,40692213
DISALEXI,2008-04-01,North Coast,1,95.9855,101.0,71.0,123.0,34.8394,46267340
DISALEXI,2008-05-01,North Coast,1,122.0582,126.5012,86.5026,160.5009,48.3742,50161041
DISALEXI,2008-06-01,North Coast,1,138.7786,148.5012,96.5014,184.5014,57.7875,53744899
DISALEXI,2008-07-01,North Coast,1,148.5882,158.4999,102.5004,200.5012,63.8242,54049509
DISALEXI,2008-08-01,North Coast,1,107.2434,112.5015,64.5025,152.4989,56.4235,54065026
DISALEXI,2008-09-01,North Coast,1,69.6965,71.0,38.0,99.0,40.5989,54064003
DISALEXI,2008-10-01,North Coast,1,42.638,43.0,24.0,61.0,24.2694,53961977
DISALEXI,2008-11-01,North Coast,1,21.472,21.0,12.0,31.0,11.8864,38301859
DISALEXI,2008-12-01,North Coast,1,17.2122,17.0,9.0,25.0,10.246,37768241
DISALEXI,2009-01-01,North Coast,1,26.431,25.0,13.0,39.0,16.671,43787365
DISALEXI,2009-02-01,North Coast,1,27.0283,27.0,19.0,35.0,11.2385,43984317
DISALEXI,2009-03-01,North Coast,1,68.6472,71.0,52.0,87.0,23.3338,46984657
DISALEXI,2009-04-01,North Coast,1,97.2006,100.0,72.0,125.0,35.6797,49631089
DISALEXI,2009-05-01,North Coast,1,121.5538,128.5022,88.5017,158.5,46.0706,52733197
DISALEXI,2009-06-01,North Coast,1,122.6497,126.5004,84.5017,164.4997,51.8003,53983764
DISALEXI,2009-07-01,North Coast,1,138.548,144.5012,90.5034,188.4987,65.5099,54104645
DISALEXI,2009-08-01,North Coast,1,102.3331,106.5022,60.5015,144.4965,54.0541,54154645
DISALEXI,2009-09-01,North Coast,1,63.2748,66.0,34.0,91.0,37.0087,54156572
DISALEXI,2009-10-01,North Coast,1,41.7585,42.0,25.0,58.0,21.6064,53843511
DISALEXI,2009-11-01,North Coast,1,27.7712,28.0,18.0,38.0,13.3529,51120107
DISALEXI,2009-12-01,North Coast,1,16.2552,16.0,9.0,23.0,9.3277,48252949
DISALEXI,2010-01-01,North Coast,1,17.2011,17.0,11.0,23.0,7.8059,13372827
DISALEXI,2010-02-01,North Coast,1,32.3278,33.0,24.0,41.0,11.5391,31632899
DISALEXI,2010-03-01,North Coast,1,65.94,69.0,53.0,81.0,19.843,40806906
DISALEXI,2010-04-01,North Coast,1,83.9315,86.0,64.0,105.0,27.8325,45970894
DISALEXI,2010-05-01,North Coast,1,109.1298,112.5022,80.5012,138.4978,40.3161,46433548
DISALEXI,2010-06-01,North Coast,1,131.1219,140.5018,96.5018,170.5005,50.8177,53367401
DISALEXI,2010-07-01,North Coast,1,151.4569,160.5018,106.502,204.5016,64.7814,53999004
DISALEXI,2010-08-01,North Coast,1,111.186,114.499,72.5029,154.5022,53.8219,54066670
DISALEXI,2010-09-01,North Coast,1,69.1226,71.0,43.0,97.0,36.0241,54085658
DISALEXI,2010-10-01,North Coast,1,42.7116,44.0,26.0,60.0,22.457,53922444
DISALEXI,2010-11-01,North Coast,1,28.4644,29.0,18.0,40.0,14.5238,45627718
DISALEXI,2010-12-01,North Coast,1,13.8833,14.0,9.0,19.0,6.6022,34788788
DISALEXI,2011-01-01,North Coast,1,28.7901,28.0,19.0,39.0,13.7342,45965019
DISALEXI,2011-02-01,North Coast,1,36.9279,37.0,25.0,49.0,15.8097,47417160
DISALEXI,2011-03-01,North Coast,1,45.5496,47.0,35.0,57.0,16.8929,34191202
DISALEXI,2011-04-01,North Coast,1,84.9547,88.0,67.0,105.0,26.6033,46362905
DISALEXI,2011-05-01,North Coast,1,113.2526,118.0,89.0,140.0,35.8052,48149512
DISALEXI,2011-06-01,North Coast,1,132.4037,138.5019,100.5042,168.4982,46.6476,51433740
DISALEXI,2011-07-01,North Coast,1,141.4138,150.5012,106.5022,182.5024,52.6114,53850166
DISALEXI,2011-08-01,North Coast,1,115.017,118.5,78.5032,154.4991,51.2946,53981770
DISALEXI,2011-09-01,North Coast,1,74.2436,76.0,48.0,102.0,36.5851,53993884
DISALEXI,2011-10-01,North Coast,1,48.0014,48.0,33.0,64.0,21.3299,54028147
DISALEXI,2011-11-01,North Coast,1,24.4508,25.0,15.0,34.0,12.0787,52469242
DISALEXI,2011-12-01,North Coast,1,21.4324,20.0,11.0,32.0,13.5216,48271589
DISALEXI,2012-01-01,North Coast,1,21.1031,21.0,12.0,30.0,11.6555,47779397
DISALEXI,2012-02-01,North Coast,1,37.6841,38.0,28.0,48.0,14.6485,41158984
DISALEXI,2012-03-01,North Coast,1,50.2824,52.0,38.0,63.0,18.2766,30611008
DISALEXI,2012-04-01,North Coast,1,91.6599,94.0,72.0,112.0,29.3857,36557357
DISALEXI,2012-05-01,North Coast,1,130.1169,138.5042,94.501,166.4977,47.8772,49100892
DISALEXI,2012-06-01,North Coast,1,125.8523,134.5022,90.5029,164.4999,50.9789,52793775
DISALEXI,2012-07-01,North Coast,1,126.9851,132.5002,80.5031,176.4999,62.7263,53163933
DISALEXI,2012-08-01,North Coast,1,102.5873,106.5005,60.4998,144.4958,54.6874,53444303
DISALEXI,2012-09-01,North Coast,1,68.3531,69.0,39.0,96.0,39.4434,53723444
DISALEXI,2012-10-01,North Coast,1,45.4998,46.0,28.0,64.0,23.7182,49275194
DISALEXI,2012-11-01,North Coast,1,25.9469,25.0,17.0,35.0,12.3088,42040494
DISALEXI,2012-12-01,North Coast,1,19.0149,19.0,13.0,26.0,8.5542,13004952
DISALEXI,2013-01-01,North Coast,1,28.0391,29.0,17.0,40.0,14.2335,23786119
DISALEXI,2013-02-01,North Coast,1,44.4665,46.0,32.0,58.0,17.7067,35762626
DISALEXI,2013-03-01,North Coast,1,62.9034,65.0,47.0,80.0,23.4131,36820460
DISALEXI,2013-04-01,North Coast,1,96.6909,100.0,70.0,124.0,35.3719,51698034
DISALEXI,2013-05-01,North Coast,1,119.736,126.5026,86.5026,154.4974,45.314,53711074
DISALEXI,2013-06-01,North Coast,1,123.058,128.5015,86.5024,164.5002,50.8598,53952357
DISALEXI,2013-07-01,North Coast,1,125.8219,128.5003,82.504,170.4997,60.5555,54017565
DISALEXI,2013-08-01,North Coast,1,96.781,100.5011,60.5026,134.4973,50.0131,54058568
DISALEXI,2013-09-01,North Coast,1,61.9154,63.0,38.0,85.0,33.019,54051552
DISALEXI,2013-10-01,North Coast,1,50.1156,49.0,29.0,71.0,27.4093,54067241
DISALEXI,2013-11-01,North Coast,1,23.6757,23.0,13.0,34.0,13.546,54018812
DISALEXI,2013-12-01,North Coast,1,20.2558,19.0,10.0,30.0,12.5672,53773149
DISALEXI,2014-01-01,North Coast,1,21.8744,21.0,11.0,32.0,13.5885,53756858
DISALEXI,2014-02-01,North Coast,1,28.3228,29.0,21.0,36.0,10.1105,52169468
DISALEXI,2014-03-01,North Coast,1,60.898,63.0,46.0,77.0,21.652,51864909
DISALEXI,2014-04-01,North Coast,1,95.1605,98.503,74.5068,118.4971,30.7783,52808729
DISALEXI,2014-05-01,North Coast,1,122.0897,130.5028,92.5035,156.4985,44.5894,53795511
DISALEXI,2014-06-01,North Coast,1,131.0511,138.5013,88.5028,176.5016,56.9448,54116662
DISALEXI,2014-07-01,North Coast,1,139.599,148.5017,94.5023,188.4991,60.9141,54139098
DISALEXI,2014-08-01,North Coast,1,99.8435,102.5001,60.5028,138.497,52.1862,54127695
DISALEXI,2014-09-01,North Coast,1,64.0867,65.0,37.0,90.0,35.6208,54091362
DISALEXI,2014-10-01,North Coast,1,44.892,45.0,29.0,61.0,21.7794,54044025
DISALEXI,2014-11-01,North Coast,1,25.1763,25.0,16.0,34.0,12.2375,44248738
DISALEXI,2014-12-01,North Coast,1,13.8074,13.0,8.0,19.0,7.6242,44876361
DISALEXI,2015-01-01,North Coast,1,27.4317,27.0,18.0,37.0,13.4491,52812505
DISALEXI,2015-02-01,North Coast,1,37.5188,38.0,27.0,49.0,14.7778,53028708
DISALEXI,2015-03-01,North Coast,1,67.1644,69.0,51.0,85.0,22.8553,52923805
DISALEXI,2015-04-01,North Coast,1,98.9969,103.0,75.0,125.0,34.3366,53225444
DISALEXI,2015-05-01,North Coast,1,119.5586,124.5022,86.502,154.499,44.239,53670122
DISALEXI,2015-06-01,North Coast,1,133.4001,138.501,98.5039,172.5005,50.5123,54127848
DISALEXI,2015-07-01,North Coast,1,120.1043,126.5007,82.5033,162.4983,53.3535,54114293
DISALEXI,2015-08-01,North Coast,1,98.0795,102.4999,64.502,134.4976,47.1713,54106506
DISALEXI,2015-09-01,North Coast,1,63.0586,65.0,39.0,87.0,33.0243,54108667
DISALEXI,2015-10-01,North Coast,1,44.0537,44.0,28.0,61.0,22.3865,54107900
DISALEXI,2015-11-01,North Coast,1,28.1093,28.0,18.0,39.0,14.1883,53650570
DISALEXI,2015-12-01,North Coast,1,13.4509,13.0,7.0,19.0,8.0868,34996948
DISALEXI,2016-01-01,North Coast,1,15.2451,15.0,10.0,20.0,6.6459,29564838
DISALEXI,2016-02-01,North Coast,1,35.6985,36.0,26.0,46.0,13.5512,25935756
DISALEXI,2016-03-01,North Coast,1,56.7865,58.0,45.0,69.0,16.4777,47076927
DISALEXI,2016-04-01,North Coast,1,97.2373,100.0,78.0,118.0,27.1584,50613650
DISALEXI,2016-05-01,North Coast,1,126.2827,132.5046,98.5033,156.4979,38.3492,53219221
DISALEXI,2016-06-01,North Coast,1,139.465,144.5013,106.5034,176.5001,45.9313,53930744
DISALEXI,2016-07-01,North Coast,1,130.0863,136.5004,90.5027,172.4996,54.1163,54052334
DISALEXI,2016-08-01,North Coast,1,106.2584,110.5018,72.5025,142.4956,49.2565,54087637
DISALEXI,2016-09-01,North Coast,1,69.4831,71.0,44.0,97.0,35.8617,54128572
DISALEXI,2016-10-01,North Coast,1,34.7671,35.0,23.0,46.0,15.9065,54042433
DISALEXI,2016-11-01,North Coast,1,27.5211,27.0,18.0,37.0,12.621,51355599
DISALEXI,2016-12-01,North Coast,1,17.4521,18.0,11.0,24.0,8.902,39938093
DISALEXI,2017-01-01,North Coast,1,22.631,23.0,16.0,29.0,8.8353,24024078
DISALEXI,2017-02-01,North Coast,1,25.536,26.0,20.0,31.0,8.8051,37692213
DISALEXI,2017-03-01,North Coast,1,55.1673,55.0,43.0,67.0,18.0292,44696201
DISALEXI,2017-04-01,North Coast,1,84.0605,85.0,69.0,99.0,21.5973,48665607
DISALEXI,2017-05-01,North Coast,1,131.8401,136.502,104.5032,162.4988,39.3779,50780560
DISALEXI,2017-06-01,North Coast,1,136.9465,144.5036,106.5036,172.4992,45.2994,53092735
DISALEXI,2017-07-01,North Coast,1,141.0152,148.4998,102.5035,186.4991,57.2084,53978061
DISALEXI,2017-08-01,North Coast,1,114.2771,118.4998,80.5032,150.4991,47.2042,54010925
DISALEXI,2017-09-01,North Coast,1,67.9246,69.0,45.0,92.0,32.2463,54011991
DISALEXI,2017-10-01,North Coast,1,47.0052,46.0,29.0,66.0,24.5352,53946411
DISALEXI,2017-11-01,North Coast,1,20.43,20.0,13.0,28.0,10.1179,53505000
DISALEXI,2017-12-01,North Coast,1,22.2297,21.0,12.0,32.0,13.4757,47096220
DISALEXI,2018-01-01,North Coast,1,19.4607,20.0,13.0,26.0,9.1147,49595894
DISALEXI,2018-02-01,North Coast,1,39.8753,41.0,29.0,51.0,15.4825,48411711
DISALEXI,2018-03-01,North Coast,1,62.7843,64.0,50.0,77.0,19.2647,47214563
DISALEXI,2018-04-01,North Coast,1,89.1876,91.0,72.0,108.0,24.6427,49050074
DISALEXI,2018-05-01,North Coast,1,128.1239,134.5036,98.5016,160.4987,42.5021,52857376
DISALEXI,2018-06-01,North Coast,1,147.7492,156.5026,108.5027,190.4992,52.9075,54059114
DISALEXI,2018-07-01,North Coast,1,136.8161,142.501,94.5021,182.5006,57.2729,54103082
DISALEXI,2018-08-01,North Coast,1,113.7857,116.5009,78.5024,152.4993,48.7358,54098755
DISALEXI,2018-09-01,North Coast,1,67.6856,68.5018,42.5043,92.4951,34.4649,54084484
DISALEXI,2018-10-01,North Coast,1,44.0368,44.0,26.0,62.0,24.2382,54046598
DISALEXI,2018-11-01,North Coast,1,23.2017,22.0,11.0,34.0,14.7478,53627828
DISALEXI,2018-12-01,North Coast,1,15.4227,15.0,8.0,22.0,9.0708,42313108
DISALEXI,2019-01-01,North Coast,1,19.754,20.0,12.0,28.0,10.3644,47152050
DISALEXI,2019-02-01,North Coast,1,25.3665,26.0,19.0,32.0,9.1858,39705805
DISALEXI,2019-03-01,North Coast,1,64.0912,66.0,52.0,77.0,18.4152,40852920
DISALEXI,2019-04-01,North Coast,1,81.7001,83.0,64.0,101.0,25.0378,49537574
DISALEXI,2019-05-01,North Coast,1,114.8869,119.0,88.0,144.0,37.4138,51940397
DISALEXI,2019-06-01,North Coast,1,147.8799,156.5025,112.5024,188.4989,52.7858,53607477
DISALEXI,2019-07-01,North Coast,1,135.9252,142.4999,94.5017,184.5011,59.2505,53950503
DISALEXI,2019-08-01,North Coast,1,111.0369,116.5005,76.5022,150.4998,49.3909,53992806
DISALEXI,2019-09-01,North Coast,1,68.5813,70.0,44.0,95.0,34.145,53079427
DISALEXI,2019-10-01,North Coast,1,48.4183,48.0,31.0,67.0,24.4113,54010036
DISALEXI,2019-11-01,North Coast,1,27.5893,27.0,15.0,40.0,15.9034,53951158
DISALEXI,2019-12-01,North Coast,1,14.7541,15.0,9.0,21.0,7.8902,38375212
DISALEXI,2020-01-01,North Coast,1,17.9761,18.0,11.0,24.0,9.5134,37363987
DISALEXI,2020-02-01,North Coast,1,46.0555,47.0,33.0,61.0,19.0707,48750720
DISALEXI,2020-03-01,North Coast,1,63.4716,66.0,47.0,81.0,23.3467,48596310
DISALEXI,2020-04-01,North Coast,1,93.8898,98.0,71.0,119.0,33.5264,51593501
DISALEXI,2020-05-01,North Coast,1,109.1731,115.0,85.0,138.0,38.1007,53350474
DISALEXI,2020-06-01,North Coast,1,132.7353,140.5017,96.5018,174.5009,53.2437,54032588
DISALEXI,2020-07-01,North Coast,1,135.5257,144.4996,88.5031,188.502,63.6106,54100952
DISALEXI,2020-08-01,North Coast,1,106.4887,112.5012,70.5021,146.4992,52.1853,53912420
DISALEXI,2020-09-01,North Coast,1,79.2454,83.0,51.0,110.0,40.2077,54057990
DISALEXI,2020-10-01,North Coast,1,46.2361,46.0,26.0,66.0,26.9809,54048164
DISALEXI,2020-11-01,North Coast,1,23.864,23.0,13.0,35.0,13.7415,53757100
DISALEXI,2020-12-01,North Coast,1,18.9997,19.0,11.0,27.0,10.3627,50697050
DISALEXI,2021-01-01,North Coast,1,20.777,21.0,13.0,28.0,10.5708,43365209
DISALEXI,2021-02-01,North Coast,1,35.3967,36.0,26.0,46.0,13.9283,46229384
DISALEXI,2021-03-01,North Coast,1,68.3264,71.0,53.0,86.0,23.8861,47253355
DISALEXI,2021-04-01,North Coast,1,99.36,105.0,71.0,130.0,39.096,51349889
DISALEXI,2021-05-01,North Coast,1,120.1885,128.5019,80.5021,164.5006,53.5957,53868868
DISALEXI,2021-06-01,North Coast,1,120.6198,128.5013,76.5027,170.5027,59.2685,54001408
DISALEXI,2021-07-01,North Coast,1,119.7694,126.5003,68.5017,174.5007,67.6169,53856370
DISALEXI,2021-08-01,North Coast,1,103.0441,106.4999,60.5026,148.4997,55.8192,54054105
DISALEXI,2021-09-01,North Coast,1,66.4709,67.0,41.0,93.0,35.9483,54065761
DISALEXI,2021-10-01,North Coast,1,36.9324,37.0,21.0,54.0,20.8623,52409668
DISALEXI,2021-11-01,North Coast,1,24.3709,24.0,15.0,34.0,12.7923,53035363
DISALEXI,2021-12-01,North Coast,1,15.5868,16.0,9.0,22.0,8.6732,51805813
DISALEXI,2022-01-01,North Coast,1,27.7284,27.0,17.0,39.0,14.6772,46645086
DISALEXI,2022-02-01,North Coast,1,40.7118,41.0,27.0,56.0,19.3235,48699284
DISALEXI,2022-03-01,North Coast,1,65.1095,67.0,47.0,85.0,26.3812,51132523
DISALEXI,2022-04-01,North Coast,1,83.5363,87.0,64.0,105.0,29.1976,51900721
DISALEXI,2022-05-01,North Coast,1,107.1355,110.5028,80.5039,136.496,40.6194,53279031
DISALEXI,2022-06-01,North Coast,1,115.4628,122.5004,80.5044,156.4988,52.8044,54054965
DISALEXI,2022-07-01,North Coast,1,109.5173,112.4995,62.5017,162.5015,62.618,54152001
DISALEXI,2022-08-01,North Coast,1,96.4951,98.5003,48.5026,144.5002,58.6091,54178323
DISALEXI,2022-09-01,North Coast,1,61.5906,64.0,32.0,90.0,36.0993,54154334
DISALEXI,2022-10-01,North Coast,1,44.3154,45.0,23.0,64.0,26.837,54134747
DISALEXI,2022-11-01,North Coast,1,24.5086,25.0,15.0,35.0,12.9521,44460200
DISALEXI,2022-12-01,North Coast,1,16.4134,16.0,9.0,24.0,9.6087,37415143
DISALEXI,2023-01-01,North Coast,1,22.8228,23.0,15.0,30.0,10.0763,39684938
DISALEXI,2023-02-01,North Coast,1,33.8354,35.0,25.0,43.0,13.561,39297416
DISALEXI,2023-03-01,North Coast,1,54.5571,56.0,42.0,67.0,19.0282,29472369
DISALEXI,2023-04-01,North Coast,1,93.8222,96.0,68.0,120.0,36.3779,46230887
DISALEXI,2023-05-01,North Coast,1,123.7126,128.5013,88.5017,162.4999,48.1866,50507654
DISALEXI,2023-06-01,North Coast,1,127.9712,132.5005,88.503,168.4996,52.2028,53764379
DISALEXI,2023-07-01,North Coast,1,123.3902,126.5001,70.5019,180.5011,67.0312,53990582
DISALEXI,2023-08-01,North Coast,1,87.3965,89.0,48.0,126.0,49.9077,53951971
DISALEXI,2023-09-01,North Coast,1,59.9779,61.0,35.0,85.0,32.9912,53961757
DISALEXI,2023-10-01,North Coast,1,42.7928,44.0,27.0,60.0,21.9803,54044982
DISALEXI,2023-11-01,North Coast,1,25.0776,25.0,14.0,36.0,13.6934,53954945
DISALEXI,2023-12-01,North Coast,1,14.5531,14.0,9.0,20.0,8.2384,53020712
DISALEXI,2024-01-01,North Coast,1,14.5982,15.0,10.0,19.0,6.3253,40776837
DISALEXI,2024-02-01,North Coast,1,32.1951,33.0,25.0,40.0,10.5992,42852222
DISALEXI,2024-03-01,North Coast,1,60.4541,62.0,48.0,74.0,17.8329,41207700
DISALEXI,2024-04-01,North Coast,1,98.0009,101.0,78.0,119.0,28.3503,45945915
DISALEXI,2024-05-01,North Coast,1,138.0043,142.5017,104.5021,174.4989,45.4906,52757946
DISALEXI,2024-06-01,North Coast,1,136.7687,142.5006,96.5028,182.5004,55.4149,53951378
DISALEXI,2024-07-01,North Coast,1,126.2037,130.5005,80.5033,176.4995,61.8715,54018133
DISALEXI,2024-08-01,North Coast,1,92.5551,94.5006,56.5024,130.4993,47.5716,54057891
DISALEXI,2024-09-01,North Coast,1,62.6977,64.0,37.0,88.0,34.8538,54054794
DISALEXI,2024-10-01,North Coast,1,41.561,42.0,25.0,59.0,22.8907,54052735
DISALEXI,2024-11-01,North Coast,1,21.1557,21.0,13.0,29.0,10.877,52506595
DISALEXI,2024-12-01,North Coast,1,17.0148,16.0,10.0,23.0,9.0839,47268076
DISALEXI,2025-01-01,North Coast,1,26.5341,26.0,17.0,37.0,13.2993,48897503
DISALEXI,2025-02-01,North Coast,1,28.9191,29.0,21.0,37.0,10.7764,48382882
DISALEXI,2025-03-01,North Coast,1,52.9775,54.0,42.0,64.0,15.51,45710226
DISALEXI,2025-04-01,North Coast,1,98.448,101.0,78.5023,120.4973,29.3886,49757208
DISALEXI,2025-05-01,North Coast,1,134.4042,140.5009,100.5014,170.4993,46.2445,52611307
DISALEXI,2025-06-01,North Coast,1,142.3353,148.5005,100.5015,188.5008,56.2316,53260651
DISALEXI,2025-07-01,North Coast,1,125.4557,128.501,82.5014,172.5013,56.8384,53984958
DISALEXI,2025-08-01,North Coast,1,89.7794,90.5004,50.5016,128.4983,49.9363,54059448
DISALEXI,2025-09-01,North Coast,1,57.1266,58.0,34.0,80.0,31.6355,54019698
DISALEXI,2025-10-01,North Coast,1,42.2929,42.0,28.0,58.0,20.3484,53889320
DISALEXI,2025-11-01,North Coast,1,25.3343,25.0,16.0,35.0,12.7164,53884346
DISALEXI,2025-12-01,North Coast,1,17.6623,17.0,10.0,25.0,10.0748,53272886
DISALEXI,2003-10-01,North Lahontan,8,24.4344,17.0,4.0,38.0,24.3947,16896744
DISALEXI,2003-11-01,North Lahontan,8,16.7305,14.0,7.0,24.0,12.6931,10231546
DISALEXI,2003-12-01,North Lahontan,8,12.3299,11.0,6.0,17.0,9.203,4002140
DISALEXI,2004-01-01,North Lahontan,8,17.5927,18.0,11.0,24.0,10.347,2039274
DISALEXI,2004-02-01,North Lahontan,8,23.2488,23.0,16.0,31.0,10.8549,4345773
DISALEXI,2004-03-01,North Lahontan,8,50.6102,47.0,32.0,66.0,27.0468,9200699
DISALEXI,2004-04-01,North Lahontan,8,55.831,50.4985,28.5051,76.4946,35.5105,13578364
DISALEXI,2004-05-01,North Lahontan,8,64.9883,58.501,30.4999,92.4958,43.9692,16070667
DISALEXI,2004-06-01,North Lahontan,8,60.9912,54.5002,26.5018,88.4954,42.9646,16706626
DISALEXI,2004-07-01,North Lahontan,8,52.7643,44.4986,15.0,80.4984,43.3388,16876365
DISALEXI,2004-08-01,North Lahontan,8,38.6067,28.4953,6.4838,62.4983,38.0147,16890254
DISALEXI,2004-09-01,North Lahontan,8,26.9218,18.0,2.0,44.0,28.1943,16906367
DISALEXI,2004-10-01,North Lahontan,8,19.7847,13.0,4.0,30.0,20.0997,15787743
DISALEXI,2004-11-01,North Lahontan,8,21.7473,20.0,13.0,30.0,12.8868,11381497
DISALEXI,2004-12-01,North Lahontan,8,15.0374,15.0,9.0,20.0,9.1499,5065515
DISALEXI,2005-01-01,North Lahontan,8,,,,,,0
DISALEXI,2005-02-01,North Lahontan,8,27.987,27.0,19.0,37.0,14.2655,1253105
DISALEXI,2005-03-01,North Lahontan,8,38.6517,38.0,24.0,52.0,20.5109,7481479
DISALEXI,2005-04-01,North Lahontan,8,53.567,52.0,36.0,70.0,25.0028,9281668
DISALEXI,2005-05-01,North Lahontan,8,68.7299,66.4993,48.5072,86.4924,30.7913,14076127
DISALEXI,2005-06-01,North Lahontan,8,78.0783,74.4988,46.5015,104.4954,42.249,16075599
DISALEXI,2005-07-01,North Lahontan,8,60.2444,52.4977,24.501,86.4975,44.7131,16813222
DISALEXI,2005-08-01,North Lahontan,8,47.0827,40.4986,14.4978,70.497,39.1797,16893172
DISALEXI,2005-09-01,North Lahontan,8,31.8158,25.0,5.0,50.0,30.1942,16893540
DISALEXI,2005-10-01,North Lahontan,8,24.3061,18.0,5.0,37.0,22.9807,16651314
DISALEXI,2005-11-01,North Lahontan,8,15.2764,12.0,4.0,23.0,13.4072,15340653
DISALEXI,2005-12-01,North Lahontan,8,12.3758,11.0,6.0,17.0,8.6544,5367282
DISALEXI,2006-01-01,North Lahontan,8,16.6502,17.0,12.0,21.0,7.6783,3718365
DISALEXI,2006-02-01,North Lahontan,8,30.1022,31.0,21.0,39.0,13.9,6528941
DISALEXI,2006-03-01,North Lahontan,8,38.6828,39.0,28.0,49.0,15.3957,5858085
DISALEXI,2006-04-01,North Lahontan,8,59.0777,57.0,45.0,71.0,20.9297,9970195
DISALEXI,2006-05-01,North Lahontan,8,92.1857,84.4964,62.5049,118.4967,41.04,14500540
DISALEXI,2006-06-01,North Lahontan,8,81.7215,76.4963,50.5056,108.4946,44.3314,16386190
DISALEXI,2006-07-01,North Lahontan,8,69.2116,62.498,32.5029,96.4938,47.7437,16789820
DISALEXI,2006-08-01,North Lahontan,8,50.1377,42.499,16.4992,74.4943,40.5581,16780033
DISALEXI,2006-09-01,North Lahontan,8,33.3512,25.0,7.0,52.0,31.0775,16801475
DISALEXI,2006-10-01,North Lahontan,8,25.6499,20.0,6.0,39.0,23.0167,16759954
DISALEXI,2006-11-01,North Lahontan,8,15.3777,13.0,6.0,22.0,12.4292,15659097
DISALEXI,2006-12-01,North Lahontan,8,13.0064,12.0,6.0,18.0,9.8296,9367033
DISALEXI,2007-01-01,North Lahontan,8,23.5351,22.0,14.0,31.0,14.0363,7579363
DISALEXI,2007-02-01,North Lahontan,8,26.3383,26.0,17.0,35.0,13.8852,9372079
DISALEXI,2007-03-01,North Lahontan,8,50.2369,47.0,31.0,67.0,27.1617,11600846
DISALEXI,2007-04-01,North Lahontan,8,61.1332,58.4989,36.5052,82.494,35.3303,13497480
DISALEXI,2007-05-01,North Lahontan,8,70.9738,66.5012,38.5036,98.4951,43.6261,16006905
DISALEXI,2007-06-01,North Lahontan,8,57.3803,50.4986,22.4972,84.4966,42.864,16853378
DISALEXI,2007-07-01,North Lahontan,8,50.8434,42.4991,14.4953,76.4958,42.9727,16901324
DISALEXI,2007-08-01,North Lahontan,8,38.6614,30.0,7.0,60.0,36.141,16855830
DISALEXI,2007-09-01,North Lahontan,8,33.2582,27.0,8.0,51.0,28.9492,16793125
DISALEXI,2007-10-01,North Lahontan,8,23.8559,20.0,7.0,36.0,20.1845,16571399
DISALEXI,2007-11-01,North Lahontan,8,17.9825,15.0,6.0,26.0,14.6354,11038800
DISALEXI,2007-12-01,North Lahontan,8,12.6596,12.0,7.0,17.0,8.8346,2923543
DISALEXI,2008-01-01,North Lahontan,8,17.1459,18.0,14.0,21.0,5.363,375198
DISALEXI,2008-02-01,North Lahontan,8,29.9074,29.0,19.0,39.0,18.6108,2164978
DISALEXI,2008-03-01,North Lahontan,8,43.818,41.0,26.0,59.0,25.1524,7770802
DISALEXI,2008-04-01,North Lahontan,8,54.9933,48.5007,24.5011,76.4942,38.367,11764307
DISALEXI,2008-05-01,North Lahontan,8,58.9798,54.4999,30.0,82.4941,38.2888,14072327
DISALEXI,2008-06-01,North Lahontan,8,58.2642,52.4974,22.5006,86.4937,44.2525,16743546
DISALEXI,2008-07-01,North Lahontan,8,52.7746,46.5014,16.4982,80.4976,43.1381,16904150
DISALEXI,2008-08-01,North Lahontan,8,38.0582,28.497,4.4756,60.4973,38.1921,16906007
DISALEXI,2008-09-01,North Lahontan,8,22.9562,12.0,1.0,37.0,27.1675,16899285
DISALEXI,2008-10-01,North Lahontan,8,19.4798,13.0,3.0,30.0,20.0181,16750369
DISALEXI,2008-11-01,North Lahontan,8,16.7352,14.0,6.0,25.0,13.7694,16543893
DISALEXI,2008-12-01,North Lahontan,8,13.8551,12.0,5.0,20.0,10.8023,12164622
DISALEXI,2009-01-01,North Lahontan,8,19.917,20.0,13.0,27.0,11.1749,4902018
DISALEXI,2009-02-01,North Lahontan,8,24.1352,23.0,16.0,31.0,13.0827,5286394
DISALEXI,2009-03-01,North Lahontan,8,41.6851,40.0,26.0,55.0,21.9944,9084742
DISALEXI,2009-04-01,North Lahontan,8,52.4405,46.4968,24.5007,72.4926,37.1597,12866661
DISALEXI,2009-05-01,North Lahontan,8,59.7543,56.0,30.0,84.0,38.3203,15026324
DISALEXI,2009-06-01,North Lahontan,8,54.6629,51.0,26.0,78.0,36.3814,16702455
DISALEXI,2009-07-01,North Lahontan,8,52.6436,44.4994,14.4969,80.4953,44.711,16831912
DISALEXI,2009-08-01,North Lahontan,8,40.9934,33.0,8.0,64.0,37.6626,16909328
DISALEXI,2009-09-01,North Lahontan,8,24.9453,16.0,2.0,40.0,26.6829,16912285
DISALEXI,2009-10-01,North Lahontan,8,21.2171,16.0,5.0,32.0,19.6073,16497727
DISALEXI,2009-11-01,North Lahontan,8,19.6554,17.0,8.0,29.0,14.9589,16224719
DISALEXI,2009-12-01,North Lahontan,8,13.5161,13.0,8.0,18.0,7.754,5364962
DISALEXI,2010-01-01,North Lahontan,8,12.5887,13.0,9.0,16.0,5.2756,559178
DISALEXI,2010-02-01,North Lahontan,8,25.133,25.0,17.0,33.0,11.3828,6138479
DISALEXI,2010-03-01,North Lahontan,8,38.1699,37.0,24.0,51.0,19.5921,7626838
DISALEXI,2010-04-01,North Lahontan,8,46.2194,43.0,27.0,63.0,26.7534,11558039
DISALEXI,2010-05-01,North Lahontan,8,54.8872,50.4971,26.5016,76.4932,37.0547,11990090
DISALEXI,2010-06-01,North Lahontan,8,60.8127,54.4997,24.4995,90.4958,44.3387,16013549
DISALEXI,2010-07-01,North Lahontan,8,54.6019,48.499,16.4984,82.4963,43.4261,16850193
DISALEXI,2010-08-01,North Lahontan,8,42.1388,34.4986,8.4872,66.4943,38.378,16908274
DISALEXI,2010-09-01,North Lahontan,8,27.9733,18.4958,2.3932,44.4938,29.159,16912442
DISALEXI,2010-10-01,North Lahontan,8,25.1986,22.0,11.0,36.0,18.5965,16159376
DISALEXI,2010-11-01,North Lahontan,8,19.2869,18.0,10.0,27.0,12.9621,10461794
DISALEXI,2010-12-01,North Lahontan,8,11.5401,11.0,7.0,15.0,6.3877,5953306
DISALEXI,2011-01-01,North Lahontan,8,21.9624,22.0,15.0,28.0,10.4411,6618619
DISALEXI,2011-02-01,North Lahontan,8,27.5908,26.0,16.0,37.0,16.2349,7536954
DISALEXI,2011-03-01,North Lahontan,8,30.6676,29.0,20.0,40.0,15.0184,5980221
DISALEXI,2011-04-01,North Lahontan,8,58.7831,57.0,41.0,75.0,25.8192,9837940
DISALEXI,2011-05-01,North Lahontan,8,75.1606,72.4961,52.5073,94.4921,32.7805,12361894
DISALEXI,2011-06-01,North Lahontan,8,85.2311,80.4988,56.5026,110.497,39.0818,15344167
DISALEXI,2011-07-01,North Lahontan,8,82.0118,76.4989,46.5033,112.4963,48.4395,16694767
DISALEXI,2011-08-01,North Lahontan,8,53.412,48.4997,20.5003,76.4941,40.3798,16837885
DISALEXI,2011-09-01,North Lahontan,8,38.7652,34.0,14.0,57.0,30.2628,16875672
DISALEXI,2011-10-01,North Lahontan,8,30.2947,27.0,13.0,44.0,21.8686,16774628
DISALEXI,2011-11-01,North Lahontan,8,16.8288,14.0,4.0,26.0,14.9911,16293000
DISALEXI,2011-12-01,North Lahontan,8,14.8934,12.0,4.0,22.0,13.2886,13488586
DISALEXI,2012-01-01,North Lahontan,8,15.6676,13.0,5.0,23.0,13.3009,13035347
DISALEXI,2012-02-01,North Lahontan,8,30.3042,30.0,18.0,40.0,17.366,5832740
DISALEXI,2012-03-01,North Lahontan,8,35.9921,36.0,23.0,48.0,18.0721,6203129
DISALEXI,2012-04-01,North Lahontan,8,57.5554,55.0,36.0,76.0,31.6022,9777379
DISALEXI,2012-05-01,North Lahontan,8,70.4749,66.4995,36.5035,98.4957,44.2533,14346127
DISALEXI,2012-06-01,North Lahontan,8,61.9222,56.5009,22.5003,92.497,47.0686,16607383
DISALEXI,2012-07-01,North Lahontan,8,48.8672,40.4969,10.4952,76.497,44.0859,16660577
DISALEXI,2012-08-01,North Lahontan,8,41.7369,30.4982,6.4887,64.4979,42.8216,16642432
DISALEXI,2012-09-01,North Lahontan,8,27.5804,18.0,2.0,45.0,29.3966,16336995
DISALEXI,2012-10-01,North Lahontan,8,21.107,15.0,2.0,34.0,21.9227,16183588
DISALEXI,2012-11-01,North Lahontan,8,15.7079,13.0,5.0,23.0,12.9603,10150195
DISALEXI,2012-12-01,North Lahontan,8,14.801,15.0,9.0,20.0,8.288,5499530
DISALEXI,2013-01-01,North Lahontan,8,21.7342,23.0,14.0,29.0,11.0553,1175124
DISALEXI,2013-02-01,North Lahontan,8,29.8134,31.0,18.0,41.0,16.4855,2132091
DISALEXI,2013-03-01,North Lahontan,8,41.4982,39.0,26.0,56.0,21.4051,6620042
DISALEXI,2013-04-01,North Lahontan,8,56.6468,52.0,32.0,77.0,32.5446,14459954
DISALEXI,2013-05-01,North Lahontan,8,67.1409,62.4995,38.5035,92.4941,37.8979,15771685
DISALEXI,2013-06-01,North Lahontan,8,61.3587,58.5002,28.5015,88.4958,41.563,16815391
DISALEXI,2013-07-01,North Lahontan,8,51.7133,46.501,12.4931,82.4968,42.9464,16909079
DISALEXI,2013-08-01,North Lahontan,8,38.9969,31.0,6.0,63.0,36.1939,16910845
DISALEXI,2013-09-01,North Lahontan,8,31.1179,25.0,7.0,49.0,27.6384,16920551
DISALEXI,2013-10-01,North Lahontan,8,22.6672,17.0,4.0,35.0,21.804,16809239
DISALEXI,2013-11-01,North Lahontan,8,16.6122,14.0,5.0,25.0,14.3188,15980424
DISALEXI,2013-12-01,North Lahontan,8,16.4977,15.0,7.0,24.0,11.9961,12073325
DISALEXI,2014-01-01,North Lahontan,8,16.8434,14.0,5.0,25.0,13.7739,13462695
DISALEXI,2014-02-01,North Lahontan,8,24.8151,24.0,14.0,34.0,13.7046,12892169
DISALEXI,2014-03-01,North Lahontan,8,40.6189,38.0,24.0,55.0,21.8538,13127713
DISALEXI,2014-04-01,North Lahontan,8,58.8701,54.0,32.0,81.0,35.5988,14452094
DISALEXI,2014-05-01,North Lahontan,8,63.7585,60.5001,30.501,90.4977,41.5568,16073157
DISALEXI,2014-06-01,North Lahontan,8,54.3477,50.5009,18.4962,82.4958,41.4987,16902063
DISALEXI,2014-07-01,North Lahontan,8,58.6151,52.4987,22.4967,86.4961,43.5443,16946290
DISALEXI,2014-08-01,North Lahontan,8,39.3211,33.0,10.0,62.0,32.9957,16956883
DISALEXI,2014-09-01,North Lahontan,8,25.4906,19.0,3.0,41.0,25.3411,16946859
DISALEXI,2014-10-01,North Lahontan,8,22.7304,18.0,6.0,35.0,20.49,16955517
DISALEXI,2014-11-01,North Lahontan,8,17.4489,15.0,6.0,25.0,15.3268,15885255
DISALEXI,2014-12-01,North Lahontan,8,10.4436,10.0,6.0,14.0,6.9434,9174849
DISALEXI,2015-01-01,North Lahontan,8,21.6052,20.0,11.0,31.0,14.3957,12174765
DISALEXI,2015-02-01,North Lahontan,8,27.9482,27.0,16.0,38.0,15.8465,13877568
DISALEXI,2015-03-01,North Lahontan,8,43.3424,40.0,24.0,60.0,26.3351,15269100
DISALEXI,2015-04-01,North Lahontan,8,51.3378,46.0,25.0,72.0,34.3234,15840281
DISALEXI,2015-05-01,North Lahontan,8,63.4714,60.4978,38.503,84.4954,33.9702,16403506
DISALEXI,2015-06-01,North Lahontan,8,64.41,60.5015,34.5035,90.4952,38.8545,16921915
DISALEXI,2015-07-01,North Lahontan,8,48.0448,42.4995,16.4988,72.4967,36.7419,16963982
DISALEXI,2015-08-01,North Lahontan,8,27.8693,18.0,2.0,45.0,30.1177,16970113
DISALEXI,2015-09-01,North Lahontan,8,22.3588,14.0,2.0,36.0,24.1251,16965579
DISALEXI,2015-10-01,North Lahontan,8,26.8019,23.0,10.0,40.0,20.9581,16094678
DISALEXI,2015-11-01,North Lahontan,8,21.7324,20.0,10.0,30.0,15.5724,13036616
DISALEXI,2015-12-01,North Lahontan,8,12.539,11.0,7.0,17.0,8.2628,4821985
DISALEXI,2016-01-01,North Lahontan,8,14.3844,14.0,10.0,19.0,7.1425,2907633
DISALEXI,2016-02-01,North Lahontan,8,33.6201,33.0,23.0,43.0,15.8565,8056712
DISALEXI,2016-03-01,North Lahontan,8,42.8393,42.0,31.0,53.0,16.8665,11541340
DISALEXI,2016-04-01,North Lahontan,8,64.6162,62.0,46.0,82.0,27.1002,13216416
DISALEXI,2016-05-01,North Lahontan,8,77.5944,76.4972,56.5045,98.4972,31.2293,14801736
DISALEXI,2016-06-01,North Lahontan,8,74.2732,70.4981,44.5035,100.4949,40.7419,16647019
DISALEXI,2016-07-01,North Lahontan,8,56.1268,52.4997,22.4986,82.4951,40.752,16936139
DISALEXI,2016-08-01,North Lahontan,8,37.5029,30.0,8.0,58.0,34.2029,16957073
DISALEXI,2016-09-01,North Lahontan,8,26.1151,20.0,4.0,41.0,25.2381,16968294
DISALEXI,2016-10-01,North Lahontan,8,22.7624,19.0,8.0,33.0,18.2326,16856650
DISALEXI,2016-11-01,North Lahontan,8,22.0385,19.0,11.0,29.0,16.0948,15647144
DISALEXI,2016-12-01,North Lahontan,8,15.8602,15.0,10.0,21.0,9.4744,7859529
DISALEXI,2017-01-01,North Lahontan,8,16.3758,17.0,12.0,21.0,7.9629,4695238
DISALEXI,2017-02-01,North Lahontan,8,23.3212,24.0,18.0,29.0,8.9314,2203489
DISALEXI,2017-03-01,North Lahontan,8,46.3927,45.0,35.0,57.0,16.7485,6537420
DISALEXI,2017-04-01,North Lahontan,8,64.1276,63.0,49.0,78.0,22.6396,9766628
DISALEXI,2017-05-01,North Lahontan,8,85.896,80.4968,58.5089,108.493,39.6858,13794471
DISALEXI,2017-06-01,North Lahontan,8,81.4451,76.4984,50.5038,108.4985,41.9018,15948448
DISALEXI,2017-07-01,North Lahontan,8,66.5458,60.4993,30.5003,94.4962,45.3089,16720346
DISALEXI,2017-08-01,North Lahontan,8,57.8996,52.4995,28.502,82.4943,37.7829,16785233
DISALEXI,2017-09-01,North Lahontan,8,40.706,37.0,15.0,61.0,30.3865,16629466
DISALEXI,2017-10-01,North Lahontan,8,30.84,27.0,11.0,46.0,24.1924,16658986
DISALEXI,2017-11-01,North Lahontan,8,17.7976,16.0,9.0,25.0,11.6964,16388544
DISALEXI,2017-12-01,North Lahontan,8,19.6823,19.0,12.0,27.0,11.6714,11902664
DISALEXI,2018-01-01,North Lahontan,8,18.0249,17.0,11.0,24.0,10.4547,10745830
DISALEXI,2018-02-01,North Lahontan,8,33.0849,30.0,17.0,44.0,23.3419,11032855
DISALEXI,2018-03-01,North Lahontan,8,47.1877,44.0,30.0,59.0,25.5993,9810091
DISALEXI,2018-04-01,North Lahontan,8,65.939,62.4992,46.5063,82.493,27.5393,12653516
DISALEXI,2018-05-01,North Lahontan,8,78.9124,76.4992,52.5063,102.4956,36.3939,15757226
DISALEXI,2018-06-01,North Lahontan,8,79.3518,76.5003,50.503,104.4964,39.8903,16719663
DISALEXI,2018-07-01,North Lahontan,8,65.0769,62.4994,32.5022,91.0,42.081,16862107
DISALEXI,2018-08-01,North Lahontan,8,45.5586,40.5001,16.4992,66.4944,35.8466,16890433
DISALEXI,2018-09-01,North Lahontan,8,29.882,22.4969,6.4846,46.4943,27.4812,16921111
DISALEXI,2018-10-01,North Lahontan,8,21.1709,16.0,5.0,32.0,19.9127,16916099
DISALEXI,2018-11-01,North Lahontan,8,12.4114,9.0,2.0,19.0,12.2457,16605673
DISALEXI,2018-12-01,North Lahontan,8,12.6906,12.0,8.0,17.0,7.635,4816310
DISALEXI,2019-01-01,North Lahontan,8,16.2176,15.0,9.0,22.0,10.2901,3479524
DISALEXI,2019-02-01,North Lahontan,8,22.684,22.0,16.0,29.0,9.821,3267974
DISALEXI,2019-03-01,North Lahontan,8,42.2064,41.0,31.0,52.0,15.6118,4134998
DISALEXI,2019-04-01,North Lahontan,8,63.9067,62.0,45.0,80.0,26.3281,12169125
DISALEXI,2019-05-01,North Lahontan,8,71.4461,68.497,46.504,94.496,34.277,12747032
DISALEXI,2019-06-01,North Lahontan,8,88.1921,84.4981,54.5044,120.4966,46.5489,15964886
DISALEXI,2019-07-01,North Lahontan,8,72.024,68.4986,36.5016,102.4955,46.9405,16767089
DISALEXI,2019-08-01,North Lahontan,8,53.1039,46.5,18.5019,78.4951,40.9417,16856548
DISALEXI,2019-09-01,North Lahontan,8,36.9738,33.0,14.0,54.0,27.5405,16863414
DISALEXI,2019-10-01,North Lahontan,8,26.6902,21.0,6.0,41.0,23.8651,16687529
DISALEXI,2019-11-01,North Lahontan,8,16.3357,12.0,2.0,26.0,15.7579,16411558
DISALEXI,2019-12-01,North Lahontan,8,11.1481,11.0,6.0,15.0,7.3802,6866017
DISALEXI,2020-01-01,North Lahontan,8,15.4296,15.0,8.0,21.0,9.8834,7212176
DISALEXI,2020-02-01,North Lahontan,8,31.264,29.0,15.0,45.0,20.2791,10252009
DISALEXI,2020-03-01,North Lahontan,8,39.0057,35.0,23.0,53.0,21.9345,11162078
DISALEXI,2020-04-01,North Lahontan,8,64.5804,60.0,41.0,84.0,32.9121,13212656
DISALEXI,2020-05-01,North Lahontan,8,65.6866,60.4991,32.501,92.4936,42.8877,15443124
DISALEXI,2020-06-01,North Lahontan,8,66.9905,60.5013,28.4994,98.497,48.4821,16789665
DISALEXI,2020-07-01,North Lahontan,8,50.178,42.5007,8.4872,78.4968,44.6609,16752046
DISALEXI,2020-08-01,North Lahontan,8,43.3142,34.4968,8.4864,66.4956,39.0932,16755463
DISALEXI,2020-09-01,North Lahontan,8,31.4821,23.0,5.0,51.0,30.445,16784278
DISALEXI,2020-10-01,North Lahontan,8,20.5565,14.0,2.0,33.0,21.7786,16780506
DISALEXI,2020-11-01,North Lahontan,8,15.3425,13.0,4.0,23.0,13.6239,16443855
DISALEXI,2020-12-01,North Lahontan,8,15.9438,14.0,7.0,23.0,12.2771,10747950
DISALEXI,2021-01-01,North Lahontan,8,18.3929,18.0,11.0,25.0,11.0681,8588910
DISALEXI,2021-02-01,North Lahontan,8,26.1973,25.0,15.0,36.0,14.4484,7039804
DISALEXI,2021-03-01,North Lahontan,8,38.768,35.0,20.0,54.0,23.961,8376795
DISALEXI,2021-04-01,North Lahontan,8,54.1788,48.4997,22.5011,78.496,38.6026,14071849
DISALEXI,2021-05-01,North Lahontan,8,61.322,56.5005,22.499,92.4951,45.2995,16041416
DISALEXI,2021-06-01,North Lahontan,8,56.2875,48.5005,12.4898,90.4998,47.6538,16907371
DISALEXI,2021-07-01,North Lahontan,8,45.822,36.5016,6.4765,74.4977,42.6031,16927826
DISALEXI,2021-08-01,North Lahontan,8,38.9643,28.4982,6.489,62.4979,37.4461,16932699
DISALEXI,2021-09-01,North Lahontan,8,25.3743,17.0,3.0,41.0,26.7381,16958433
DISALEXI,2021-10-01,North Lahontan,8,20.3591,15.0,5.0,31.0,19.0236,16843747
DISALEXI,2021-11-01,North Lahontan,8,19.1456,17.0,8.0,28.0,13.4362,15798410
DISALEXI,2021-12-01,North Lahontan,8,13.075,12.0,4.0,20.0,10.1901,15402915
DISALEXI,2022-01-01,North Lahontan,8,21.1828,21.0,14.0,28.0,10.8735,4459357
DISALEXI,2022-02-01,North Lahontan,8,29.8533,27.0,16.0,41.0,19.2056,6364415
DISALEXI,2022-03-01,North Lahontan,8,44.9484,42.0,27.0,60.0,24.7856,12378887
DISALEXI,2022-04-01,North Lahontan,8,55.4253,52.0,32.0,76.0,31.7765,14410238
DISALEXI,2022-05-01,North Lahontan,8,64.6715,60.5006,34.5004,90.4948,40.1377,15316147
DISALEXI,2022-06-01,North Lahontan,8,53.1775,46.4996,20.5003,78.4943,40.8177,16833681
DISALEXI,2022-07-01,North Lahontan,8,39.6313,26.4965,4.4719,64.4978,40.6274,16955107
DISALEXI,2022-08-01,North Lahontan,8,32.0505,22.498,2.4477,52.496,33.6792,16964337
DISALEXI,2022-09-01,North Lahontan,8,29.5312,23.0,6.0,46.0,27.2268,16967696
DISALEXI,2022-10-01,North Lahontan,8,18.6512,11.0,2.0,30.0,20.7312,16950942
DISALEXI,2022-11-01,North Lahontan,8,13.3639,10.0,2.0,20.0,13.4201,14978901
DISALEXI,2022-12-01,North Lahontan,8,10.0045,8.0,2.0,14.0,10.326,3844473
DISALEXI,2023-01-01,North Lahontan,8,19.3709,20.0,16.0,23.0,6.5044,1907493
DISALEXI,2023-02-01,North Lahontan,8,29.5206,30.0,24.0,36.0,8.9451,3130412
DISALEXI,2023-03-01,North Lahontan,8,39.7041,39.0,30.0,49.0,14.4509,3732765
DISALEXI,2023-04-01,North Lahontan,8,63.2072,59.0,40.0,83.0,31.6358,9640646
DISALEXI,2023-05-01,North Lahontan,8,77.0292,74.4978,50.5043,100.4935,37.2737,13081407
DISALEXI,2023-06-01,North Lahontan,8,82.4629,80.4986,52.5055,110.4966,43.0986,15715845
DISALEXI,2023-07-01,North Lahontan,8,64.4047,58.4999,24.4996,94.4976,47.1597,16602302
DISALEXI,2023-08-01,North Lahontan,8,47.4027,42.4985,16.4991,72.4972,36.7461,16850287
DISALEXI,2023-09-01,North Lahontan,8,38.4106,35.0,16.0,57.0,27.6057,16866701
DISALEXI,2023-10-01,North Lahontan,8,28.5782,25.0,9.0,43.0,22.775,16848430
DISALEXI,2023-11-01,North Lahontan,8,19.1369,16.0,7.0,28.0,15.2487,15767319
DISALEXI,2023-12-01,North Lahontan,8,13.5472,13.0,7.0,19.0,8.8274,10527229
DISALEXI,2024-01-01,North Lahontan,8,14.1712,14.0,10.0,18.0,6.8657,4978696
DISALEXI,2024-02-01,North Lahontan,8,27.2822,27.0,21.0,33.0,9.5663,5936824
DISALEXI,2024-03-01,North Lahontan,8,44.9685,44.0,34.0,55.0,16.9533,7413546
DISALEXI,2024-04-01,North Lahontan,8,68.3576,66.0,50.0,86.0,27.611,13079530
DISALEXI,2024-05-01,North Lahontan,8,82.696,76.4978,50.502,108.4946,44.5082,15539938
DISALEXI,2024-06-01,North Lahontan,8,64.5352,58.5002,28.5025,90.497,45.1943,16796659
DISALEXI,2024-07-01,North Lahontan,8,51.2558,40.4972,14.4997,76.496,45.2444,16854929
DISALEXI,2024-08-01,North Lahontan,8,35.8243,24.4972,4.4743,56.4963,37.5567,16809361
DISALEXI,2024-09-01,North Lahontan,8,27.3813,19.0,3.0,44.0,28.7754,16797292
DISALEXI,2024-10-01,North Lahontan,8,22.5209,16.0,5.0,35.0,21.6882,16817677
DISALEXI,2024-11-01,North Lahontan,8,16.8598,15.0,8.0,24.0,11.8668,13884336
DISALEXI,2024-12-01,North Lahontan,8,14.4832,14.0,9.0,19.0,8.5215,10170622
DISALEXI,2025-01-01,North Lahontan,8,19.7062,18.0,11.0,26.0,12.2203,9234944
DISALEXI,2025-02-01,North Lahontan,8,25.6892,25.0,18.0,33.0,11.4049,9134414
DISALEXI,2025-03-01,North Lahontan,8,42.256,41.0,28.0,55.0,18.9959,9705195
DISALEXI,2025-04-01,North Lahontan,8,60.4854,57.0,40.0,78.0,29.8282,12324672
DISALEXI,2025-05-01,North Lahontan,8,85.0992,80.4971,54.5043,110.495,44.2821,15116179
DISALEXI,2025-06-01,North Lahontan,8,77.5343,72.4989,38.5023,110.4983,50.2167,16142813
DISALEXI,2025-07-01,North Lahontan,8,55.7691,48.4982,20.5009,80.4946,44.0,16698069
DISALEXI,2025-08-01,North Lahontan,8,41.4272,32.4985,10.4929,62.4938,37.3162,16739582
DISALEXI,2025-09-01,North Lahontan,8,32.7652,27.0,8.0,50.0,28.4705,16765991
DISALEXI,2025-10-01,North Lahontan,8,25.6608,21.0,6.0,40.0,22.5559,16207470
DISALEXI,2025-11-01,North Lahontan,8,17.3439,14.0,6.0,25.0,13.9733,16013310
DISALEXI,2025-12-01,North Lahontan,8,14.9676,14.0,8.0,21.0,10.1655,14660656
DISALEXI,2003-10-01,Sacramento River,5,39.4567,38.0,19.0,57.0,25.6202,76934665
DISALEXI,2003-11-01,Sacramento River,5,19.9027,19.0,12.0,28.0,11.2981,65011788
DISALEXI,2003-12-01,Sacramento River,5,12.001,12.0,7.0,17.0,6.6659,31805147
DISALEXI,2004-01-01,Sacramento River,5,17.9038,18.0,11.0,24.0,9.5648,28978937
DISALEXI,2004-02-01,Sacramento River,5,27.8367,28.0,21.0,35.0,10.8069,47246118
DISALEXI,2004-03-01,Sacramento River,5,70.6358,70.0,54.0,87.0,23.9654,55594262
DISALEXI,2004-04-01,Sacramento River,5,85.4124,85.0,60.0,110.0,34.5282,68582968
DISALEXI,2004-05-01,Sacramento River,5,104.1879,104.5001,66.5012,142.4979,49.2991,74511427
DISALEXI,2004-06-01,Sacramento River,5,118.1078,116.5003,70.5019,164.4965,62.3762,76652727
DISALEXI,2004-07-01,Sacramento River,5,107.1952,104.5,58.5012,154.4972,63.0186,76841695
DISALEXI,2004-08-01,Sacramento River,5,81.1645,78.4988,38.5021,120.4986,52.1224,76956343
DISALEXI,2004-09-01,Sacramento River,5,55.719,55.0,26.0,83.0,36.6715,76976013
DISALEXI,2004-10-01,Sacramento River,5,37.0192,36.0,20.0,52.0,21.8048,76493004
DISALEXI,2004-11-01,Sacramento River,5,26.3389,25.0,18.0,34.0,12.5706,70468770
DISALEXI,2004-12-01,Sacramento River,5,16.4662,16.0,10.0,22.0,9.5481,60507820
DISALEXI,2005-01-01,Sacramento River,5,21.8328,22.0,15.0,28.0,10.05,41869659
DISALEXI,2005-02-01,Sacramento River,5,33.7031,34.0,26.0,42.0,12.0999,42770538
DISALEXI,2005-03-01,Sacramento River,5,63.032,63.0,50.0,76.0,19.2208,58277718
DISALEXI,2005-04-01,Sacramento River,5,86.5885,86.0,68.0,105.0,25.9081,61134676
DISALEXI,2005-05-01,Sacramento River,5,99.1397,98.499,74.5037,122.4969,31.846,69815253
DISALEXI,2005-06-01,Sacramento River,5,117.6818,116.4999,82.5015,152.4975,45.8856,75892888
DISALEXI,2005-07-01,Sacramento River,5,125.6729,122.4989,78.5012,170.4984,59.7498,76830921
DISALEXI,2005-08-01,Sacramento River,5,93.692,92.4983,54.5011,130.4981,50.8598,76962567
DISALEXI,2005-09-01,Sacramento River,5,62.6106,61.0,34.0,89.0,36.6035,76962499
DISALEXI,2005-10-01,Sacramento River,5,39.0952,38.0,21.0,55.0,23.6136,75684036
DISALEXI,2005-11-01,Sacramento River,5,18.755,18.0,10.0,27.0,11.8429,71937623
DISALEXI,2005-12-01,Sacramento River,5,12.1754,12.0,7.0,17.0,7.5265,48814354
DISALEXI,2006-01-01,Sacramento River,5,16.5064,17.0,11.0,22.0,8.5829,47025820
DISALEXI,2006-02-01,Sacramento River,5,34.1346,34.0,25.0,43.0,14.1043,56899223
DISALEXI,2006-03-01,Sacramento River,5,40.0711,40.0,30.0,50.0,14.4219,53478729
DISALEXI,2006-04-01,Sacramento River,5,74.6382,74.0,60.0,88.0,20.8865,59427787
DISALEXI,2006-05-01,Sacramento River,5,120.032,118.4994,88.5027,150.4966,41.8198,69505731
DISALEXI,2006-06-01,Sacramento River,5,118.2227,116.4999,78.5015,158.4962,52.7993,76380200
DISALEXI,2006-07-01,Sacramento River,5,117.171,112.4987,70.5017,162.499,61.404,76769672
DISALEXI,2006-08-01,Sacramento River,5,92.2466,88.499,52.5026,130.4978,51.2291,76849593
DISALEXI,2006-09-01,Sacramento River,5,60.2207,59.0,31.0,88.0,36.6088,76908226
DISALEXI,2006-10-01,Sacramento River,5,38.9181,38.0,19.0,55.0,24.5324,76906969
DISALEXI,2006-11-01,Sacramento River,5,17.5613,17.0,10.0,24.0,10.5609,76424767
DISALEXI,2006-12-01,Sacramento River,5,13.7589,13.0,7.0,19.0,8.9073,56294203
DISALEXI,2007-01-01,Sacramento River,5,24.0531,23.0,14.0,33.0,14.2533,59716640
DISALEXI,2007-02-01,Sacramento River,5,27.3765,27.0,20.0,35.0,12.2254,63723232
DISALEXI,2007-03-01,Sacramento River,5,67.9538,67.0,51.0,84.0,24.3451,66885977
DISALEXI,2007-04-01,Sacramento River,5,84.5223,84.4995,62.5045,108.4975,31.8234,69674727
DISALEXI,2007-05-01,Sacramento River,5,116.3808,118.4995,78.5027,156.4986,50.9035,75782232
DISALEXI,2007-06-01,Sacramento River,5,111.554,110.5001,64.5018,156.4978,61.5853,76885608
DISALEXI,2007-07-01,Sacramento River,5,104.4751,100.5,56.5021,150.498,62.8641,76925297
DISALEXI,2007-08-01,Sacramento River,5,82.7286,80.4991,38.5016,122.4975,54.5098,76974895
DISALEXI,2007-09-01,Sacramento River,5,60.3245,60.0,32.0,86.0,36.2274,76964909
DISALEXI,2007-10-01,Sacramento River,5,34.6873,34.0,19.0,49.0,20.567,75658249
DISALEXI,2007-11-01,Sacramento River,5,23.6825,23.0,12.0,34.0,15.5718,66819969
DISALEXI,2007-12-01,Sacramento River,5,14.3643,14.0,8.0,20.0,9.1432,28595134
DISALEXI,2008-01-01,Sacramento River,5,15.3837,15.0,11.0,20.0,7.6763,27073478
DISALEXI,2008-02-01,Sacramento River,5,33.9485,34.0,25.0,44.0,14.6046,40254450
DISALEXI,2008-03-01,Sacramento River,5,60.0819,59.0,44.0,76.0,23.7727,54331060
DISALEXI,2008-04-01,Sacramento River,5,80.6647,78.4991,52.5033,108.4961,38.1584,64969766
DISALEXI,2008-05-01,Sacramento River,5,97.695,98.5002,58.5022,136.4984,49.8761,70422798
DISALEXI,2008-06-01,Sacramento River,5,108.5836,106.5013,60.5012,154.4976,61.6132,76853089
DISALEXI,2008-07-01,Sacramento River,5,113.7968,110.5002,64.5021,158.4968,61.6591,77027276
DISALEXI,2008-08-01,Sacramento River,5,77.2082,74.4998,32.5014,116.4991,53.3694,77016823
DISALEXI,2008-09-01,Sacramento River,5,51.4708,49.0,18.0,80.0,38.1784,77046047
DISALEXI,2008-10-01,Sacramento River,5,31.5414,30.0,12.0,48.0,22.7813,76677518
DISALEXI,2008-11-01,Sacramento River,5,20.128,19.0,11.0,28.0,12.6897,72176784
DISALEXI,2008-12-01,Sacramento River,5,15.8954,15.0,8.0,23.0,10.8916,63896672
DISALEXI,2009-01-01,Sacramento River,5,21.6885,21.0,12.0,30.0,13.8417,49939121
DISALEXI,2009-02-01,Sacramento River,5,24.0444,24.0,17.0,31.0,11.1795,50855924
DISALEXI,2009-03-01,Sacramento River,5,59.7167,59.0,45.0,75.0,21.8538,59069389
DISALEXI,2009-04-01,Sacramento River,5,79.7896,78.4999,54.5038,104.4959,35.2501,67811736
DISALEXI,2009-05-01,Sacramento River,5,98.6169,100.5005,64.5025,134.4979,45.6488,74503500
DISALEXI,2009-06-01,Sacramento River,5,99.6919,98.4996,58.5025,138.4976,53.9163,76918278
DISALEXI,2009-07-01,Sacramento River,5,104.243,100.5003,54.5032,152.4978,64.2897,77061669
DISALEXI,2009-08-01,Sacramento River,5,80.463,78.5001,38.5026,120.498,52.1075,77131358
DISALEXI,2009-09-01,Sacramento River,5,49.2366,47.0,17.0,77.0,36.5684,77175820
DISALEXI,2009-10-01,Sacramento River,5,35.402,34.0,19.0,50.0,21.0885,77053218
DISALEXI,2009-11-01,Sacramento River,5,22.5503,21.0,12.0,32.0,13.5283,75950405
DISALEXI,2009-12-01,Sacramento River,5,13.9017,13.0,7.0,19.0,8.8634,58018298
DISALEXI,2010-01-01,Sacramento River,5,16.9719,17.0,12.0,22.0,7.6241,14703784
DISALEXI,2010-02-01,Sacramento River,5,30.521,31.0,24.0,37.0,10.2124,32196251
DISALEXI,2010-03-01,Sacramento River,5,63.0816,63.0,51.0,76.0,18.9971,56475442
DISALEXI,2010-04-01,Sacramento River,5,76.1898,76.0,59.0,93.0,23.9698,63204762
DISALEXI,2010-05-01,Sacramento River,5,96.8717,94.4991,68.5025,124.4959,37.7817,63345907
DISALEXI,2010-06-01,Sacramento River,5,108.5239,108.5003,68.5015,148.4983,52.7247,75560806
DISALEXI,2010-07-01,Sacramento River,5,121.5383,118.499,72.5019,168.4976,63.0571,77060502
DISALEXI,2010-08-01,Sacramento River,5,90.3851,88.4994,50.5037,126.4945,51.999,77128489
DISALEXI,2010-09-01,Sacramento River,5,57.3383,56.0,28.0,83.0,36.37,77150163
DISALEXI,2010-10-01,Sacramento River,5,35.4875,35.0,20.0,50.0,20.5509,77142076
DISALEXI,2010-11-01,Sacramento River,5,24.0008,23.0,15.0,32.0,12.4638,59516720
DISALEXI,2010-12-01,Sacramento River,5,11.7175,11.0,8.0,15.0,6.1442,50703352
DISALEXI,2011-01-01,Sacramento River,5,24.5124,24.0,17.0,32.0,11.748,54899097
DISALEXI,2011-02-01,Sacramento River,5,31.0124,30.0,21.0,41.0,15.1182,52988896
DISALEXI,2011-03-01,Sacramento River,5,38.3741,38.0,28.0,48.0,14.4693,47157848
DISALEXI,2011-04-01,Sacramento River,5,76.182,76.0,59.0,93.0,24.6868,58537661
DISALEXI,2011-05-01,Sacramento River,5,97.4204,96.4995,72.5026,122.4981,34.9532,66141602
DISALEXI,2011-06-01,Sacramento River,5,111.6362,110.4988,80.5019,144.4983,42.8579,73443887
DISALEXI,2011-07-01,Sacramento River,5,121.5188,120.5004,78.502,164.4956,57.2685,76791842
DISALEXI,2011-08-01,Sacramento River,5,91.7479,88.4989,52.5032,128.4974,51.7309,77075551
DISALEXI,2011-09-01,Sacramento River,5,63.6663,63.0,35.0,91.0,36.6298,77088151
DISALEXI,2011-10-01,Sacramento River,5,42.6413,42.0,27.0,57.0,21.213,76923464
DISALEXI,2011-11-01,Sacramento River,5,20.6732,19.0,11.0,29.0,12.8091,75704435
DISALEXI,2011-12-01,Sacramento River,5,16.8338,15.0,7.0,24.0,12.2827,66329660
DISALEXI,2012-01-01,Sacramento River,5,17.5557,16.0,9.0,25.0,11.5477,65293128
DISALEXI,2012-02-01,Sacramento River,5,33.9787,33.0,23.0,44.0,15.6425,48164237
DISALEXI,2012-03-01,Sacramento River,5,41.2325,40.0,30.0,52.0,15.9851,44700801
DISALEXI,2012-04-01,Sacramento River,5,86.7509,85.0,66.0,107.0,29.391,61441950
DISALEXI,2012-05-01,Sacramento River,5,112.9148,112.4996,76.5024,148.4977,47.5214,73773932
DISALEXI,2012-06-01,Sacramento River,5,105.348,104.4995,58.5002,152.5,58.632,76282320
DISALEXI,2012-07-01,Sacramento River,5,96.8751,92.4993,44.5019,144.4994,64.251,76531352
DISALEXI,2012-08-01,Sacramento River,5,78.0433,74.4994,34.5017,116.4981,53.3546,76590333
DISALEXI,2012-09-01,Sacramento River,5,53.2739,52.0,22.0,81.0,36.6077,76171320
DISALEXI,2012-10-01,Sacramento River,5,37.8852,37.0,18.0,55.0,24.3533,75981774
DISALEXI,2012-11-01,Sacramento River,5,20.8278,20.0,12.0,28.0,11.7725,54217860
DISALEXI,2012-12-01,Sacramento River,5,14.3101,14.0,9.0,19.0,8.2023,37403004
DISALEXI,2013-01-01,Sacramento River,5,23.1785,23.0,14.0,31.0,12.8861,36246529
DISALEXI,2013-02-01,Sacramento River,5,37.8889,37.0,27.0,49.0,17.1061,38599701
DISALEXI,2013-03-01,Sacramento River,5,56.7489,56.0,40.0,73.0,23.312,54024078
DISALEXI,2013-04-01,Sacramento River,5,82.1064,80.4978,56.5037,108.4965,35.7613,72795906
DISALEXI,2013-05-01,Sacramento River,5,98.9703,100.5005,64.5031,134.4962,47.4483,76303030
DISALEXI,2013-06-01,Sacramento River,5,102.463,102.5,60.5024,144.4967,55.6723,76843599
DISALEXI,2013-07-01,Sacramento River,5,97.447,94.5,48.5028,142.4987,62.9367,77090042
DISALEXI,2013-08-01,Sacramento River,5,73.491,70.4998,32.5023,110.4968,50.9686,77114277
DISALEXI,2013-09-01,Sacramento River,5,52.2953,52.0,26.0,77.0,32.9703,77158426
DISALEXI,2013-10-01,Sacramento River,5,35.9571,35.0,15.0,53.0,25.3294,77104098
DISALEXI,2013-11-01,Sacramento River,5,18.8836,18.0,7.0,28.0,13.9097,75592389
DISALEXI,2013-12-01,Sacramento River,5,16.3621,15.0,6.0,24.0,12.3146,72788623
DISALEXI,2014-01-01,Sacramento River,5,17.1284,15.0,5.0,26.0,13.5762,73635541
DISALEXI,2014-02-01,Sacramento River,5,25.5141,25.0,17.0,34.0,11.5456,72216681
DISALEXI,2014-03-01,Sacramento River,5,51.328,51.0,38.0,65.0,19.6596,72030676
DISALEXI,2014-04-01,Sacramento River,5,87.9528,88.5,64.5032,110.4964,31.5461,73096574
DISALEXI,2014-05-01,Sacramento River,5,99.7879,100.5006,62.5009,136.4981,49.022,76519154
DISALEXI,2014-06-01,Sacramento River,5,100.6107,98.4993,56.5021,142.4966,58.0212,77187791
DISALEXI,2014-07-01,Sacramento River,5,105.2002,102.5,58.5027,148.4986,59.4927,77165707
DISALEXI,2014-08-01,Sacramento River,5,75.7776,74.499,38.5039,110.4978,47.6487,77189933
DISALEXI,2014-09-01,Sacramento River,5,50.8979,49.0,22.0,76.0,34.3171,77193239
DISALEXI,2014-10-01,Sacramento River,5,35.9362,36.0,18.0,52.0,22.301,77134809
DISALEXI,2014-11-01,Sacramento River,5,21.7303,21.0,12.0,31.0,12.8629,75124264
DISALEXI,2014-12-01,Sacramento River,5,10.113,10.0,5.0,14.0,6.3741,62747217
DISALEXI,2015-01-01,Sacramento River,5,23.5346,23.0,15.0,31.0,12.9412,69235956
DISALEXI,2015-02-01,Sacramento River,5,34.1328,34.0,25.0,44.0,13.8684,73386527
DISALEXI,2015-03-01,Sacramento River,5,60.1337,60.0,43.0,77.0,23.029,75024745
DISALEXI,2015-04-01,Sacramento River,5,85.6329,84.5001,58.5023,112.4967,36.3954,76041608
DISALEXI,2015-05-01,Sacramento River,5,96.9318,96.4998,60.5018,134.4978,48.4458,76419286
DISALEXI,2015-06-01,Sacramento River,5,106.3055,104.4998,64.5025,148.4975,56.8589,77138278
DISALEXI,2015-07-01,Sacramento River,5,93.241,90.5,50.5016,132.4975,56.6707,77155573
DISALEXI,2015-08-01,Sacramento River,5,70.0423,66.4982,30.5016,104.4974,48.3868,77179274
DISALEXI,2015-09-01,Sacramento River,5,44.0709,42.0,16.0,68.0,31.9895,77191017
DISALEXI,2015-10-01,Sacramento River,5,35.381,35.0,16.0,52.0,23.3641,76929471
DISALEXI,2015-11-01,Sacramento River,5,23.4899,23.0,14.0,33.0,13.805,72784657
DISALEXI,2015-12-01,Sacramento River,5,12.0091,12.0,7.0,17.0,7.3179,44022516
DISALEXI,2016-01-01,Sacramento River,5,13.5624,13.0,9.0,18.0,6.7382,43284467
DISALEXI,2016-02-01,Sacramento River,5,38.3181,38.0,29.0,48.0,14.2999,49703990
DISALEXI,2016-03-01,Sacramento River,5,53.405,53.0,44.0,63.0,13.9368,64509680
DISALEXI,2016-04-01,Sacramento River,5,87.2706,86.4985,66.5045,108.4956,28.962,69551405
DISALEXI,2016-05-01,Sacramento River,5,103.9329,104.4988,74.5029,134.4966,40.3972,73873348
DISALEXI,2016-06-01,Sacramento River,5,114.8177,112.4995,76.502,152.4972,51.808,76773092
DISALEXI,2016-07-01,Sacramento River,5,105.4681,100.4978,58.502,148.499,61.3128,77014574
DISALEXI,2016-08-01,Sacramento River,5,84.127,80.4997,44.5013,120.4987,50.9948,77061525
DISALEXI,2016-09-01,Sacramento River,5,56.6471,54.499,28.5038,82.4958,35.2811,77102021
DISALEXI,2016-10-01,Sacramento River,5,29.9834,29.0,17.0,41.0,16.8783,76914473
DISALEXI,2016-11-01,Sacramento River,5,23.8338,23.0,17.0,31.0,10.8181,74562182
DISALEXI,2016-12-01,Sacramento River,5,17.0302,17.0,11.0,22.0,8.6489,53745986
DISALEXI,2017-01-01,Sacramento River,5,19.8003,20.0,14.0,25.0,9.1481,42210443
DISALEXI,2017-02-01,Sacramento River,5,24.8835,25.0,19.0,31.0,8.9102,47196842
DISALEXI,2017-03-01,Sacramento River,5,56.4974,56.0,45.0,68.0,17.3606,57891882
DISALEXI,2017-04-01,Sacramento River,5,79.1794,79.0,63.0,95.0,23.5301,62887513
DISALEXI,2017-05-01,Sacramento River,5,120.5941,118.4994,86.502,152.4976,44.0209,71840428
DISALEXI,2017-06-01,Sacramento River,5,120.9532,120.4993,82.5009,158.4978,50.4898,76212732
DISALEXI,2017-07-01,Sacramento River,5,111.4227,106.4999,64.5015,156.4987,60.6724,76772523
DISALEXI,2017-08-01,Sacramento River,5,95.7593,92.4984,60.5022,130.4982,46.7618,77041596
DISALEXI,2017-09-01,Sacramento River,5,59.2797,58.0,33.0,84.0,33.4964,77016053
DISALEXI,2017-10-01,Sacramento River,5,37.2619,36.0,18.0,53.0,24.3551,76941556
DISALEXI,2017-11-01,Sacramento River,5,18.0989,17.0,11.0,25.0,9.9588,76286588
DISALEXI,2017-12-01,Sacramento River,5,17.1721,16.0,8.0,24.0,11.813,67019302
DISALEXI,2018-01-01,Sacramento River,5,17.2319,17.0,11.0,23.0,8.8856,57984615
DISALEXI,2018-02-01,Sacramento River,5,35.8524,35.0,25.0,47.0,16.5499,65993963
DISALEXI,2018-03-01,Sacramento River,5,53.1498,53.0,40.0,66.0,18.7237,62359698
DISALEXI,2018-04-01,Sacramento River,5,83.9392,82.4984,66.5061,102.4945,25.9247,67945863
DISALEXI,2018-05-01,Sacramento River,5,112.3744,112.4998,80.5025,146.4973,45.2812,76172522
DISALEXI,2018-06-01,Sacramento River,5,120.5931,118.4985,78.5008,164.498,58.2477,76971023
DISALEXI,2018-07-01,Sacramento River,5,112.7938,108.499,68.5019,156.4986,59.1308,77071926
DISALEXI,2018-08-01,Sacramento River,5,91.6966,86.4984,50.503,128.4975,51.4615,77102666
DISALEXI,2018-09-01,Sacramento River,5,54.1671,52.0,24.0,80.0,36.0098,77014004
DISALEXI,2018-10-01,Sacramento River,5,32.9849,31.0,13.0,49.0,23.7021,76982466
DISALEXI,2018-11-01,Sacramento River,5,17.1234,16.0,6.0,25.0,13.0572,76712814
DISALEXI,2018-12-01,Sacramento River,5,14.707,14.0,9.0,20.0,8.674,53930009
DISALEXI,2019-01-01,Sacramento River,5,17.6143,18.0,12.0,23.0,9.0714,49704391
DISALEXI,2019-02-01,Sacramento River,5,24.1373,24.0,18.0,30.0,9.3457,43410317
DISALEXI,2019-03-01,Sacramento River,5,52.2897,52.0,42.0,63.0,15.8644,46730090
DISALEXI,2019-04-01,Sacramento River,5,78.7562,78.0,61.0,96.0,25.8138,67352391
DISALEXI,2019-05-01,Sacramento River,5,100.204,98.4984,72.503,128.4974,38.7506,69559782
DISALEXI,2019-06-01,Sacramento River,5,130.2319,128.4989,86.5009,172.4967,55.6824,75689866
DISALEXI,2019-07-01,Sacramento River,5,115.8474,112.4983,68.5031,160.4976,61.3358,76890760
DISALEXI,2019-08-01,Sacramento River,5,96.7689,92.4976,56.502,136.4977,53.084,76981093
DISALEXI,2019-09-01,Sacramento River,5,58.9774,57.0,31.0,85.0,35.3309,77049718
DISALEXI,2019-10-01,Sacramento River,5,39.6985,38.0,18.0,58.0,26.3929,76889919
DISALEXI,2019-11-01,Sacramento River,5,20.987,19.0,7.0,32.0,16.5754,76102766
DISALEXI,2019-12-01,Sacramento River,5,11.7036,11.0,6.0,16.0,8.1115,50329526
DISALEXI,2020-01-01,Sacramento River,5,17.0091,17.0,11.0,22.0,8.8995,52283662
DISALEXI,2020-02-01,Sacramento River,5,41.1634,40.0,29.0,53.0,18.3765,65998842
DISALEXI,2020-03-01,Sacramento River,5,54.2143,54.0,39.0,70.0,21.9837,67022985
DISALEXI,2020-04-01,Sacramento River,5,85.4176,84.5001,58.503,112.4969,35.7496,70321031
DISALEXI,2020-05-01,Sacramento River,5,93.3191,94.501,60.5021,126.4976,43.9558,74175307
DISALEXI,2020-06-01,Sacramento River,5,108.8221,108.4991,62.5016,154.4981,59.8385,76898161
DISALEXI,2020-07-01,Sacramento River,5,102.1036,96.4988,50.5036,150.4974,65.5462,76981465
DISALEXI,2020-08-01,Sacramento River,5,83.5518,78.4985,40.5019,124.4986,53.5088,77044551
DISALEXI,2020-09-01,Sacramento River,5,60.8229,60.0,29.0,90.0,38.5054,77119093
DISALEXI,2020-10-01,Sacramento River,5,32.9914,31.0,10.0,50.0,25.5114,77095971
DISALEXI,2020-11-01,Sacramento River,5,18.5677,17.0,6.0,28.0,14.3535,76784170
DISALEXI,2020-12-01,Sacramento River,5,16.3207,15.0,7.0,23.0,11.7835,68444629
DISALEXI,2021-01-01,Sacramento River,5,18.3511,18.0,11.0,25.0,10.7076,57345812
DISALEXI,2021-02-01,Sacramento River,5,32.4885,32.0,23.0,43.0,15.1334,57277028
DISALEXI,2021-03-01,Sacramento River,5,59.2982,59.0,43.0,76.0,25.1416,59762516
DISALEXI,2021-04-01,Sacramento River,5,80.6969,80.0,50.0,111.0,40.9892,71525167
DISALEXI,2021-05-01,Sacramento River,5,95.7897,96.5009,48.5019,140.4989,58.029,76844847
DISALEXI,2021-06-01,Sacramento River,5,95.8315,92.4999,42.5024,142.4984,64.5296,77137465
DISALEXI,2021-07-01,Sacramento River,5,82.139,74.4999,26.5008,126.4988,63.5189,77167104
DISALEXI,2021-08-01,Sacramento River,5,73.9129,68.5005,26.5,112.4975,54.2653,77173603
DISALEXI,2021-09-01,Sacramento River,5,45.3454,42.0,12.0,72.0,35.842,77179797
DISALEXI,2021-10-01,Sacramento River,5,27.3867,25.0,10.0,41.0,19.9012,77015373
DISALEXI,2021-11-01,Sacramento River,5,22.3849,22.0,15.0,30.0,11.6836,76093567
DISALEXI,2021-12-01,Sacramento River,5,15.2371,15.0,9.0,21.0,8.8128,75462703
DISALEXI,2022-01-01,Sacramento River,5,25.0156,25.0,16.0,33.0,13.6937,52768187
DISALEXI,2022-02-01,Sacramento River,5,36.4312,36.0,23.0,49.0,19.1651,57482804
DISALEXI,2022-03-01,Sacramento River,5,58.5726,58.0,40.0,77.0,26.5563,69425798
DISALEXI,2022-04-01,Sacramento River,5,72.6218,72.0,49.0,97.0,32.0966,72251243
DISALEXI,2022-05-01,Sacramento River,5,90.1196,88.5001,52.5023,126.4979,47.8783,74928246
DISALEXI,2022-06-01,Sacramento River,5,83.991,80.5002,32.5002,128.4982,58.6618,76991769
DISALEXI,2022-07-01,Sacramento River,5,70.461,62.501,12.495,114.4966,60.0912,77086642
DISALEXI,2022-08-01,Sacramento River,5,56.7923,46.5001,8.4898,92.4965,50.8116,77121733
DISALEXI,2022-09-01,Sacramento River,5,45.6143,42.0,15.0,71.0,33.829,77149615
DISALEXI,2022-10-01,Sacramento River,5,33.0576,30.0,11.0,51.0,25.488,77152525
DISALEXI,2022-11-01,Sacramento River,5,17.7981,16.0,8.0,26.0,12.6374,63513993
DISALEXI,2022-12-01,Sacramento River,5,12.388,11.0,6.0,18.0,8.8436,51460156
DISALEXI,2023-01-01,Sacramento River,5,17.9961,18.0,13.0,23.0,8.5834,43698071
DISALEXI,2023-02-01,Sacramento River,5,31.0014,31.0,24.0,39.0,11.9799,48428381
DISALEXI,2023-03-01,Sacramento River,5,48.6037,48.0,39.0,58.0,14.2164,45450429
DISALEXI,2023-04-01,Sacramento River,5,93.2166,92.4987,70.504,114.4952,32.154,62532376
DISALEXI,2023-05-01,Sacramento River,5,106.6527,106.4996,74.5026,138.4972,42.5981,69342482
DISALEXI,2023-06-01,Sacramento River,5,110.2014,110.4998,66.5028,154.4979,57.2995,76033919
DISALEXI,2023-07-01,Sacramento River,5,96.0441,90.5005,46.5014,138.4978,62.8115,76848345
DISALEXI,2023-08-01,Sacramento River,5,73.6231,68.4992,32.5021,108.4962,50.6196,76869367
DISALEXI,2023-09-01,Sacramento River,5,53.1691,52.5006,26.5026,78.4949,33.9496,76920148
DISALEXI,2023-10-01,Sacramento River,5,38.0778,37.0,20.0,54.0,23.5605,76956855
DISALEXI,2023-11-01,Sacramento River,5,22.1328,20.0,10.0,31.0,16.0397,76197029
DISALEXI,2023-12-01,Sacramento River,5,12.6615,12.0,8.0,17.0,7.3188,69696790
DISALEXI,2024-01-01,Sacramento River,5,14.9617,15.0,11.0,19.0,6.6366,61451799
DISALEXI,2024-02-01,Sacramento River,5,29.1349,29.0,23.0,35.0,9.8416,50260674
DISALEXI,2024-03-01,Sacramento River,5,56.0936,56.0,45.0,67.0,15.9665,54084807
DISALEXI,2024-04-01,Sacramento River,5,90.6552,90.0,71.0,110.0,26.9255,67627188
DISALEXI,2024-05-01,Sacramento River,5,120.2671,118.4996,84.5013,154.498,46.9024,74455100
DISALEXI,2024-06-01,Sacramento River,5,109.2238,104.4993,64.5015,152.4983,59.2777,76994875
DISALEXI,2024-07-01,Sacramento River,5,97.7683,92.4983,46.5007,142.4971,63.1586,76998720
DISALEXI,2024-08-01,Sacramento River,5,71.1327,66.4988,28.5006,106.4983,51.0125,77014404
DISALEXI,2024-09-01,Sacramento River,5,49.6031,46.0,18.0,76.0,36.5091,76987352
DISALEXI,2024-10-01,Sacramento River,5,32.4141,31.0,13.0,48.0,23.1422,77080200
DISALEXI,2024-11-01,Sacramento River,5,18.3658,17.0,10.0,26.0,10.9838,73399823
DISALEXI,2024-12-01,Sacramento River,5,14.4481,14.0,9.0,19.0,8.3784,61952085
DISALEXI,2025-01-01,Sacramento River,5,23.0711,23.0,15.0,30.0,12.3206,61318050
DISALEXI,2025-02-01,Sacramento River,5,29.3183,29.0,22.0,36.0,11.038,62377181
DISALEXI,2025-03-01,Sacramento River,5,54.1015,54.0,43.0,65.0,16.5462,62156665
DISALEXI,2025-04-01,Sacramento River,5,89.8212,88.4991,66.5036,112.4958,30.7978,67763217
DISALEXI,2025-05-01,Sacramento River,5,117.0961,116.4996,80.503,154.4967,49.346,74050766
DISALEXI,2025-06-01,Sacramento River,5,116.67,112.5,70.5026,162.4983,60.7053,75824743
DISALEXI,2025-07-01,Sacramento River,5,98.6697,92.4987,50.5024,142.4983,62.1424,76941132
DISALEXI,2025-08-01,Sacramento River,5,73.1068,66.4988,30.5004,108.4984,52.3369,77038188
DISALEXI,2025-09-01,Sacramento River,5,49.7885,47.0,21.0,75.0,34.2518,76978541
DISALEXI,2025-10-01,Sacramento River,5,34.0601,33.0,18.0,49.0,20.8716,76145324
DISALEXI,2025-11-01,Sacramento River,5,21.0405,20.0,12.0,29.0,12.6198,75920543
DISALEXI,2025-12-01,Sacramento River,5,15.0525,15.0,8.0,21.0,9.2705,70039479
DISALEXI,2003-10-01,San Francisco Bay,2,34.1122,31.0,13.0,51.0,25.378,10881941
DISALEXI,2003-11-01,San Francisco Bay,2,18.0258,17.0,8.0,26.0,12.5373,10067116
DISALEXI,2003-12-01,San Francisco Bay,2,12.9634,13.0,7.0,18.0,8.219,5794989
DISALEXI,2004-01-01,San Francisco Bay,2,19.9736,20.0,11.0,28.0,12.0822,6005867
DISALEXI,2004-02-01,San Francisco Bay,2,29.1905,29.0,20.0,39.0,13.4638,10384341
DISALEXI,2004-03-01,San Francisco Bay,2,71.174,71.0,50.0,93.0,29.5182,10948539
DISALEXI,2004-04-01,San Francisco Bay,2,76.6492,74.0,49.0,105.0,37.0905,11073295
DISALEXI,2004-05-01,San Francisco Bay,2,100.961,92.4985,60.502,142.4996,52.7646,11095939
DISALEXI,2004-06-01,San Francisco Bay,2,98.9951,86.4951,50.4997,144.4976,62.0994,11067680
DISALEXI,2004-07-01,San Francisco Bay,2,88.5705,78.4958,46.5006,126.4975,55.8704,10849973
DISALEXI,2004-08-01,San Francisco Bay,2,69.5724,62.4966,32.5039,100.4973,48.0015,10827553
DISALEXI,2004-09-01,San Francisco Bay,2,44.8491,40.0,15.0,68.0,34.88,10952340
DISALEXI,2004-10-01,San Francisco Bay,2,31.8805,29.0,14.0,46.0,21.9104,10938066
DISALEXI,2004-11-01,San Francisco Bay,2,23.2839,23.0,14.0,32.0,12.8395,10901780
DISALEXI,2004-12-01,San Francisco Bay,2,17.6694,17.0,9.0,25.0,11.0846,10844343
DISALEXI,2005-01-01,San Francisco Bay,2,23.8879,24.0,15.0,33.0,12.4103,10424519
DISALEXI,2005-02-01,San Francisco Bay,2,31.1403,31.0,22.0,40.0,12.7798,10549462
DISALEXI,2005-03-01,San Francisco Bay,2,69.042,69.0,53.0,85.0,22.6699,10912746
DISALEXI,2005-04-01,San Francisco Bay,2,94.6675,98.0,70.0,121.0,35.6111,10988182
DISALEXI,2005-05-01,San Francisco Bay,2,113.8342,116.5005,84.5051,146.4985,41.7179,11083712
DISALEXI,2005-06-01,San Francisco Bay,2,105.8798,102.4981,68.5015,144.4999,49.368,11082052
DISALEXI,2005-07-01,San Francisco Bay,2,120.5841,110.4967,76.4982,162.5017,57.3382,10958275
DISALEXI,2005-08-01,San Francisco Bay,2,90.9185,82.4965,54.502,124.495,49.2489,10898174
DISALEXI,2005-09-01,San Francisco Bay,2,47.6274,43.0,23.0,68.0,31.8991,10966698
DISALEXI,2005-10-01,San Francisco Bay,2,34.6092,32.0,15.0,50.0,24.0422,10968978
DISALEXI,2005-11-01,San Francisco Bay,2,17.1884,16.0,6.0,26.0,12.9714,10916003
DISALEXI,2005-12-01,San Francisco Bay,2,12.6221,12.0,6.0,18.0,8.2317,10700261
DISALEXI,2006-01-01,San Francisco Bay,2,19.9643,20.0,13.0,27.0,9.9497,10704157
DISALEXI,2006-02-01,San Francisco Bay,2,33.0315,33.0,23.0,43.0,15.2795,10890881
DISALEXI,2006-03-01,San Francisco Bay,2,45.3566,45.0,33.0,58.0,18.8292,10509124
DISALEXI,2006-04-01,San Francisco Bay,2,72.9749,74.0,55.0,92.0,26.1135,10445478
DISALEXI,2006-05-01,San Francisco Bay,2,122.8063,122.4993,88.5033,158.4984,46.5161,11067685
DISALEXI,2006-06-01,San Francisco Bay,2,110.3641,104.4954,72.5036,146.4964,50.7215,11103549
DISALEXI,2006-07-01,San Francisco Bay,2,117.8217,108.4947,74.5024,160.0,58.9215,11020399
DISALEXI,2006-08-01,San Francisco Bay,2,84.6486,76.496,48.5029,116.4967,48.7482,10991011
DISALEXI,2006-09-01,San Francisco Bay,2,53.3439,50.0,26.0,77.0,35.024,10958925
DISALEXI,2006-10-01,San Francisco Bay,2,29.2129,26.0,10.0,44.0,22.1846,10919178
DISALEXI,2006-11-01,San Francisco Bay,2,18.1719,17.0,9.0,26.0,11.6123,10891223
DISALEXI,2006-12-01,San Francisco Bay,2,13.3377,13.0,5.0,20.0,9.6416,10738893
DISALEXI,2007-01-01,San Francisco Bay,2,22.0317,21.0,11.0,31.0,14.1567,10741824
DISALEXI,2007-02-01,San Francisco Bay,2,28.6039,28.0,20.0,38.0,12.9765,10823257
DISALEXI,2007-03-01,San Francisco Bay,2,68.6686,68.0,51.0,87.0,25.6316,11019501
DISALEXI,2007-04-01,San Francisco Bay,2,80.0511,77.0,52.0,108.0,37.5188,11050986
DISALEXI,2007-05-01,San Francisco Bay,2,100.9011,94.4992,60.5033,142.5008,53.1446,11076669
DISALEXI,2007-06-01,San Francisco Bay,2,101.1996,90.4965,56.5039,146.495,59.7382,11099512
DISALEXI,2007-07-01,San Francisco Bay,2,95.2287,84.4976,50.502,136.4971,59.7939,11083538
DISALEXI,2007-08-01,San Francisco Bay,2,72.1521,64.4966,32.5035,105.0,50.1223,11015455
DISALEXI,2007-09-01,San Francisco Bay,2,45.7771,40.0,15.0,70.0,36.6249,10872121
DISALEXI,2007-10-01,San Francisco Bay,2,28.0002,26.0,10.0,42.0,21.2669,10552868
DISALEXI,2007-11-01,San Francisco Bay,2,22.2516,21.0,8.0,34.0,16.9349,9813846
DISALEXI,2007-12-01,San Francisco Bay,2,14.9207,13.0,6.0,22.0,11.0261,7039872
DISALEXI,2008-01-01,San Francisco Bay,2,16.3886,16.0,9.0,23.0,9.7503,7050122
DISALEXI,2008-02-01,San Francisco Bay,2,35.1416,35.0,23.0,48.0,17.7551,10915030
DISALEXI,2008-03-01,San Francisco Bay,2,66.9501,66.0,47.0,87.0,28.0759,10994013
DISALEXI,2008-04-01,San Francisco Bay,2,72.478,67.0,42.0,101.0,40.7141,11092775
DISALEXI,2008-05-01,San Francisco Bay,2,90.6329,84.496,50.5029,128.5011,51.6992,11022110
DISALEXI,2008-06-01,San Francisco Bay,2,97.9833,88.4951,52.5023,138.4957,59.5716,10956962
DISALEXI,2008-07-01,San Francisco Bay,2,101.3136,94.4989,58.5022,140.4967,56.2569,11075932
DISALEXI,2008-08-01,San Francisco Bay,2,70.396,62.4951,30.5015,104.4998,50.6905,10967038
DISALEXI,2008-09-01,San Francisco Bay,2,41.0689,35.0,10.0,64.0,34.8462,10945721
DISALEXI,2008-10-01,San Francisco Bay,2,22.6276,17.0,3.0,36.0,21.5735,10895058
DISALEXI,2008-11-01,San Francisco Bay,2,18.1656,17.0,7.0,27.0,13.2772,9207753
DISALEXI,2008-12-01,San Francisco Bay,2,17.1299,16.0,8.0,25.0,11.902,7990113
DISALEXI,2009-01-01,San Francisco Bay,2,23.2387,23.0,13.0,32.0,13.6771,10959730
DISALEXI,2009-02-01,San Francisco Bay,2,26.4631,26.0,18.0,35.0,12.4162,10909117
DISALEXI,2009-03-01,San Francisco Bay,2,59.2238,58.0,41.0,78.0,25.453,10923774
DISALEXI,2009-04-01,San Francisco Bay,2,79.6949,78.0,51.0,107.0,38.7278,11072548
DISALEXI,2009-05-01,San Francisco Bay,2,96.2019,90.4976,58.5022,134.4988,48.2813,11091759
DISALEXI,2009-06-01,San Francisco Bay,2,87.135,78.4958,48.5013,122.4973,50.6062,10918406
DISALEXI,2009-07-01,San Francisco Bay,2,93.5802,84.4983,48.5038,134.4955,58.7077,11027359
DISALEXI,2009-08-01,San Francisco Bay,2,70.4079,64.4965,32.5013,102.4988,47.5901,10972670
DISALEXI,2009-09-01,San Francisco Bay,2,45.0409,41.0,16.0,68.0,34.2868,10955930
DISALEXI,2009-10-01,San Francisco Bay,2,33.9788,33.0,19.0,47.0,20.011,10910198
DISALEXI,2009-11-01,San Francisco Bay,2,21.2374,20.0,11.0,30.0,13.6423,10883553
DISALEXI,2009-12-01,San Francisco Bay,2,15.5696,15.0,8.0,22.0,9.6458,10652770
DISALEXI,2010-01-01,San Francisco Bay,2,18.8661,18.0,10.0,27.0,12.3229,5415877
DISALEXI,2010-02-01,San Francisco Bay,2,27.0122,26.0,15.0,37.0,15.4575,5428629
DISALEXI,2010-03-01,San Francisco Bay,2,69.3748,70.0,54.0,85.0,21.8935,11053124
DISALEXI,2010-04-01,San Francisco Bay,2,83.8776,84.0,63.0,106.0,29.658,11071656
DISALEXI,2010-05-01,San Francisco Bay,2,101.5614,100.4992,68.4999,134.499,44.2375,11060062
DISALEXI,2010-06-01,San Francisco Bay,2,106.1369,98.4969,64.5013,148.4989,54.6749,11057286
DISALEXI,2010-07-01,San Francisco Bay,2,106.1505,96.4966,64.5025,146.4992,54.6776,11043547
DISALEXI,2010-08-01,San Francisco Bay,2,69.2029,62.4976,34.5029,98.4936,45.0282,10999947
DISALEXI,2010-09-01,San Francisco Bay,2,47.529,44.0,21.0,70.0,33.5438,11001740
DISALEXI,2010-10-01,San Francisco Bay,2,30.36,29.0,15.0,43.0,19.2723,10845664
DISALEXI,2010-11-01,San Francisco Bay,2,24.3867,24.0,15.0,34.0,13.6273,9468598
DISALEXI,2010-12-01,San Francisco Bay,2,13.2451,13.0,8.0,18.0,7.5778,9362594
DISALEXI,2011-01-01,San Francisco Bay,2,25.4402,25.0,17.0,34.0,12.7284,10792640
DISALEXI,2011-02-01,San Francisco Bay,2,31.1618,31.0,20.0,41.0,15.6315,9818276
DISALEXI,2011-03-01,San Francisco Bay,2,50.66,51.0,38.0,63.0,17.7271,9641228
DISALEXI,2011-04-01,San Francisco Bay,2,83.3743,84.0,61.0,107.0,30.9448,10875749
DISALEXI,2011-05-01,San Francisco Bay,2,99.4466,96.4965,66.5024,132.5024,42.5863,11061171
DISALEXI,2011-06-01,San Francisco Bay,2,105.7955,100.497,72.5002,138.4976,44.1193,11006521
DISALEXI,2011-07-01,San Francisco Bay,2,109.9489,102.4968,70.5029,148.497,51.0129,10944166
DISALEXI,2011-08-01,San Francisco Bay,2,82.7928,76.4969,48.5012,114.4944,46.5884,10963369
DISALEXI,2011-09-01,San Francisco Bay,2,52.1134,49.0,28.0,73.0,32.1833,10995935
DISALEXI,2011-10-01,San Francisco Bay,2,33.5593,32.0,18.0,47.0,20.2634,10843625
DISALEXI,2011-11-01,San Francisco Bay,2,19.3619,19.0,9.0,28.0,13.1752,10631986
DISALEXI,2011-12-01,San Francisco Bay,2,17.2611,16.0,7.0,26.0,12.7502,8718784
DISALEXI,2012-01-01,San Francisco Bay,2,18.2905,17.0,7.0,27.0,13.1919,10075423
DISALEXI,2012-02-01,San Francisco Bay,2,30.0319,29.0,18.0,42.0,17.2795,10571829
DISALEXI,2012-03-01,San Francisco Bay,2,39.972,39.0,26.0,53.0,19.5041,10544004
DISALEXI,2012-04-01,San Francisco Bay,2,83.9917,84.0,56.0,111.0,36.179,10714889
DISALEXI,2012-05-01,San Francisco Bay,2,112.0874,106.4988,70.5011,152.4992,52.3199,10947411
DISALEXI,2012-06-01,San Francisco Bay,2,101.6685,92.495,58.5016,146.4993,56.4522,10922735
DISALEXI,2012-07-01,San Francisco Bay,2,94.5206,85.0,54.5035,132.4982,54.9587,10632832
DISALEXI,2012-08-01,San Francisco Bay,2,74.8599,68.4966,38.5066,106.498,48.3057,10661414
DISALEXI,2012-09-01,San Francisco Bay,2,51.1197,47.0,24.0,75.0,35.5501,10599624
DISALEXI,2012-10-01,San Francisco Bay,2,33.1524,32.0,15.0,49.0,23.0368,9255038
DISALEXI,2012-11-01,San Francisco Bay,2,21.3395,21.0,10.0,31.0,14.6244,6862519
DISALEXI,2012-12-01,San Francisco Bay,2,14.7578,14.0,8.0,21.0,9.1321,9708273
DISALEXI,2013-01-01,San Francisco Bay,2,23.5756,23.0,13.0,33.0,14.0622,10471337
DISALEXI,2013-02-01,San Francisco Bay,2,38.1266,38.0,25.0,52.0,19.1386,8899617
DISALEXI,2013-03-01,San Francisco Bay,2,53.4707,53.0,34.0,74.0,26.5124,9943081
DISALEXI,2013-04-01,San Francisco Bay,2,77.0287,71.0,43.0,110.0,42.5291,11078000
DISALEXI,2013-05-01,San Francisco Bay,2,95.7428,86.4956,54.5018,136.4969,53.1186,11012623
DISALEXI,2013-06-01,San Francisco Bay,2,89.4659,78.493,50.5032,126.4978,51.3638,11052392
DISALEXI,2013-07-01,San Francisco Bay,2,93.3092,82.4963,50.5023,134.4957,57.6301,11012153
DISALEXI,2013-08-01,San Francisco Bay,2,67.8442,60.4986,32.5016,98.4957,46.1776,10948501
DISALEXI,2013-09-01,San Francisco Bay,2,42.7885,38.0,17.0,64.0,31.8743,10973204
DISALEXI,2013-10-01,San Francisco Bay,2,26.4071,22.0,5.0,42.0,23.4293,10965468
DISALEXI,2013-11-01,San Francisco Bay,2,16.1919,14.0,3.0,25.0,13.8869,10841608
DISALEXI,2013-12-01,San Francisco Bay,2,14.0661,12.0,3.0,22.0,12.0179,10819237
DISALEXI,2014-01-01,San Francisco Bay,2,15.4038,14.0,4.0,24.0,12.6197,10848270
DISALEXI,2014-02-01,San Francisco Bay,2,23.5816,23.0,15.0,32.0,12.7825,10872283
DISALEXI,2014-03-01,San Francisco Bay,2,50.483,49.0,35.0,66.0,22.4222,10952176
DISALEXI,2014-04-01,San Francisco Bay,2,81.7265,82.0,54.0,110.0,36.8227,11032388
DISALEXI,2014-05-01,San Francisco Bay,2,92.07,86.4967,50.5035,130.499,54.797,11067567
DISALEXI,2014-06-01,San Francisco Bay,2,101.6077,94.4969,62.5026,138.4931,54.8971,11038779
DISALEXI,2014-07-01,San Francisco Bay,2,101.5817,94.4974,66.5056,134.4978,50.3022,11017456
DISALEXI,2014-08-01,San Francisco Bay,2,67.5627,62.4972,34.5041,96.4985,42.9094,10975151
DISALEXI,2014-09-01,San Francisco Bay,2,38.1463,34.4995,12.5014,58.4931,29.8328,10924111
DISALEXI,2014-10-01,San Francisco Bay,2,26.0199,23.0,6.0,41.0,21.9005,10917614
DISALEXI,2014-11-01,San Francisco Bay,2,20.289,20.0,9.0,30.0,13.8296,10880376
DISALEXI,2014-12-01,San Francisco Bay,2,10.848,10.0,6.0,15.0,7.0478,10660587
DISALEXI,2015-01-01,San Francisco Bay,2,24.0105,24.0,15.0,33.0,13.2119,10734042
DISALEXI,2015-02-01,San Francisco Bay,2,35.709,35.0,24.0,47.0,16.9989,10871733
DISALEXI,2015-03-01,San Francisco Bay,2,60.0307,59.0,43.0,77.0,24.8533,10963361
DISALEXI,2015-04-01,San Francisco Bay,2,80.4608,77.0,51.0,110.0,39.4888,10970464
DISALEXI,2015-05-01,San Francisco Bay,2,88.8929,82.4982,54.501,122.4993,45.9132,10995086
DISALEXI,2015-06-01,San Francisco Bay,2,92.201,86.4974,54.5011,126.499,50.3286,10960216
DISALEXI,2015-07-01,San Francisco Bay,2,77.286,70.4937,40.5022,110.4973,48.0005,10954821
DISALEXI,2015-08-01,San Francisco Bay,2,58.9097,52.4959,26.5016,86.4975,41.9362,10926440
DISALEXI,2015-09-01,San Francisco Bay,2,35.6358,31.0,11.0,54.0,29.5113,10909457
DISALEXI,2015-10-01,San Francisco Bay,2,29.938,27.0,9.0,45.0,23.6526,10914513
DISALEXI,2015-11-01,San Francisco Bay,2,20.1313,19.0,9.0,29.0,14.1742,10876600
DISALEXI,2015-12-01,San Francisco Bay,2,13.7407,13.0,7.0,19.0,9.1859,10366553
DISALEXI,2016-01-01,San Francisco Bay,2,15.6596,15.0,10.0,21.0,7.5834,10274090
DISALEXI,2016-02-01,San Francisco Bay,2,41.5218,42.0,32.0,51.0,14.1228,10410139
DISALEXI,2016-03-01,San Francisco Bay,2,57.0768,58.0,45.0,70.0,17.8879,10908298
DISALEXI,2016-04-01,San Francisco Bay,2,85.2764,86.0,62.0,110.0,33.4588,10970226
DISALEXI,2016-05-01,San Francisco Bay,2,98.157,96.0,70.0,126.0,38.278,11066534
DISALEXI,2016-06-01,San Francisco Bay,2,107.8672,100.4982,70.5017,142.4972,48.8386,11051087
DISALEXI,2016-07-01,San Francisco Bay,2,98.5449,90.4972,58.5037,134.4974,52.0429,11049351
DISALEXI,2016-08-01,San Francisco Bay,2,81.9225,76.4972,50.5052,110.4988,43.4878,10925294
DISALEXI,2016-09-01,San Francisco Bay,2,47.4148,44.0,22.0,68.0,31.619,10907488
DISALEXI,2016-10-01,San Francisco Bay,2,28.2437,27.0,15.0,39.0,16.7643,10885969
DISALEXI,2016-11-01,San Francisco Bay,2,25.0991,25.0,17.0,33.0,12.251,10855347
DISALEXI,2016-12-01,San Francisco Bay,2,16.1057,16.0,9.0,22.0,8.9819,10796017
DISALEXI,2017-01-01,San Francisco Bay,2,21.6062,21.0,14.0,29.0,10.2489,10748969
DISALEXI,2017-02-01,San Francisco Bay,2,26.8357,27.0,20.0,34.0,10.2619,10399476
DISALEXI,2017-03-01,San Francisco Bay,2,63.9322,64.0,48.0,80.0,21.8284,10755729
DISALEXI,2017-04-01,San Francisco Bay,2,83.3124,86.0,62.0,105.0,27.7743,10910959
DISALEXI,2017-05-01,San Francisco Bay,2,115.735,114.5009,84.0,148.4983,41.8854,10922216
DISALEXI,2017-06-01,San Francisco Bay,2,113.3519,106.4969,78.5026,146.4964,45.9978,11004266
DISALEXI,2017-07-01,San Francisco Bay,2,113.0159,104.4972,70.5007,150.4996,55.2665,11008158
DISALEXI,2017-08-01,San Francisco Bay,2,83.1918,78.4973,54.5047,110.0,39.9088,10941851
DISALEXI,2017-09-01,San Francisco Bay,2,44.037,41.0,20.0,63.0,29.993,10938580
DISALEXI,2017-10-01,San Francisco Bay,2,30.3401,29.0,12.0,45.0,22.3006,10879545
DISALEXI,2017-11-01,San Francisco Bay,2,18.9805,18.0,10.0,27.0,11.3852,10852151
DISALEXI,2017-12-01,San Francisco Bay,2,16.5346,15.0,7.0,24.0,11.4938,10842107
DISALEXI,2018-01-01,San Francisco Bay,2,19.5643,19.0,13.0,26.0,9.4277,10697835
DISALEXI,2018-02-01,San Francisco Bay,2,34.8712,34.0,23.0,46.0,17.1312,10929449
DISALEXI,2018-03-01,San Francisco Bay,2,55.188,54.0,41.0,69.0,19.8602,10921437
DISALEXI,2018-04-01,San Francisco Bay,2,87.6136,89.0,67.0,109.0,28.5102,10989764
DISALEXI,2018-05-01,San Francisco Bay,2,101.3388,98.4985,68.5033,134.4959,42.2057,11010148
DISALEXI,2018-06-01,San Francisco Bay,2,111.4971,104.4968,70.5009,150.4973,52.855,11076443
DISALEXI,2018-07-01,San Francisco Bay,2,102.1778,94.498,66.503,136.4968,48.9257,11030886
DISALEXI,2018-08-01,San Francisco Bay,2,81.0114,74.4974,50.5033,110.4953,43.2047,10923522
DISALEXI,2018-09-01,San Francisco Bay,2,47.3028,43.0,22.5038,68.4929,31.2797,10911328
DISALEXI,2018-10-01,San Francisco Bay,2,25.8081,23.0,7.0,40.0,21.4036,10892460
DISALEXI,2018-11-01,San Francisco Bay,2,16.407,15.0,5.0,25.0,13.2658,10869807
DISALEXI,2018-12-01,San Francisco Bay,2,13.8195,13.0,7.0,20.0,8.9269,10705165
DISALEXI,2019-01-01,San Francisco Bay,2,15.7529,15.0,8.0,23.0,9.7664,9345865
DISALEXI,2019-02-01,San Francisco Bay,2,25.2485,25.0,17.0,33.0,11.2399,7045574
DISALEXI,2019-03-01,San Francisco Bay,2,55.1155,55.0,40.0,70.0,20.4931,10768057
DISALEXI,2019-04-01,San Francisco Bay,2,77.7601,79.0,55.0,101.0,30.0216,10979318
DISALEXI,2019-05-01,San Francisco Bay,2,92.8331,90.4977,62.5,124.4966,39.0354,10962844
DISALEXI,2019-06-01,San Francisco Bay,2,119.7421,112.5001,78.5004,158.4947,52.5074,10987062
DISALEXI,2019-07-01,San Francisco Bay,2,112.9288,102.4951,70.5029,152.4977,53.9521,11033329
DISALEXI,2019-08-01,San Francisco Bay,2,91.5085,82.4952,56.5018,124.4979,47.1748,10972162
DISALEXI,2019-09-01,San Francisco Bay,2,46.1408,40.0,21.0,67.0,32.287,10954170
DISALEXI,2019-10-01,San Francisco Bay,2,26.8311,22.0,7.0,41.0,23.4559,10919448
DISALEXI,2019-11-01,San Francisco Bay,2,17.3267,15.0,4.0,27.0,14.9417,10753095
DISALEXI,2019-12-01,San Francisco Bay,2,13.0324,12.0,7.0,18.0,7.9991,10210855
DISALEXI,2020-01-01,San Francisco Bay,2,21.162,21.0,13.0,29.0,11.8585,10282971
DISALEXI,2020-02-01,San Francisco Bay,2,40.3004,39.0,26.0,55.0,19.9369,10960536
DISALEXI,2020-03-01,San Francisco Bay,2,53.1353,52.0,35.0,70.0,23.7822,10977160
DISALEXI,2020-04-01,San Francisco Bay,2,81.4865,80.0,54.0,109.0,34.1006,11034404
DISALEXI,2020-05-01,San Francisco Bay,2,93.3164,87.0,57.0,130.0,45.989,11049278
DISALEXI,2020-06-01,San Francisco Bay,2,102.2949,90.496,56.5019,146.4959,57.3933,11045501
DISALEXI,2020-07-01,San Francisco Bay,2,101.5713,90.4972,60.5047,142.0,55.6647,11075537
DISALEXI,2020-08-01,San Francisco Bay,2,80.4597,72.4966,46.5036,112.4945,46.5315,10908404
DISALEXI,2020-09-01,San Francisco Bay,2,52.2154,49.0,24.0,77.0,35.4071,10910107
DISALEXI,2020-10-01,San Francisco Bay,2,27.5473,25.0,6.0,43.0,23.3527,10890846
DISALEXI,2020-11-01,San Francisco Bay,2,14.284,12.0,2.0,23.0,13.2821,10854919
DISALEXI,2020-12-01,San Francisco Bay,2,14.7446,13.0,6.0,22.0,10.9996,10838030
DISALEXI,2021-01-01,San Francisco Bay,2,18.7801,18.0,10.0,26.0,11.3416,10849855
DISALEXI,2021-02-01,San Francisco Bay,2,32.3524,31.0,21.0,44.0,16.7126,10958808
DISALEXI,2021-03-01,San Francisco Bay,2,58.4469,57.0,39.0,78.0,27.5772,11001786
DISALEXI,2021-04-01,San Francisco Bay,2,71.1184,66.0,41.0,102.0,40.3649,11008780
DISALEXI,2021-05-01,San Francisco Bay,2,86.9014,76.4955,46.506,126.4952,54.6304,11011817
DISALEXI,2021-06-01,San Francisco Bay,2,92.9127,82.4956,50.5067,134.4998,57.8861,10962772
DISALEXI,2021-07-01,San Francisco Bay,2,89.0256,80.498,46.506,128.4938,58.2779,10938611
DISALEXI,2021-08-01,San Francisco Bay,2,74.6862,68.4987,36.0,109.0,50.3207,10942248
DISALEXI,2021-09-01,San Francisco Bay,2,41.0109,37.0,12.0,62.0,33.1034,10934176
DISALEXI,2021-10-01,San Francisco Bay,2,21.2719,18.0,6.0,32.0,18.0595,10869119
DISALEXI,2021-11-01,San Francisco Bay,2,20.8409,20.0,11.0,30.0,13.0851,10753709
DISALEXI,2021-12-01,San Francisco Bay,2,15.9183,15.0,9.0,23.0,9.6312,10730059
DISALEXI,2022-01-01,San Francisco Bay,2,24.989,25.0,16.0,34.0,13.4727,10770928
DISALEXI,2022-02-01,San Francisco Bay,2,36.9329,36.0,24.0,50.0,19.2641,10848059
DISALEXI,2022-03-01,San Francisco Bay,2,58.9671,57.0,41.0,78.0,27.0468,11001689
DISALEXI,2022-04-01,San Francisco Bay,2,79.0611,76.0,53.0,106.0,36.0529,11035658
DISALEXI,2022-05-01,San Francisco Bay,2,90.8773,84.4954,50.5043,130.4983,52.9639,11036899
DISALEXI,2022-06-01,San Francisco Bay,2,84.1647,74.4997,40.505,122.4992,56.4893,11033962
DISALEXI,2022-07-01,San Francisco Bay,2,86.1867,78.4952,48.5044,122.4973,53.2033,11002430
DISALEXI,2022-08-01,San Francisco Bay,2,67.4026,60.4986,30.504,98.5002,47.6939,11013558
DISALEXI,2022-09-01,San Francisco Bay,2,38.3741,31.0,10.0,59.0,33.1866,10941210
DISALEXI,2022-10-01,San Francisco Bay,2,27.6551,23.0,7.0,43.0,23.6293,10877255
DISALEXI,2022-11-01,San Francisco Bay,2,15.0175,12.0,3.0,23.0,13.3783,10805602
DISALEXI,2022-12-01,San Francisco Bay,2,12.9762,10.0,4.0,19.0,11.5309,10676019
DISALEXI,2023-01-01,San Francisco Bay,2,20.5464,20.0,13.0,28.0,10.7522,10658749
DISALEXI,2023-02-01,San Francisco Bay,2,31.1557,31.0,21.0,41.0,14.4269,10756326
DISALEXI,2023-03-01,San Francisco Bay,2,47.7463,48.0,34.0,62.0,18.9446,10895013
DISALEXI,2023-04-01,San Francisco Bay,2,98.0219,98.4997,72.5022,124.4975,34.0642,10973972
DISALEXI,2023-05-01,San Francisco Bay,2,110.9361,110.4991,78.5018,144.4994,42.6719,10872154
DISALEXI,2023-06-01,San Francisco Bay,2,101.0683,94.4955,66.5043,134.4989,47.4157,10909065
DISALEXI,2023-07-01,San Francisco Bay,2,106.5624,96.4951,66.5056,144.4957,55.5244,10976801
DISALEXI,2023-08-01,San Francisco Bay,2,76.7957,70.0,46.0,106.0,42.5964,10892254
DISALEXI,2023-09-01,San Francisco Bay,2,42.0064,37.0,19.0,61.0,29.5739,10904907
DISALEXI,2023-10-01,San Francisco Bay,2,28.264,25.0,10.0,42.0,22.0064,10847737
DISALEXI,2023-11-01,San Francisco Bay,2,17.1159,16.0,7.0,26.0,12.7335,10823246
DISALEXI,2023-12-01,San Francisco Bay,2,13.72,13.0,7.0,19.0,8.6555,10811777
DISALEXI,2024-01-01,San Francisco Bay,2,16.8074,15.0,8.0,23.0,11.3114,10759109
DISALEXI,2024-02-01,San Francisco Bay,2,30.3486,30.0,21.0,39.0,12.9222,10742341
DISALEXI,2024-03-01,San Francisco Bay,2,59.8032,60.0,45.0,74.0,20.4086,10913601
DISALEXI,2024-04-01,San Francisco Bay,2,98.4082,101.0,75.0,123.0,31.5625,11007365
DISALEXI,2024-05-01,San Francisco Bay,2,119.9844,118.4991,82.5005,158.4972,47.979,11058504
DISALEXI,2024-06-01,San Francisco Bay,2,120.6457,110.4971,78.502,160.4986,53.5093,11060306
DISALEXI,2024-07-01,San Francisco Bay,2,110.8101,100.496,70.5031,146.497,54.6304,11011559
DISALEXI,2024-08-01,San Francisco Bay,2,78.037,70.0,46.0,108.0,43.6853,10914946
DISALEXI,2024-09-01,San Francisco Bay,2,51.2369,46.0,26.0,73.0,33.914,10909595
DISALEXI,2024-10-01,San Francisco Bay,2,32.5007,29.0,13.0,48.0,23.9075,10864581
DISALEXI,2024-11-01,San Francisco Bay,2,17.2321,16.0,8.0,25.0,12.0165,10831201
DISALEXI,2024-12-01,San Francisco Bay,2,14.8598,14.0,8.0,21.0,9.324,10771590
DISALEXI,2025-01-01,San Francisco Bay,2,22.2644,22.0,13.0,31.0,13.2005,10702938
DISALEXI,2025-02-01,San Francisco Bay,2,28.3307,28.0,20.0,37.0,12.1341,10806392
DISALEXI,2025-03-01,San Francisco Bay,2,59.2225,58.0,45.0,74.0,19.8625,10800101
DISALEXI,2025-04-01,San Francisco Bay,2,87.8017,87.0,63.0,113.0,32.1985,10850926
DISALEXI,2025-05-01,San Francisco Bay,2,114.7587,109.0,74.4997,156.4971,51.3312,11041609
DISALEXI,2025-06-01,San Francisco Bay,2,113.8147,104.4977,72.4987,154.5003,53.7421,11047390
DISALEXI,2025-07-01,San Francisco Bay,2,102.8285,92.4957,62.504,140.4996,52.9366,11030548
DISALEXI,2025-08-01,San Francisco Bay,2,79.5411,72.4948,46.5073,110.4959,45.687,10938730
DISALEXI,2025-09-01,San Francisco Bay,2,44.2805,41.0,23.0,62.0,29.2888,10896804
DISALEXI,2025-10-01,San Francisco Bay,2,28.0148,25.0,12.0,41.0,20.2728,10858160
DISALEXI,2025-11-01,San Francisco Bay,2,20.0124,19.0,10.0,29.0,13.0402,10416201
DISALEXI,2025-12-01,San Francisco Bay,2,15.0957,15.0,8.0,21.0,9.7052,10661488
DISALEXI,2003-10-01,San Joaquin River,6,35.7145,32.0,10.0,57.0,28.6199,43108794
DISALEXI,2003-11-01,San Joaquin River,6,20.6259,19.0,10.0,30.0,13.7742,35286910
DISALEXI,2003-12-01,San Joaquin River,6,13.2837,13.0,8.0,18.0,7.9759,33567145
DISALEXI,2004-01-01,San Joaquin River,6,23.6971,24.0,17.0,30.0,10.9665,29962954
DISALEXI,2004-02-01,San Joaquin River,6,33.0287,33.0,26.0,40.0,12.1567,32274911
DISALEXI,2004-03-01,San Joaquin River,6,79.3973,80.0,62.0,98.0,27.2628,34550075
DISALEXI,2004-04-01,San Joaquin River,6,83.8339,82.0,53.0,114.0,41.587,37198710
DISALEXI,2004-05-01,San Joaquin River,6,90.7487,88.4997,44.5029,136.4994,57.4611,40643076
DISALEXI,2004-06-01,San Joaquin River,6,99.4806,98.5017,48.5016,148.4983,64.0358,41511259
DISALEXI,2004-07-01,San Joaquin River,6,93.1248,88.4987,36.5013,144.5009,66.0708,42909727
DISALEXI,2004-08-01,San Joaquin River,6,73.6258,68.4983,22.4986,116.4982,56.5667,43042534
DISALEXI,2004-09-01,San Joaquin River,6,49.2037,44.0,10.0,82.0,40.3261,43050146
DISALEXI,2004-10-01,San Joaquin River,6,34.5844,33.0,17.0,51.0,22.238,40241556
DISALEXI,2004-11-01,San Joaquin River,6,27.0333,27.0,18.0,36.0,13.5303,35540738
DISALEXI,2004-12-01,San Joaquin River,6,20.4077,21.0,13.0,28.0,11.1724,33792771
DISALEXI,2005-01-01,San Joaquin River,6,27.3418,28.0,20.0,35.0,12.4744,28875464
DISALEXI,2005-02-01,San Joaquin River,6,39.5099,40.0,31.0,49.0,14.3229,29754398
DISALEXI,2005-03-01,San Joaquin River,6,71.4669,73.0,60.0,83.0,17.9546,32429281
DISALEXI,2005-04-01,San Joaquin River,6,96.3938,99.0,78.0,116.0,28.6157,33666066
DISALEXI,2005-05-01,San Joaquin River,6,108.828,108.4995,80.5024,138.4969,39.2035,36262820
DISALEXI,2005-06-01,San Joaquin River,6,111.5625,108.4997,70.5001,152.4975,53.696,39700616
DISALEXI,2005-07-01,San Joaquin River,6,115.7626,110.4984,68.5008,162.4989,59.2795,42528632
DISALEXI,2005-08-01,San Joaquin River,6,88.6767,82.4977,46.5005,128.4999,52.5397,42991619
DISALEXI,2005-09-01,San Joaquin River,6,57.6789,55.0,27.0,87.0,37.4311,43057223
DISALEXI,2005-10-01,San Joaquin River,6,40.0942,37.0,18.0,60.0,27.7309,43114942
DISALEXI,2005-11-01,San Joaquin River,6,18.7084,16.0,6.0,29.0,14.8913,41014700
DISALEXI,2005-12-01,San Joaquin River,6,14.6301,14.0,8.0,21.0,9.1924,34730222
DISALEXI,2006-01-01,San Joaquin River,6,22.9144,23.0,17.0,29.0,10.1405,33731196
DISALEXI,2006-02-01,San Joaquin River,6,37.8787,38.0,29.0,47.0,14.743,33898053
DISALEXI,2006-03-01,San Joaquin River,6,50.7065,51.0,41.0,61.0,16.208,31089441
DISALEXI,2006-04-01,San Joaquin River,6,86.8026,88.0,71.0,104.0,24.6993,33017110
DISALEXI,2006-05-01,San Joaquin River,6,120.0026,120.4995,88.5044,150.4972,44.0813,37322138
DISALEXI,2006-06-01,San Joaquin River,6,113.1228,110.4984,70.5018,154.499,55.9714,40295707
DISALEXI,2006-07-01,San Joaquin River,6,106.1111,100.4988,58.5007,152.5003,59.3861,42184173
DISALEXI,2006-08-01,San Joaquin River,6,83.1581,76.4971,38.5005,124.4984,55.0046,42883658
DISALEXI,2006-09-01,San Joaquin River,6,55.8998,51.0,21.0,87.0,40.3587,43090022
DISALEXI,2006-10-01,San Joaquin River,6,35.4828,33.0,12.0,55.0,26.6475,43009209
DISALEXI,2006-11-01,San Joaquin River,6,17.932,16.0,7.0,27.0,13.4319,40689605
DISALEXI,2006-12-01,San Joaquin River,6,14.589,13.0,7.0,20.0,10.2954,35454019
DISALEXI,2007-01-01,San Joaquin River,6,24.0695,23.0,14.0,32.0,14.437,34483407
DISALEXI,2007-02-01,San Joaquin River,6,31.4298,32.0,23.0,40.0,14.2015,35046534
DISALEXI,2007-03-01,San Joaquin River,6,75.7771,78.0,58.0,96.0,30.2036,35681765
DISALEXI,2007-04-01,San Joaquin River,6,87.3968,91.0,62.0,117.0,39.6987,36205206
DISALEXI,2007-05-01,San Joaquin River,6,99.8907,100.5017,58.5036,142.5003,55.6963,40473035
DISALEXI,2007-06-01,San Joaquin River,6,93.194,90.5008,40.5009,140.4971,63.4544,42816111
DISALEXI,2007-07-01,San Joaquin River,6,89.0949,84.4999,32.4996,138.4981,64.4214,43063674
DISALEXI,2007-08-01,San Joaquin River,6,74.5879,66.4994,22.5006,116.4987,57.5843,43190108
DISALEXI,2007-09-01,San Joaquin River,6,53.5083,52.0,18.4989,84.4974,38.8274,42894746
DISALEXI,2007-10-01,San Joaquin River,6,32.5431,31.0,9.0,51.0,25.3615,42360271
DISALEXI,2007-11-01,San Joaquin River,6,23.1212,21.0,8.0,36.0,17.6523,32594167
DISALEXI,2007-12-01,San Joaquin River,6,15.6794,15.0,9.0,22.0,9.9781,28548861
DISALEXI,2008-01-01,San Joaquin River,6,18.6901,19.0,13.0,24.0,9.5398,29575349
DISALEXI,2008-02-01,San Joaquin River,6,37.4582,38.0,29.0,47.0,14.5478,31627920
DISALEXI,2008-03-01,San Joaquin River,6,69.721,69.0,53.0,87.0,25.5293,33256619
DISALEXI,2008-04-01,San Joaquin River,6,75.7766,72.4985,42.5007,108.4981,43.3247,35165746
DISALEXI,2008-05-01,San Joaquin River,6,88.8909,86.4996,44.5027,132.4997,54.6532,37902309
DISALEXI,2008-06-01,San Joaquin River,6,86.9146,84.4994,32.501,132.4972,61.5386,41912800
DISALEXI,2008-07-01,San Joaquin River,6,88.8472,84.499,34.5005,136.4986,63.0955,43038354
DISALEXI,2008-08-01,San Joaquin River,6,67.2566,60.4999,14.4957,108.5002,56.1491,43194570
DISALEXI,2008-09-01,San Joaquin River,6,46.7126,42.0,8.0,77.0,39.205,43169629
DISALEXI,2008-10-01,San Joaquin River,6,27.9955,24.0,4.0,46.0,24.746,43161144
DISALEXI,2008-11-01,San Joaquin River,6,21.4179,20.0,7.0,33.0,16.3509,42819131
DISALEXI,2008-12-01,San Joaquin River,6,18.3817,18.0,10.0,26.0,11.7034,32543349
DISALEXI,2009-01-01,San Joaquin River,6,24.1941,24.0,16.0,32.0,13.086,33966682
DISALEXI,2009-02-01,San Joaquin River,6,31.4448,32.0,24.0,39.0,12.2574,34148854
DISALEXI,2009-03-01,San Joaquin River,6,67.8603,68.0,51.0,86.0,25.8239,33770171
DISALEXI,2009-04-01,San Joaquin River,6,78.6371,78.5013,50.5035,107.0,40.3558,35570117
DISALEXI,2009-05-01,San Joaquin River,6,90.3121,90.4995,52.5039,128.4991,50.3963,38662905
DISALEXI,2009-06-01,San Joaquin River,6,87.1228,86.5005,42.5027,130.4994,55.4347,41794002
DISALEXI,2009-07-01,San Joaquin River,6,90.0335,86.5006,34.5018,140.4992,64.2174,42513684
DISALEXI,2009-08-01,San Joaquin River,6,74.7826,70.5012,24.5011,118.4989,55.4936,43112557
DISALEXI,2009-09-01,San Joaquin River,6,50.7965,47.0,14.0,81.0,39.4582,43124972
DISALEXI,2009-10-01,San Joaquin River,6,36.5623,35.0,17.0,54.0,23.7552,42045303
DISALEXI,2009-11-01,San Joaquin River,6,21.0039,19.0,8.0,31.0,15.8586,41162971
DISALEXI,2009-12-01,San Joaquin River,6,14.3753,14.0,6.0,21.0,10.5037,37113891
DISALEXI,2010-01-01,San Joaquin River,6,20.75,21.0,15.0,27.0,9.8334,28698476
DISALEXI,2010-02-01,San Joaquin River,6,34.7686,35.0,28.0,41.0,12.0357,32212307
DISALEXI,2010-03-01,San Joaquin River,6,74.1172,75.0,63.0,86.0,18.185,32133413
DISALEXI,2010-04-01,San Joaquin River,6,89.5486,92.0,74.0,107.0,25.2671,34619992
DISALEXI,2010-05-01,San Joaquin River,6,106.1726,106.4988,74.5047,140.4981,45.2652,34866891
DISALEXI,2010-06-01,San Joaquin River,6,104.2509,102.4989,60.5035,146.4988,56.9205,39791888
DISALEXI,2010-07-01,San Joaquin River,6,107.7424,104.4975,58.5027,154.4986,62.2766,42757142
DISALEXI,2010-08-01,San Joaquin River,6,82.8508,78.499,38.5015,124.4995,54.7463,43050557
DISALEXI,2010-09-01,San Joaquin River,6,55.0574,52.0,20.0,85.0,39.8621,43105454
DISALEXI,2010-10-01,San Joaquin River,6,38.5902,38.0,21.0,56.0,23.0585,41311250
DISALEXI,2010-11-01,San Joaquin River,6,25.9155,26.0,17.0,35.0,13.3402,37726793
DISALEXI,2010-12-01,San Joaquin River,6,14.5236,14.0,10.0,19.0,7.9121,28955725
DISALEXI,2011-01-01,San Joaquin River,6,26.6476,27.0,19.0,34.0,12.1313,29752371
DISALEXI,2011-02-01,San Joaquin River,6,36.7815,37.0,28.0,46.0,14.3264,32442192
DISALEXI,2011-03-01,San Joaquin River,6,52.4302,53.0,42.0,63.0,15.7137,31470339
DISALEXI,2011-04-01,San Joaquin River,6,80.1596,80.4997,58.5052,100.4933,29.4285,32609500
DISALEXI,2011-05-01,San Joaquin River,6,96.7307,96.5005,62.5027,130.4994,43.7105,35067420
DISALEXI,2011-06-01,San Joaquin River,6,106.4757,106.5011,66.5021,146.498,51.7275,38680573
DISALEXI,2011-07-01,San Joaquin River,6,112.942,112.4995,64.4999,160.4988,61.9749,41726744
DISALEXI,2011-08-01,San Joaquin River,6,85.3108,80.4997,38.5006,128.5005,55.9669,42604396
DISALEXI,2011-09-01,San Joaquin River,6,60.8044,58.5003,26.4994,92.4979,39.9837,42997690
DISALEXI,2011-10-01,San Joaquin River,6,42.1283,42.0,24.0,59.0,24.1909,42827525
DISALEXI,2011-11-01,San Joaquin River,6,22.3249,21.0,11.0,32.0,15.1208,42149194
DISALEXI,2011-12-01,San Joaquin River,6,15.4272,13.0,4.0,24.0,13.5764,37275229
DISALEXI,2012-01-01,San Joaquin River,6,17.9375,16.0,6.0,27.0,13.9559,38392025
DISALEXI,2012-02-01,San Joaquin River,6,32.4137,31.0,20.0,44.0,18.5585,33721400
DISALEXI,2012-03-01,San Joaquin River,6,43.7945,44.0,31.0,58.0,20.5412,31237059
DISALEXI,2012-04-01,San Joaquin River,6,88.982,91.0,64.0,117.0,39.4827,34113933
DISALEXI,2012-05-01,San Joaquin River,6,107.3237,106.4995,66.5014,148.4977,56.5109,38875124
DISALEXI,2012-06-01,San Joaquin River,6,98.6874,96.5013,48.5009,146.4988,61.9237,42277656
DISALEXI,2012-07-01,San Joaquin River,6,88.6896,82.4998,30.4996,136.4989,65.462,42210310
DISALEXI,2012-08-01,San Joaquin River,6,73.6116,66.4989,22.4986,114.4972,57.4225,41971605
DISALEXI,2012-09-01,San Joaquin River,6,53.428,50.0,16.0,85.0,40.7144,40804321
DISALEXI,2012-10-01,San Joaquin River,6,34.2139,32.0,11.0,53.0,26.0719,40057313
DISALEXI,2012-11-01,San Joaquin River,6,19.613,19.0,9.0,29.0,13.0434,34406487
DISALEXI,2012-12-01,San Joaquin River,6,14.8926,15.0,9.0,20.0,8.4694,33548123
DISALEXI,2013-01-01,San Joaquin River,6,25.1732,25.0,17.0,33.0,12.989,30909366
DISALEXI,2013-02-01,San Joaquin River,6,38.8392,39.0,27.0,51.0,18.0763,32553188
DISALEXI,2013-03-01,San Joaquin River,6,59.893,59.0,42.0,80.0,27.533,33561421
DISALEXI,2013-04-01,San Joaquin River,6,83.8098,85.0,54.0,115.0,41.0492,38020345
DISALEXI,2013-05-01,San Joaquin River,6,91.0448,90.4985,48.5022,132.4992,54.3715,40145144
DISALEXI,2013-06-01,San Joaquin River,6,92.6343,90.5001,44.5006,136.4977,58.8536,42501204
DISALEXI,2013-07-01,San Joaquin River,6,86.847,84.5022,30.5018,134.4976,63.0905,42930648
DISALEXI,2013-08-01,San Joaquin River,6,70.9562,66.5011,20.4984,112.4984,54.6492,43078208
DISALEXI,2013-09-01,San Joaquin River,6,51.5972,50.0,17.0,81.0,37.5395,43113098
DISALEXI,2013-10-01,San Joaquin River,6,29.1452,25.0,4.0,48.0,25.794,42722756
DISALEXI,2013-11-01,San Joaquin River,6,19.3354,17.0,4.0,31.0,16.3969,42018974
DISALEXI,2013-12-01,San Joaquin River,6,15.6184,14.0,5.0,24.0,12.8417,37402326
DISALEXI,2014-01-01,San Joaquin River,6,16.123,13.0,3.0,25.0,14.3853,38113174
DISALEXI,2014-02-01,San Joaquin River,6,26.297,25.0,17.0,36.0,13.7942,35968194
DISALEXI,2014-03-01,San Joaquin River,6,56.5532,57.0,40.0,74.0,24.391,36064946
DISALEXI,2014-04-01,San Joaquin River,6,82.1766,84.5007,56.5061,110.495,38.1878,36734329
DISALEXI,2014-05-01,San Joaquin River,6,85.8942,86.4985,42.5057,126.4991,54.4423,40437671
DISALEXI,2014-06-01,San Joaquin River,6,84.1889,80.4994,32.5021,126.4973,59.8024,42791823
DISALEXI,2014-07-01,San Joaquin River,6,97.9027,94.5003,48.5019,144.4989,60.8614,43145950
DISALEXI,2014-08-01,San Joaquin River,6,72.7931,70.5007,26.501,112.4966,51.963,42980018
DISALEXI,2014-09-01,San Joaquin River,6,46.3618,43.0,11.0,75.0,37.272,43007952
DISALEXI,2014-10-01,San Joaquin River,6,29.5303,24.0,4.0,49.0,26.5475,43199695
DISALEXI,2014-11-01,San Joaquin River,6,21.7321,20.0,10.0,33.0,15.0836,40163990
DISALEXI,2014-12-01,San Joaquin River,6,13.1543,12.0,7.0,18.0,8.6941,35120833
DISALEXI,2015-01-01,San Joaquin River,6,26.0747,26.0,16.0,35.0,14.1337,36237445
DISALEXI,2015-02-01,San Joaquin River,6,39.7855,40.0,29.0,51.0,15.7839,38252367
DISALEXI,2015-03-01,San Joaquin River,6,64.8613,64.4981,44.5068,86.4959,29.0834,39729913
DISALEXI,2015-04-01,San Joaquin River,6,76.2899,76.4996,46.5043,106.4962,39.9264,40360344
DISALEXI,2015-05-01,San Joaquin River,6,91.5417,90.4996,52.5049,132.4969,52.77,41334969
DISALEXI,2015-06-01,San Joaquin River,6,86.0048,84.5004,38.5014,128.4986,57.7843,42693617
DISALEXI,2015-07-01,San Joaquin River,6,84.3813,78.4997,30.5002,128.4995,61.8973,42959416
DISALEXI,2015-08-01,San Joaquin River,6,67.6206,62.501,20.4983,104.4975,51.5103,43117549
DISALEXI,2015-09-01,San Joaquin River,6,44.5358,42.0,11.0,71.0,35.197,43096799
DISALEXI,2015-10-01,San Joaquin River,6,33.6214,31.0,10.0,53.0,25.7939,42206579
DISALEXI,2015-11-01,San Joaquin River,6,23.0198,21.0,12.0,33.0,14.7672,34567049
DISALEXI,2015-12-01,San Joaquin River,6,15.2604,15.0,9.0,21.0,9.0398,28763411
DISALEXI,2016-01-01,San Joaquin River,6,18.1182,18.0,13.0,24.0,8.2718,30375513
DISALEXI,2016-02-01,San Joaquin River,6,46.3388,47.0,36.0,57.0,15.6508,34333928
DISALEXI,2016-03-01,San Joaquin River,6,63.5481,64.0,52.0,76.0,18.5214,35201837
DISALEXI,2016-04-01,San Joaquin River,6,91.3595,92.5007,68.5055,114.495,32.8599,36170541
DISALEXI,2016-05-01,San Joaquin River,6,101.9776,100.4993,68.5023,136.5003,44.4591,37910444
DISALEXI,2016-06-01,San Joaquin River,6,101.4779,98.4995,60.5037,138.4981,53.0765,41502133
DISALEXI,2016-07-01,San Joaquin River,6,93.6257,86.4993,44.4998,136.4984,59.8558,42913892
DISALEXI,2016-08-01,San Joaquin River,6,77.0069,70.4995,34.5018,114.4984,52.0904,43078256
DISALEXI,2016-09-01,San Joaquin River,6,52.1556,49.0,20.0,80.0,36.7707,43129895
DISALEXI,2016-10-01,San Joaquin River,6,30.1747,28.0,12.0,46.0,21.3025,42941015
DISALEXI,2016-11-01,San Joaquin River,6,26.6541,26.0,17.0,36.0,14.3778,40017350
DISALEXI,2016-12-01,San Joaquin River,6,17.8251,17.0,11.0,24.0,9.6807,34830902
DISALEXI,2017-01-01,San Joaquin River,6,20.6484,21.0,15.0,26.0,8.8401,33128283
DISALEXI,2017-02-01,San Joaquin River,6,28.5454,29.0,23.0,35.0,8.9372,30420783
DISALEXI,2017-03-01,San Joaquin River,6,68.5919,69.0,56.0,82.0,19.0769,31847161
DISALEXI,2017-04-01,San Joaquin River,6,83.7755,84.5024,66.0,102.4926,26.2538,34966677
DISALEXI,2017-05-01,San Joaquin River,6,115.087,114.4993,78.5028,152.4994,49.5868,36601029
DISALEXI,2017-06-01,San Joaquin River,6,113.9496,112.5001,72.5025,154.4983,53.9628,39853895
DISALEXI,2017-07-01,San Joaquin River,6,104.8852,100.4996,58.5009,148.497,58.662,41540360
DISALEXI,2017-08-01,San Joaquin River,6,86.2239,80.4985,46.5017,122.4977,50.4655,42184750
DISALEXI,2017-09-01,San Joaquin River,6,53.6683,51.0,21.0,82.0,37.0084,42606724
DISALEXI,2017-10-01,San Joaquin River,6,31.3187,28.0,8.0,50.0,25.7508,42831659
DISALEXI,2017-11-01,San Joaquin River,6,19.3277,18.0,9.0,29.0,13.2312,41967561
DISALEXI,2017-12-01,San Joaquin River,6,16.9676,16.0,7.0,25.0,12.4401,38516635
DISALEXI,2018-01-01,San Joaquin River,6,20.3025,20.0,13.0,27.0,10.9433,37731756
DISALEXI,2018-02-01,San Joaquin River,6,36.9673,36.0,23.0,50.0,20.2554,37436357
DISALEXI,2018-03-01,San Joaquin River,6,53.0463,53.0,40.0,67.0,20.5357,33843521
DISALEXI,2018-04-01,San Joaquin River,6,89.3376,91.0,68.0,113.0,33.6655,36672393
DISALEXI,2018-05-01,San Joaquin River,6,102.4505,100.4995,66.5042,140.4981,50.7725,40071353
DISALEXI,2018-06-01,San Joaquin River,6,102.3875,98.4984,56.5034,146.4977,60.3337,42314764
DISALEXI,2018-07-01,San Joaquin River,6,101.6279,96.4988,50.5016,148.4993,63.1938,42948563
DISALEXI,2018-08-01,San Joaquin River,6,80.1294,74.4979,36.5016,118.4983,53.753,43047517
DISALEXI,2018-09-01,San Joaquin River,6,48.2864,42.4996,12.4944,76.4982,38.7959,43181628
DISALEXI,2018-10-01,San Joaquin River,6,32.3337,30.0,8.0,51.0,25.7264,43144406
DISALEXI,2018-11-01,San Joaquin River,6,15.1916,12.0,3.0,24.0,13.3472,42899564
DISALEXI,2018-12-01,San Joaquin River,6,15.8203,16.0,10.0,21.0,9.2052,34579695
DISALEXI,2019-01-01,San Joaquin River,6,20.4258,21.0,14.0,27.0,9.9891,30583444
DISALEXI,2019-02-01,San Joaquin River,6,27.7824,28.0,22.0,34.0,9.3834,27058850
DISALEXI,2019-03-01,San Joaquin River,6,60.0958,60.0,47.0,73.0,19.5004,31316091
DISALEXI,2019-04-01,San Joaquin River,6,87.0823,87.0,66.0,108.0,31.2234,35218474
DISALEXI,2019-05-01,San Joaquin River,6,99.4238,98.5002,68.5027,130.4981,42.886,35750632
DISALEXI,2019-06-01,San Joaquin River,6,120.5822,120.5004,78.503,162.4981,55.8854,39602669
DISALEXI,2019-07-01,San Joaquin River,6,107.3098,100.498,58.5017,152.4973,61.3205,42025070
DISALEXI,2019-08-01,San Joaquin River,6,85.6289,78.4979,42.5019,126.4983,53.9707,42823090
DISALEXI,2019-09-01,San Joaquin River,6,54.2043,50.4995,22.4989,82.4973,37.313,43061689
DISALEXI,2019-10-01,San Joaquin River,6,32.2101,28.0,8.0,51.0,26.7008,42831495
DISALEXI,2019-11-01,San Joaquin River,6,17.9155,15.0,4.0,29.0,15.6449,42660555
DISALEXI,2019-12-01,San Joaquin River,6,13.3544,13.0,7.0,18.0,8.2965,33127675
DISALEXI,2020-01-01,San Joaquin River,6,21.7459,21.0,14.0,28.0,11.3266,33674356
DISALEXI,2020-02-01,San Joaquin River,6,41.7425,41.0,29.0,55.0,19.6392,35878515
DISALEXI,2020-03-01,San Joaquin River,6,56.5125,56.0,42.0,72.0,22.2894,36006934
DISALEXI,2020-04-01,San Joaquin River,6,86.5383,87.0,63.0,111.0,33.9149,36487321
DISALEXI,2020-05-01,San Joaquin River,6,94.5956,92.4992,56.503,134.4977,51.0607,39385228
DISALEXI,2020-06-01,San Joaquin River,6,96.0557,90.498,46.5015,140.497,62.7826,42683265
DISALEXI,2020-07-01,San Joaquin River,6,95.7515,88.5002,42.5014,140.4972,64.6579,43067225
DISALEXI,2020-08-01,San Joaquin River,6,83.0099,78.4991,36.501,124.4983,55.68,43114598
DISALEXI,2020-09-01,San Joaquin River,6,57.9112,56.0,27.0,86.0,37.8177,43237470
DISALEXI,2020-10-01,San Joaquin River,6,32.9315,29.0,8.0,53.0,27.4428,43194825
DISALEXI,2020-11-01,San Joaquin River,6,17.3337,15.0,3.0,28.0,15.1994,42185865
DISALEXI,2020-12-01,San Joaquin River,6,15.5842,14.0,5.0,23.0,12.2224,38258135
DISALEXI,2021-01-01,San Joaquin River,6,19.91,20.0,11.0,28.0,12.0927,35510258
DISALEXI,2021-02-01,San Joaquin River,6,35.2761,36.0,26.0,46.0,15.7716,32938666
DISALEXI,2021-03-01,San Joaquin River,6,59.3617,60.0,44.0,77.0,25.6074,34317483
DISALEXI,2021-04-01,San Joaquin River,6,80.0199,78.4976,48.505,112.4969,43.8364,37557250
DISALEXI,2021-05-01,San Joaquin River,6,88.309,86.5,40.5014,132.4977,58.4242,41231724
DISALEXI,2021-06-01,San Joaquin River,6,91.1555,86.5006,36.5001,138.4993,63.6364,42859053
DISALEXI,2021-07-01,San Joaquin River,6,83.9721,76.5008,26.498,130.4991,64.9847,43260981
DISALEXI,2021-08-01,San Joaquin River,6,73.6492,66.5,24.4977,114.4978,56.199,43326076
DISALEXI,2021-09-01,San Joaquin River,6,44.0403,36.0,5.0,73.0,40.1969,43320564
DISALEXI,2021-10-01,San Joaquin River,6,28.7745,25.0,7.0,46.0,23.364,42732761
DISALEXI,2021-11-01,San Joaquin River,6,22.0717,21.0,10.0,33.0,14.6521,39992121
DISALEXI,2021-12-01,San Joaquin River,6,15.0532,15.0,8.0,22.0,9.5376,39346431
DISALEXI,2022-01-01,San Joaquin River,6,26.2949,26.0,18.0,35.0,13.2829,32845900
DISALEXI,2022-02-01,San Joaquin River,6,38.0334,37.0,25.0,51.0,19.2875,33820044
DISALEXI,2022-03-01,San Joaquin River,6,58.1835,57.0,37.0,80.0,29.7542,36187187
DISALEXI,2022-04-01,San Joaquin River,6,71.3797,74.0,44.0,100.0,37.7149,37156868
DISALEXI,2022-05-01,San Joaquin River,6,85.8947,84.4998,40.5048,128.4995,55.5019,40062872
DISALEXI,2022-06-01,San Joaquin River,6,74.2231,70.4996,20.4976,116.4973,58.346,42377059
DISALEXI,2022-07-01,San Joaquin River,6,77.1024,70.5014,18.4986,120.4972,63.3938,42893909
DISALEXI,2022-08-01,San Joaquin River,6,61.1342,50.4994,8.4883,100.4965,55.4662,42588663
DISALEXI,2022-09-01,San Joaquin River,6,43.7575,39.0,7.0,73.0,37.1807,42911053
DISALEXI,2022-10-01,San Joaquin River,6,29.6309,25.0,3.0,50.0,27.2044,43094939
DISALEXI,2022-11-01,San Joaquin River,6,17.4619,15.0,4.0,28.0,14.5124,42929785
DISALEXI,2022-12-01,San Joaquin River,6,13.7011,13.0,8.0,19.0,8.184,33560540
DISALEXI,2023-01-01,San Joaquin River,6,20.5773,21.0,15.0,26.0,8.9703,31292981
DISALEXI,2023-02-01,San Joaquin River,6,32.8623,33.0,25.0,41.0,12.2247,31676296
DISALEXI,2023-03-01,San Joaquin River,6,54.0169,54.0,44.0,64.0,15.8172,31390566
DISALEXI,2023-04-01,San Joaquin River,6,102.3502,102.4979,82.5066,122.4937,30.7884,33573807
DISALEXI,2023-05-01,San Joaquin River,6,105.734,102.4991,72.5018,138.496,44.1071,35787696
DISALEXI,2023-06-01,San Joaquin River,6,104.8103,100.4976,62.502,146.4983,54.3768,38578790
DISALEXI,2023-07-01,San Joaquin River,6,99.9151,94.4983,54.5036,142.4984,60.0389,41454654
DISALEXI,2023-08-01,San Joaquin River,6,79.1033,72.4996,36.5003,116.4988,53.0401,42534481
DISALEXI,2023-09-01,San Joaquin River,6,50.8555,48.0,20.0,77.0,35.7303,42825950
DISALEXI,2023-10-01,San Joaquin River,6,32.6527,30.0,10.0,51.0,25.2893,42928333
DISALEXI,2023-11-01,San Joaquin River,6,18.5709,17.0,6.0,29.0,14.4478,42195332
DISALEXI,2023-12-01,San Joaquin River,6,14.3146,13.0,7.0,21.0,9.8332,37055345
DISALEXI,2024-01-01,San Joaquin River,6,19.5985,19.0,14.0,25.0,9.0416,31055292
DISALEXI,2024-02-01,San Joaquin River,6,35.4154,36.0,29.0,42.0,10.542,33546682
DISALEXI,2024-03-01,San Joaquin River,6,67.0519,68.0,55.0,80.0,19.0854,33681998
DISALEXI,2024-04-01,San Joaquin River,6,105.3575,108.5013,88.5078,124.4928,28.2912,35706046
DISALEXI,2024-05-01,San Joaquin River,6,118.5546,116.5001,84.5021,152.4974,45.9145,38490629
DISALEXI,2024-06-01,San Joaquin River,6,105.5359,100.4983,62.5009,146.4969,56.3293,42229092
DISALEXI,2024-07-01,San Joaquin River,6,95.7958,88.4984,48.5007,138.4977,60.0001,42763329
DISALEXI,2024-08-01,San Joaquin River,6,72.1176,64.4985,28.5009,108.4982,52.1078,42917893
DISALEXI,2024-09-01,San Joaquin River,6,49.9984,44.0,17.0,78.0,38.4639,43038888
DISALEXI,2024-10-01,San Joaquin River,6,30.5116,26.0,7.0,49.0,25.706,43033650
DISALEXI,2024-11-01,San Joaquin River,6,19.3923,18.0,9.0,29.0,13.395,37902015
DISALEXI,2024-12-01,San Joaquin River,6,15.2939,15.0,9.0,21.0,9.1832,35521493
DISALEXI,2025-01-01,San Joaquin River,6,23.7658,24.0,15.0,32.0,13.4207,35496460
DISALEXI,2025-02-01,San Joaquin River,6,33.5827,34.0,26.0,42.0,12.5209,35240927
DISALEXI,2025-03-01,San Joaquin River,6,62.4806,63.0,49.0,76.0,21.0619,34857484
DISALEXI,2025-04-01,San Joaquin River,6,90.7428,92.5005,68.5035,116.4954,36.1266,35925212
DISALEXI,2025-05-01,San Joaquin River,6,106.2392,102.4979,64.5032,148.4987,56.6568,39379363
DISALEXI,2025-06-01,San Joaquin River,6,102.4025,96.4985,56.5027,144.4984,60.1082,42176106
DISALEXI,2025-07-01,San Joaquin River,6,92.9576,84.4977,40.5008,138.4978,63.7095,42755447
DISALEXI,2025-08-01,San Joaquin River,6,75.4932,66.4979,26.4987,116.4982,56.9467,42907592
DISALEXI,2025-09-01,San Joaquin River,6,49.3582,45.0,17.0,77.0,36.4542,42817048
DISALEXI,2025-10-01,San Joaquin River,6,33.5611,31.0,15.0,50.0,22.8973,42894450
DISALEXI,2025-11-01,San Joaquin River,6,21.61,20.0,9.0,32.0,16.0522,41827798
DISALEXI,2025-12-01,San Joaquin River,6,17.7694,17.0,9.0,25.0,11.853,29082049
DISALEXI,2003-10-01,South Coast,4,48.7644,48.0,27.0,67.0,28.5747,30779120
DISALEXI,2003-11-01,South Coast,4,24.045,22.0,11.0,34.0,16.8635,30780743
DISALEXI,2003-12-01,South Coast,4,16.2528,14.0,5.0,25.0,13.4036,30747606
DISALEXI,2004-01-01,South Coast,4,23.9945,22.0,9.0,35.0,17.8381,30512740
DISALEXI,2004-02-01,South Coast,4,35.0817,34.0,20.0,48.0,20.7198,30358369
DISALEXI,2004-03-01,South Coast,4,70.2812,69.0,51.0,90.0,31.283,30238436
DISALEXI,2004-04-01,South Coast,4,76.4629,74.499,48.5032,102.4956,38.5833,30720915
DISALEXI,2004-05-01,South Coast,4,87.6338,86.5007,52.5045,120.4972,47.3699,30775563
DISALEXI,2004-06-01,South Coast,4,99.5639,98.5006,64.5034,134.4983,49.9891,30610907
DISALEXI,2004-07-01,South Coast,4,94.8636,96.5004,54.5029,132.4962,52.7361,30579573
DISALEXI,2004-08-01,South Coast,4,85.4654,86.5015,50.5012,118.4971,46.4569,30724121
DISALEXI,2004-09-01,South Coast,4,53.0422,53.0,21.0,78.0,37.4068,30785958
DISALEXI,2004-10-01,South Coast,4,38.4964,38.0,19.0,55.0,24.7309,30682649
DISALEXI,2004-11-01,South Coast,4,30.4105,29.0,17.0,42.0,18.1675,29694850
DISALEXI,2004-12-01,South Coast,4,22.6424,21.0,11.0,32.0,15.2795,30501733
DISALEXI,2005-01-01,South Coast,4,26.8614,26.0,17.0,36.0,14.0017,29583998
DISALEXI,2005-02-01,South Coast,4,34.3091,33.0,25.0,44.0,14.0593,29456050
DISALEXI,2005-03-01,South Coast,4,65.7786,65.0,49.0,83.0,24.7695,28987262
DISALEXI,2005-04-01,South Coast,4,92.5667,91.0,70.0,115.0,33.0014,30111267
DISALEXI,2005-05-01,South Coast,4,115.7771,114.4997,86.5038,144.497,41.3247,30605466
DISALEXI,2005-06-01,South Coast,4,109.3232,106.4976,78.5038,142.4981,46.02,30724428
DISALEXI,2005-07-01,South Coast,4,120.1089,120.5004,88.5036,152.4968,47.7856,30714892
DISALEXI,2005-08-01,South Coast,4,100.957,100.5008,72.5039,128.4952,42.2344,30750004
DISALEXI,2005-09-01,South Coast,4,61.8354,60.0,38.0,84.0,33.4822,30807842
DISALEXI,2005-10-01,South Coast,4,46.7693,45.0,27.0,63.0,26.6387,30801069
DISALEXI,2005-11-01,South Coast,4,26.7268,25.0,12.0,38.0,18.7268,30745941
DISALEXI,2005-12-01,South Coast,4,17.91,16.0,6.0,26.0,13.9331,25823956
DISALEXI,2006-01-01,South Coast,4,24.3137,22.0,11.0,35.0,17.2667,26606778
DISALEXI,2006-02-01,South Coast,4,33.8671,32.0,18.0,46.0,21.2056,30617144
DISALEXI,2006-03-01,South Coast,4,57.7471,56.0,43.0,72.0,21.9447,28322714
DISALEXI,2006-04-01,South Coast,4,79.369,78.0,62.0,97.0,25.6099,29213976
DISALEXI,2006-05-01,South Coast,4,114.8385,114.498,86.5041,144.4978,41.9789,30456617
DISALEXI,2006-06-01,South Coast,4,109.024,108.4997,78.5039,140.4965,44.4727,30685428
DISALEXI,2006-07-01,South Coast,4,109.9891,110.4998,78.5037,140.4953,45.266,30792786
DISALEXI,2006-08-01,South Coast,4,88.9645,88.5009,58.5043,118.4957,44.0092,30772146
DISALEXI,2006-09-01,South Coast,4,63.9373,62.5011,38.5044,86.4944,35.0109,30782591
DISALEXI,2006-10-01,South Coast,4,37.8953,36.0,17.0,55.0,26.244,30785160
DISALEXI,2006-11-01,South Coast,4,21.952,19.0,5.0,33.0,18.8432,30764999
DISALEXI,2006-12-01,South Coast,4,16.3676,13.0,3.0,25.0,15.2823,30772444
DISALEXI,2007-01-01,South Coast,4,19.938,16.0,4.0,30.0,17.8013,30434512
DISALEXI,2007-02-01,South Coast,4,30.7795,29.0,17.0,43.0,19.1896,30448645
DISALEXI,2007-03-01,South Coast,4,53.9196,53.0,31.0,74.0,31.3191,30627034
DISALEXI,2007-04-01,South Coast,4,68.2785,68.4987,42.5068,92.4952,36.9653,30776315
DISALEXI,2007-05-01,South Coast,4,86.6863,86.5004,54.5044,118.4965,45.877,30816269
DISALEXI,2007-06-01,South Coast,4,85.4807,86.5002,48.5034,120.4961,49.6437,30785456
DISALEXI,2007-07-01,South Coast,4,89.7844,90.5019,54.5032,122.4951,48.2092,30748327
DISALEXI,2007-08-01,South Coast,4,80.5061,82.5017,48.5045,110.4957,43.9063,30765797
DISALEXI,2007-09-01,South Coast,4,54.1123,54.5026,26.5018,78.4947,35.0934,30798882
DISALEXI,2007-10-01,South Coast,4,36.2637,34.0,12.0,55.0,27.8272,30291497
DISALEXI,2007-11-01,South Coast,4,20.6401,18.0,3.0,33.0,18.8925,29739796
DISALEXI,2007-12-01,South Coast,4,16.5812,14.0,3.0,25.0,15.3393,29378612
DISALEXI,2008-01-01,South Coast,4,20.9226,19.0,9.0,30.0,15.1151,29810256
DISALEXI,2008-02-01,South Coast,4,36.8509,36.0,25.0,48.0,18.2024,29858300
DISALEXI,2008-03-01,South Coast,4,63.0226,61.0,42.0,83.0,31.395,30258676
DISALEXI,2008-04-01,South Coast,4,71.8091,70.4994,44.5031,98.4968,38.7804,30645340
DISALEXI,2008-05-01,South Coast,4,82.1606,80.5,52.5028,110.4973,42.0689,30752565
DISALEXI,2008-06-01,South Coast,4,92.2689,92.501,58.5051,124.4961,46.7069,30743468
DISALEXI,2008-07-01,South Coast,4,94.423,94.5013,60.5021,126.4965,47.0568,30735071
DISALEXI,2008-08-01,South Coast,4,80.5499,80.5004,50.5039,108.4939,42.0764,30793274
DISALEXI,2008-09-01,South Coast,4,57.035,56.5022,30.504,80.4944,34.4205,30777041
DISALEXI,2008-10-01,South Coast,4,30.7856,27.0,7.0,47.0,26.2977,30818380
DISALEXI,2008-11-01,South Coast,4,22.3539,20.0,5.0,34.0,18.9669,30833288
DISALEXI,2008-12-01,South Coast,4,17.9294,16.0,7.0,26.0,13.9169,30595069
DISALEXI,2009-01-01,South Coast,4,23.3907,21.0,9.0,34.0,17.8716,30159159
DISALEXI,2009-02-01,South Coast,4,31.6974,29.0,19.0,43.0,17.8975,30211642
DISALEXI,2009-03-01,South Coast,4,63.2563,61.0,43.0,83.0,29.6373,30218514
DISALEXI,2009-04-01,South Coast,4,75.1909,72.4986,50.5055,98.4955,35.557,30620176
DISALEXI,2009-05-01,South Coast,4,92.4638,92.4992,62.5041,120.4951,41.9086,30197395
DISALEXI,2009-06-01,South Coast,4,81.6762,80.4992,54.5048,108.4958,39.8271,30482695
DISALEXI,2009-07-01,South Coast,4,92.1559,92.4995,58.5033,122.4963,45.9568,30849662
DISALEXI,2009-08-01,South Coast,4,71.2646,70.5012,40.5036,98.4937,41.2814,30837624
DISALEXI,2009-09-01,South Coast,4,50.4183,48.5026,22.5018,72.496,34.2338,30853803
DISALEXI,2009-10-01,South Coast,4,33.6069,31.0,12.0,50.0,25.5818,30870843
DISALEXI,2009-11-01,South Coast,4,19.7575,16.0,2.0,31.0,19.0918,30807962
DISALEXI,2009-12-01,South Coast,4,15.972,13.0,4.0,24.0,14.162,29881935
DISALEXI,2010-01-01,South Coast,4,23.6725,22.0,12.0,33.0,15.5434,28815677
DISALEXI,2010-02-01,South Coast,4,37.4911,37.0,26.0,48.0,17.0689,29521086
DISALEXI,2010-03-01,South Coast,4,66.0243,64.0,48.0,85.0,28.8159,29968810
DISALEXI,2010-04-01,South Coast,4,83.285,82.4979,60.5043,106.4957,34.1092,30215898
DISALEXI,2010-05-01,South Coast,4,98.5757,96.4981,68.5048,128.4977,42.572,30689814
DISALEXI,2010-06-01,South Coast,4,100.2637,98.5006,68.506,130.4986,45.5965,30801952
DISALEXI,2010-07-01,South Coast,4,104.1746,104.5013,72.5042,134.4977,45.8322,30787728
DISALEXI,2010-08-01,South Coast,4,81.7059,82.501,50.5044,110.4935,43.1267,30815783
DISALEXI,2010-09-01,South Coast,4,53.6477,53.0,27.0,76.0,34.4302,30803279
DISALEXI,2010-10-01,South Coast,4,35.593,34.0,16.0,51.0,24.3546,30809594
DISALEXI,2010-11-01,South Coast,4,24.2937,22.0,10.0,36.0,18.073,30838684
DISALEXI,2010-12-01,South Coast,4,16.7828,15.0,8.0,24.0,11.7722,30562026
DISALEXI,2011-01-01,South Coast,4,27.3862,26.0,14.0,38.0,17.6088,30208092
DISALEXI,2011-02-01,South Coast,4,37.198,35.0,22.0,50.0,20.9646,30247178
DISALEXI,2011-03-01,South Coast,4,61.9405,61.0,47.0,77.0,23.0959,30144580
DISALEXI,2011-04-01,South Coast,4,81.4612,80.4982,60.5072,100.4942,30.4271,30554509
DISALEXI,2011-05-01,South Coast,4,91.5931,90.4989,64.5042,118.4962,38.6304,30736664
DISALEXI,2011-06-01,South Coast,4,102.2484,100.497,70.5033,134.4964,44.3851,30798596
DISALEXI,2011-07-01,South Coast,4,93.3485,92.4999,62.5034,124.4959,44.6493,30780213
DISALEXI,2011-08-01,South Coast,4,82.9809,82.4988,54.5046,110.4961,41.3455,30812667
DISALEXI,2011-09-01,South Coast,4,60.5588,60.5003,36.5041,82.4936,32.9607,30818274
DISALEXI,2011-10-01,South Coast,4,40.7516,39.0,21.0,56.0,25.4333,30815851
DISALEXI,2011-11-01,South Coast,4,24.5049,23.0,12.0,35.0,16.8648,30749038
DISALEXI,2011-12-01,South Coast,4,19.3152,16.0,5.0,29.0,16.613,28303949
DISALEXI,2012-01-01,South Coast,4,23.2579,21.0,9.0,34.0,17.6681,27549873
DISALEXI,2012-02-01,South Coast,4,34.5033,33.0,19.0,48.0,20.7706,27880138
DISALEXI,2012-03-01,South Coast,4,57.1304,55.0,37.0,76.0,29.5552,28866430
DISALEXI,2012-04-01,South Coast,4,78.8838,78.0,57.0,101.0,32.871,28497321
DISALEXI,2012-05-01,South Coast,4,94.4691,92.4964,64.5049,124.4984,43.5589,29614906
DISALEXI,2012-06-01,South Coast,4,92.5953,90.5009,60.0,124.4969,46.7455,29349058
DISALEXI,2012-07-01,South Coast,4,86.561,86.5005,54.5044,116.4957,44.9593,29835718
DISALEXI,2012-08-01,South Coast,4,83.4483,84.5004,52.5017,112.4946,42.1571,30097578
DISALEXI,2012-09-01,South Coast,4,56.5498,56.0,29.0,81.0,35.1911,30334535
DISALEXI,2012-10-01,South Coast,4,35.4112,33.0,12.0,53.0,27.1008,30554119
DISALEXI,2012-11-01,South Coast,4,20.1091,17.0,4.0,31.0,17.8579,30335107
DISALEXI,2012-12-01,South Coast,4,16.2914,14.0,5.0,24.0,13.637,29245340
DISALEXI,2013-01-01,South Coast,4,23.301,21.0,9.0,34.0,17.3371,29374551
DISALEXI,2013-02-01,South Coast,4,37.5878,36.0,23.0,51.0,21.4852,29845499
DISALEXI,2013-03-01,South Coast,4,58.4092,57.0,38.0,78.0,30.0165,30184046
DISALEXI,2013-04-01,South Coast,4,68.5206,66.5002,42.5038,94.4958,36.7802,30797830
DISALEXI,2013-05-01,South Coast,4,80.7083,80.5006,50.5038,110.4951,42.2522,30819384
DISALEXI,2013-06-01,South Coast,4,84.6728,84.5002,52.5037,114.4967,45.0472,30789477
DISALEXI,2013-07-01,South Coast,4,77.5383,78.5026,44.502,106.4943,43.1356,30821516
DISALEXI,2013-08-01,South Coast,4,71.561,72.5017,40.5023,100.4946,41.4816,30807553
DISALEXI,2013-09-01,South Coast,4,53.7061,54.0,27.0,76.0,33.2728,30835587
DISALEXI,2013-10-01,South Coast,4,30.7311,28.0,8.0,47.0,25.0165,30837479
DISALEXI,2013-11-01,South Coast,4,18.0995,16.0,3.0,28.0,16.1237,30809385
DISALEXI,2013-12-01,South Coast,4,17.5841,15.0,4.0,27.0,15.5123,30809979
DISALEXI,2014-01-01,South Coast,4,18.8447,15.0,3.0,29.0,17.6293,30841929
DISALEXI,2014-02-01,South Coast,4,29.5667,29.0,13.0,43.0,20.6683,30834883
DISALEXI,2014-03-01,South Coast,4,51.6843,51.0,33.0,69.0,26.7336,30778444
DISALEXI,2014-04-01,South Coast,4,71.7812,70.499,46.5048,94.496,35.2745,30793467
DISALEXI,2014-05-01,South Coast,4,74.2744,72.4988,40.5022,104.4975,42.8139,30876411
DISALEXI,2014-06-01,South Coast,4,84.1698,82.5,50.503,114.4964,45.4703,30858267
DISALEXI,2014-07-01,South Coast,4,101.4556,102.5007,70.5022,132.4957,45.0971,30853301
DISALEXI,2014-08-01,South Coast,4,73.3922,72.502,42.5044,100.4948,40.6746,30870109
DISALEXI,2014-09-01,South Coast,4,57.1511,58.5032,30.5027,80.494,34.8735,30871679
DISALEXI,2014-10-01,South Coast,4,36.3021,35.0,13.0,54.0,27.0213,30871823
DISALEXI,2014-11-01,South Coast,4,20.3412,18.0,4.0,31.0,17.6411,30875513
DISALEXI,2014-12-01,South Coast,4,17.4847,16.0,8.0,25.0,12.3685,30418852
DISALEXI,2015-01-01,South Coast,4,24.623,23.0,13.0,34.0,15.8997,30414352
DISALEXI,2015-02-01,South Coast,4,37.3247,36.0,23.0,49.0,20.268,30736995
DISALEXI,2015-03-01,South Coast,4,60.6707,59.0,41.0,79.0,29.0092,30811760
DISALEXI,2015-04-01,South Coast,4,68.7727,67.0,46.0,91.0,32.9048,30835484
DISALEXI,2015-05-01,South Coast,4,78.0736,77.0,53.0,103.0,36.1868,30821687
DISALEXI,2015-06-01,South Coast,4,81.7629,80.5008,52.5052,110.4957,42.0178,30832113
DISALEXI,2015-07-01,South Coast,4,76.1693,74.5003,46.5054,102.4974,41.2455,30828119
DISALEXI,2015-08-01,South Coast,4,76.3627,76.501,46.5034,104.4939,41.4101,30844202
DISALEXI,2015-09-01,South Coast,4,60.2114,60.5004,36.5053,80.4932,32.2107,30880898
DISALEXI,2015-10-01,South Coast,4,37.39,36.0,17.0,54.0,25.875,30872372
DISALEXI,2015-11-01,South Coast,4,19.9235,16.0,4.0,30.0,18.1511,30769654
DISALEXI,2015-12-01,South Coast,4,16.7657,14.0,4.0,25.0,14.8945,30181123
DISALEXI,2016-01-01,South Coast,4,19.2749,18.0,8.0,28.0,14.0379,29837597
DISALEXI,2016-02-01,South Coast,4,41.8352,40.0,26.0,55.0,22.7395,30385959
DISALEXI,2016-03-01,South Coast,4,62.5822,61.0,45.0,80.0,26.8247,30650555
DISALEXI,2016-04-01,South Coast,4,72.8331,71.0,50.0,95.0,33.2996,30714139
DISALEXI,2016-05-01,South Coast,4,86.5417,84.499,58.5049,114.4967,40.485,30508138
DISALEXI,2016-06-01,South Coast,4,94.7685,92.5008,62.5039,124.4967,45.8043,30786494
DISALEXI,2016-07-01,South Coast,4,86.045,84.5006,52.5041,116.4966,46.4588,30831299
DISALEXI,2016-08-01,South Coast,4,77.9762,78.5006,48.5033,106.4957,42.1903,30847308
DISALEXI,2016-09-01,South Coast,4,47.1404,46.0,20.0,69.0,32.6267,30854017
DISALEXI,2016-10-01,South Coast,4,31.1154,29.0,10.0,47.0,23.8887,30847588
DISALEXI,2016-11-01,South Coast,4,19.8135,17.0,5.0,30.0,16.7257,30843186
DISALEXI,2016-12-01,South Coast,4,16.7123,15.0,7.0,24.0,12.5769,30044309
DISALEXI,2017-01-01,South Coast,4,22.3658,21.0,14.0,30.0,12.2022,29743720
DISALEXI,2017-02-01,South Coast,4,28.6552,28.0,20.0,38.0,13.4562,29822572
DISALEXI,2017-03-01,South Coast,4,68.9585,67.0,50.0,88.0,28.6027,29894007
DISALEXI,2017-04-01,South Coast,4,81.8032,80.0,57.0,106.0,34.7903,30769501
DISALEXI,2017-05-01,South Coast,4,84.567,82.4974,56.5039,112.4969,38.7145,30818175
DISALEXI,2017-06-01,South Coast,4,95.0796,92.4994,64.5041,126.4969,44.644,30835884
DISALEXI,2017-07-01,South Coast,4,100.4002,98.4976,70.5051,130.4954,45.2735,30831944
DISALEXI,2017-08-01,South Coast,4,76.6906,74.4971,50.5069,102.4958,38.6951,30817752
DISALEXI,2017-09-01,South Coast,4,49.4396,48.0,28.0,68.0,28.85,30823217
DISALEXI,2017-10-01,South Coast,4,31.5674,28.0,9.0,48.0,25.4781,30845565
DISALEXI,2017-11-01,South Coast,4,20.2043,18.0,6.0,31.0,16.658,30851985
DISALEXI,2017-12-01,South Coast,4,13.8526,10.0,2.0,21.0,14.1754,30841952
DISALEXI,2018-01-01,South Coast,4,21.2953,19.0,9.0,31.0,15.5852,30803356
DISALEXI,2018-02-01,South Coast,4,32.4845,30.0,16.0,46.0,21.5007,30723090
DISALEXI,2018-03-01,South Coast,4,46.9994,45.0,30.0,63.0,24.0909,30764066
DISALEXI,2018-04-01,South Coast,4,72.4059,70.0,48.0,95.0,34.2254,30794484
DISALEXI,2018-05-01,South Coast,4,78.8071,76.0,53.0,104.0,37.9307,30793170
DISALEXI,2018-06-01,South Coast,4,84.7668,82.4994,54.504,112.4974,43.1041,30820050
DISALEXI,2018-07-01,South Coast,4,91.5145,90.5006,60.5033,120.496,44.1376,30841097
DISALEXI,2018-08-01,South Coast,4,79.8261,78.5,50.5043,106.4961,41.73,30867016
DISALEXI,2018-09-01,South Coast,4,50.8127,49.0,25.0,72.0,33.411,30840284
DISALEXI,2018-10-01,South Coast,4,31.8397,29.0,11.0,47.0,24.6138,30838392
DISALEXI,2018-11-01,South Coast,4,18.484,15.0,4.0,28.0,16.8963,30844407
DISALEXI,2018-12-01,South Coast,4,18.5212,17.0,6.0,27.0,14.6142,30743496
DISALEXI,2019-01-01,South Coast,4,22.4477,21.0,12.0,31.0,14.2101,30323951
DISALEXI,2019-02-01,South Coast,4,29.2362,28.0,19.0,39.0,14.4415,29362334
DISALEXI,2019-03-01,South Coast,4,56.0108,54.0,39.0,73.0,24.4899,28291457
DISALEXI,2019-04-01,South Coast,4,76.2424,74.4973,52.5036,98.4953,32.6159,29566316
DISALEXI,2019-05-01,South Coast,4,85.7523,84.4996,60.5011,110.4977,34.1898,29927225
DISALEXI,2019-06-01,South Coast,4,102.2024,98.4985,70.5026,132.4986,43.0097,30751041
DISALEXI,2019-07-01,South Coast,4,98.9337,96.4991,66.5043,130.4975,47.5357,30846655
DISALEXI,2019-08-01,South Coast,4,83.0736,80.4988,52.5075,112.4967,43.3868,30837440
DISALEXI,2019-09-01,South Coast,4,57.872,56.0,35.0,79.0,31.9076,30833711
DISALEXI,2019-10-01,South Coast,4,38.1377,35.0,16.0,55.0,27.4954,30849807
DISALEXI,2019-11-01,South Coast,4,21.8812,19.0,8.0,32.0,17.1181,30855414
DISALEXI,2019-12-01,South Coast,4,18.8885,17.0,10.0,26.0,12.5383,30084287
DISALEXI,2020-01-01,South Coast,4,29.4527,27.0,17.0,39.0,18.5811,30219287
DISALEXI,2020-02-01,South Coast,4,41.2783,39.0,27.0,55.0,21.3905,30352563
DISALEXI,2020-03-01,South Coast,4,51.3503,50.0,35.0,67.0,21.8318,30336713
DISALEXI,2020-04-01,South Coast,4,81.7907,81.0,62.0,100.0,27.0942,30617531
DISALEXI,2020-05-01,South Coast,4,108.8157,106.5001,78.5023,140.4972,42.8564,30815759
DISALEXI,2020-06-01,South Coast,4,97.7481,94.4991,66.5033,128.4975,44.353,30853117
DISALEXI,2020-07-01,South Coast,4,97.3989,94.4998,64.5035,130.4967,48.2085,30843787
DISALEXI,2020-08-01,South Coast,4,87.5196,84.4999,58.5052,114.4962,41.7127,30843321
DISALEXI,2020-09-01,South Coast,4,62.4371,62.0,39.0,84.0,32.9983,30858567
DISALEXI,2020-10-01,South Coast,4,37.4051,36.0,17.0,54.0,25.6646,30825652
DISALEXI,2020-11-01,South Coast,4,21.6217,19.0,7.0,32.0,17.6558,30796609
DISALEXI,2020-12-01,South Coast,4,14.6501,11.0,3.0,22.0,14.0594,30789561
DISALEXI,2021-01-01,South Coast,4,22.3827,20.0,9.0,32.0,16.6583,30277563
DISALEXI,2021-02-01,South Coast,4,34.8082,32.0,19.0,48.0,22.5488,30250684
DISALEXI,2021-03-01,South Coast,4,54.2686,51.0,35.0,72.0,27.9122,30397651
DISALEXI,2021-04-01,South Coast,4,71.5633,68.4949,46.5079,94.4972,35.4988,30752334
DISALEXI,2021-05-01,South Coast,4,85.7795,82.4962,58.5064,112.4938,41.5385,30822296
DISALEXI,2021-06-01,South Coast,4,89.9776,88.4968,60.5053,118.4967,44.458,30801157
DISALEXI,2021-07-01,South Coast,4,86.0099,84.4986,56.5043,114.4957,42.7552,30806281
DISALEXI,2021-08-01,South Coast,4,73.2822,72.4991,46.5058,98.4948,39.3067,30743791
DISALEXI,2021-09-01,South Coast,4,49.716,48.0,25.0,70.0,31.4492,30802698
DISALEXI,2021-10-01,South Coast,4,30.968,27.0,12.0,45.0,23.8026,30844401
DISALEXI,2021-11-01,South Coast,4,21.1669,18.0,5.0,32.0,18.2473,30847783
DISALEXI,2021-12-01,South Coast,4,13.1117,11.0,3.0,20.0,11.651,30781311
DISALEXI,2022-01-01,South Coast,4,23.2816,21.0,11.0,33.0,16.5076,30053398
DISALEXI,2022-02-01,South Coast,4,32.1248,29.0,17.0,44.0,20.3848,30242976
DISALEXI,2022-03-01,South Coast,4,55.9503,52.4966,36.5079,72.4937,27.6942,30342113
DISALEXI,2022-04-01,South Coast,4,78.5227,74.4962,54.5081,102.4972,35.2049,30774700
DISALEXI,2022-05-01,South Coast,4,89.0082,84.4983,58.5071,118.496,43.6044,30834728
DISALEXI,2022-06-01,South Coast,4,91.7529,90.4977,62.5031,120.4965,44.3785,30843753
DISALEXI,2022-07-01,South Coast,4,89.5704,88.4985,58.5038,118.496,44.7978,30868000
DISALEXI,2022-08-01,South Coast,4,79.8794,78.4996,50.5058,106.4954,40.7817,30866778
DISALEXI,2022-09-01,South Coast,4,56.7305,54.5002,30.5025,78.4944,34.1006,30877529
DISALEXI,2022-10-01,South Coast,4,37.6751,36.0,18.0,53.0,25.0882,30858827
DISALEXI,2022-11-01,South Coast,4,19.9073,17.0,6.0,30.0,16.8354,30834649
DISALEXI,2022-12-01,South Coast,4,14.6414,13.0,5.0,21.0,11.945,30630674
DISALEXI,2023-01-01,South Coast,4,21.3111,20.0,12.0,29.0,12.4226,29943005
DISALEXI,2023-02-01,South Coast,4,33.1874,31.0,21.0,45.0,17.3321,29950084
DISALEXI,2023-03-01,South Coast,4,50.7954,50.0,36.0,65.0,21.3377,29739103
DISALEXI,2023-04-01,South Coast,4,92.2849,92.5013,68.5013,116.4961,33.7667,30151402
DISALEXI,2023-05-01,South Coast,4,97.5848,96.5012,70.5026,124.4971,39.3727,27531773
DISALEXI,2023-06-01,South Coast,4,99.8823,98.4987,68.5042,130.4968,42.2848,30718098
DISALEXI,2023-07-01,South Coast,4,108.1657,106.4969,76.5064,140.497,48.0649,30828841
DISALEXI,2023-08-01,South Coast,4,86.0362,84.4977,60.5059,110.4961,38.0269,30821574
DISALEXI,2023-09-01,South Coast,4,59.6874,57.0,40.0,78.0,28.148,30800510
DISALEXI,2023-10-01,South Coast,4,43.1403,40.0,24.0,59.0,26.5527,30788655
DISALEXI,2023-11-01,South Coast,4,23.2549,20.0,10.0,33.0,17.732,30795497
DISALEXI,2023-12-01,South Coast,4,18.4791,16.0,7.0,27.0,14.0145,30806357
DISALEXI,2024-01-01,South Coast,4,24.8906,23.0,14.0,34.0,14.9773,30521346
DISALEXI,2024-02-01,South Coast,4,35.6057,35.0,26.0,45.0,14.7502,30175125
DISALEXI,2024-03-01,South Coast,4,65.0439,65.0,50.0,80.0,22.6701,29865314
DISALEXI,2024-04-01,South Coast,4,87.2643,86.5007,66.5012,106.4944,29.0397,30528552
DISALEXI,2024-05-01,South Coast,4,108.9026,106.4989,78.5007,138.4969,41.0746,30553118
DISALEXI,2024-06-01,South Coast,4,116.6816,114.498,82.5014,150.4989,46.0054,30806469
DISALEXI,2024-07-01,South Coast,4,113.82,110.4987,80.5053,146.4984,47.5686,30843907
DISALEXI,2024-08-01,South Coast,4,84.0531,82.4978,54.506,112.497,41.3849,30853821
DISALEXI,2024-09-01,South Coast,4,59.5137,58.0,37.0,80.0,31.6466,30816549
DISALEXI,2024-10-01,South Coast,4,38.5675,36.0,19.0,54.0,25.3128,30816531
DISALEXI,2024-11-01,South Coast,4,18.0487,15.0,4.0,27.0,16.1629,30826282
DISALEXI,2024-12-01,South Coast,4,15.3054,13.0,3.0,23.0,14.061,30813843
DISALEXI,2025-01-01,South Coast,4,20.6019,17.0,7.0,30.0,16.6131,30818903
DISALEXI,2025-02-01,South Coast,4,32.0481,30.0,21.0,43.0,16.5581,30600528
DISALEXI,2025-03-01,South Coast,4,52.8409,51.0,38.0,68.0,22.6157,30427977
DISALEXI,2025-04-01,South Coast,4,78.7307,76.499,56.5046,100.4957,31.6648,30676786
DISALEXI,2025-05-01,South Coast,4,93.5304,90.497,66.5046,120.4979,39.5752,30834864
DISALEXI,2025-06-01,South Coast,4,97.5278,94.4986,68.5045,128.4969,44.2805,30810856
DISALEXI,2025-07-01,South Coast,4,93.4002,92.4988,62.5055,124.4966,46.1587,30803059
DISALEXI,2025-08-01,South Coast,4,84.6975,84.4992,56.506,112.4952,41.7647,30826913
DISALEXI,2025-09-01,South Coast,4,52.351,51.0,31.0,72.0,29.9124,30821827
DISALEXI,2025-10-01,South Coast,4,36.5204,34.0,17.0,52.0,25.2258,30806658
DISALEXI,2025-11-01,South Coast,4,21.8444,20.0,10.0,31.0,14.9196,30805301
DISALEXI,2025-12-01,South Coast,4,20.0703,18.0,9.0,28.0,14.1244,30735901
DISALEXI,2003-10-01,South Lahontan,9,14.3801,6.0,1.0,17.0,21.331,75980872
DISALEXI,2003-11-01,South Lahontan,9,13.3859,9.0,3.0,18.0,14.846,71581709
DISALEXI,2003-12-01,South Lahontan,9,10.9518,7.0,2.0,14.0,12.2936,69616858
DISALEXI,2004-01-01,South Lahontan,9,13.2906,8.0,2.0,18.0,15.7162,68389090
DISALEXI,2004-02-01,South Lahontan,9,18.4919,14.0,6.0,25.0,17.5854,68504859
DISALEXI,2004-03-01,South Lahontan,9,32.2709,26.4946,12.5058,42.4889,27.3629,69842459
DISALEXI,2004-04-01,South Lahontan,9,22.0343,10.4792,2.4492,30.4902,29.2398,74006195
DISALEXI,2004-05-01,South Lahontan,9,19.6731,4.4557,0.1799,24.4912,32.5329,74983541
DISALEXI,2004-06-01,South Lahontan,9,22.4364,8.4816,0.1617,30.4911,32.4198,75550035
DISALEXI,2004-07-01,South Lahontan,9,18.6723,4.4669,0.1538,24.4906,31.2134,76028286
DISALEXI,2004-08-01,South Lahontan,9,19.6886,8.4822,0.1696,26.4874,28.805,76050106
DISALEXI,2004-09-01,South Lahontan,9,13.0455,2.4322,0.2169,14.48,24.2386,75995466
DISALEXI,2004-10-01,South Lahontan,9,14.5503,7.0,2.0,18.0,19.5559,75296920
DISALEXI,2004-11-01,South Lahontan,9,16.4434,12.0,4.0,22.0,16.8723,71358153
DISALEXI,2004-12-01,South Lahontan,9,12.2539,8.0,2.0,17.0,13.7498,70819554
DISALEXI,2005-01-01,South Lahontan,9,15.4107,13.0,6.0,21.0,12.5438,64667906
DISALEXI,2005-02-01,South Lahontan,9,22.3285,21.0,12.0,30.0,14.6799,65088057
DISALEXI,2005-03-01,South Lahontan,9,35.0922,33.0,16.0,48.0,24.6765,67463831
DISALEXI,2005-04-01,South Lahontan,9,32.7369,26.4972,8.49,48.4906,30.5819,70561640
DISALEXI,2005-05-01,South Lahontan,9,35.9536,26.4972,6.4884,52.492,36.0834,74050620
DISALEXI,2005-06-01,South Lahontan,9,24.7826,10.4851,0.2399,34.4918,34.4081,75100317
DISALEXI,2005-07-01,South Lahontan,9,32.7986,22.4941,6.4926,46.4934,35.4556,75834450
DISALEXI,2005-08-01,South Lahontan,9,27.5807,18.4934,4.4881,38.4898,30.9441,76007609
DISALEXI,2005-09-01,South Lahontan,9,15.6624,5.0,1.0,19.0,24.1231,75988751
DISALEXI,2005-10-01,South Lahontan,9,17.8884,11.0,4.0,23.0,21.2064,75869467
DISALEXI,2005-11-01,South Lahontan,9,12.1258,6.0,1.0,16.0,16.1007,75377676
DISALEXI,2005-12-01,South Lahontan,9,9.0812,5.0,0.0,13.0,11.8701,67939735
DISALEXI,2006-01-01,South Lahontan,9,13.3181,8.0,1.0,19.0,15.7353,67127268
DISALEXI,2006-02-01,South Lahontan,9,15.1683,9.0,2.0,21.0,18.2102,67990912
DISALEXI,2006-03-01,South Lahontan,9,24.0558,19.0,5.0,35.0,23.6753,68117253
DISALEXI,2006-04-01,South Lahontan,9,28.1465,20.4963,6.4907,40.4913,28.1109,72610887
DISALEXI,2006-05-01,South Lahontan,9,28.4794,14.4889,4.4825,40.4933,34.7068,74251621
DISALEXI,2006-06-01,South Lahontan,9,20.1893,6.4732,0.2163,26.4901,32.2889,75126946
DISALEXI,2006-07-01,South Lahontan,9,22.9483,10.4825,0.1969,30.4898,32.9209,75609086
DISALEXI,2006-08-01,South Lahontan,9,17.0605,4.4525,0.2735,18.4865,29.9992,75951529
DISALEXI,2006-09-01,South Lahontan,9,14.951,6.4717,0.2531,16.4777,23.7542,75944227
DISALEXI,2006-10-01,South Lahontan,9,11.8494,4.0,0.0,14.0,19.3536,75595427
DISALEXI,2006-11-01,South Lahontan,9,7.9068,1.0,0.0,8.0,14.34,74979031
DISALEXI,2006-12-01,South Lahontan,9,6.918,2.0,0.0,8.0,11.8761,74069769
DISALEXI,2007-01-01,South Lahontan,9,9.348,3.0,0.0,11.0,15.0691,70297216
DISALEXI,2007-02-01,South Lahontan,9,14.8533,9.0,3.0,19.0,17.8424,71509820
DISALEXI,2007-03-01,South Lahontan,9,20.9354,11.0,3.0,28.0,26.4949,73973588
DISALEXI,2007-04-01,South Lahontan,9,20.8562,10.0,1.0,29.0,27.8417,74257596
DISALEXI,2007-05-01,South Lahontan,9,20.6608,6.4756,0.2383,26.4891,30.9587,75514593
DISALEXI,2007-06-01,South Lahontan,9,15.838,2.4335,0.1698,16.4848,29.2023,75927987
DISALEXI,2007-07-01,South Lahontan,9,18.4136,6.4709,0.1763,22.487,29.1603,76038804
DISALEXI,2007-08-01,South Lahontan,9,19.1948,8.4809,0.2294,24.4878,27.6938,76097263
DISALEXI,2007-09-01,South Lahontan,9,14.5508,4.4579,0.2472,16.481,22.8709,75858940
DISALEXI,2007-10-01,South Lahontan,9,12.0809,3.0,0.0,14.0,21.0849,75335635
DISALEXI,2007-11-01,South Lahontan,9,10.1253,4.0,0.0,12.0,15.7781,73497624
DISALEXI,2007-12-01,South Lahontan,9,10.1297,6.0,1.0,13.0,13.0006,67136608
DISALEXI,2008-01-01,South Lahontan,9,12.6589,9.0,3.0,17.0,13.2857,65373820
DISALEXI,2008-02-01,South Lahontan,9,17.5606,13.0,5.0,23.0,17.5365,65866183
DISALEXI,2008-03-01,South Lahontan,9,20.0164,10.4846,2.4671,26.4871,25.6569,69402621
DISALEXI,2008-04-01,South Lahontan,9,15.8052,4.4522,0.2695,18.4845,27.1545,73342903
DISALEXI,2008-05-01,South Lahontan,9,16.2304,2.4418,0.1346,20.4885,28.0089,74173792
DISALEXI,2008-06-01,South Lahontan,9,14.7736,0.1379,0.1379,14.4831,28.3663,75707624
DISALEXI,2008-07-01,South Lahontan,9,17.4253,4.4623,0.1885,20.4875,29.3202,76055462
DISALEXI,2008-08-01,South Lahontan,9,17.777,6.4736,0.1916,22.4885,27.8533,76024348
DISALEXI,2008-09-01,South Lahontan,9,12.362,2.0,0.0,14.0,22.1285,75776729
DISALEXI,2008-10-01,South Lahontan,9,8.3767,1.0,0.0,7.0,17.2842,75900364
DISALEXI,2008-11-01,South Lahontan,9,9.9423,4.0,1.0,12.0,14.4116,75490577
DISALEXI,2008-12-01,South Lahontan,9,11.164,8.0,2.0,15.0,11.8952,70381688
DISALEXI,2009-01-01,South Lahontan,9,12.1154,7.0,1.0,16.0,15.1764,70685614
DISALEXI,2009-02-01,South Lahontan,9,16.5133,13.0,5.0,23.0,16.0865,70965593
DISALEXI,2009-03-01,South Lahontan,9,20.735,12.0,2.0,29.0,25.0518,71777397
DISALEXI,2009-04-01,South Lahontan,9,16.1377,4.4583,0.2241,18.4855,26.6309,73586341
DISALEXI,2009-05-01,South Lahontan,9,18.8625,4.4632,0.1798,24.4903,29.8692,74774112
DISALEXI,2009-06-01,South Lahontan,9,13.1478,0.1138,0.1138,14.4852,25.1716,75527517
DISALEXI,2009-07-01,South Lahontan,9,15.3831,2.4409,0.142,16.4856,28.1022,75820124
DISALEXI,2009-08-01,South Lahontan,9,13.566,2.423,0.1731,14.4842,25.9873,75998135
DISALEXI,2009-09-01,South Lahontan,9,11.573,2.0,0.0,12.0,21.4806,75926559
DISALEXI,2009-10-01,South Lahontan,9,8.2963,0.0,0.0,7.0,17.2577,75384475
DISALEXI,2009-11-01,South Lahontan,9,6.752,1.0,0.0,6.0,13.7161,74621483
DISALEXI,2009-12-01,South Lahontan,9,7.4542,3.0,0.0,9.0,11.3391,66373320
DISALEXI,2010-01-01,South Lahontan,9,12.1474,9.0,4.0,16.0,12.6595,61176696
DISALEXI,2010-02-01,South Lahontan,9,22.2928,20.0,13.0,28.0,14.9836,64080302
DISALEXI,2010-03-01,South Lahontan,9,24.7723,18.4925,6.4944,34.4873,24.8415,67344042
DISALEXI,2010-04-01,South Lahontan,9,24.209,14.4929,2.4718,34.4897,29.1943,72047850
DISALEXI,2010-05-01,South Lahontan,9,18.9803,4.4612,0.236,24.49,30.6166,73701283
DISALEXI,2010-06-01,South Lahontan,9,17.0766,2.4296,0.1583,20.4892,30.826,75197816
DISALEXI,2010-07-01,South Lahontan,9,23.3012,10.4869,0.173,30.4892,32.3796,75922232
DISALEXI,2010-08-01,South Lahontan,9,16.4782,4.4644,0.207,20.4844,27.5271,75993976
DISALEXI,2010-09-01,South Lahontan,9,10.5372,0.2308,0.2308,8.4708,21.6882,75901869
DISALEXI,2010-10-01,South Lahontan,9,13.1053,6.0,1.0,17.0,18.6193,74860639
DISALEXI,2010-11-01,South Lahontan,9,9.6939,4.0,0.0,12.0,14.5683,74803418
DISALEXI,2010-12-01,South Lahontan,9,10.3182,8.0,3.0,14.0,10.2344,67492496
DISALEXI,2011-01-01,South Lahontan,9,15.098,11.0,4.0,20.0,15.9185,67526054
DISALEXI,2011-02-01,South Lahontan,9,18.5928,14.0,5.0,25.0,19.1193,68174128
DISALEXI,2011-03-01,South Lahontan,9,30.9228,26.4998,12.5028,42.486,24.7656,69117265
DISALEXI,2011-04-01,South Lahontan,9,30.6294,22.4931,8.4969,42.4912,29.8444,72574609
DISALEXI,2011-05-01,South Lahontan,9,21.8206,6.4748,0.1883,30.4913,32.4061,73970261
DISALEXI,2011-06-01,South Lahontan,9,21.7112,6.4728,0.1836,28.4921,33.3148,75153469
DISALEXI,2011-07-01,South Lahontan,9,18.3958,2.431,0.1679,22.489,31.3667,75782865
DISALEXI,2011-08-01,South Lahontan,9,19.7054,6.4756,0.2144,26.4902,29.7585,75954577
DISALEXI,2011-09-01,South Lahontan,9,15.6555,5.0,0.0,19.0,24.8407,76018257
DISALEXI,2011-10-01,South Lahontan,9,13.0586,4.0,0.0,16.0,20.7282,75800824
DISALEXI,2011-11-01,South Lahontan,9,9.3892,3.0,0.0,12.0,14.4709,74942235
DISALEXI,2011-12-01,South Lahontan,9,7.2755,2.0,0.0,9.0,11.9662,67582239
DISALEXI,2012-01-01,South Lahontan,9,9.9661,5.0,0.0,13.0,14.0034,64745944
DISALEXI,2012-02-01,South Lahontan,9,15.6321,9.0,2.0,21.0,19.2168,67153552
DISALEXI,2012-03-01,South Lahontan,9,21.7171,13.0,3.0,29.0,26.1254,69487867
DISALEXI,2012-04-01,South Lahontan,9,24.0241,14.0,3.0,34.0,28.7334,72717848
DISALEXI,2012-05-01,South Lahontan,9,18.9128,2.4032,0.2389,22.4904,31.7515,74651279
DISALEXI,2012-06-01,South Lahontan,9,17.534,2.4332,0.1277,20.4889,31.6527,75323759
DISALEXI,2012-07-01,South Lahontan,9,18.4707,4.4574,0.2195,22.4886,29.6638,74937366
DISALEXI,2012-08-01,South Lahontan,9,24.3857,14.4903,2.4898,34.4909,30.108,75198105
DISALEXI,2012-09-01,South Lahontan,9,17.262,6.4797,0.279,22.4848,24.9809,75213049
DISALEXI,2012-10-01,South Lahontan,9,12.3523,4.0,0.0,15.0,20.0392,75046926
DISALEXI,2012-11-01,South Lahontan,9,7.9067,2.0,0.0,9.0,14.0293,70417316
DISALEXI,2012-12-01,South Lahontan,9,7.8997,3.0,0.0,10.0,11.7674,65650349
DISALEXI,2013-01-01,South Lahontan,9,11.1431,6.0,1.0,15.0,14.2366,64508170
DISALEXI,2013-02-01,South Lahontan,9,15.3345,9.0,2.0,20.0,18.7345,68602903
DISALEXI,2013-03-01,South Lahontan,9,20.9352,13.0,4.0,28.0,24.011,71257449
DISALEXI,2013-04-01,South Lahontan,9,19.5522,8.4799,0.2984,26.4882,27.7162,74394769
DISALEXI,2013-05-01,South Lahontan,9,17.4159,4.4605,0.2002,22.4887,28.4489,75197277
DISALEXI,2013-06-01,South Lahontan,9,17.0773,4.4594,0.2445,20.4868,28.2891,75885753
DISALEXI,2013-07-01,South Lahontan,9,20.7425,10.4832,2.4694,28.4909,27.4906,75992931
DISALEXI,2013-08-01,South Lahontan,9,19.6207,8.4811,2.4669,26.4876,27.2937,76011972
DISALEXI,2013-09-01,South Lahontan,9,15.6702,6.4748,0.2269,20.4842,23.0392,75966787
DISALEXI,2013-10-01,South Lahontan,9,9.9089,2.0,0.0,11.0,18.0102,75493033
DISALEXI,2013-11-01,South Lahontan,9,9.1243,4.0,1.0,11.0,13.252,74997695
DISALEXI,2013-12-01,South Lahontan,9,10.59,6.0,1.0,14.0,13.1309,70460555
DISALEXI,2014-01-01,South Lahontan,9,10.366,6.0,1.0,13.0,13.5916,71147619
DISALEXI,2014-02-01,South Lahontan,9,16.1679,11.0,4.0,22.0,17.225,72980498
DISALEXI,2014-03-01,South Lahontan,9,22.9736,15.0,5.0,31.0,24.8926,73363924
DISALEXI,2014-04-01,South Lahontan,9,24.6494,14.4881,4.4896,34.4896,28.7197,74232633
DISALEXI,2014-05-01,South Lahontan,9,18.2282,4.4565,0.2459,22.4892,29.3447,75147567
DISALEXI,2014-06-01,South Lahontan,9,20.4283,6.4544,2.4372,26.4904,30.4028,75935504
DISALEXI,2014-07-01,South Lahontan,9,34.132,26.493,12.5058,46.4902,31.6283,76038988
DISALEXI,2014-08-01,South Lahontan,9,20.7873,10.4833,2.4589,28.4889,27.3143,75790056
DISALEXI,2014-09-01,South Lahontan,9,17.9221,8.0,1.0,23.0,24.556,75805835
DISALEXI,2014-10-01,South Lahontan,9,11.3442,3.0,0.0,13.0,18.9274,75891163
DISALEXI,2014-11-01,South Lahontan,9,8.5427,3.0,0.0,10.0,13.857,75161856
DISALEXI,2014-12-01,South Lahontan,9,10.0142,7.0,2.0,13.0,11.0011,73766872
DISALEXI,2015-01-01,South Lahontan,9,12.9287,10.0,3.0,17.0,13.4838,71445502
DISALEXI,2015-02-01,South Lahontan,9,19.0099,15.0,6.0,26.0,18.2433,73256393
DISALEXI,2015-03-01,South Lahontan,9,23.1524,15.0,5.0,32.0,25.327,74401779
DISALEXI,2015-04-01,South Lahontan,9,21.7376,10.4853,2.4699,30.4896,27.7436,74831825
DISALEXI,2015-05-01,South Lahontan,9,23.8666,12.4869,2.4605,34.4921,29.364,75074248
DISALEXI,2015-06-01,South Lahontan,9,17.2686,4.4597,0.2405,22.4891,27.7873,75781539
DISALEXI,2015-07-01,South Lahontan,9,14.4147,2.4366,0.1585,16.4859,25.9464,75926911
DISALEXI,2015-08-01,South Lahontan,9,16.3644,4.4682,0.1912,20.4856,26.9835,75938702
DISALEXI,2015-09-01,South Lahontan,9,20.0835,10.4931,2.4658,26.4862,24.8438,75937239
DISALEXI,2015-10-01,South Lahontan,9,17.5287,11.0,4.0,24.0,19.6416,75004751
DISALEXI,2015-11-01,South Lahontan,9,10.4223,4.0,1.0,13.0,15.2428,72796361
DISALEXI,2015-12-01,South Lahontan,9,8.5903,4.0,0.0,11.0,12.5092,71642839
DISALEXI,2016-01-01,South Lahontan,9,11.9995,8.0,2.0,16.0,13.5576,67899497
DISALEXI,2016-02-01,South Lahontan,9,22.9781,18.0,9.0,30.0,20.5997,71243717
DISALEXI,2016-03-01,South Lahontan,9,26.0383,19.0,8.0,36.0,25.1444,73357614
DISALEXI,2016-04-01,South Lahontan,9,22.7603,12.4862,2.4763,32.4899,27.0896,73802275
DISALEXI,2016-05-01,South Lahontan,9,23.2367,10.486,0.2365,34.4932,31.3037,74318105
DISALEXI,2016-06-01,South Lahontan,9,22.4452,8.477,0.2109,32.4932,31.83,75498498
DISALEXI,2016-07-01,South Lahontan,9,19.6168,6.4665,0.2727,24.4895,30.7166,75980827
DISALEXI,2016-08-01,South Lahontan,9,18.3579,6.4711,0.2417,24.4873,27.9595,75987715
DISALEXI,2016-09-01,South Lahontan,9,11.8308,2.0,0.0,12.0,22.3605,75986941
DISALEXI,2016-10-01,South Lahontan,9,10.7107,3.0,0.0,12.0,17.8811,75855608
DISALEXI,2016-11-01,South Lahontan,9,8.4262,3.0,0.0,10.0,13.8562,75056029
DISALEXI,2016-12-01,South Lahontan,9,8.5485,4.0,1.0,11.0,11.7568,72469778
DISALEXI,2017-01-01,South Lahontan,9,13.6704,11.0,5.0,18.0,12.2476,65889923
DISALEXI,2017-02-01,South Lahontan,9,18.0503,15.0,8.0,24.0,14.6786,65338607
DISALEXI,2017-03-01,South Lahontan,9,32.3667,26.4954,12.5046,44.4894,28.1105,69884252
DISALEXI,2017-04-01,South Lahontan,9,28.2122,18.4931,6.4882,40.4921,30.0514,72970589
DISALEXI,2017-05-01,South Lahontan,9,23.8925,10.483,0.2499,34.4935,32.848,73763983
DISALEXI,2017-06-01,South Lahontan,9,26.1419,8.4792,0.2267,38.4936,36.847,75171849
DISALEXI,2017-07-01,South Lahontan,9,25.8752,12.4891,0.2211,38.4937,33.5269,75580212
DISALEXI,2017-08-01,South Lahontan,9,21.4441,8.4827,0.2636,30.4914,29.9159,75674676
DISALEXI,2017-09-01,South Lahontan,9,18.7437,8.4809,0.2297,26.4892,25.5176,75796431
DISALEXI,2017-10-01,South Lahontan,9,8.963,1.0,0.0,8.0,17.7866,75736432
DISALEXI,2017-11-01,South Lahontan,9,9.4075,3.0,0.0,11.0,14.748,75451615
DISALEXI,2017-12-01,South Lahontan,9,6.306,2.0,0.0,7.0,10.8228,73875198
DISALEXI,2018-01-01,South Lahontan,9,13.4419,9.0,3.0,18.0,14.2064,73089643
DISALEXI,2018-02-01,South Lahontan,9,16.5695,10.0,3.0,22.0,19.2664,73243679
DISALEXI,2018-03-01,South Lahontan,9,23.5191,17.0,6.0,32.0,23.9191,72990067
DISALEXI,2018-04-01,South Lahontan,9,26.2628,16.4879,4.4822,36.491,28.6517,73968889
DISALEXI,2018-05-01,South Lahontan,9,27.1107,14.4876,2.464,40.4935,32.3601,75045605
DISALEXI,2018-06-01,South Lahontan,9,21.2007,6.4689,0.2355,28.4922,32.8821,75708433
DISALEXI,2018-07-01,South Lahontan,9,26.7779,14.487,2.4663,38.4925,33.6114,75942836
DISALEXI,2018-08-01,South Lahontan,9,24.4368,12.4866,2.471,34.4915,30.0694,76059955
DISALEXI,2018-09-01,South Lahontan,9,15.7992,4.4598,0.2692,20.485,24.3242,76029140
DISALEXI,2018-10-01,South Lahontan,9,11.0526,3.0,0.0,13.0,18.5203,75891867
DISALEXI,2018-11-01,South Lahontan,9,6.6934,2.0,0.0,7.0,11.6994,75584001
DISALEXI,2018-12-01,South Lahontan,9,9.544,5.0,1.0,13.0,12.1995,69697033
DISALEXI,2019-01-01,South Lahontan,9,12.3633,9.0,4.0,16.0,12.5561,68394251
DISALEXI,2019-02-01,South Lahontan,9,18.4084,15.0,8.0,24.0,15.0713,66471738
DISALEXI,2019-03-01,South Lahontan,9,30.1173,26.0,13.0,40.0,23.5594,67561424
DISALEXI,2019-04-01,South Lahontan,9,32.1911,24.494,8.4938,46.4931,31.1084,72550104
DISALEXI,2019-05-01,South Lahontan,9,32.7263,22.4932,6.4933,48.4939,33.2375,73293183
DISALEXI,2019-06-01,South Lahontan,9,29.0465,12.4861,0.3092,44.4952,38.1841,75014046
DISALEXI,2019-07-01,South Lahontan,9,23.7164,6.4716,0.1719,34.494,35.349,75607484
DISALEXI,2019-08-01,South Lahontan,9,21.1279,6.4729,0.2512,26.4905,32.1915,75930943
DISALEXI,2019-09-01,South Lahontan,9,16.7732,4.4571,0.2637,20.4859,26.2768,75987561
DISALEXI,2019-10-01,South Lahontan,9,10.4703,1.0,0.0,10.0,20.2087,75782551
DISALEXI,2019-11-01,South Lahontan,9,8.9734,4.0,1.0,10.0,13.6562,75228432
DISALEXI,2019-12-01,South Lahontan,9,11.0935,8.0,3.0,15.0,11.6124,68377169
DISALEXI,2020-01-01,South Lahontan,9,15.9575,11.0,4.0,22.0,17.0062,69889546
DISALEXI,2020-02-01,South Lahontan,9,18.9832,12.0,4.0,26.0,21.0141,72011554
DISALEXI,2020-03-01,South Lahontan,9,28.6612,23.0,12.0,38.0,23.5088,71584674
DISALEXI,2020-04-01,South Lahontan,9,41.9572,37.0,22.0,55.0,28.0463,72685956
DISALEXI,2020-05-01,South Lahontan,9,36.817,24.4935,8.4966,52.4946,37.5735,75121565
DISALEXI,2020-06-01,South Lahontan,9,25.5651,10.4846,0.2057,36.4939,35.4979,75831299
DISALEXI,2020-07-01,South Lahontan,9,24.4428,8.4815,0.1791,34.4912,35.9835,76009910
DISALEXI,2020-08-01,South Lahontan,9,23.8657,12.4843,2.4744,32.489,31.1335,76079488
DISALEXI,2020-09-01,South Lahontan,9,18.9244,8.0,2.0,24.0,26.9899,76154313
DISALEXI,2020-10-01,South Lahontan,9,13.3079,5.0,1.0,16.0,20.4325,75916220
DISALEXI,2020-11-01,South Lahontan,9,7.5459,1.0,0.0,8.0,13.8378,75422533
DISALEXI,2020-12-01,South Lahontan,9,6.6183,2.0,0.0,7.0,11.2007,74358733
DISALEXI,2021-01-01,South Lahontan,9,10.5927,6.0,1.0,14.0,13.5672,71787857
DISALEXI,2021-02-01,South Lahontan,9,15.2767,9.0,2.0,20.0,19.0541,69818128
DISALEXI,2021-03-01,South Lahontan,9,21.48,12.4911,2.4662,28.4876,26.5068,71770339
DISALEXI,2021-04-01,South Lahontan,9,24.2129,10.4845,2.4634,32.4913,31.8954,74425359
DISALEXI,2021-05-01,South Lahontan,9,24.1796,8.479,0.2987,34.4923,33.7048,75321469
DISALEXI,2021-06-01,South Lahontan,9,23.61,8.4786,0.2308,32.4928,33.5955,75898068
DISALEXI,2021-07-01,South Lahontan,9,23.1987,10.48,2.4637,32.4915,31.9492,76079498
DISALEXI,2021-08-01,South Lahontan,9,20.641,6.4706,0.2428,28.4905,30.4871,76113811
DISALEXI,2021-09-01,South Lahontan,9,15.7204,5.0,0.0,19.0,25.1227,76078744
DISALEXI,2021-10-01,South Lahontan,9,11.4192,4.0,0.0,13.0,18.2929,75677675
DISALEXI,2021-11-01,South Lahontan,9,9.5808,3.0,0.0,11.0,14.8912,74466822
DISALEXI,2021-12-01,South Lahontan,9,8.2659,4.0,1.0,11.0,10.8296,74085333
DISALEXI,2022-01-01,South Lahontan,9,12.8754,8.0,2.0,17.0,14.8337,67312702
DISALEXI,2022-02-01,South Lahontan,9,13.7924,8.0,1.0,18.0,17.9577,67646972
DISALEXI,2022-03-01,South Lahontan,9,21.8142,12.4888,4.4883,28.4872,25.5982,72010584
DISALEXI,2022-04-01,South Lahontan,9,29.2213,18.4881,6.4959,40.4927,31.0167,74186056
DISALEXI,2022-05-01,South Lahontan,9,27.5126,14.4869,2.4555,40.494,34.3444,75192687
DISALEXI,2022-06-01,South Lahontan,9,21.7764,8.4725,0.2402,28.4903,31.5422,75697072
DISALEXI,2022-07-01,South Lahontan,9,25.7542,12.4857,2.4549,36.4921,34.1108,75859488
DISALEXI,2022-08-01,South Lahontan,9,27.0993,16.4888,4.4887,38.4911,30.8827,75583349
DISALEXI,2022-09-01,South Lahontan,9,19.2941,8.4802,0.2504,26.4884,26.6196,75796309
DISALEXI,2022-10-01,South Lahontan,9,12.0268,3.0,0.0,14.0,19.9151,75921628
DISALEXI,2022-11-01,South Lahontan,9,8.3253,2.0,0.0,10.0,13.6623,75670997
DISALEXI,2022-12-01,South Lahontan,9,8.1537,4.0,1.0,11.0,11.0166,69420861
DISALEXI,2023-01-01,South Lahontan,9,12.8192,10.0,4.0,17.0,12.1507,65514762
DISALEXI,2023-02-01,South Lahontan,9,16.9858,13.0,6.0,23.0,16.0073,65734762
DISALEXI,2023-03-01,South Lahontan,9,33.144,31.0,19.0,43.0,21.0251,65291051
DISALEXI,2023-04-01,South Lahontan,9,37.7576,30.4962,14.503,52.4892,30.4029,70170710
DISALEXI,2023-05-01,South Lahontan,9,35.8676,24.4919,10.5011,52.493,34.4402,73319896
DISALEXI,2023-06-01,South Lahontan,9,28.0949,12.4859,0.2842,42.496,36.195,74339628
DISALEXI,2023-07-01,South Lahontan,9,26.8621,12.4876,2.4585,38.4944,35.1553,74878195
DISALEXI,2023-08-01,South Lahontan,9,27.3774,16.4869,6.4993,36.4903,29.6179,75350962
DISALEXI,2023-09-01,South Lahontan,9,26.6627,18.4922,6.4902,38.4921,27.3736,75557130
DISALEXI,2023-10-01,South Lahontan,9,17.5429,9.0,2.0,23.0,23.3241,75580382
DISALEXI,2023-11-01,South Lahontan,9,9.9603,4.0,0.0,13.0,14.4174,75098862
DISALEXI,2023-12-01,South Lahontan,9,9.7072,5.0,1.0,13.0,12.7047,73815498
DISALEXI,2024-01-01,South Lahontan,9,16.1677,13.0,6.0,21.0,14.2722,69294265
DISALEXI,2024-02-01,South Lahontan,9,26.0318,24.0,16.0,32.0,16.1361,68875003
DISALEXI,2024-03-01,South Lahontan,9,36.8502,34.0,21.0,47.0,23.0045,67730441
DISALEXI,2024-04-01,South Lahontan,9,44.0051,39.0,22.0,59.0,30.2293,73502233
DISALEXI,2024-05-01,South Lahontan,9,36.5148,24.4938,6.4912,54.4959,37.5896,74608312
DISALEXI,2024-06-01,South Lahontan,9,35.4021,22.4924,6.4916,52.4947,38.2769,75611356
DISALEXI,2024-07-01,South Lahontan,9,29.3738,16.49,4.4852,42.493,35.9065,75863769
DISALEXI,2024-08-01,South Lahontan,9,20.6221,8.4787,0.2365,26.4879,30.0872,75914911
DISALEXI,2024-09-01,South Lahontan,9,16.0002,4.4618,0.1878,20.4871,24.9548,75875606
DISALEXI,2024-10-01,South Lahontan,9,10.9412,3.0,0.0,12.0,18.8345,75831014
DISALEXI,2024-11-01,South Lahontan,9,6.1766,1.0,0.0,5.0,12.3621,74627039
DISALEXI,2024-12-01,South Lahontan,9,6.3751,1.0,0.0,7.0,10.8594,72555761
DISALEXI,2025-01-01,South Lahontan,9,9.6978,4.0,1.0,12.0,13.9138,72446898
DISALEXI,2025-02-01,South Lahontan,9,18.3186,14.0,5.0,25.0,17.408,71643889
DISALEXI,2025-03-01,South Lahontan,9,26.3518,20.4915,8.5023,36.488,25.113,71790803
DISALEXI,2025-04-01,South Lahontan,9,29.1568,20.491,8.4983,40.4914,29.2197,73548432
DISALEXI,2025-05-01,South Lahontan,9,29.0832,16.4894,4.476,42.4938,34.1212,74851181
DISALEXI,2025-06-01,South Lahontan,9,25.4756,10.4841,0.2139,36.4938,34.709,75564999
DISALEXI,2025-07-01,South Lahontan,9,24.1147,10.4846,0.2264,34.4921,33.0799,75769687
DISALEXI,2025-08-01,South Lahontan,9,21.9313,10.4864,2.4622,30.489,29.6403,75736121
DISALEXI,2025-09-01,South Lahontan,9,17.339,8.4812,2.468,24.4877,22.8891,75465438
DISALEXI,2025-10-01,South Lahontan,9,15.7366,7.0,1.0,21.0,21.0147,75572208
DISALEXI,2025-11-01,South Lahontan,9,12.1939,8.0,4.0,15.0,13.299,74905673
DISALEXI,2025-12-01,South Lahontan,9,14.6689,12.0,6.0,19.0,12.4681,71630311
DISALEXI,2003-10-01,Tulare Lake,7,35.6952,28.0,6.0,60.0,31.8906,47537501
DISALEXI,2003-11-01,Tulare Lake,7,18.8354,15.0,4.0,30.0,16.4023,42658673
DISALEXI,2003-12-01,Tulare Lake,7,14.1352,13.0,6.0,19.0,11.1292,39765197
DISALEXI,2004-01-01,Tulare Lake,7,23.2976,23.0,14.0,30.0,13.876,36745515
DISALEXI,2004-02-01,Tulare Lake,7,30.7886,30.0,20.0,40.0,15.6265,37847213
DISALEXI,2004-03-01,Tulare Lake,7,70.3575,66.4967,46.5057,92.4953,32.0542,41529969
DISALEXI,2004-04-01,Tulare Lake,7,69.7568,63.0,30.0,105.0,48.1929,44228518
DISALEXI,2004-05-01,Tulare Lake,7,72.0049,62.5001,16.4958,116.4994,59.4873,45261097
DISALEXI,2004-06-01,Tulare Lake,7,88.1806,82.5019,26.4989,140.4987,66.7808,46443128
DISALEXI,2004-07-01,Tulare Lake,7,81.7434,68.4995,14.4958,138.4999,69.9662,47671936
DISALEXI,2004-08-01,Tulare Lake,7,73.994,60.4983,16.4957,120.4975,62.4649,47741891
DISALEXI,2004-09-01,Tulare Lake,7,46.8845,35.0,4.0,82.0,44.5416,47496808
DISALEXI,2004-10-01,Tulare Lake,7,33.6598,29.0,10.0,53.0,27.2385,46887179
DISALEXI,2004-11-01,Tulare Lake,7,25.5475,23.0,9.0,39.0,19.5552,35447476
DISALEXI,2004-12-01,Tulare Lake,7,17.9813,16.0,5.0,28.0,14.5788,27728112
DISALEXI,2005-01-01,Tulare Lake,7,23.2761,23.0,13.0,31.0,14.9455,33921844
DISALEXI,2005-02-01,Tulare Lake,7,37.769,37.0,27.0,47.0,16.45,37866882
DISALEXI,2005-03-01,Tulare Lake,7,64.3617,62.0,49.0,78.0,22.3368,38154097
DISALEXI,2005-04-01,Tulare Lake,7,82.2034,78.4967,54.5036,110.4979,37.078,40930031
DISALEXI,2005-05-01,Tulare Lake,7,98.6519,94.4986,58.5009,136.4985,50.0181,43529682
DISALEXI,2005-06-01,Tulare Lake,7,99.1787,94.5004,52.501,142.4966,59.2022,45771391
DISALEXI,2005-07-01,Tulare Lake,7,107.6482,102.4993,54.5013,160.4999,64.2492,47182481
DISALEXI,2005-08-01,Tulare Lake,7,83.728,74.4981,32.5013,130.4987,59.9009,47632262
DISALEXI,2005-09-01,Tulare Lake,7,55.1551,48.0,17.0,89.0,42.9289,47662030
DISALEXI,2005-10-01,Tulare Lake,7,38.3992,34.0,12.0,61.0,30.1648,47613102
DISALEXI,2005-11-01,Tulare Lake,7,20.0569,16.0,5.0,32.0,17.6243,46574626
DISALEXI,2005-12-01,Tulare Lake,7,15.2374,13.0,5.0,23.0,11.9573,39738806
DISALEXI,2006-01-01,Tulare Lake,7,24.4687,24.0,16.0,32.0,13.9312,40658930
DISALEXI,2006-02-01,Tulare Lake,7,34.9708,34.0,21.0,48.0,19.9008,41016354
DISALEXI,2006-03-01,Tulare Lake,7,47.1066,46.0,32.0,62.0,21.897,35707205
DISALEXI,2006-04-01,Tulare Lake,7,75.5683,73.0,49.0,101.0,34.8651,40543320
DISALEXI,2006-05-01,Tulare Lake,7,98.8744,96.4989,56.5009,138.4974,54.1323,44049261
DISALEXI,2006-06-01,Tulare Lake,7,99.5758,98.5019,48.5001,146.4979,62.0149,45715347
DISALEXI,2006-07-01,Tulare Lake,7,99.4392,92.4983,42.5,154.4987,66.5289,46631338
DISALEXI,2006-08-01,Tulare Lake,7,76.8104,66.4986,22.5008,122.4978,61.8771,47609823
DISALEXI,2006-09-01,Tulare Lake,7,52.8148,42.4969,10.4925,88.4985,45.7438,47500734
DISALEXI,2006-10-01,Tulare Lake,7,30.5999,24.0,4.0,52.0,27.9968,47039612
DISALEXI,2006-11-01,Tulare Lake,7,18.2091,13.0,2.0,30.0,17.8543,46723229
DISALEXI,2006-12-01,Tulare Lake,7,12.8973,10.0,2.0,20.0,12.7419,45278524
DISALEXI,2007-01-01,Tulare Lake,7,18.7545,16.0,5.0,29.0,15.9696,41288740
DISALEXI,2007-02-01,Tulare Lake,7,27.9305,26.0,13.0,40.0,18.7149,41367379
DISALEXI,2007-03-01,Tulare Lake,7,57.6398,54.0,28.0,85.0,37.0889,42916181
DISALEXI,2007-04-01,Tulare Lake,7,65.4159,61.0,25.0,102.0,46.3788,44073647
DISALEXI,2007-05-01,Tulare Lake,7,79.1148,74.499,20.4984,126.4972,61.9517,46391513
DISALEXI,2007-06-01,Tulare Lake,7,79.1728,70.4995,14.4942,130.4999,65.8722,47437368
DISALEXI,2007-07-01,Tulare Lake,7,78.1721,64.4984,12.4926,132.4984,68.0233,47726410
DISALEXI,2007-08-01,Tulare Lake,7,70.2967,58.497,14.4924,116.4986,60.1322,47792418
DISALEXI,2007-09-01,Tulare Lake,7,49.3941,41.0,9.0,83.0,42.7759,47671030
DISALEXI,2007-10-01,Tulare Lake,7,27.8312,18.0,1.0,49.0,28.7113,46602177
DISALEXI,2007-11-01,Tulare Lake,7,21.5748,16.0,2.0,37.0,20.6764,40243247
DISALEXI,2007-12-01,Tulare Lake,7,15.1726,13.0,3.0,23.0,13.4221,34773874
DISALEXI,2008-01-01,Tulare Lake,7,19.5708,18.0,10.0,27.0,13.3062,34854817
DISALEXI,2008-02-01,Tulare Lake,7,36.019,35.0,23.0,49.0,18.4364,38809207
DISALEXI,2008-03-01,Tulare Lake,7,59.0009,56.0,33.0,84.0,34.7092,40426989
DISALEXI,2008-04-01,Tulare Lake,7,63.7275,56.4985,22.5014,98.4993,48.5703,42436978
DISALEXI,2008-05-01,Tulare Lake,7,73.3517,66.4997,24.4969,116.4978,55.7322,44754433
DISALEXI,2008-06-01,Tulare Lake,7,74.6034,66.4994,14.4938,122.4979,62.8964,46768600
DISALEXI,2008-07-01,Tulare Lake,7,76.5007,64.4992,14.4942,128.4998,64.7572,47666940
DISALEXI,2008-08-01,Tulare Lake,7,65.4057,50.4981,8.4832,108.4984,60.1901,47834043
DISALEXI,2008-09-01,Tulare Lake,7,46.3133,34.0,4.0,79.0,44.4665,47706176
DISALEXI,2008-10-01,Tulare Lake,7,26.6086,17.0,2.0,46.0,27.1228,47933195
DISALEXI,2008-11-01,Tulare Lake,7,21.0466,17.0,4.0,35.0,18.445,47607442
DISALEXI,2008-12-01,Tulare Lake,7,17.7397,16.0,6.0,27.0,13.8444,40661352
DISALEXI,2009-01-01,Tulare Lake,7,23.3195,22.0,10.0,34.0,16.4601,40210013
DISALEXI,2009-02-01,Tulare Lake,7,29.3118,28.0,18.0,39.0,15.872,40510821
DISALEXI,2009-03-01,Tulare Lake,7,56.0704,50.4964,30.5018,80.4974,33.0704,41232000
DISALEXI,2009-04-01,Tulare Lake,7,61.2048,52.4991,16.4967,98.4989,48.7096,42559315
DISALEXI,2009-05-01,Tulare Lake,7,69.0662,62.4996,10.4884,114.4987,58.1815,45080794
DISALEXI,2009-06-01,Tulare Lake,7,65.9838,56.5012,8.4871,110.4987,58.7847,46382587
DISALEXI,2009-07-01,Tulare Lake,7,74.967,60.499,8.4872,128.4995,67.6714,47137094
DISALEXI,2009-08-01,Tulare Lake,7,60.1206,45.0,4.4744,104.4993,57.3144,47797939
DISALEXI,2009-09-01,Tulare Lake,7,43.6248,32.0,3.0,75.0,42.6789,47774088
DISALEXI,2009-10-01,Tulare Lake,7,29.0852,22.0,3.0,50.0,27.7353,47247082
DISALEXI,2009-11-01,Tulare Lake,7,16.696,10.0,1.0,29.0,17.8964,46067687
DISALEXI,2009-12-01,Tulare Lake,7,13.7502,11.0,2.0,22.0,12.8326,43275935
DISALEXI,2010-01-01,Tulare Lake,7,23.3904,23.0,14.0,31.0,13.1213,28843609
DISALEXI,2010-02-01,Tulare Lake,7,35.379,34.0,27.0,43.0,13.6474,36706931
DISALEXI,2010-03-01,Tulare Lake,7,68.0222,66.0,49.0,87.0,26.1212,36371065
DISALEXI,2010-04-01,Tulare Lake,7,81.5419,79.0,54.0,109.0,35.8511,40814190
DISALEXI,2010-05-01,Tulare Lake,7,84.9679,78.4987,42.5006,124.4992,53.2498,42405425
DISALEXI,2010-06-01,Tulare Lake,7,86.1509,78.4999,32.4994,132.499,62.5652,45932318
DISALEXI,2010-07-01,Tulare Lake,7,93.6826,84.4986,34.4996,146.499,67.4382,47378826
DISALEXI,2010-08-01,Tulare Lake,7,76.1072,64.4984,24.5003,122.4972,59.8168,47654151
DISALEXI,2010-09-01,Tulare Lake,7,51.3903,41.0,11.0,84.0,44.3102,47605014
DISALEXI,2010-10-01,Tulare Lake,7,37.7912,33.0,14.0,59.0,28.239,47100981
DISALEXI,2010-11-01,Tulare Lake,7,24.949,23.0,12.0,37.0,17.1963,46937975
DISALEXI,2010-12-01,Tulare Lake,7,16.024,15.0,10.0,20.0,10.043,39133787
DISALEXI,2011-01-01,Tulare Lake,7,26.7003,26.0,18.0,34.0,14.3463,39401368
DISALEXI,2011-02-01,Tulare Lake,7,36.6993,35.0,24.0,48.0,18.2764,39059613
DISALEXI,2011-03-01,Tulare Lake,7,54.4771,53.0,39.0,69.0,21.1493,38931492
DISALEXI,2011-04-01,Tulare Lake,7,75.5832,70.4966,48.5049,100.4967,34.7117,40661353
DISALEXI,2011-05-01,Tulare Lake,7,81.0662,74.497,40.5015,118.4991,50.746,42604856
DISALEXI,2011-06-01,Tulare Lake,7,90.5193,86.4991,44.5009,134.5,57.5389,45311519
DISALEXI,2011-07-01,Tulare Lake,7,98.427,90.4991,42.5012,150.4995,66.0876,46753342
DISALEXI,2011-08-01,Tulare Lake,7,83.4083,72.4996,30.4999,130.4975,61.7309,47369943
DISALEXI,2011-09-01,Tulare Lake,7,56.882,49.0,19.0,91.0,43.7653,47700005
DISALEXI,2011-10-01,Tulare Lake,7,40.0085,37.0,14.0,63.0,29.222,47322537
DISALEXI,2011-11-01,Tulare Lake,7,22.7223,20.0,9.0,34.0,16.9122,46505889
DISALEXI,2011-12-01,Tulare Lake,7,16.2421,13.0,3.0,26.0,14.502,41801445
DISALEXI,2012-01-01,Tulare Lake,7,19.4487,17.0,6.0,30.0,15.7482,38715216
DISALEXI,2012-02-01,Tulare Lake,7,27.4584,26.0,11.0,41.0,19.6819,32207697
DISALEXI,2012-03-01,Tulare Lake,7,47.3958,43.0,20.0,71.0,33.7015,32028771
DISALEXI,2012-04-01,Tulare Lake,7,72.558,69.0,39.0,104.0,42.6738,42352702
DISALEXI,2012-05-01,Tulare Lake,7,86.5196,80.4992,32.5004,132.4982,62.3766,44940337
DISALEXI,2012-06-01,Tulare Lake,7,82.6475,76.4997,24.4994,130.4983,64.2367,46735724
DISALEXI,2012-07-01,Tulare Lake,7,78.278,66.4994,14.4964,128.4987,66.957,45825583
DISALEXI,2012-08-01,Tulare Lake,7,75.3165,62.4976,16.4966,120.4998,64.6844,45313663
DISALEXI,2012-09-01,Tulare Lake,7,50.4791,40.0,8.0,85.0,45.5929,44680288
DISALEXI,2012-10-01,Tulare Lake,7,33.1981,27.0,5.0,56.0,29.8802,45681400
DISALEXI,2012-11-01,Tulare Lake,7,18.1694,15.0,2.0,30.0,16.8288,38739873
DISALEXI,2012-12-01,Tulare Lake,7,12.3546,12.0,5.0,18.0,9.5196,36019528
DISALEXI,2013-01-01,Tulare Lake,7,21.3595,20.0,10.0,30.0,14.7819,36776487
DISALEXI,2013-02-01,Tulare Lake,7,32.7716,31.0,17.0,47.0,20.8632,36992866
DISALEXI,2013-03-01,Tulare Lake,7,48.9484,45.0,22.0,74.0,33.1297,39492344
DISALEXI,2013-04-01,Tulare Lake,7,65.3894,60.4985,22.499,102.4986,48.2007,44877815
DISALEXI,2013-05-01,Tulare Lake,7,72.6529,64.4991,18.4962,116.4975,58.6158,46142309
DISALEXI,2013-06-01,Tulare Lake,7,78.962,70.5005,18.495,126.4982,63.5912,47344912
DISALEXI,2013-07-01,Tulare Lake,7,72.5283,58.4987,12.49,120.4982,64.9995,47532419
DISALEXI,2013-08-01,Tulare Lake,7,61.9216,46.4987,6.4775,102.4978,58.4933,47592053
DISALEXI,2013-09-01,Tulare Lake,7,47.5912,38.0,8.0,79.0,42.8888,47762418
DISALEXI,2013-10-01,Tulare Lake,7,25.3629,16.0,1.0,45.0,27.1026,47339495
DISALEXI,2013-11-01,Tulare Lake,7,17.4623,11.0,1.0,30.0,18.5983,46889544
DISALEXI,2013-12-01,Tulare Lake,7,13.2531,9.0,0.0,23.0,14.1765,43674982
DISALEXI,2014-01-01,Tulare Lake,7,15.5594,10.0,2.0,26.0,15.6837,44007507
DISALEXI,2014-02-01,Tulare Lake,7,25.0258,22.0,8.0,39.0,19.8864,43120092
DISALEXI,2014-03-01,Tulare Lake,7,44.5902,40.0,18.0,68.0,32.4179,43219310
DISALEXI,2014-04-01,Tulare Lake,7,64.8742,61.0,25.0,101.0,45.754,44301134
DISALEXI,2014-05-01,Tulare Lake,7,67.723,60.5003,12.488,110.4993,57.4557,46068655
DISALEXI,2014-06-01,Tulare Lake,7,71.3414,58.4974,8.4865,118.4975,64.468,47326604
DISALEXI,2014-07-01,Tulare Lake,7,89.7925,80.4988,34.4985,140.4985,64.38,47524155
DISALEXI,2014-08-01,Tulare Lake,7,62.2606,48.4984,10.4875,102.4964,56.4876,47380138
DISALEXI,2014-09-01,Tulare Lake,7,45.2052,33.0,4.0,77.0,43.8506,47452821
DISALEXI,2014-10-01,Tulare Lake,7,29.2909,19.0,2.0,50.0,30.1315,47751720
DISALEXI,2014-11-01,Tulare Lake,7,21.2932,17.0,5.0,34.0,18.1571,46907924
DISALEXI,2014-12-01,Tulare Lake,7,13.761,11.0,6.0,20.0,10.9564,42935458
DISALEXI,2015-01-01,Tulare Lake,7,24.2178,23.0,14.0,33.0,15.0126,42146068
DISALEXI,2015-02-01,Tulare Lake,7,35.8463,33.0,22.0,50.0,19.5479,44049584
DISALEXI,2015-03-01,Tulare Lake,7,55.0669,48.4962,28.5032,80.4976,34.5983,45155276
DISALEXI,2015-04-01,Tulare Lake,7,56.3934,48.4991,16.4954,88.4994,44.3231,45792294
DISALEXI,2015-05-01,Tulare Lake,7,69.5411,63.0,18.0,111.0,55.6286,46325514
DISALEXI,2015-06-01,Tulare Lake,7,68.9812,56.498,10.4904,114.4982,61.6084,47225566
DISALEXI,2015-07-01,Tulare Lake,7,69.0551,54.4963,8.4863,114.4979,62.7395,47521547
DISALEXI,2015-08-01,Tulare Lake,7,62.3892,50.4998,8.4873,102.4974,56.9783,47603813
DISALEXI,2015-09-01,Tulare Lake,7,43.5875,30.4956,4.474,72.498,43.3718,47457587
DISALEXI,2015-10-01,Tulare Lake,7,33.2893,25.0,6.0,55.0,30.9138,47107360
DISALEXI,2015-11-01,Tulare Lake,7,20.7161,18.0,6.0,33.0,17.167,41053751
DISALEXI,2015-12-01,Tulare Lake,7,15.3428,14.0,5.0,22.0,12.0838,38629861
DISALEXI,2016-01-01,Tulare Lake,7,19.3842,19.0,13.0,25.0,10.4483,36032336
DISALEXI,2016-02-01,Tulare Lake,7,46.0433,44.0,33.0,60.0,19.5319,41209301
DISALEXI,2016-03-01,Tulare Lake,7,61.2489,59.0,38.0,84.0,30.5407,42230966
DISALEXI,2016-04-01,Tulare Lake,7,71.1757,68.0,36.0,104.0,43.5254,43212474
DISALEXI,2016-05-01,Tulare Lake,7,82.0769,78.4995,38.5013,122.4981,53.9456,44544337
DISALEXI,2016-06-01,Tulare Lake,7,87.4246,80.4983,34.5023,134.4983,62.9649,46389816
DISALEXI,2016-07-01,Tulare Lake,7,80.4978,68.4993,20.4989,130.4993,65.8563,47599289
DISALEXI,2016-08-01,Tulare Lake,7,69.1813,56.4973,18.5004,110.4965,58.6488,47767451
DISALEXI,2016-09-01,Tulare Lake,7,46.3083,34.4976,6.4883,76.4985,43.2281,47801613
DISALEXI,2016-10-01,Tulare Lake,7,28.0698,21.0,4.0,47.0,26.3682,47748634
DISALEXI,2016-11-01,Tulare Lake,7,22.1192,18.0,6.0,35.0,19.2107,45987026
DISALEXI,2016-12-01,Tulare Lake,7,16.0856,14.0,6.0,24.0,12.3269,40280282
DISALEXI,2017-01-01,Tulare Lake,7,21.2798,21.0,14.0,28.0,10.9054,35090655
DISALEXI,2017-02-01,Tulare Lake,7,29.0627,28.0,22.0,36.0,10.8877,37985203
DISALEXI,2017-03-01,Tulare Lake,7,66.5559,64.0,50.0,83.0,24.196,40086241
DISALEXI,2017-04-01,Tulare Lake,7,73.7012,68.498,46.5035,98.4979,35.0795,42079193
DISALEXI,2017-05-01,Tulare Lake,7,92.3205,84.4987,50.5003,130.4973,53.0207,43532126
DISALEXI,2017-06-01,Tulare Lake,7,104.4018,96.497,56.5012,148.4986,60.7507,45711609
DISALEXI,2017-07-01,Tulare Lake,7,97.369,86.4977,44.501,146.499,64.1847,46290437
DISALEXI,2017-08-01,Tulare Lake,7,79.817,68.4968,34.5003,120.498,55.2876,46704562
DISALEXI,2017-09-01,Tulare Lake,7,50.8354,42.4975,16.4968,80.4978,39.9914,47650337
DISALEXI,2017-10-01,Tulare Lake,7,30.2214,23.0,5.0,50.0,28.0383,47454842
DISALEXI,2017-11-01,Tulare Lake,7,18.7954,15.0,4.0,31.0,16.7468,47039311
DISALEXI,2017-12-01,Tulare Lake,7,14.6747,11.0,2.0,24.0,14.0116,45088191
DISALEXI,2018-01-01,Tulare Lake,7,20.6676,20.0,12.0,28.0,12.8348,44483525
DISALEXI,2018-02-01,Tulare Lake,7,30.8453,28.0,14.0,46.0,21.3668,44445962
DISALEXI,2018-03-01,Tulare Lake,7,43.0086,41.0,24.0,59.0,25.0244,38364075
DISALEXI,2018-04-01,Tulare Lake,7,70.639,66.4989,36.5016,102.4969,43.1017,43267180
DISALEXI,2018-05-01,Tulare Lake,7,81.5647,78.4989,34.5017,124.4981,56.1802,45991087
DISALEXI,2018-06-01,Tulare Lake,7,87.2172,80.5008,30.4995,136.4993,64.7991,46871277
DISALEXI,2018-07-01,Tulare Lake,7,93.1974,84.5002,34.4997,144.498,68.0477,47495712
DISALEXI,2018-08-01,Tulare Lake,7,72.3936,60.4988,20.4987,114.498,58.7579,47813514
DISALEXI,2018-09-01,Tulare Lake,7,48.3392,36.0,8.0,80.0,44.4597,47783113
DISALEXI,2018-10-01,Tulare Lake,7,31.2548,24.0,4.0,53.0,29.2505,47545072
DISALEXI,2018-11-01,Tulare Lake,7,15.5042,11.0,2.0,26.0,15.3461,47304095
DISALEXI,2018-12-01,Tulare Lake,7,16.7854,16.0,8.0,23.0,11.6591,41439742
DISALEXI,2019-01-01,Tulare Lake,7,19.8576,19.0,11.0,27.0,12.856,38966807
DISALEXI,2019-02-01,Tulare Lake,7,26.2622,25.0,19.0,33.0,11.6143,34561737
DISALEXI,2019-03-01,Tulare Lake,7,54.251,51.0,36.0,71.0,24.2735,37876620
DISALEXI,2019-04-01,Tulare Lake,7,71.4256,66.4965,38.5012,100.4978,39.8814,41400886
DISALEXI,2019-05-01,Tulare Lake,7,77.2122,74.4985,40.5027,112.4975,45.582,42787647
DISALEXI,2019-06-01,Tulare Lake,7,99.3345,94.4985,46.5002,146.4991,63.9105,45460201
DISALEXI,2019-07-01,Tulare Lake,7,95.2221,84.4984,38.4992,146.4991,68.1665,46472750
DISALEXI,2019-08-01,Tulare Lake,7,80.4753,68.4987,28.5006,124.4988,61.6427,47415413
DISALEXI,2019-09-01,Tulare Lake,7,52.6512,44.0,15.0,85.0,42.8898,47778718
DISALEXI,2019-10-01,Tulare Lake,7,31.7204,24.0,4.0,54.0,30.1767,47653502
DISALEXI,2019-11-01,Tulare Lake,7,18.5303,13.0,3.0,31.0,17.515,47288775
DISALEXI,2019-12-01,Tulare Lake,7,16.4032,15.0,9.0,22.0,10.9575,39659488
DISALEXI,2020-01-01,Tulare Lake,7,24.3153,23.0,15.0,32.0,14.3818,40652055
DISALEXI,2020-02-01,Tulare Lake,7,36.4398,33.0,20.0,52.0,21.995,41841917
DISALEXI,2020-03-01,Tulare Lake,7,48.2155,45.0,30.0,66.0,25.613,41750563
DISALEXI,2020-04-01,Tulare Lake,7,76.9324,74.4974,48.5055,104.4983,36.7609,42818023
DISALEXI,2020-05-01,Tulare Lake,7,87.3094,82.4988,44.5033,128.498,53.8431,45958522
DISALEXI,2020-06-01,Tulare Lake,7,82.3387,74.4995,28.5014,128.4987,62.4923,47048602
DISALEXI,2020-07-01,Tulare Lake,7,86.0761,72.4988,24.4984,138.4993,70.4735,47732626
DISALEXI,2020-08-01,Tulare Lake,7,75.6501,64.4976,24.4992,118.4977,59.5038,47897135
DISALEXI,2020-09-01,Tulare Lake,7,57.6946,50.0,20.0,90.0,43.8404,47988083
DISALEXI,2020-10-01,Tulare Lake,7,34.5321,27.0,7.0,57.0,30.4325,47716314
DISALEXI,2020-11-01,Tulare Lake,7,18.3825,14.0,2.0,31.0,17.8021,47027758
DISALEXI,2020-12-01,Tulare Lake,7,13.1793,10.0,1.0,22.0,12.8698,45725923
DISALEXI,2021-01-01,Tulare Lake,7,18.9076,17.0,6.0,29.0,14.9015,42573767
DISALEXI,2021-02-01,Tulare Lake,7,30.8561,28.0,16.0,44.0,19.6868,40842560
DISALEXI,2021-03-01,Tulare Lake,7,47.5633,42.4943,22.5063,70.4966,32.0594,41971351
DISALEXI,2021-04-01,Tulare Lake,7,63.5583,56.4986,22.5003,98.4978,47.2318,45012589
DISALEXI,2021-05-01,Tulare Lake,7,71.3599,62.5002,14.4918,114.4986,59.9505,46331452
DISALEXI,2021-06-01,Tulare Lake,7,77.7766,66.499,18.4983,124.4974,64.3213,47474104
DISALEXI,2021-07-01,Tulare Lake,7,75.3264,60.4986,14.4942,122.4979,66.9475,47711924
DISALEXI,2021-08-01,Tulare Lake,7,63.8816,48.4959,10.4903,104.4971,59.5278,47889496
DISALEXI,2021-09-01,Tulare Lake,7,43.957,31.0,4.0,75.0,43.3065,47908334
DISALEXI,2021-10-01,Tulare Lake,7,28.8133,22.0,4.0,49.0,26.7954,46803016
DISALEXI,2021-11-01,Tulare Lake,7,19.9322,16.0,3.0,33.0,17.6218,45741262
DISALEXI,2021-12-01,Tulare Lake,7,12.5015,11.0,3.0,19.0,10.6658,43983615
DISALEXI,2022-01-01,Tulare Lake,7,24.8581,23.0,13.0,35.0,16.1716,38732581
DISALEXI,2022-02-01,Tulare Lake,7,32.0316,29.0,15.0,47.0,21.7519,40649365
DISALEXI,2022-03-01,Tulare Lake,7,48.9023,45.0,23.0,72.0,32.7858,41620136
DISALEXI,2022-04-01,Tulare Lake,7,64.6845,58.4989,24.4995,100.4983,47.3439,44313447
DISALEXI,2022-05-01,Tulare Lake,7,75.3152,68.4981,22.4987,118.4981,58.6798,46206268
DISALEXI,2022-06-01,Tulare Lake,7,72.8817,62.4985,16.4944,116.4978,61.9067,47008224
DISALEXI,2022-07-01,Tulare Lake,7,75.8323,62.4987,14.4968,124.4965,66.4827,47582740
DISALEXI,2022-08-01,Tulare Lake,7,63.9056,50.499,10.4907,102.4972,58.5534,46874488
DISALEXI,2022-09-01,Tulare Lake,7,45.0701,34.496,6.4873,74.4985,41.8257,47352957
DISALEXI,2022-10-01,Tulare Lake,7,28.4507,17.0,1.0,49.0,30.414,47673572
DISALEXI,2022-11-01,Tulare Lake,7,15.7557,11.0,1.0,27.0,15.906,47492104
DISALEXI,2022-12-01,Tulare Lake,7,13.2443,12.0,5.0,20.0,10.1767,41635047
DISALEXI,2023-01-01,Tulare Lake,7,20.6898,20.0,15.0,26.0,10.4226,38684215
DISALEXI,2023-02-01,Tulare Lake,7,34.5872,34.0,26.0,43.0,14.5643,38687152
DISALEXI,2023-03-01,Tulare Lake,7,55.2759,54.0,43.0,66.0,18.38,38186428
DISALEXI,2023-04-01,Tulare Lake,7,95.1913,92.4992,70.5031,118.4952,34.2928,40602121
DISALEXI,2023-05-01,Tulare Lake,7,96.3355,90.4973,62.5029,128.4968,45.9716,42500727
DISALEXI,2023-06-01,Tulare Lake,7,97.0409,88.497,54.5022,134.4975,54.432,44239566
DISALEXI,2023-07-01,Tulare Lake,7,100.9472,88.4964,52.5018,144.4964,63.5919,45795821
DISALEXI,2023-08-01,Tulare Lake,7,80.927,68.4965,38.502,118.4984,54.5596,46566038
DISALEXI,2023-09-01,Tulare Lake,7,54.7321,48.0,23.0,83.0,38.6479,47234460
DISALEXI,2023-10-01,Tulare Lake,7,34.9521,28.0,10.0,56.0,29.1505,47240487
DISALEXI,2023-11-01,Tulare Lake,7,18.314,14.0,3.0,30.0,17.2015,46474403
DISALEXI,2023-12-01,Tulare Lake,7,14.6315,12.0,4.0,22.0,12.1556,44959748
DISALEXI,2024-01-01,Tulare Lake,7,22.5538,21.0,15.0,28.0,11.6945,40326860
DISALEXI,2024-02-01,Tulare Lake,7,38.4428,38.0,30.0,46.0,13.8708,40573097
DISALEXI,2024-03-01,Tulare Lake,7,64.5005,62.0,48.0,79.0,23.8306,39512512
DISALEXI,2024-04-01,Tulare Lake,7,87.976,86.4978,64.5017,112.4973,32.5844,42642012
DISALEXI,2024-05-01,Tulare Lake,7,97.5145,92.4988,56.5029,136.4971,51.7196,44662790
DISALEXI,2024-06-01,Tulare Lake,7,99.2775,90.4975,52.4999,142.4992,60.1855,46753989
DISALEXI,2024-07-01,Tulare Lake,7,99.414,88.4985,48.5007,146.4971,63.7418,47459270
DISALEXI,2024-08-01,Tulare Lake,7,70.5944,56.4975,24.5008,108.498,55.7349,47726022
DISALEXI,2024-09-01,Tulare Lake,7,49.9061,38.0,14.0,79.0,42.73,47814557
DISALEXI,2024-10-01,Tulare Lake,7,30.2458,21.0,5.0,50.0,28.88,47717617
DISALEXI,2024-11-01,Tulare Lake,7,17.3287,13.0,4.0,28.0,15.2448,45264804
DISALEXI,2024-12-01,Tulare Lake,7,15.7069,15.0,7.0,23.0,11.4798,43116375
DISALEXI,2025-01-01,Tulare Lake,7,22.0583,21.0,10.0,32.0,15.585,43160784
DISALEXI,2025-02-01,Tulare Lake,7,32.3427,30.0,21.0,43.0,16.7213,41522692
DISALEXI,2025-03-01,Tulare Lake,7,52.1031,49.0,35.0,68.0,23.6992,41087110
DISALEXI,2025-04-01,Tulare Lake,7,73.0721,70.4984,38.5028,106.4985,42.9525,42727726
DISALEXI,2025-05-01,Tulare Lake,7,83.4326,78.4984,34.501,126.4976,58.0511,45502592
DISALEXI,2025-06-01,Tulare Lake,7,82.7147,74.4982,26.4997,128.4991,64.1539,46816145
DISALEXI,2025-07-01,Tulare Lake,7,79.559,64.498,18.4998,128.4988,67.7313,47541396
DISALEXI,2025-08-01,Tulare Lake,7,68.0386,54.4964,16.4981,108.4978,58.2653,47779140
DISALEXI,2025-09-01,Tulare Lake,7,46.8746,38.0,9.0,77.0,41.434,47671086
DISALEXI,2025-10-01,Tulare Lake,7,33.1699,27.0,9.0,53.0,27.9,47698060
DISALEXI,2025-11-01,Tulare Lake,7,19.434,17.0,5.0,30.0,16.0474,46094609
DISALEXI,2025-12-01,Tulare Lake,7,18.0979,17.0,6.0,27.0,13.8619,28299134
