MODEL,DATE,HR_NAME,HR_ID,ET_MEAN,ET_MEDIAN,ET_PCT25,ET_PCT75,ET_STDDEV,PIXEL_COUNT
SSEBOP,2003-10-01,California Islands,0,14.6,16.0,10.0,19.0,7.3541,115
SSEBOP,2003-11-01,California Islands,0,11.0087,10.0,5.0,17.0,6.756,115
SSEBOP,2003-12-01,California Islands,0,17.8957,17.0,12.0,23.0,7.631,115
SSEBOP,2004-01-01,California Islands,0,28.5652,28.0,21.0,36.0,11.2738,115
SSEBOP,2004-02-01,California Islands,0,36.0435,36.0,25.0,49.0,14.9092,115
SSEBOP,2004-03-01,California Islands,0,55.6087,55.0,42.0,70.0,18.6849,115
SSEBOP,2004-04-01,California Islands,0,48.5913,49.0,43.0,58.0,11.5855,115
SSEBOP,2004-05-01,California Islands,0,26.3565,19.0,12.0,34.0,19.8942,115
SSEBOP,2004-06-01,California Islands,0,17.9739,19.0,5.0,27.0,12.3981,115
SSEBOP,2004-07-01,California Islands,0,19.2348,20.0,11.0,28.0,10.7164,115
SSEBOP,2004-08-01,California Islands,0,12.713,11.0,3.0,21.0,10.0076,115
SSEBOP,2004-09-01,California Islands,0,10.1217,9.0,2.0,16.0,8.6267,115
SSEBOP,2004-10-01,California Islands,0,14.7652,15.0,8.0,21.0,8.3877,115
SSEBOP,2004-11-01,California Islands,0,30.5304,34.0,21.0,40.0,11.6151,115
SSEBOP,2004-12-01,California Islands,0,33.4261,36.0,25.0,41.0,9.1348,115
SSEBOP,2005-01-01,California Islands,0,41.0,42.0,34.0,47.0,8.6134,115
SSEBOP,2005-02-01,California Islands,0,47.0087,47.0,41.0,54.0,7.6277,115
SSEBOP,2005-03-01,California Islands,0,65.9217,64.0,58.0,76.0,12.3233,115
SSEBOP,2005-04-01,California Islands,0,76.6348,78.0,66.0,91.0,17.288,115
SSEBOP,2005-05-01,California Islands,0,63.3217,58.0,45.0,87.0,23.4345,115
SSEBOP,2005-06-01,California Islands,0,37.5652,34.0,25.0,53.0,19.1716,115
SSEBOP,2005-07-01,California Islands,0,29.9826,34.0,17.0,44.0,17.1027,115
SSEBOP,2005-08-01,California Islands,0,19.0783,20.0,9.0,28.0,12.2738,115
SSEBOP,2005-09-01,California Islands,0,18.7478,20.0,13.0,26.0,9.5087,115
SSEBOP,2005-10-01,California Islands,0,11.1217,8.0,3.0,20.0,9.4327,115
SSEBOP,2005-11-01,California Islands,0,10.6435,9.0,3.0,17.0,9.3949,115
SSEBOP,2005-12-01,California Islands,0,9.3652,6.0,2.0,15.0,8.9582,115
SSEBOP,2006-01-01,California Islands,0,23.0783,23.0,15.0,30.0,10.5872,115
SSEBOP,2006-02-01,California Islands,0,33.0609,33.0,27.0,39.0,8.5142,115
SSEBOP,2006-03-01,California Islands,0,43.2348,43.0,37.0,50.0,9.477,115
SSEBOP,2006-04-01,California Islands,0,49.5478,52.0,39.0,60.0,13.6345,115
SSEBOP,2006-05-01,California Islands,0,50.8087,53.0,40.0,63.0,14.4559,115
SSEBOP,2006-06-01,California Islands,0,52.8348,52.0,45.0,61.0,10.8395,115
SSEBOP,2006-07-01,California Islands,0,36.0609,36.0,27.0,46.0,12.6637,115
SSEBOP,2006-08-01,California Islands,0,24.9826,25.0,17.0,36.0,13.1784,115
SSEBOP,2006-09-01,California Islands,0,18.9391,20.0,14.0,26.0,9.7305,115
SSEBOP,2006-10-01,California Islands,0,17.1826,18.0,10.0,24.0,9.2892,115
SSEBOP,2006-11-01,California Islands,0,12.7652,12.0,5.0,18.0,9.7511,115
SSEBOP,2006-12-01,California Islands,0,9.4348,5.0,2.0,16.0,9.4778,115
SSEBOP,2007-01-01,California Islands,0,9.8,6.0,3.0,16.0,8.468,115
SSEBOP,2007-02-01,California Islands,0,20.7913,20.0,16.0,25.0,6.2241,115
SSEBOP,2007-03-01,California Islands,0,43.7913,44.0,39.0,49.0,6.568,115
SSEBOP,2007-04-01,California Islands,0,37.9826,38.0,30.0,45.0,10.7622,115
SSEBOP,2007-05-01,California Islands,0,32.2957,30.0,23.0,43.0,13.6719,115
SSEBOP,2007-06-01,California Islands,0,20.1043,20.0,6.0,32.0,14.3092,115
SSEBOP,2007-07-01,California Islands,0,21.3391,23.0,9.0,32.0,14.0266,115
SSEBOP,2007-08-01,California Islands,0,10.9739,9.0,1.0,21.0,9.969,115
SSEBOP,2007-09-01,California Islands,0,11.4522,11.0,4.0,19.0,8.344,115
SSEBOP,2007-10-01,California Islands,0,10.3036,8.0,2.0,16.5,9.598,112
SSEBOP,2007-11-01,California Islands,0,8.025,7.0,1.5,14.0,7.218,80
SSEBOP,2007-12-01,California Islands,0,8.129,7.0,0.0,15.0,8.0792,62
SSEBOP,2008-01-01,California Islands,0,15.8065,15.0,11.0,20.0,6.751,62
SSEBOP,2008-02-01,California Islands,0,34.087,33.0,29.0,39.0,8.1727,115
SSEBOP,2008-03-01,California Islands,0,73.6435,71.0,64.0,83.0,13.8163,115
SSEBOP,2008-04-01,California Islands,0,64.1043,67.0,55.0,75.0,15.3319,115
SSEBOP,2008-05-01,California Islands,0,35.1913,33.0,22.0,52.0,18.512,115
SSEBOP,2008-06-01,California Islands,0,29.113,29.0,11.0,44.0,19.2534,115
SSEBOP,2008-07-01,California Islands,0,23.0522,24.0,9.0,35.0,15.6098,115
SSEBOP,2008-08-01,California Islands,0,19.3391,19.0,11.0,27.0,10.9218,115
SSEBOP,2008-09-01,California Islands,0,12.5565,13.0,5.0,20.0,8.883,115
SSEBOP,2008-10-01,California Islands,0,13.1391,13.0,5.0,20.0,9.4472,115
SSEBOP,2008-11-01,California Islands,0,10.6783,10.0,3.0,16.0,8.4674,115
SSEBOP,2008-12-01,California Islands,0,22.4174,22.0,16.0,28.0,8.155,115
SSEBOP,2009-01-01,California Islands,0,50.5739,49.0,42.0,56.0,10.8372,115
SSEBOP,2009-02-01,California Islands,0,46.2957,46.0,41.0,51.0,7.076,115
SSEBOP,2009-03-01,California Islands,0,62.6348,62.0,57.0,68.0,8.3545,115
SSEBOP,2009-04-01,California Islands,0,46.287,48.0,31.0,60.0,16.8584,115
SSEBOP,2009-05-01,California Islands,0,27.7368,29.0,6.0,44.0,20.4378,114
SSEBOP,2009-06-01,California Islands,0,22.02,18.5,8.5,34.0,16.1425,100
SSEBOP,2009-07-01,California Islands,0,18.2348,18.0,7.0,29.0,13.1449,115
SSEBOP,2009-08-01,California Islands,0,12.1826,11.0,3.0,20.0,10.297,115
SSEBOP,2009-09-01,California Islands,0,12.1304,11.0,3.0,19.0,9.2243,115
SSEBOP,2009-10-01,California Islands,0,12.0783,12.0,6.0,18.0,7.7113,115
SSEBOP,2009-11-01,California Islands,0,9.4174,9.0,2.0,14.0,7.6454,115
SSEBOP,2009-12-01,California Islands,0,9.6087,9.0,4.0,14.0,6.3612,115
SSEBOP,2010-01-01,California Islands,0,26.8435,27.0,20.0,33.0,9.5777,115
SSEBOP,2010-02-01,California Islands,0,33.8435,33.0,30.0,37.0,5.9,115
SSEBOP,2010-03-01,California Islands,0,75.5217,74.0,70.0,82.0,8.9766,115
SSEBOP,2010-04-01,California Islands,0,61.8783,63.0,51.0,72.0,14.195,115
SSEBOP,2010-05-01,California Islands,0,45.5913,45.0,28.0,67.0,24.0231,115
SSEBOP,2010-06-01,California Islands,0,29.7652,30.0,19.0,41.0,16.1861,115
SSEBOP,2010-07-01,California Islands,0,19.6435,21.0,14.0,28.0,10.4899,115
SSEBOP,2010-08-01,California Islands,0,17.9043,19.0,10.0,26.0,10.1072,115
SSEBOP,2010-09-01,California Islands,0,13.7913,15.0,4.0,22.0,9.398,115
SSEBOP,2010-10-01,California Islands,0,8.6783,9.0,4.0,12.0,5.5444,115
SSEBOP,2010-11-01,California Islands,0,15.8609,16.0,9.0,21.0,9.4362,115
SSEBOP,2010-12-01,California Islands,0,17.713,18.0,15.0,22.0,6.2884,115
SSEBOP,2011-01-01,California Islands,0,45.0087,44.0,39.0,51.0,9.5047,115
SSEBOP,2011-02-01,California Islands,0,35.6696,36.0,31.0,40.0,6.6564,115
SSEBOP,2011-03-01,California Islands,0,50.9565,51.0,46.0,56.0,6.5692,115
SSEBOP,2011-04-01,California Islands,0,68.3739,71.0,61.0,79.0,11.8633,115
SSEBOP,2011-05-01,California Islands,0,42.5043,44.0,28.0,57.0,18.4878,115
SSEBOP,2011-06-01,California Islands,0,31.3913,33.0,23.0,39.0,9.8702,115
SSEBOP,2011-07-01,California Islands,0,29.8957,31.0,24.0,38.0,10.8879,115
SSEBOP,2011-08-01,California Islands,0,22.0174,23.0,17.0,29.0,9.598,115
SSEBOP,2011-09-01,California Islands,0,16.7043,17.0,11.0,23.0,7.9793,115
SSEBOP,2011-10-01,California Islands,0,22.6522,23.0,17.0,29.0,7.7123,115
SSEBOP,2011-11-01,California Islands,0,25.0348,27.0,19.0,31.0,9.4831,115
SSEBOP,2011-12-01,California Islands,0,31.2963,31.0,25.0,37.0,9.6218,108
SSEBOP,2012-01-01,California Islands,0,36.3043,35.0,31.0,42.0,10.4758,115
SSEBOP,2012-02-01,California Islands,0,40.0783,39.0,34.0,47.0,10.4774,115
SSEBOP,2012-03-01,California Islands,0,40.115,43.0,34.0,50.0,15.1083,113
SSEBOP,2012-04-01,California Islands,0,40.3628,43.0,31.0,52.0,16.5573,113
SSEBOP,2012-05-01,California Islands,0,30.3565,32.0,12.0,45.0,19.8872,115
SSEBOP,2012-06-01,California Islands,0,17.4348,13.0,3.0,30.0,15.7795,115
SSEBOP,2012-07-01,California Islands,0,14.1043,10.0,1.0,25.0,13.9841,115
SSEBOP,2012-08-01,California Islands,0,13.7652,13.0,4.0,23.0,10.9983,115
SSEBOP,2012-09-01,California Islands,0,8.5652,7.0,0.0,14.0,7.9511,115
SSEBOP,2012-10-01,California Islands,0,8.2174,7.0,0.0,14.0,8.3934,115
SSEBOP,2012-11-01,California Islands,0,9.2991,9.0,5.0,12.0,5.7033,107
SSEBOP,2012-12-01,California Islands,0,24.6542,24.0,20.0,29.0,6.2174,107
SSEBOP,2013-01-01,California Islands,0,51.2174,50.0,44.0,59.0,10.3603,115
SSEBOP,2013-02-01,California Islands,0,49.3913,47.5,44.0,53.5,9.3052,92
SSEBOP,2013-03-01,California Islands,0,51.1413,52.0,44.0,61.5,11.746,92
SSEBOP,2013-04-01,California Islands,0,40.0,40.0,28.0,53.0,15.8009,115
SSEBOP,2013-05-01,California Islands,0,16.4783,13.0,3.0,28.0,15.2432,115
SSEBOP,2013-06-01,California Islands,0,13.5913,12.0,5.0,22.0,9.9117,115
SSEBOP,2013-07-01,California Islands,0,15.6696,18.0,6.0,23.0,10.0975,115
SSEBOP,2013-08-01,California Islands,0,11.6261,11.0,4.0,18.0,8.5937,115
SSEBOP,2013-09-01,California Islands,0,15.5652,16.0,7.0,23.0,10.1246,115
SSEBOP,2013-10-01,California Islands,0,10.9565,10.0,6.0,15.0,7.4896,115
SSEBOP,2013-11-01,California Islands,0,8.4522,8.0,3.0,12.0,7.1739,115
SSEBOP,2013-12-01,California Islands,0,10.4783,8.0,6.0,14.0,9.5247,115
SSEBOP,2014-01-01,California Islands,0,11.9565,10.0,3.0,18.0,11.2917,115
SSEBOP,2014-02-01,California Islands,0,5.8783,3.0,1.0,10.0,7.2185,115
SSEBOP,2014-03-01,California Islands,0,26.0957,25.0,20.0,32.0,8.8534,115
SSEBOP,2014-04-01,California Islands,0,49.6609,52.0,44.0,57.0,9.1764,115
SSEBOP,2014-05-01,California Islands,0,25.8348,19.0,11.0,37.0,19.1297,115
SSEBOP,2014-06-01,California Islands,0,12.4457,9.0,0.0,19.5,13.3891,92
SSEBOP,2014-07-01,California Islands,0,17.1429,17.5,3.0,29.0,12.462,56
SSEBOP,2014-08-01,California Islands,0,14.8261,14.0,7.0,22.0,10.3304,115
SSEBOP,2014-09-01,California Islands,0,18.6522,22.0,9.0,26.0,10.862,115
SSEBOP,2014-10-01,California Islands,0,8.5739,7.0,1.0,12.0,8.0962,115
SSEBOP,2014-11-01,California Islands,0,8.4261,2.0,0.0,16.0,10.4674,115
SSEBOP,2014-12-01,California Islands,0,28.4087,27.0,22.0,34.0,7.5353,115
SSEBOP,2015-01-01,California Islands,0,46.8522,48.0,42.0,52.0,6.0724,115
SSEBOP,2015-02-01,California Islands,0,51.8957,52.0,49.0,56.0,4.5519,115
SSEBOP,2015-03-01,California Islands,0,82.4957,86.0,76.0,91.0,10.6366,115
SSEBOP,2015-04-01,California Islands,0,45.3913,48.0,32.0,65.0,21.3153,115
SSEBOP,2015-05-01,California Islands,0,20.0174,18.0,10.0,31.0,13.5775,115
SSEBOP,2015-06-01,California Islands,0,10.0522,7.0,4.0,15.0,8.8699,115
SSEBOP,2015-07-01,California Islands,0,12.287,9.0,2.0,21.0,11.1821,115
SSEBOP,2015-08-01,California Islands,0,12.1913,9.0,2.0,21.0,10.6737,115
SSEBOP,2015-09-01,California Islands,0,11.5304,8.0,5.0,18.0,9.8672,115
SSEBOP,2015-10-01,California Islands,0,16.887,17.0,3.0,25.0,13.9201,115
SSEBOP,2015-11-01,California Islands,0,11.5043,7.0,4.0,16.0,12.7083,115
SSEBOP,2015-12-01,California Islands,0,10.2,5.0,3.0,15.0,12.5976,115
SSEBOP,2016-01-01,California Islands,0,32.7043,31.0,21.0,40.0,13.8419,115
SSEBOP,2016-02-01,California Islands,0,63.9217,62.0,54.0,72.0,14.6383,115
SSEBOP,2016-03-01,California Islands,0,62.0174,62.0,55.0,70.0,9.5362,115
SSEBOP,2016-04-01,California Islands,0,45.0261,45.0,29.0,60.0,18.3571,115
SSEBOP,2016-05-01,California Islands,0,25.8182,28.0,13.0,36.0,13.4439,88
SSEBOP,2016-06-01,California Islands,0,19.4205,20.0,14.0,26.0,9.5295,88
SSEBOP,2016-07-01,California Islands,0,14.7565,16.0,6.0,22.0,10.4295,115
SSEBOP,2016-08-01,California Islands,0,13.5826,14.0,6.0,19.0,9.2172,115
SSEBOP,2016-09-01,California Islands,0,9.313,8.0,3.0,13.0,7.8589,115
SSEBOP,2016-10-01,California Islands,0,10.2,8.0,4.0,16.0,8.5274,115
SSEBOP,2016-11-01,California Islands,0,16.4522,16.0,6.0,25.0,10.8357,115
SSEBOP,2016-12-01,California Islands,0,20.1043,19.0,15.0,25.0,6.1607,115
SSEBOP,2017-01-01,California Islands,0,34.3652,34.0,30.0,38.0,5.5299,115
SSEBOP,2017-02-01,California Islands,0,37.4,37.0,34.0,41.0,4.5047,115
SSEBOP,2017-03-01,California Islands,0,75.6783,73.0,69.0,82.0,10.3433,115
SSEBOP,2017-04-01,California Islands,0,77.0087,80.0,67.0,89.0,15.1901,115
SSEBOP,2017-05-01,California Islands,0,38.6087,37.0,30.0,47.0,11.3488,115
SSEBOP,2017-06-01,California Islands,0,27.9739,29.0,17.0,37.0,11.9145,115
SSEBOP,2017-07-01,California Islands,0,24.1739,25.0,17.0,34.0,12.518,115
SSEBOP,2017-08-01,California Islands,0,14.5913,14.0,7.0,23.0,10.0805,115
SSEBOP,2017-09-01,California Islands,0,16.3739,16.0,10.0,25.0,10.3818,115
SSEBOP,2017-10-01,California Islands,0,22.4783,23.0,17.0,29.0,10.3507,115
SSEBOP,2017-11-01,California Islands,0,11.3478,10.0,3.0,17.0,9.0063,115
SSEBOP,2017-12-01,California Islands,0,11.9043,10.0,5.0,18.0,10.1012,115
SSEBOP,2018-01-01,California Islands,0,13.6261,10.0,5.0,20.0,11.0323,115
SSEBOP,2018-02-01,California Islands,0,9.9217,7.0,2.0,16.0,9.9932,115
SSEBOP,2018-03-01,California Islands,0,32.2696,32.0,26.0,39.0,7.8334,115
SSEBOP,2018-04-01,California Islands,0,55.4174,56.0,50.0,63.0,11.9455,115
SSEBOP,2018-05-01,California Islands,0,24.6435,22.0,12.0,36.0,14.8945,115
SSEBOP,2018-06-01,California Islands,0,22.9304,20.0,12.0,34.0,14.0562,115
SSEBOP,2018-07-01,California Islands,0,23.2348,22.0,12.0,34.0,15.1194,115
SSEBOP,2018-08-01,California Islands,0,18.6522,18.0,10.0,27.0,11.5224,115
SSEBOP,2018-09-01,California Islands,0,11.3304,11.0,5.0,16.0,8.1205,115
SSEBOP,2018-10-01,California Islands,0,9.7826,7.0,3.0,15.0,8.5829,115
SSEBOP,2018-11-01,California Islands,0,5.9217,2.0,0.0,10.0,7.4777,115
SSEBOP,2018-12-01,California Islands,0,25.2087,24.0,21.0,29.0,5.8466,115
SSEBOP,2019-01-01,California Islands,0,42.2,41.0,38.0,46.0,5.8862,115
SSEBOP,2019-02-01,California Islands,0,50.2435,50.0,46.0,55.0,6.3295,115
SSEBOP,2019-03-01,California Islands,0,76.5478,77.0,71.0,81.0,5.9039,115
SSEBOP,2019-04-01,California Islands,0,66.487,68.0,62.0,73.0,9.6813,115
SSEBOP,2019-05-01,California Islands,0,33.3565,30.0,25.0,43.0,14.1619,115
SSEBOP,2019-06-01,California Islands,0,15.0609,12.0,5.0,25.0,11.5798,115
SSEBOP,2019-07-01,California Islands,0,20.1565,20.0,8.0,31.0,13.6799,115
SSEBOP,2019-08-01,California Islands,0,24.5478,24.0,18.0,32.0,11.1115,115
SSEBOP,2019-09-01,California Islands,0,17.8348,14.0,4.0,29.0,14.8996,115
SSEBOP,2019-10-01,California Islands,0,19.2348,17.0,11.0,27.0,10.1932,115
SSEBOP,2019-11-01,California Islands,0,15.1217,14.0,8.0,21.0,8.1381,115
SSEBOP,2019-12-01,California Islands,0,28.2348,27.0,24.0,31.0,5.8225,115
SSEBOP,2020-01-01,California Islands,0,43.0783,43.0,38.0,47.0,6.709,115
SSEBOP,2020-02-01,California Islands,0,46.1826,46.0,42.0,50.0,6.5336,115
SSEBOP,2020-03-01,California Islands,0,47.0174,48.0,42.0,51.0,8.9394,115
SSEBOP,2020-04-01,California Islands,0,65.1391,66.0,59.0,72.0,7.5939,115
SSEBOP,2020-05-01,California Islands,0,33.7217,35.0,26.0,40.0,12.0806,115
SSEBOP,2020-06-01,California Islands,0,21.2783,22.0,7.0,33.0,14.6005,115
SSEBOP,2020-07-01,California Islands,0,17.0174,16.0,6.0,26.0,11.7917,115
SSEBOP,2020-08-01,California Islands,0,17.1043,15.0,10.0,24.0,10.1145,115
SSEBOP,2020-09-01,California Islands,0,10.4783,8.0,4.0,17.0,8.275,115
SSEBOP,2020-10-01,California Islands,0,10.1913,7.0,4.0,15.0,8.8139,115
SSEBOP,2020-11-01,California Islands,0,7.2435,4.0,0.0,12.0,8.3963,115
SSEBOP,2020-12-01,California Islands,0,9.1217,2.0,1.0,13.0,12.0008,115
SSEBOP,2021-01-01,California Islands,0,12.7826,10.0,8.0,17.0,8.5321,115
SSEBOP,2021-02-01,California Islands,0,26.8,27.0,23.0,31.0,7.2522,115
SSEBOP,2021-03-01,California Islands,0,33.2696,35.0,28.0,40.0,10.4201,115
SSEBOP,2021-04-01,California Islands,0,7.9217,3.0,2.0,14.0,9.133,115
SSEBOP,2021-05-01,California Islands,0,5.0435,3.0,1.0,7.0,6.0783,115
SSEBOP,2021-06-01,California Islands,0,6.5826,1.0,0.0,14.0,8.4524,115
SSEBOP,2021-07-01,California Islands,0,11.0087,11.0,2.0,16.0,9.0443,115
SSEBOP,2021-08-01,California Islands,0,11.5652,12.0,3.0,16.0,8.9044,115
SSEBOP,2021-09-01,California Islands,0,7.8783,7.0,1.0,11.0,6.9509,115
SSEBOP,2021-10-01,California Islands,0,6.487,3.0,1.0,10.0,8.0686,115
SSEBOP,2021-11-01,California Islands,0,7.6435,4.0,0.0,12.0,8.9823,115
SSEBOP,2021-12-01,California Islands,0,7.4522,6.0,4.0,10.0,4.5612,115
SSEBOP,2022-01-01,California Islands,0,35.3217,36.0,31.0,42.0,8.5684,115
SSEBOP,2022-02-01,California Islands,0,55.7043,57.0,49.0,64.0,10.3981,115
SSEBOP,2022-03-01,California Islands,0,57.5913,58.0,49.0,66.0,9.7239,115
SSEBOP,2022-04-01,California Islands,0,53.0609,56.0,46.0,63.0,12.6486,115
SSEBOP,2022-05-01,California Islands,0,28.3043,28.0,12.0,43.0,16.7784,115
SSEBOP,2022-06-01,California Islands,0,17.8348,16.0,4.0,29.0,13.3273,115
SSEBOP,2022-07-01,California Islands,0,18.2261,18.0,8.0,27.0,12.2212,115
SSEBOP,2022-08-01,California Islands,0,17.7565,18.0,8.0,26.0,12.4409,115
SSEBOP,2022-09-01,California Islands,0,15.5913,13.0,6.0,23.0,12.5469,115
SSEBOP,2022-10-01,California Islands,0,11.4783,10.0,6.0,15.0,8.3659,115
SSEBOP,2022-11-01,California Islands,0,12.4609,11.0,6.0,17.0,9.0883,115
SSEBOP,2022-12-01,California Islands,0,14.7108,12.0,6.0,24.0,9.7444,83
SSEBOP,2023-01-01,California Islands,0,36.9478,37.0,34.0,40.0,3.8195,115
SSEBOP,2023-02-01,California Islands,0,45.6435,46.0,42.0,49.0,4.1894,115
SSEBOP,2023-03-01,California Islands,0,55.4609,55.0,51.0,60.0,6.1761,115
SSEBOP,2023-04-01,California Islands,0,58.313,59.0,47.0,69.0,12.1922,115
SSEBOP,2023-05-01,California Islands,0,50.3043,51.0,45.0,56.0,7.2833,115
SSEBOP,2023-06-01,California Islands,0,47.4957,47.0,37.0,61.0,13.9255,115
SSEBOP,2023-07-01,California Islands,0,41.6174,43.0,34.0,50.0,13.0014,115
SSEBOP,2023-08-01,California Islands,0,32.3304,32.0,25.0,40.0,11.649,115
SSEBOP,2023-09-01,California Islands,0,25.8,25.0,20.0,32.0,8.4362,115
SSEBOP,2023-10-01,California Islands,0,23.3217,23.0,16.0,30.0,8.2931,115
SSEBOP,2023-11-01,California Islands,0,22.1565,22.0,18.0,26.0,6.9577,115
SSEBOP,2023-12-01,California Islands,0,23.513,23.0,20.0,28.0,5.5769,115
SSEBOP,2024-01-01,California Islands,0,34.2174,34.0,31.0,37.0,4.2708,115
SSEBOP,2024-02-01,California Islands,0,36.487,36.0,33.0,39.0,4.2659,115
SSEBOP,2024-03-01,California Islands,0,66.287,66.0,62.0,70.0,4.7563,115
SSEBOP,2024-04-01,California Islands,0,68.5913,71.0,64.0,76.0,11.1347,115
SSEBOP,2024-05-01,California Islands,0,53.5826,51.0,43.0,66.0,13.9171,115
SSEBOP,2024-06-01,California Islands,0,33.3826,34.0,26.0,42.0,12.0546,115
SSEBOP,2024-07-01,California Islands,0,36.2087,37.0,26.0,45.0,12.1236,115
SSEBOP,2024-08-01,California Islands,0,34.0696,35.0,24.0,43.0,11.8972,115
SSEBOP,2024-09-01,California Islands,0,25.7478,24.0,18.0,33.0,8.7902,115
SSEBOP,2024-10-01,California Islands,0,19.8261,20.0,15.0,25.0,6.3674,115
SSEBOP,2024-11-01,California Islands,0,13.487,13.0,7.0,19.0,7.5681,115
SSEBOP,2024-12-01,California Islands,0,11.1652,10.0,7.0,15.0,6.4591,115
SSEBOP,2025-01-01,California Islands,0,14.6174,13.0,7.0,21.0,9.7245,115
SSEBOP,2025-02-01,California Islands,0,18.2783,17.0,14.0,22.0,5.6454,115
SSEBOP,2025-03-01,California Islands,0,46.4,46.0,41.0,51.0,6.9817,115
SSEBOP,2025-04-01,California Islands,0,50.287,51.0,46.0,54.0,6.4333,115
SSEBOP,2025-05-01,California Islands,0,43.6609,45.0,34.0,54.0,12.5448,115
SSEBOP,2025-06-01,California Islands,0,23.887,25.0,13.0,34.0,12.2827,115
SSEBOP,2025-07-01,California Islands,0,20.3478,20.0,9.0,31.0,12.7791,115
SSEBOP,2025-08-01,California Islands,0,22.7565,22.0,12.0,32.0,11.9205,115
SSEBOP,2025-09-01,California Islands,0,22.6435,23.0,17.0,29.0,9.07,115
SSEBOP,2025-10-01,California Islands,0,17.7217,18.0,8.0,26.0,9.9778,115
SSEBOP,2025-11-01,California Islands,0,18.8435,19.0,15.0,22.0,4.7008,115
SSEBOP,2025-12-01,California Islands,0,28.3739,28.0,24.0,32.0,5.3819,115
SSEBOP,2003-10-01,Central Coast,3,37.4715,32.0,11.0,59.0,29.7564,2730833
SSEBOP,2003-11-01,Central Coast,3,20.7594,19.0,11.0,29.0,13.3657,2713587
SSEBOP,2003-12-01,Central Coast,3,18.7889,17.0,11.0,26.0,10.9618,2716801
SSEBOP,2004-01-01,Central Coast,3,22.3988,21.0,15.0,28.0,10.6814,2721510
SSEBOP,2004-02-01,Central Coast,3,30.5941,31.0,23.0,38.0,11.6829,2730442
SSEBOP,2004-03-01,Central Coast,3,57.1306,58.0,34.0,78.0,29.5849,2730993
SSEBOP,2004-04-01,Central Coast,3,53.3723,51.0,22.0,80.0,36.7829,2730767
SSEBOP,2004-05-01,Central Coast,3,48.2181,42.0,11.0,76.0,40.7189,2730675
SSEBOP,2004-06-01,Central Coast,3,48.7899,44.0,11.0,78.0,41.1002,2728650
SSEBOP,2004-07-01,Central Coast,3,50.4459,45.0,11.0,78.0,42.7617,2725926
SSEBOP,2004-08-01,Central Coast,3,51.1835,47.0,17.0,78.0,39.6956,2726816
SSEBOP,2004-09-01,Central Coast,3,43.756,38.0,9.0,71.0,37.7155,2730948
SSEBOP,2004-10-01,Central Coast,3,33.5408,31.0,17.0,48.0,20.3784,2730736
SSEBOP,2004-11-01,Central Coast,3,27.8148,28.0,20.0,35.0,11.7056,2728200
SSEBOP,2004-12-01,Central Coast,3,24.8186,25.0,17.0,32.0,11.274,2729861
SSEBOP,2005-01-01,Central Coast,3,25.5368,25.0,19.0,31.0,9.5173,2721312
SSEBOP,2005-02-01,Central Coast,3,30.8134,31.0,21.0,40.0,12.7784,2715830
SSEBOP,2005-03-01,Central Coast,3,50.5554,52.0,34.0,69.0,23.1826,2696040
SSEBOP,2005-04-01,Central Coast,3,57.9787,59.0,33.0,82.0,31.312,2730938
SSEBOP,2005-05-01,Central Coast,3,60.7329,60.0,33.0,85.0,35.4526,2730935
SSEBOP,2005-06-01,Central Coast,3,53.6621,51.0,24.0,79.0,36.7181,2729996
SSEBOP,2005-07-01,Central Coast,3,59.7939,56.4995,26.5031,86.4943,42.1215,2726391
SSEBOP,2005-08-01,Central Coast,3,55.0239,53.0,24.0,80.0,38.9991,2726568
SSEBOP,2005-09-01,Central Coast,3,43.4977,41.0,19.0,64.0,29.7484,2730307
SSEBOP,2005-10-01,Central Coast,3,33.229,30.0,13.0,50.0,23.7488,2731078
SSEBOP,2005-11-01,Central Coast,3,25.139,22.0,10.0,37.0,18.114,2731125
SSEBOP,2005-12-01,Central Coast,3,18.8187,17.0,10.0,26.0,11.4301,2727387
SSEBOP,2006-01-01,Central Coast,3,25.0813,24.0,18.0,31.0,10.9959,2730322
SSEBOP,2006-02-01,Central Coast,3,33.133,34.0,19.0,46.0,18.2666,2731106
SSEBOP,2006-03-01,Central Coast,3,38.9507,39.0,29.0,49.0,14.9186,2724473
SSEBOP,2006-04-01,Central Coast,3,50.5179,50.0,36.0,64.0,20.928,2727859
SSEBOP,2006-05-01,Central Coast,3,65.5048,66.0,39.0,90.0,35.3667,2729718
SSEBOP,2006-06-01,Central Coast,3,59.6774,58.0,28.0,87.0,39.5248,2730221
SSEBOP,2006-07-01,Central Coast,3,62.5207,61.0,26.0,93.0,43.6809,2728533
SSEBOP,2006-08-01,Central Coast,3,50.6682,49.0,21.0,74.0,36.3412,2727197
SSEBOP,2006-09-01,Central Coast,3,43.9729,41.0,15.0,67.0,32.7903,2729774
SSEBOP,2006-10-01,Central Coast,3,32.0662,29.0,11.0,50.0,24.1162,2730459
SSEBOP,2006-11-01,Central Coast,3,19.2272,15.0,6.0,28.0,17.4152,2731116
SSEBOP,2006-12-01,Central Coast,3,16.5583,15.0,6.0,24.0,12.9624,2731088
SSEBOP,2007-01-01,Central Coast,3,18.8604,17.0,7.0,28.0,14.6738,2731028
SSEBOP,2007-02-01,Central Coast,3,23.09,22.0,13.0,32.0,13.0382,2730245
SSEBOP,2007-03-01,Central Coast,3,43.7821,43.0,21.0,64.0,27.2537,2731069
SSEBOP,2007-04-01,Central Coast,3,46.7368,42.0,15.0,73.0,35.6963,2730911
SSEBOP,2007-05-01,Central Coast,3,46.4531,40.0,11.0,75.0,38.7736,2730122
SSEBOP,2007-06-01,Central Coast,3,46.7335,39.0,6.0,77.0,42.7203,2729925
SSEBOP,2007-07-01,Central Coast,3,52.3439,47.0,8.0,84.0,46.097,2729815
SSEBOP,2007-08-01,Central Coast,3,51.3615,47.0,9.0,82.0,43.6947,2729885
SSEBOP,2007-09-01,Central Coast,3,40.3655,36.0,10.0,64.0,33.1198,2730087
SSEBOP,2007-10-01,Central Coast,3,33.649,30.0,11.0,52.0,26.5214,2718254
SSEBOP,2007-11-01,Central Coast,3,22.916,20.0,9.0,34.0,17.5449,2530088
SSEBOP,2007-12-01,Central Coast,3,17.2114,15.0,7.0,24.0,12.7115,2565203
SSEBOP,2008-01-01,Central Coast,3,22.6869,22.0,15.0,30.0,11.2983,2671903
SSEBOP,2008-02-01,Central Coast,3,28.778,29.0,18.0,39.0,15.2452,2731090
SSEBOP,2008-03-01,Central Coast,3,48.6287,47.0,23.0,71.0,31.1435,2731003
SSEBOP,2008-04-01,Central Coast,3,59.5988,60.0,30.0,87.0,36.7175,2730877
SSEBOP,2008-05-01,Central Coast,3,51.1962,48.0,20.0,77.0,36.6065,2730473
SSEBOP,2008-06-01,Central Coast,3,55.8514,51.0,18.0,87.0,43.2499,2729523
SSEBOP,2008-07-01,Central Coast,3,52.6399,50.0,17.0,80.0,40.4368,2730035
SSEBOP,2008-08-01,Central Coast,3,54.8494,51.0,16.0,84.0,43.3865,2730227
SSEBOP,2008-09-01,Central Coast,3,43.1247,40.0,12.0,68.0,34.2073,2730343
SSEBOP,2008-10-01,Central Coast,3,39.3042,34.0,12.0,61.0,31.0717,2731000
SSEBOP,2008-11-01,Central Coast,3,23.9037,20.0,9.0,34.0,18.5793,2729592
SSEBOP,2008-12-01,Central Coast,3,18.478,17.0,9.0,26.0,12.1718,2690229
SSEBOP,2009-01-01,Central Coast,3,29.3981,28.0,13.0,42.0,19.896,2730782
SSEBOP,2009-02-01,Central Coast,3,29.128,28.0,19.0,38.0,13.6424,2731071
SSEBOP,2009-03-01,Central Coast,3,51.008,51.0,32.0,70.0,25.5491,2730986
SSEBOP,2009-04-01,Central Coast,3,58.4695,57.0,30.0,84.0,35.5175,2730925
SSEBOP,2009-05-01,Central Coast,3,48.3052,44.0,14.0,76.0,38.0164,2723507
SSEBOP,2009-06-01,Central Coast,3,48.5934,45.0,15.0,76.0,37.6316,2724522
SSEBOP,2009-07-01,Central Coast,3,56.3553,53.0,13.0,88.0,46.2099,2729221
SSEBOP,2009-08-01,Central Coast,3,55.3418,53.0,15.0,86.0,43.3953,2729249
SSEBOP,2009-09-01,Central Coast,3,49.0293,45.0,15.0,77.0,37.4707,2729248
SSEBOP,2009-10-01,Central Coast,3,39.1778,37.0,23.0,54.0,22.3944,2730900
SSEBOP,2009-11-01,Central Coast,3,28.775,29.0,15.0,41.0,17.9968,2731040
SSEBOP,2009-12-01,Central Coast,3,19.4468,19.0,13.0,25.0,9.8999,2697310
SSEBOP,2010-01-01,Central Coast,3,26.0374,25.0,19.0,32.0,11.303,2679541
SSEBOP,2010-02-01,Central Coast,3,29.9673,29.0,22.0,37.0,11.4152,2705225
SSEBOP,2010-03-01,Central Coast,3,50.4128,51.0,31.0,69.0,24.9413,2729651
SSEBOP,2010-04-01,Central Coast,3,52.1292,52.0,28.0,75.0,29.7706,2731082
SSEBOP,2010-05-01,Central Coast,3,59.2054,59.0,34.0,83.0,33.8814,2730919
SSEBOP,2010-06-01,Central Coast,3,56.3208,54.0,25.0,83.0,38.2006,2729133
SSEBOP,2010-07-01,Central Coast,3,55.197,53.0,25.0,80.0,38.2201,2728647
SSEBOP,2010-08-01,Central Coast,3,57.288,55.0,26.0,83.0,39.1229,2730089
SSEBOP,2010-09-01,Central Coast,3,50.3496,48.0,21.0,75.0,34.7685,2730607
SSEBOP,2010-10-01,Central Coast,3,36.3418,35.0,19.0,52.0,22.0012,2730949
SSEBOP,2010-11-01,Central Coast,3,25.1905,24.0,14.0,34.0,14.6144,2730678
SSEBOP,2010-12-01,Central Coast,3,19.7948,19.0,14.0,25.0,8.4914,2677624
SSEBOP,2011-01-01,Central Coast,3,27.7418,26.0,18.0,35.0,14.745,2725662
SSEBOP,2011-02-01,Central Coast,3,27.7751,28.0,15.0,39.0,16.2777,2717366
SSEBOP,2011-03-01,Central Coast,3,40.4297,41.0,24.0,56.0,21.6421,2722396
SSEBOP,2011-04-01,Central Coast,3,54.2755,54.0,30.0,76.0,31.4629,2731039
SSEBOP,2011-05-01,Central Coast,3,52.6061,52.0,26.0,76.0,33.0108,2730907
SSEBOP,2011-06-01,Central Coast,3,51.8193,50.0,23.0,76.0,35.292,2730464
SSEBOP,2011-07-01,Central Coast,3,60.7277,60.0,28.0,88.0,40.5641,2729337
SSEBOP,2011-08-01,Central Coast,3,57.5982,57.0,26.0,83.0,39.4529,2724058
SSEBOP,2011-09-01,Central Coast,3,47.5272,46.0,19.0,71.0,33.5987,2728834
SSEBOP,2011-10-01,Central Coast,3,40.259,39.0,20.0,58.0,25.0993,2730932
SSEBOP,2011-11-01,Central Coast,3,23.2038,22.0,14.0,31.0,13.0518,2731058
SSEBOP,2011-12-01,Central Coast,3,22.6348,21.0,10.0,33.0,15.3368,2725000
SSEBOP,2012-01-01,Central Coast,3,23.2925,20.0,10.0,34.0,17.0545,2729037
SSEBOP,2012-02-01,Central Coast,3,28.1938,26.0,12.0,41.0,19.6749,2726442
SSEBOP,2012-03-01,Central Coast,3,39.1373,38.0,19.0,57.0,25.1768,2645563
SSEBOP,2012-04-01,Central Coast,3,55.1814,56.0,29.0,79.0,33.3079,2622005
SSEBOP,2012-05-01,Central Coast,3,60.4975,59.0,25.0,90.0,42.0124,2676923
SSEBOP,2012-06-01,Central Coast,3,52.3635,46.0,12.0,84.0,44.3658,2723621
SSEBOP,2012-07-01,Central Coast,3,56.7585,53.0,17.0,87.0,44.8622,2699290
SSEBOP,2012-08-01,Central Coast,3,57.0085,53.0,15.0,89.0,46.2143,2645417
SSEBOP,2012-09-01,Central Coast,3,44.2175,42.0,12.0,69.0,35.6057,2578240
SSEBOP,2012-10-01,Central Coast,3,34.0725,29.0,9.0,54.0,28.5528,2614579
SSEBOP,2012-11-01,Central Coast,3,20.9989,18.0,7.0,31.0,16.3419,2711825
SSEBOP,2012-12-01,Central Coast,3,19.0561,19.0,13.0,25.0,9.4086,2714568
SSEBOP,2013-01-01,Central Coast,3,26.8298,27.0,17.0,36.0,14.2147,2638409
SSEBOP,2013-02-01,Central Coast,3,28.9977,28.0,14.0,42.0,18.0788,2629766
SSEBOP,2013-03-01,Central Coast,3,47.1587,47.0,22.0,69.0,29.8934,2704149
SSEBOP,2013-04-01,Central Coast,3,54.2612,50.0,16.0,85.0,41.2995,2730501
SSEBOP,2013-05-01,Central Coast,3,52.8087,46.0,12.0,84.0,44.1607,2729802
SSEBOP,2013-06-01,Central Coast,3,60.1372,58.0,19.0,92.0,45.4481,2730420
SSEBOP,2013-07-01,Central Coast,3,62.7154,62.0,24.0,93.0,44.9163,2729911
SSEBOP,2013-08-01,Central Coast,3,59.0986,58.0,21.0,88.0,42.6697,2729871
SSEBOP,2013-09-01,Central Coast,3,49.8576,47.0,16.0,76.0,36.9608,2730989
SSEBOP,2013-10-01,Central Coast,3,32.747,29.0,9.0,51.0,26.2535,2730689
SSEBOP,2013-11-01,Central Coast,3,19.758,16.0,6.0,30.0,17.1006,2730467
SSEBOP,2013-12-01,Central Coast,3,15.0434,9.0,2.0,23.0,16.4894,2731110
SSEBOP,2014-01-01,Central Coast,3,18.3438,11.0,2.0,29.0,20.2453,2730984
SSEBOP,2014-02-01,Central Coast,3,16.5276,11.0,3.0,26.0,16.6224,2730679
SSEBOP,2014-03-01,Central Coast,3,41.3719,39.0,21.0,58.0,25.8561,2731091
SSEBOP,2014-04-01,Central Coast,3,63.2692,64.0,38.0,86.0,33.8664,2731050
SSEBOP,2014-05-01,Central Coast,3,64.7849,62.0,23.0,99.0,47.0524,2730783
SSEBOP,2014-06-01,Central Coast,3,60.0386,57.0,19.0,92.0,45.8594,2725113
SSEBOP,2014-07-01,Central Coast,3,61.6469,59.0,21.0,94.0,45.7053,2719058
SSEBOP,2014-08-01,Central Coast,3,60.3944,59.0,23.0,90.0,43.2464,2729468
SSEBOP,2014-09-01,Central Coast,3,46.355,44.0,15.0,71.0,34.8806,2730545
SSEBOP,2014-10-01,Central Coast,3,38.8147,33.0,11.0,61.0,31.1673,2731082
SSEBOP,2014-11-01,Central Coast,3,25.3713,23.0,14.0,34.0,15.5916,2730680
SSEBOP,2014-12-01,Central Coast,3,23.9986,23.0,17.0,30.0,10.2329,2730101
SSEBOP,2015-01-01,Central Coast,3,31.0334,31.0,20.0,41.0,15.0578,2730678
SSEBOP,2015-02-01,Central Coast,3,35.0858,36.0,20.0,49.0,19.0972,2731042
SSEBOP,2015-03-01,Central Coast,3,56.9923,57.0,30.0,81.0,33.6704,2731097
SSEBOP,2015-04-01,Central Coast,3,53.9479,52.0,25.0,79.0,35.3187,2730956
SSEBOP,2015-05-01,Central Coast,3,47.3237,44.0,17.0,71.0,34.7948,2727955
SSEBOP,2015-06-01,Central Coast,3,62.0373,59.0,24.0,93.0,43.8493,2728065
SSEBOP,2015-07-01,Central Coast,3,65.4706,62.0,29.0,96.0,43.7336,2730724
SSEBOP,2015-08-01,Central Coast,3,62.933,60.0,25.0,94.0,44.292,2730453
SSEBOP,2015-09-01,Central Coast,3,53.1966,50.0,21.0,80.0,37.5427,2730493
SSEBOP,2015-10-01,Central Coast,3,38.3027,33.0,15.0,58.0,28.4265,2730207
SSEBOP,2015-11-01,Central Coast,3,27.0766,25.0,18.0,34.0,14.3966,2731125
SSEBOP,2015-12-01,Central Coast,3,21.6598,21.0,15.0,27.0,10.5074,2713277
SSEBOP,2016-01-01,Central Coast,3,23.7496,23.0,18.0,29.0,9.3836,2716874
SSEBOP,2016-02-01,Central Coast,3,46.794,46.0,29.0,63.0,23.1093,2730780
SSEBOP,2016-03-01,Central Coast,3,55.055,55.0,34.0,75.0,27.3348,2730638
SSEBOP,2016-04-01,Central Coast,3,59.301,59.0,32.0,84.0,35.0768,2728863
SSEBOP,2016-05-01,Central Coast,3,54.4301,53.0,28.0,78.0,34.1843,2726051
SSEBOP,2016-06-01,Central Coast,3,66.2217,64.0,31.0,96.0,44.222,2729128
SSEBOP,2016-07-01,Central Coast,3,66.4636,65.0,30.0,96.0,44.7681,2728732
SSEBOP,2016-08-01,Central Coast,3,58.1859,58.0,28.0,83.0,38.1775,2729192
SSEBOP,2016-09-01,Central Coast,3,51.4057,49.0,22.0,76.0,35.4647,2730387
SSEBOP,2016-10-01,Central Coast,3,38.6631,35.0,20.0,55.0,24.0102,2730777
SSEBOP,2016-11-01,Central Coast,3,27.7951,27.0,18.0,36.0,13.5802,2731113
SSEBOP,2016-12-01,Central Coast,3,22.5759,23.0,16.0,29.0,9.4268,2731014
SSEBOP,2017-01-01,Central Coast,3,25.7476,26.0,21.0,31.0,8.4346,2730757
SSEBOP,2017-02-01,Central Coast,3,30.8208,31.0,25.0,38.0,10.0532,2730532
SSEBOP,2017-03-01,Central Coast,3,51.7928,52.0,31.0,71.0,26.9055,2730257
SSEBOP,2017-04-01,Central Coast,3,60.6877,60.0,36.0,84.0,32.5252,2728341
SSEBOP,2017-05-01,Central Coast,3,61.8488,62.0,33.0,87.0,37.2013,2730103
SSEBOP,2017-06-01,Central Coast,3,65.4113,64.0,31.0,95.0,42.6673,2729970
SSEBOP,2017-07-01,Central Coast,3,70.7786,68.5022,34.4998,102.5007,45.7809,2728293
SSEBOP,2017-08-01,Central Coast,3,61.0211,61.0,29.0,88.0,39.4552,2728712
SSEBOP,2017-09-01,Central Coast,3,56.4281,54.0,26.0,82.0,36.3005,2730134
SSEBOP,2017-10-01,Central Coast,3,45.2822,40.0,20.0,66.0,31.2141,2731069
SSEBOP,2017-11-01,Central Coast,3,20.3193,17.0,8.0,29.0,16.294,2731126
SSEBOP,2017-12-01,Central Coast,3,20.0538,16.0,7.0,30.0,16.438,2731076
SSEBOP,2018-01-01,Central Coast,3,20.7033,19.0,11.0,28.0,12.979,2724485
SSEBOP,2018-02-01,Central Coast,3,32.2318,31.0,16.0,46.0,19.9848,2731118
SSEBOP,2018-03-01,Central Coast,3,45.261,46.0,32.0,58.0,19.2374,2730553
SSEBOP,2018-04-01,Central Coast,3,63.394,65.0,39.0,86.0,32.7973,2730566
SSEBOP,2018-05-01,Central Coast,3,58.6166,59.0,30.0,83.0,35.2847,2729913
SSEBOP,2018-06-01,Central Coast,3,65.5231,63.0,29.0,96.0,44.6489,2729147
SSEBOP,2018-07-01,Central Coast,3,70.8802,68.504,30.5017,104.4946,48.7341,2723909
SSEBOP,2018-08-01,Central Coast,3,66.7782,66.0,32.0,96.0,43.3923,2728492
SSEBOP,2018-09-01,Central Coast,3,49.8187,48.0,21.0,73.0,33.9098,2729944
SSEBOP,2018-10-01,Central Coast,3,37.7478,34.0,14.0,57.0,27.6852,2729932
SSEBOP,2018-11-01,Central Coast,3,21.5218,17.0,7.0,32.0,17.6318,2731123
SSEBOP,2018-12-01,Central Coast,3,22.7643,22.0,16.0,28.0,10.2516,2731015
SSEBOP,2019-01-01,Central Coast,3,27.5531,27.0,20.0,35.0,11.9253,2717015
SSEBOP,2019-02-01,Central Coast,3,32.8805,33.0,25.0,40.0,11.6992,2341173
SSEBOP,2019-03-01,Central Coast,3,49.426,50.0,32.0,66.0,23.5332,2720214
SSEBOP,2019-04-01,Central Coast,3,63.2828,63.0,38.0,87.0,34.5525,2719580
SSEBOP,2019-05-01,Central Coast,3,54.8429,54.0,31.0,76.0,31.526,2717022
SSEBOP,2019-06-01,Central Coast,3,67.8332,67.0,37.0,95.0,40.3479,2726359
SSEBOP,2019-07-01,Central Coast,3,73.9482,72.4981,40.5051,102.4936,43.5967,2727157
SSEBOP,2019-08-01,Central Coast,3,67.4585,66.0,35.0,95.0,41.8655,2729717
SSEBOP,2019-09-01,Central Coast,3,58.7533,55.0,26.0,85.0,39.4147,2730619
SSEBOP,2019-10-01,Central Coast,3,45.7218,41.0,20.0,67.0,31.9342,2730954
SSEBOP,2019-11-01,Central Coast,3,21.5615,19.0,10.0,30.0,15.1567,2731052
SSEBOP,2019-12-01,Central Coast,3,19.5605,18.0,14.0,24.0,8.368,2728965
SSEBOP,2020-01-01,Central Coast,3,24.6955,24.0,18.0,30.0,10.7964,2729301
SSEBOP,2020-02-01,Central Coast,3,38.1477,39.0,21.0,53.0,21.2086,2731066
SSEBOP,2020-03-01,Central Coast,3,44.9983,45.0,30.0,59.0,20.2817,2730923
SSEBOP,2020-04-01,Central Coast,3,62.6266,63.0,42.0,83.0,30.036,2730628
SSEBOP,2020-05-01,Central Coast,3,70.0672,70.0,44.0,94.0,36.6455,2730496
SSEBOP,2020-06-01,Central Coast,3,68.4575,66.0,36.0,97.0,42.0652,2730638
SSEBOP,2020-07-01,Central Coast,3,64.0343,63.0,33.0,91.0,40.6711,2724680
SSEBOP,2020-08-01,Central Coast,3,65.4795,64.0,33.0,93.0,40.7651,2719253
SSEBOP,2020-09-01,Central Coast,3,51.2146,50.0,24.0,74.0,33.0743,2729039
SSEBOP,2020-10-01,Central Coast,3,39.2246,35.0,16.0,58.0,27.9034,2730481
SSEBOP,2020-11-01,Central Coast,3,21.3784,18.0,8.0,31.0,16.862,2731124
SSEBOP,2020-12-01,Central Coast,3,18.4503,15.0,8.0,26.0,14.0605,2731123
SSEBOP,2021-01-01,Central Coast,3,21.5472,20.0,11.0,30.0,14.1482,2731109
SSEBOP,2021-02-01,Central Coast,3,31.6253,31.0,19.0,42.0,16.5839,2731112
SSEBOP,2021-03-01,Central Coast,3,46.8961,46.0,29.0,63.0,23.8865,2730940
SSEBOP,2021-04-01,Central Coast,3,58.4601,58.0,34.0,81.0,32.8417,2730046
SSEBOP,2021-05-01,Central Coast,3,63.8327,63.0,30.0,93.0,41.6565,2728661
SSEBOP,2021-06-01,Central Coast,3,68.166,66.4992,28.4975,100.4944,47.1149,2727635
SSEBOP,2021-07-01,Central Coast,3,71.5458,70.4999,32.4974,104.498,47.9488,2715637
SSEBOP,2021-08-01,Central Coast,3,64.6338,64.0,29.0,94.0,42.3817,2717772
SSEBOP,2021-09-01,Central Coast,3,52.4353,51.0,22.0,78.0,35.7013,2729855
SSEBOP,2021-10-01,Central Coast,3,42.2887,40.0,21.0,61.0,26.4098,2730883
SSEBOP,2021-11-01,Central Coast,3,31.2542,31.0,21.0,41.0,15.8762,2730761
SSEBOP,2021-12-01,Central Coast,3,17.1671,17.0,12.0,22.0,7.5349,2730625
SSEBOP,2022-01-01,Central Coast,3,31.9524,32.0,24.0,40.0,12.8872,2730548
SSEBOP,2022-02-01,Central Coast,3,41.7569,43.0,24.0,58.0,22.6895,2731001
SSEBOP,2022-03-01,Central Coast,3,50.8426,51.0,29.0,71.0,28.7736,2730386
SSEBOP,2022-04-01,Central Coast,3,62.1563,61.0,34.0,87.0,35.7777,2730124
SSEBOP,2022-05-01,Central Coast,3,67.4634,65.0,30.0,99.0,45.6831,2730046
SSEBOP,2022-06-01,Central Coast,3,78.1235,76.4977,36.5082,114.4952,50.8212,2728517
SSEBOP,2022-07-01,Central Coast,3,72.0515,72.5038,32.5027,106.4924,48.014,2729173
SSEBOP,2022-08-01,Central Coast,3,68.8741,68.0,30.0,100.0,46.227,2729543
SSEBOP,2022-09-01,Central Coast,3,59.4581,57.0,29.0,86.0,38.08,2730860
SSEBOP,2022-10-01,Central Coast,3,38.0817,36.0,18.0,55.0,25.3889,2730876
SSEBOP,2022-11-01,Central Coast,3,25.0001,24.0,15.0,33.0,14.2253,2731126
SSEBOP,2022-12-01,Central Coast,3,17.4043,17.0,13.0,21.0,6.7501,2731086
SSEBOP,2023-01-01,Central Coast,3,26.2295,26.0,21.0,32.0,8.6529,2730738
SSEBOP,2023-02-01,Central Coast,3,31.3122,32.0,22.0,41.0,13.6329,2730641
SSEBOP,2023-03-01,Central Coast,3,41.2942,42.0,29.0,54.0,17.6743,2730780
SSEBOP,2023-04-01,Central Coast,3,62.5253,62.0,41.0,83.0,30.1279,2731063
SSEBOP,2023-05-01,Central Coast,3,62.8759,64.0,43.0,83.0,30.4958,2707143
SSEBOP,2023-06-01,Central Coast,3,64.5113,66.0,42.0,87.0,33.0415,2725380
SSEBOP,2023-07-01,Central Coast,3,82.5663,82.4984,52.5059,110.4943,43.9482,2728649
SSEBOP,2023-08-01,Central Coast,3,76.1329,76.0,49.0,101.0,38.1967,2730341
SSEBOP,2023-09-01,Central Coast,3,54.8178,54.0,33.0,74.0,28.7944,2730413
SSEBOP,2023-10-01,Central Coast,3,44.5218,42.0,24.0,63.0,26.5981,2731111
SSEBOP,2023-11-01,Central Coast,3,25.4139,23.0,13.0,35.0,15.8427,2731119
SSEBOP,2023-12-01,Central Coast,3,17.0085,15.0,9.0,23.0,10.631,2730893
SSEBOP,2024-01-01,Central Coast,3,23.6093,23.0,17.0,29.0,9.0364,2730752
SSEBOP,2024-02-01,Central Coast,3,32.2013,32.0,25.0,39.0,10.7809,2730989
SSEBOP,2024-03-01,Central Coast,3,50.6912,52.0,33.0,68.0,24.001,2731126
SSEBOP,2024-04-01,Central Coast,3,67.0354,67.0,49.0,85.0,26.9248,2731124
SSEBOP,2024-05-01,Central Coast,3,70.1874,72.0,47.0,93.0,34.4587,2714519
SSEBOP,2024-06-01,Central Coast,3,72.9153,72.0,45.0,99.0,40.0742,2727420
SSEBOP,2024-07-01,Central Coast,3,77.0717,76.0,46.0,106.0,43.7867,2727380
SSEBOP,2024-08-01,Central Coast,3,72.2639,71.0,43.0,98.0,40.3442,2728386
SSEBOP,2024-09-01,Central Coast,3,57.0214,55.0,32.0,79.0,33.0362,2728082
SSEBOP,2024-10-01,Central Coast,3,43.5234,41.0,22.0,62.0,27.5413,2729302
SSEBOP,2024-11-01,Central Coast,3,20.4721,18.0,10.0,28.0,13.2558,2731126
SSEBOP,2024-12-01,Central Coast,3,20.0148,20.0,13.0,27.0,10.7794,2731057
SSEBOP,2025-01-01,Central Coast,3,26.355,26.0,14.0,37.0,16.274,2731056
SSEBOP,2025-02-01,Central Coast,3,29.9614,30.0,19.0,40.0,15.3208,2731010
SSEBOP,2025-03-01,Central Coast,3,48.5126,49.0,33.0,63.0,21.6507,2730765
SSEBOP,2025-04-01,Central Coast,3,58.6649,59.0,36.0,80.0,31.1083,2730374
SSEBOP,2025-05-01,Central Coast,3,66.1218,65.0,33.0,95.0,42.1003,2729699
SSEBOP,2025-06-01,Central Coast,3,65.4912,64.0,31.0,94.0,43.6572,2725838
SSEBOP,2025-07-01,Central Coast,3,64.0367,62.0,31.0,92.0,42.2907,2727951
SSEBOP,2025-08-01,Central Coast,3,68.5821,67.0,32.0,99.0,44.8963,2729737
SSEBOP,2025-09-01,Central Coast,3,55.7904,54.0,30.0,78.0,32.5331,2730751
SSEBOP,2025-10-01,Central Coast,3,41.2281,38.0,25.0,55.0,21.8269,2730985
SSEBOP,2025-11-01,Central Coast,3,29.1656,29.0,21.0,37.0,11.4615,2730954
SSEBOP,2025-12-01,Central Coast,3,28.0357,28.0,20.0,35.0,11.1373,2729542
SSEBOP,2003-10-01,Colorado River,10,58.7413,57.0,20.0,92.0,42.9932,2621250
SSEBOP,2003-11-01,Colorado River,10,33.7143,34.0,16.0,50.0,21.5614,2621250
SSEBOP,2003-12-01,Colorado River,10,29.6688,28.0,9.0,49.0,22.0805,2621248
SSEBOP,2004-01-01,Colorado River,10,35.1664,36.0,11.0,57.0,24.7393,2621239
SSEBOP,2004-02-01,Colorado River,10,48.6458,52.0,18.0,76.0,31.0556,2621250
SSEBOP,2004-03-01,Colorado River,10,90.9462,101.0,48.0,132.0,51.2962,2621250
SSEBOP,2004-04-01,Colorado River,10,105.9344,120.5047,56.5015,154.5005,61.1096,2621250
SSEBOP,2004-05-01,Colorado River,10,123.7483,134.5048,56.5023,186.4969,76.2969,2621250
SSEBOP,2004-06-01,Colorado River,10,114.0988,132.5018,30.5002,178.4947,78.1864,2621250
SSEBOP,2004-07-01,Colorado River,10,105.2578,112.5029,20.476,172.4927,79.5989,2621250
SSEBOP,2004-08-01,Colorado River,10,91.7937,86.4986,24.4918,148.4959,69.858,2621250
SSEBOP,2004-09-01,Colorado River,10,77.8286,68.4995,24.4949,126.4988,58.9336,2621250
SSEBOP,2004-10-01,Colorado River,10,53.8052,52.0,21.0,80.0,34.0483,2621250
SSEBOP,2004-11-01,Colorado River,10,39.1368,40.0,25.0,53.0,19.2904,2621173
SSEBOP,2004-12-01,Colorado River,10,32.4898,31.0,14.0,51.0,20.7774,2621250
SSEBOP,2005-01-01,Colorado River,10,35.2681,36.0,15.0,54.0,21.578,2621250
SSEBOP,2005-02-01,Colorado River,10,43.9671,45.0,26.0,64.0,22.141,2621215
SSEBOP,2005-03-01,Colorado River,10,87.3939,93.0,42.0,129.0,50.6443,2621130
SSEBOP,2005-04-01,Colorado River,10,97.4603,107.0,40.4996,148.5028,62.5431,2621250
SSEBOP,2005-05-01,Colorado River,10,115.7574,130.4997,42.4954,178.0,74.7877,2621250
SSEBOP,2005-06-01,Colorado River,10,115.778,132.4991,24.5059,184.504,81.9367,2621250
SSEBOP,2005-07-01,Colorado River,10,107.2974,110.5053,20.495,174.4981,81.8591,2621250
SSEBOP,2005-08-01,Colorado River,10,89.7235,84.4987,26.5001,142.4953,65.8188,2621250
SSEBOP,2005-09-01,Colorado River,10,67.5277,59.0,14.0,111.0,56.6213,2621250
SSEBOP,2005-10-01,Colorado River,10,58.1835,53.0,20.0,92.0,42.0866,2621250
SSEBOP,2005-11-01,Colorado River,10,42.0038,43.0,20.0,62.0,26.4331,2621225
SSEBOP,2005-12-01,Colorado River,10,30.1492,29.0,10.0,49.0,22.0885,2621201
SSEBOP,2006-01-01,Colorado River,10,40.3783,41.0,7.0,69.0,31.6717,2621227
SSEBOP,2006-02-01,Colorado River,10,49.8628,51.0,9.0,85.0,38.4542,2621162
SSEBOP,2006-03-01,Colorado River,10,73.9565,76.0,22.0,121.0,52.6794,2621250
SSEBOP,2006-04-01,Colorado River,10,99.4018,112.5075,32.5049,156.499,67.4659,2621250
SSEBOP,2006-05-01,Colorado River,10,123.053,140.5007,40.5013,190.4941,81.6457,2621250
SSEBOP,2006-06-01,Colorado River,10,114.7564,132.5012,24.4814,182.5015,81.7319,2621250
SSEBOP,2006-07-01,Colorado River,10,109.4823,110.505,22.4904,176.4991,84.1407,2621250
SSEBOP,2006-08-01,Colorado River,10,88.7291,76.4986,22.4961,146.4933,71.0558,2621250
SSEBOP,2006-09-01,Colorado River,10,68.4536,58.0,13.0,115.0,57.9616,2621250
SSEBOP,2006-10-01,Colorado River,10,58.1731,56.0,18.0,92.0,43.4906,2621250
SSEBOP,2006-11-01,Colorado River,10,43.7203,45.0,19.0,66.0,28.532,2621247
SSEBOP,2006-12-01,Colorado River,10,32.4871,30.0,7.0,54.0,25.4978,2621249
SSEBOP,2007-01-01,Colorado River,10,37.8121,38.0,8.0,62.0,29.0007,2621249
SSEBOP,2007-02-01,Colorado River,10,48.818,48.0,8.0,84.0,38.8234,2621250
SSEBOP,2007-03-01,Colorado River,10,83.4632,88.0,29.0,131.0,57.177,2621250
SSEBOP,2007-04-01,Colorado River,10,108.0777,122.5039,46.508,164.4999,67.8397,2621250
SSEBOP,2007-05-01,Colorado River,10,122.2816,138.4915,48.4961,186.5032,78.7649,2621250
SSEBOP,2007-06-01,Colorado River,10,115.6257,130.5027,24.4908,186.501,83.4165,2621250
SSEBOP,2007-07-01,Colorado River,10,105.5328,110.4997,22.4929,172.4964,79.4718,2621250
SSEBOP,2007-08-01,Colorado River,10,100.1851,98.5053,34.4968,156.4953,70.0592,2621250
SSEBOP,2007-09-01,Colorado River,10,70.7501,64.0,19.0,114.0,55.8773,2621250
SSEBOP,2007-10-01,Colorado River,10,65.357,61.0,20.0,106.0,48.409,2620328
SSEBOP,2007-11-01,Colorado River,10,46.9633,47.0,24.0,68.0,26.8149,2620049
SSEBOP,2007-12-01,Colorado River,10,33.5916,32.0,17.0,50.0,19.2715,2621163
SSEBOP,2008-01-01,Colorado River,10,34.9966,35.0,8.0,58.0,26.469,2621139
SSEBOP,2008-02-01,Colorado River,10,54.0029,58.0,16.0,87.0,37.7618,2621250
SSEBOP,2008-03-01,Colorado River,10,100.2639,111.0,48.0,150.0,60.827,2621250
SSEBOP,2008-04-01,Colorado River,10,128.8234,148.5055,68.5047,188.5035,75.487,2621250
SSEBOP,2008-05-01,Colorado River,10,116.8385,130.5009,56.5012,174.4976,71.8527,2621250
SSEBOP,2008-06-01,Colorado River,10,114.1177,118.5061,18.5021,192.5017,89.4422,2621250
SSEBOP,2008-07-01,Colorado River,10,109.7314,109.0,27.0,182.0,83.276,2621250
SSEBOP,2008-08-01,Colorado River,10,83.952,74.5031,13.0,142.4985,71.36,2621250
SSEBOP,2008-09-01,Colorado River,10,60.5599,50.0,7.0,107.0,54.8415,2621250
SSEBOP,2008-10-01,Colorado River,10,52.1614,46.0,7.0,88.0,44.8752,2621250
SSEBOP,2008-11-01,Colorado River,10,39.4907,38.0,11.0,63.0,29.2479,2621171
SSEBOP,2008-12-01,Colorado River,10,30.9105,29.0,15.0,46.0,18.621,2621217
SSEBOP,2009-01-01,Colorado River,10,44.2188,46.0,11.0,72.0,32.0749,2621248
SSEBOP,2009-02-01,Colorado River,10,45.9562,51.0,15.0,73.0,30.8278,2621096
SSEBOP,2009-03-01,Colorado River,10,91.124,102.0,37.0,139.0,57.7019,2621096
SSEBOP,2009-04-01,Colorado River,10,115.8028,134.0,52.0,173.0,71.127,2621250
SSEBOP,2009-05-01,Colorado River,10,120.0383,130.5009,48.5139,184.4992,79.8527,2621250
SSEBOP,2009-06-01,Colorado River,10,104.7579,98.5001,18.5088,180.4973,85.3499,2621250
SSEBOP,2009-07-01,Colorado River,10,97.8874,86.5018,18.4984,166.4989,81.6217,2621250
SSEBOP,2009-08-01,Colorado River,10,74.575,50.4975,8.4968,136.5039,72.8559,2621250
SSEBOP,2009-09-01,Colorado River,10,61.6946,45.0,11.0,107.0,56.1963,2621250
SSEBOP,2009-10-01,Colorado River,10,52.7253,47.0,9.0,87.0,44.1511,2621224
SSEBOP,2009-11-01,Colorado River,10,36.8545,35.0,8.0,60.0,28.8375,2621208
SSEBOP,2009-12-01,Colorado River,10,33.0838,32.0,13.0,51.0,21.8927,2621231
SSEBOP,2010-01-01,Colorado River,10,37.2532,37.0,12.0,60.0,25.1251,2621248
SSEBOP,2010-02-01,Colorado River,10,51.8887,54.0,22.0,81.0,31.684,2621250
SSEBOP,2010-03-01,Colorado River,10,84.1165,90.0,30.0,130.0,55.2577,2621250
SSEBOP,2010-04-01,Colorado River,10,112.5744,126.5038,38.4996,174.4962,73.0397,2621250
SSEBOP,2010-05-01,Colorado River,10,131.5567,150.5033,34.4882,204.4972,88.1109,2621250
SSEBOP,2010-06-01,Colorado River,10,115.4241,120.5056,14.495,196.4899,92.0459,2621250
SSEBOP,2010-07-01,Colorado River,10,101.8443,92.501,12.4815,176.4994,87.4401,2621250
SSEBOP,2010-08-01,Colorado River,10,88.1257,70.4992,16.4869,152.4984,75.8457,2621250
SSEBOP,2010-09-01,Colorado River,10,68.6142,52.0,11.0,119.0,61.7044,2621250
SSEBOP,2010-10-01,Colorado River,10,57.0079,53.0,21.0,89.0,39.4815,2621250
SSEBOP,2010-11-01,Colorado River,10,44.9106,45.0,14.0,71.0,32.4215,2621132
SSEBOP,2010-12-01,Colorado River,10,27.8839,26.0,9.0,45.0,19.9623,2621249
SSEBOP,2011-01-01,Colorado River,10,39.609,41.0,10.0,65.0,28.429,2621249
SSEBOP,2011-02-01,Colorado River,10,48.0748,49.0,13.0,79.0,35.1906,2621249
SSEBOP,2011-03-01,Colorado River,10,88.6433,96.0,33.0,138.0,57.7619,2621250
SSEBOP,2011-04-01,Colorado River,10,123.8464,140.4986,44.5064,192.4971,81.547,2621250
SSEBOP,2011-05-01,Colorado River,10,134.9596,148.5014,54.4935,204.5043,87.4693,2621250
SSEBOP,2011-06-01,Colorado River,10,115.1894,124.5032,20.5014,190.4983,87.3242,2621250
SSEBOP,2011-07-01,Colorado River,10,104.3409,100.4988,16.4893,174.4968,84.5762,2621250
SSEBOP,2011-08-01,Colorado River,10,90.5443,76.4952,10.4942,158.5005,79.1795,2621250
SSEBOP,2011-09-01,Colorado River,10,69.0406,58.0,15.0,118.0,57.5147,2621250
SSEBOP,2011-10-01,Colorado River,10,58.6732,56.0,17.0,95.0,44.1179,2621250
SSEBOP,2011-11-01,Colorado River,10,41.5265,42.0,16.0,64.0,28.1925,2621250
SSEBOP,2011-12-01,Colorado River,10,32.1598,30.0,12.0,52.0,22.8917,2605115
SSEBOP,2012-01-01,Colorado River,10,46.0318,49.0,10.0,76.0,33.6404,2615398
SSEBOP,2012-02-01,Colorado River,10,61.7355,67.0,23.0,98.0,40.9384,2620920
SSEBOP,2012-03-01,Colorado River,10,97.6468,105.0,50.0,148.0,59.5369,2592483
SSEBOP,2012-04-01,Colorado River,10,120.46,136.507,56.4928,182.4966,73.5898,2621236
SSEBOP,2012-05-01,Colorado River,10,129.6087,136.4977,58.506,198.4987,84.0887,2615544
SSEBOP,2012-06-01,Colorado River,10,130.7933,138.504,30.4883,212.4925,97.4862,2576301
SSEBOP,2012-07-01,Colorado River,10,106.1838,104.4955,14.4748,180.5009,85.3277,2577531
SSEBOP,2012-08-01,Colorado River,10,91.467,84.5009,22.4963,150.5029,71.4875,2620639
SSEBOP,2012-09-01,Colorado River,10,71.8223,57.0,13.0,124.0,62.3566,2620435
SSEBOP,2012-10-01,Colorado River,10,67.2689,65.0,22.0,107.0,48.5041,2619998
SSEBOP,2012-11-01,Colorado River,10,44.4533,46.0,19.0,68.0,29.2314,2621155
SSEBOP,2012-12-01,Colorado River,10,40.0522,39.0,25.0,57.0,19.6488,2621113
SSEBOP,2013-01-01,Colorado River,10,39.1245,41.0,12.0,63.0,27.2953,2618718
SSEBOP,2013-02-01,Colorado River,10,49.7533,53.0,13.0,82.0,35.6952,2610561
SSEBOP,2013-03-01,Colorado River,10,87.5821,94.0,36.0,135.0,57.2901,2610562
SSEBOP,2013-04-01,Colorado River,10,116.975,134.4972,45.0,178.4936,75.1351,2621250
SSEBOP,2013-05-01,Colorado River,10,131.4571,146.4975,50.4964,202.498,86.2133,2621250
SSEBOP,2013-06-01,Colorado River,10,125.0172,140.5049,26.0,202.503,90.3385,2621250
SSEBOP,2013-07-01,Colorado River,10,107.3403,104.5001,24.4923,176.4975,82.1813,2620146
SSEBOP,2013-08-01,Colorado River,10,90.6229,80.497,30.5099,146.5033,67.2244,2621161
SSEBOP,2013-09-01,Colorado River,10,72.1585,66.0,20.0,118.0,54.936,2621250
SSEBOP,2013-10-01,Colorado River,10,60.1402,59.0,18.0,96.0,43.868,2621250
SSEBOP,2013-11-01,Colorado River,10,44.4889,47.0,22.0,66.0,27.3293,2621250
SSEBOP,2013-12-01,Colorado River,10,42.4576,43.0,20.0,65.0,26.0434,2621250
SSEBOP,2014-01-01,Colorado River,10,42.3397,45.0,8.0,71.0,31.7837,2621250
SSEBOP,2014-02-01,Colorado River,10,54.6125,58.0,21.0,85.0,36.27,2621250
SSEBOP,2014-03-01,Colorado River,10,95.1749,108.0,39.0,144.0,60.3321,2621250
SSEBOP,2014-04-01,Colorado River,10,105.4378,124.5018,36.4981,162.5008,68.5971,2621250
SSEBOP,2014-05-01,Colorado River,10,127.2774,144.4998,38.5041,200.5044,86.4955,2621250
SSEBOP,2014-06-01,Colorado River,10,126.5187,140.5031,20.4928,206.4964,94.7485,2621250
SSEBOP,2014-07-01,Colorado River,10,111.6965,116.5038,22.4949,184.5012,85.5844,2621250
SSEBOP,2014-08-01,Colorado River,10,94.9676,82.4923,38.4933,150.5027,63.4668,2621250
SSEBOP,2014-09-01,Colorado River,10,65.4668,53.0,12.0,113.0,56.0847,2621250
SSEBOP,2014-10-01,Colorado River,10,53.3763,51.0,17.0,85.0,38.7216,2621250
SSEBOP,2014-11-01,Colorado River,10,45.2173,47.0,20.0,69.0,28.9564,2621250
SSEBOP,2014-12-01,Colorado River,10,29.6502,30.0,13.0,46.0,19.0726,2621247
SSEBOP,2015-01-01,Colorado River,10,37.9671,42.0,11.0,60.0,26.0767,2621247
SSEBOP,2015-02-01,Colorado River,10,57.5883,63.0,20.0,91.0,38.1459,2621250
SSEBOP,2015-03-01,Colorado River,10,89.5987,103.0,37.0,136.0,56.1099,2621250
SSEBOP,2015-04-01,Colorado River,10,109.9795,130.5047,46.5002,164.4969,68.8741,2621250
SSEBOP,2015-05-01,Colorado River,10,109.8456,124.4981,44.5037,168.495,69.7783,2621250
SSEBOP,2015-06-01,Colorado River,10,112.5552,124.51,16.48,188.5039,86.7066,2621250
SSEBOP,2015-07-01,Colorado River,10,94.489,88.5041,14.4846,160.4997,78.1963,2621250
SSEBOP,2015-08-01,Colorado River,10,82.0134,66.4995,16.4907,138.5062,70.0078,2621250
SSEBOP,2015-09-01,Colorado River,10,60.8476,46.5048,8.4719,106.4973,56.0972,2621250
SSEBOP,2015-10-01,Colorado River,10,57.8381,54.0,14.0,94.0,45.7262,2621250
SSEBOP,2015-11-01,Colorado River,10,45.7655,47.0,18.0,70.0,30.7964,2621250
SSEBOP,2015-12-01,Colorado River,10,36.5537,37.0,12.0,58.0,25.8101,2621250
SSEBOP,2016-01-01,Colorado River,10,39.6098,41.0,21.0,57.0,21.0319,2621235
SSEBOP,2016-02-01,Colorado River,10,61.0871,65.0,17.0,100.0,43.0244,2621250
SSEBOP,2016-03-01,Colorado River,10,82.9137,93.0,23.0,131.0,57.3511,2621250
SSEBOP,2016-04-01,Colorado River,10,94.8233,110.0,24.0,149.0,64.1159,2621250
SSEBOP,2016-05-01,Colorado River,10,119.1871,138.5046,26.4884,188.5001,82.6537,2621250
SSEBOP,2016-06-01,Colorado River,10,121.5108,132.5034,22.4869,202.4998,92.0088,2621250
SSEBOP,2016-07-01,Colorado River,10,98.0515,84.4923,10.4911,172.5017,85.6269,2621250
SSEBOP,2016-08-01,Colorado River,10,81.2561,60.4989,18.4949,138.5082,69.4465,2621250
SSEBOP,2016-09-01,Colorado River,10,63.0967,42.0,8.0,113.0,60.9855,2621250
SSEBOP,2016-10-01,Colorado River,10,54.61,51.0,8.0,91.0,45.0642,2621250
SSEBOP,2016-11-01,Colorado River,10,42.1469,44.0,14.0,66.0,29.3454,2621250
SSEBOP,2016-12-01,Colorado River,10,34.828,35.0,16.0,52.0,21.1686,2621250
SSEBOP,2017-01-01,Colorado River,10,37.1669,38.0,16.0,58.0,22.3369,2621246
SSEBOP,2017-02-01,Colorado River,10,54.1013,54.0,31.0,77.0,26.4688,2621249
SSEBOP,2017-03-01,Colorado River,10,98.2275,109.0,38.0,149.0,61.6877,2621250
SSEBOP,2017-04-01,Colorado River,10,109.347,120.5026,28.497,172.4955,76.7011,2621250
SSEBOP,2017-05-01,Colorado River,10,115.9457,130.5059,26.4905,186.4953,82.1312,2621250
SSEBOP,2017-06-01,Colorado River,10,121.9072,134.4991,10.48,204.5006,96.7439,2621250
SSEBOP,2017-07-01,Colorado River,10,103.6177,98.5057,20.4984,172.4962,83.707,2621250
SSEBOP,2017-08-01,Colorado River,10,78.0597,56.5025,8.4844,138.5083,73.6957,2621250
SSEBOP,2017-09-01,Colorado River,10,62.6863,49.0,14.0,106.0,54.0028,2621250
SSEBOP,2017-10-01,Colorado River,10,60.2552,55.0,14.0,99.0,47.2629,2621250
SSEBOP,2017-11-01,Colorado River,10,42.4333,45.0,18.0,64.0,26.8527,2621250
SSEBOP,2017-12-01,Colorado River,10,43.3631,44.0,19.0,66.0,28.3422,2621234
SSEBOP,2018-01-01,Colorado River,10,40.5495,43.0,11.0,66.0,28.8258,2621234
SSEBOP,2018-02-01,Colorado River,10,44.6234,47.0,14.0,71.0,31.1753,2621250
SSEBOP,2018-03-01,Colorado River,10,82.2789,88.0,29.0,129.0,55.8797,2621250
SSEBOP,2018-04-01,Colorado River,10,120.8748,140.4984,42.4887,186.5023,78.131,2621250
SSEBOP,2018-05-01,Colorado River,10,124.3146,142.5073,38.5064,194.5005,83.6193,2621250
SSEBOP,2018-06-01,Colorado River,10,118.459,130.5031,28.485,190.4983,85.3498,2621250
SSEBOP,2018-07-01,Colorado River,10,93.4867,86.4957,16.4934,154.5056,76.3429,2621250
SSEBOP,2018-08-01,Colorado River,10,86.1373,72.4972,22.4959,142.5012,69.354,2621250
SSEBOP,2018-09-01,Colorado River,10,71.0935,56.0,17.0,119.0,59.894,2621250
SSEBOP,2018-10-01,Colorado River,10,60.748,59.0,26.0,93.0,40.0528,2621250
SSEBOP,2018-11-01,Colorado River,10,41.1646,43.0,22.0,60.0,24.3646,2621250
SSEBOP,2018-12-01,Colorado River,10,31.4449,31.0,20.0,44.0,15.2936,2616737
SSEBOP,2019-01-01,Colorado River,10,38.9853,40.0,18.0,59.0,23.3672,2621072
SSEBOP,2019-02-01,Colorado River,10,47.3702,48.0,18.0,75.0,30.6195,2621192
SSEBOP,2019-03-01,Colorado River,10,91.2307,96.0,45.0,137.0,54.8912,2621250
SSEBOP,2019-04-01,Colorado River,10,122.8768,140.4968,52.49,184.4988,75.7606,2621250
SSEBOP,2019-05-01,Colorado River,10,125.8662,144.5069,56.5008,188.5007,76.067,2621250
SSEBOP,2019-06-01,Colorado River,10,126.4688,144.5046,42.4993,196.5025,84.1151,2621250
SSEBOP,2019-07-01,Colorado River,10,116.5558,118.5023,32.0,188.0,85.4651,2621250
SSEBOP,2019-08-01,Colorado River,10,98.9463,90.5036,22.4986,164.5027,77.7195,2621250
SSEBOP,2019-09-01,Colorado River,10,83.9201,76.501,28.4975,134.5019,60.1959,2621250
SSEBOP,2019-10-01,Colorado River,10,69.0223,68.0,27.0,107.0,46.4921,2621250
SSEBOP,2019-11-01,Colorado River,10,43.3657,42.0,22.0,63.0,25.8458,2621250
SSEBOP,2019-12-01,Colorado River,10,34.1185,34.0,21.0,49.0,16.964,2621250
SSEBOP,2020-01-01,Colorado River,10,44.4369,47.0,18.0,68.0,28.6489,2620897
SSEBOP,2020-02-01,Colorado River,10,57.9646,60.0,22.0,91.0,36.8859,2621081
SSEBOP,2020-03-01,Colorado River,10,81.3546,88.0,45.0,116.0,41.9258,2621250
SSEBOP,2020-04-01,Colorado River,10,103.2525,117.0,50.0,150.0,56.3506,2621250
SSEBOP,2020-05-01,Colorado River,10,127.7433,148.5081,51.0,193.0,80.8852,2621250
SSEBOP,2020-06-01,Colorado River,10,120.0514,136.5057,34.492,188.4984,82.7823,2621250
SSEBOP,2020-07-01,Colorado River,10,108.7688,106.4944,28.4982,176.4969,80.9411,2621250
SSEBOP,2020-08-01,Colorado River,10,91.5428,78.5027,24.4912,150.4924,72.0212,2621250
SSEBOP,2020-09-01,Colorado River,10,65.9039,56.0,17.0,110.0,52.8789,2621250
SSEBOP,2020-10-01,Colorado River,10,63.4738,61.0,25.0,97.0,42.6841,2621250
SSEBOP,2020-11-01,Colorado River,10,43.9042,45.0,23.0,64.0,26.4412,2621250
SSEBOP,2020-12-01,Colorado River,10,35.653,36.0,16.0,54.0,22.3824,2621248
SSEBOP,2021-01-01,Colorado River,10,39.7123,42.0,17.0,60.0,23.9838,2621232
SSEBOP,2021-02-01,Colorado River,10,57.2521,62.0,25.0,87.0,35.4065,2621250
SSEBOP,2021-03-01,Colorado River,10,82.5779,90.0,39.0,124.0,49.9489,2621250
SSEBOP,2021-04-01,Colorado River,10,114.9627,134.5025,52.4982,172.5006,70.5834,2621250
SSEBOP,2021-05-01,Colorado River,10,138.8363,160.4982,66.4949,204.5028,81.3525,2621250
SSEBOP,2021-06-01,Colorado River,10,128.1437,144.5062,44.4958,194.4999,84.0017,2621250
SSEBOP,2021-07-01,Colorado River,10,108.2231,106.4987,30.4941,172.4962,80.9126,2621250
SSEBOP,2021-08-01,Colorado River,10,98.4655,90.4975,36.4948,154.504,67.7017,2621250
SSEBOP,2021-09-01,Colorado River,10,76.3381,68.5,26.4983,122.4982,55.8355,2621250
SSEBOP,2021-10-01,Colorado River,10,64.6093,63.0,28.0,97.0,41.0716,2621250
SSEBOP,2021-11-01,Colorado River,10,50.2715,53.0,24.0,75.0,30.9931,2621250
SSEBOP,2021-12-01,Colorado River,10,40.3948,40.0,23.0,59.0,22.3713,2621250
SSEBOP,2022-01-01,Colorado River,10,42.6674,46.0,15.0,67.0,28.1545,2621250
SSEBOP,2022-02-01,Colorado River,10,61.1747,66.0,18.0,98.0,42.1449,2621250
SSEBOP,2022-03-01,Colorado River,10,103.7992,113.0,55.0,151.0,58.8262,2621250
SSEBOP,2022-04-01,Colorado River,10,123.6337,142.5029,68.5057,178.5021,70.346,2621250
SSEBOP,2022-05-01,Colorado River,10,136.1091,154.5021,62.4986,204.4977,83.6599,2621250
SSEBOP,2022-06-01,Colorado River,10,133.6139,149.0,42.4922,208.5008,91.2729,2621250
SSEBOP,2022-07-01,Colorado River,10,110.0583,104.497,22.5053,178.5011,87.2415,2621250
SSEBOP,2022-08-01,Colorado River,10,98.0153,84.5024,34.4961,156.0,71.3437,2621250
SSEBOP,2022-09-01,Colorado River,10,74.997,63.0,26.0,119.0,56.5392,2621250
SSEBOP,2022-10-01,Colorado River,10,60.0383,57.0,27.0,89.0,38.5431,2621250
SSEBOP,2022-11-01,Colorado River,10,49.2125,51.0,28.0,69.0,27.3847,2621250
SSEBOP,2022-12-01,Colorado River,10,27.7819,27.0,11.0,43.0,18.5739,2621250
SSEBOP,2023-01-01,Colorado River,10,41.6344,44.0,17.0,65.0,26.1729,2621250
SSEBOP,2023-02-01,Colorado River,10,46.6195,51.0,12.0,75.0,33.3026,2621250
SSEBOP,2023-03-01,Colorado River,10,75.1468,80.0,33.0,115.0,48.0034,2621250
SSEBOP,2023-04-01,Colorado River,10,107.4788,124.501,46.5113,162.498,67.1216,2621250
SSEBOP,2023-05-01,Colorado River,10,131.8437,154.501,50.4993,198.4974,82.8845,2621250
SSEBOP,2023-06-01,Colorado River,10,132.2754,152.5062,38.4973,206.4997,89.8133,2621250
SSEBOP,2023-07-01,Colorado River,10,115.6379,112.5012,24.4862,188.4995,90.8129,2621250
SSEBOP,2023-08-01,Colorado River,10,94.4505,78.495,34.4987,148.4993,69.7774,2621250
SSEBOP,2023-09-01,Colorado River,10,72.7609,64.4998,22.494,116.5035,54.7721,2621250
SSEBOP,2023-10-01,Colorado River,10,65.1876,64.0,23.0,102.0,45.7055,2621250
SSEBOP,2023-11-01,Colorado River,10,51.1115,53.0,26.0,75.0,30.9564,2621250
SSEBOP,2023-12-01,Colorado River,10,34.0967,35.0,17.0,51.0,20.7829,2621250
SSEBOP,2024-01-01,Colorado River,10,36.157,38.0,14.0,57.0,22.8315,2621250
SSEBOP,2024-02-01,Colorado River,10,55.1738,57.0,31.0,79.0,27.6555,2621250
SSEBOP,2024-03-01,Colorado River,10,84.3081,93.0,38.0,126.0,51.0042,2621250
SSEBOP,2024-04-01,Colorado River,10,109.3124,126.505,38.5012,168.4975,71.1011,2621250
SSEBOP,2024-05-01,Colorado River,10,132.1088,150.5017,38.5044,206.4997,88.3717,2621250
SSEBOP,2024-06-01,Colorado River,10,127.5167,140.4986,22.4961,208.501,95.4432,2621250
SSEBOP,2024-07-01,Colorado River,10,111.6683,104.5008,28.4949,182.5033,86.5265,2621250
SSEBOP,2024-08-01,Colorado River,10,86.0187,68.5037,26.4877,136.5051,71.1528,2621250
SSEBOP,2024-09-01,Colorado River,10,55.6166,34.4968,6.461,90.4968,57.8741,2621250
SSEBOP,2024-10-01,Colorado River,10,55.3176,50.0,16.0,88.0,43.2019,2621250
SSEBOP,2024-11-01,Colorado River,10,44.2571,46.0,20.0,66.0,28.9425,2621250
SSEBOP,2024-12-01,Colorado River,10,39.5284,40.0,16.0,61.0,26.4262,2621250
SSEBOP,2025-01-01,Colorado River,10,47.3696,49.0,17.0,74.0,32.2229,2621250
SSEBOP,2025-02-01,Colorado River,10,51.5957,53.0,10.0,87.0,39.641,2621250
SSEBOP,2025-03-01,Colorado River,10,79.5578,86.0,25.0,125.0,54.9537,2621250
SSEBOP,2025-04-01,Colorado River,10,99.7655,116.5069,22.4957,158.4953,69.0768,2621250
SSEBOP,2025-05-01,Colorado River,10,120.982,138.5026,26.4883,190.5004,84.6825,2621250
SSEBOP,2025-06-01,Colorado River,10,111.9301,124.5037,14.4821,184.4969,85.1863,2621250
SSEBOP,2025-07-01,Colorado River,10,100.2296,88.5051,21.0,168.5024,80.8553,2621250
SSEBOP,2025-08-01,Colorado River,10,79.1206,60.498,16.4984,132.5029,69.9723,2621250
SSEBOP,2025-09-01,Colorado River,10,73.4062,59.0,26.0,116.0,55.1406,2621250
SSEBOP,2025-10-01,Colorado River,10,63.017,61.0,27.0,95.0,40.9483,2621250
SSEBOP,2025-11-01,Colorado River,10,44.5247,45.0,24.0,63.0,23.1177,2621250
SSEBOP,2025-12-01,Colorado River,10,37.3343,39.0,20.0,53.0,20.3416,2621250
SSEBOP,2003-10-01,North Coast,1,42.413,40.0,19.0,60.0,28.8932,1907627
SSEBOP,2003-11-01,North Coast,1,15.5091,15.0,9.0,20.0,9.1587,1892468
SSEBOP,2003-12-01,North Coast,1,10.5716,10.0,7.0,14.0,5.311,1092139
SSEBOP,2004-01-01,North Coast,1,13.2139,14.0,8.0,19.0,7.4554,1113475
SSEBOP,2004-02-01,North Coast,1,20.8384,20.0,7.0,32.0,15.1648,1873244
SSEBOP,2004-03-01,North Coast,1,53.1228,55.0,25.0,77.0,33.8385,1891706
SSEBOP,2004-04-01,North Coast,1,68.9744,74.0,40.0,101.0,37.8189,1907495
SSEBOP,2004-05-01,North Coast,1,84.6336,91.0,48.0,122.0,45.4422,1907337
SSEBOP,2004-06-01,North Coast,1,102.1782,107.0,61.0,145.0,53.0067,1907614
SSEBOP,2004-07-01,North Coast,1,103.1537,108.0,54.0,150.0,57.9069,1905555
SSEBOP,2004-08-01,North Coast,1,80.3776,83.0,41.0,118.0,48.42,1907411
SSEBOP,2004-09-01,North Coast,1,57.3757,57.0,29.0,83.0,35.5743,1907520
SSEBOP,2004-10-01,North Coast,1,31.7425,31.0,17.0,44.0,19.314,1907351
SSEBOP,2004-11-01,North Coast,1,21.1813,20.0,13.0,28.0,11.7547,1907510
SSEBOP,2004-12-01,North Coast,1,17.68,17.0,10.0,24.0,10.1447,1829294
SSEBOP,2005-01-01,North Coast,1,26.5328,23.0,18.0,32.0,12.8509,913823
SSEBOP,2005-02-01,North Coast,1,36.3304,34.0,28.0,43.0,13.8164,914611
SSEBOP,2005-03-01,North Coast,1,48.0006,51.0,25.0,71.0,27.4023,1862416
SSEBOP,2005-04-01,North Coast,1,60.5347,63.0,41.0,83.0,27.3086,1899301
SSEBOP,2005-05-01,North Coast,1,86.9787,94.0,64.0,114.0,33.6167,1907014
SSEBOP,2005-06-01,North Coast,1,97.6492,101.0,73.0,127.0,38.5245,1891075
SSEBOP,2005-07-01,North Coast,1,122.4509,129.0,80.0,168.0,57.7394,1904725
SSEBOP,2005-08-01,North Coast,1,94.0183,98.0,56.0,132.0,49.4129,1907414
SSEBOP,2005-09-01,North Coast,1,61.108,61.0,37.0,83.0,31.7957,1907488
SSEBOP,2005-10-01,North Coast,1,35.6858,35.0,20.0,49.0,20.7331,1907124
SSEBOP,2005-11-01,North Coast,1,18.5054,17.0,11.0,26.0,10.2562,1764276
SSEBOP,2005-12-01,North Coast,1,13.5547,13.0,8.0,18.0,7.0849,1349813
SSEBOP,2006-01-01,North Coast,1,16.5779,17.0,9.0,24.0,9.0471,1335168
SSEBOP,2006-02-01,North Coast,1,28.1894,28.0,10.0,41.0,20.2541,1899317
SSEBOP,2006-03-01,North Coast,1,28.5742,30.0,12.0,42.0,18.3315,1800432
SSEBOP,2006-04-01,North Coast,1,56.3592,58.0,35.0,80.0,31.264,1869735
SSEBOP,2006-05-01,North Coast,1,96.2926,104.0,54.0,141.0,52.113,1907592
SSEBOP,2006-06-01,North Coast,1,109.2641,112.0,74.0,148.0,51.1725,1907578
SSEBOP,2006-07-01,North Coast,1,116.4255,124.0,73.0,162.0,58.4202,1907356
SSEBOP,2006-08-01,North Coast,1,91.6458,93.0,50.0,134.0,51.8702,1907340
SSEBOP,2006-09-01,North Coast,1,64.6167,63.0,33.0,95.0,39.6383,1905648
SSEBOP,2006-10-01,North Coast,1,37.8831,36.0,19.0,52.0,24.9779,1907135
SSEBOP,2006-11-01,North Coast,1,17.7597,17.0,11.0,22.0,9.8637,1906833
SSEBOP,2006-12-01,North Coast,1,20.4047,19.0,11.0,27.0,12.2129,1178418
SSEBOP,2007-01-01,North Coast,1,22.3998,23.0,7.0,32.0,16.1258,1691873
SSEBOP,2007-02-01,North Coast,1,20.1015,21.0,7.0,31.0,14.0091,1835106
SSEBOP,2007-03-01,North Coast,1,49.8734,49.0,21.0,74.0,33.2618,1906384
SSEBOP,2007-04-01,North Coast,1,68.6136,73.0,43.0,98.0,35.4701,1907657
SSEBOP,2007-05-01,North Coast,1,101.5771,109.0,60.0,147.0,52.7078,1906346
SSEBOP,2007-06-01,North Coast,1,102.0468,104.0,63.0,143.0,53.687,1907337
SSEBOP,2007-07-01,North Coast,1,104.9133,110.0,58.0,152.0,58.345,1906824
SSEBOP,2007-08-01,North Coast,1,90.3417,91.0,42.0,138.0,56.4908,1907053
SSEBOP,2007-09-01,North Coast,1,59.4278,57.0,28.0,89.0,38.2631,1907495
SSEBOP,2007-10-01,North Coast,1,33.9826,33.0,20.0,46.0,18.6779,1897242
SSEBOP,2007-11-01,North Coast,1,23.0654,23.0,16.0,30.0,10.7119,1491373
SSEBOP,2007-12-01,North Coast,1,23.5197,24.0,20.0,28.0,6.2986,397491
SSEBOP,2008-01-01,North Coast,1,26.3823,25.0,21.0,31.0,8.6698,569623
SSEBOP,2008-02-01,North Coast,1,33.7805,35.0,23.0,43.0,14.1102,1148175
SSEBOP,2008-03-01,North Coast,1,40.7924,42.0,17.0,64.0,27.1243,1876659
SSEBOP,2008-04-01,North Coast,1,59.6097,60.0,23.0,93.0,39.1296,1907622
SSEBOP,2008-05-01,North Coast,1,85.3416,88.0,44.0,124.0,49.2335,1907589
SSEBOP,2008-06-01,North Coast,1,104.348,108.0,60.0,148.0,55.2932,1907474
SSEBOP,2008-07-01,North Coast,1,106.2271,111.0,55.0,157.0,61.4919,1907190
SSEBOP,2008-08-01,North Coast,1,89.6574,94.0,42.0,135.0,54.4506,1902934
SSEBOP,2008-09-01,North Coast,1,64.341,62.0,32.0,95.0,39.995,1904387
SSEBOP,2008-10-01,North Coast,1,40.4366,39.0,20.0,57.0,25.4826,1905436
SSEBOP,2008-11-01,North Coast,1,19.3083,18.0,9.0,26.0,14.0218,1483243
SSEBOP,2008-12-01,North Coast,1,15.8189,13.0,6.0,22.0,13.7858,1404249
SSEBOP,2009-01-01,North Coast,1,25.0013,22.0,9.0,37.0,19.3533,1750808
SSEBOP,2009-02-01,North Coast,1,24.0536,24.0,11.0,35.0,15.6227,1810467
SSEBOP,2009-03-01,North Coast,1,41.3291,42.0,15.0,66.0,27.5855,1906354
SSEBOP,2009-04-01,North Coast,1,66.3687,67.0,33.0,101.0,40.1638,1907646
SSEBOP,2009-05-01,North Coast,1,99.4964,104.0,54.0,149.0,54.9258,1906941
SSEBOP,2009-06-01,North Coast,1,103.7092,107.0,69.0,141.0,47.2617,1907485
SSEBOP,2009-07-01,North Coast,1,111.2062,116.5016,62.0,160.4966,61.7249,1906839
SSEBOP,2009-08-01,North Coast,1,88.0059,90.0,45.0,130.0,52.2436,1907308
SSEBOP,2009-09-01,North Coast,1,68.5243,68.0,33.0,101.0,43.9175,1907632
SSEBOP,2009-10-01,North Coast,1,37.0437,37.0,23.0,49.0,19.8666,1907554
SSEBOP,2009-11-01,North Coast,1,24.4237,23.0,14.0,35.0,14.2828,1892699
SSEBOP,2009-12-01,North Coast,1,12.6135,10.0,3.0,19.0,11.0733,1866065
SSEBOP,2010-01-01,North Coast,1,33.2465,36.0,19.0,47.0,15.4534,356699
SSEBOP,2010-02-01,North Coast,1,19.5071,17.0,5.0,29.0,16.7115,1345949
SSEBOP,2010-03-01,North Coast,1,41.7588,44.0,17.0,63.0,26.9995,1888989
SSEBOP,2010-04-01,North Coast,1,56.1945,58.0,35.0,80.0,28.9699,1907603
SSEBOP,2010-05-01,North Coast,1,78.6639,84.0,57.0,106.0,34.5119,1907723
SSEBOP,2010-06-01,North Coast,1,105.5278,111.0,75.0,142.0,47.5958,1907628
SSEBOP,2010-07-01,North Coast,1,115.3324,118.0,66.0,168.0,63.0218,1906797
SSEBOP,2010-08-01,North Coast,1,86.8211,89.0,48.0,125.0,49.2463,1902028
SSEBOP,2010-09-01,North Coast,1,63.0045,63.0,35.0,90.0,36.4932,1907421
SSEBOP,2010-10-01,North Coast,1,37.375,37.0,20.0,52.0,21.4472,1906914
SSEBOP,2010-11-01,North Coast,1,21.1051,21.0,14.0,28.0,9.7723,1765359
SSEBOP,2010-12-01,North Coast,1,15.0468,14.0,11.0,19.0,6.1333,1344780
SSEBOP,2011-01-01,North Coast,1,21.9158,20.0,8.0,28.0,17.7231,1877462
SSEBOP,2011-02-01,North Coast,1,24.5241,25.0,9.0,36.0,17.2596,1885588
SSEBOP,2011-03-01,North Coast,1,33.5085,35.0,20.0,46.0,17.7588,1745625
SSEBOP,2011-04-01,North Coast,1,55.3428,58.0,33.0,78.0,29.0207,1902572
SSEBOP,2011-05-01,North Coast,1,77.456,83.0,47.0,110.0,39.5465,1907077
SSEBOP,2011-06-01,North Coast,1,101.8496,106.0,72.0,138.0,43.369,1906983
SSEBOP,2011-07-01,North Coast,1,113.7284,119.0,79.0,152.0,49.0219,1900476
SSEBOP,2011-08-01,North Coast,1,100.5717,107.0,66.0,137.0,47.9772,1906675
SSEBOP,2011-09-01,North Coast,1,73.4421,74.0,45.0,103.0,38.8711,1906980
SSEBOP,2011-10-01,North Coast,1,39.3236,41.0,28.0,52.0,17.0644,1907525
SSEBOP,2011-11-01,North Coast,1,20.8336,21.0,12.0,29.0,12.3657,1887385
SSEBOP,2011-12-01,North Coast,1,17.2866,16.0,4.0,29.0,13.4368,1865850
SSEBOP,2012-01-01,North Coast,1,13.9514,10.0,1.0,26.0,13.539,1837969
SSEBOP,2012-02-01,North Coast,1,21.9535,18.0,0.0,40.0,21.2935,1785324
SSEBOP,2012-03-01,North Coast,1,26.0389,23.0,4.0,46.0,22.3353,1703157
SSEBOP,2012-04-01,North Coast,1,58.8568,64.0,32.0,87.0,35.049,1795190
SSEBOP,2012-05-01,North Coast,1,94.6736,100.0,49.0,141.0,54.2799,1888362
SSEBOP,2012-06-01,North Coast,1,98.814,103.0,62.0,139.0,49.3498,1901657
SSEBOP,2012-07-01,North Coast,1,107.4738,110.0,60.0,155.0,58.7358,1802573
SSEBOP,2012-08-01,North Coast,1,97.4537,99.0,49.0,144.0,58.0587,1816133
SSEBOP,2012-09-01,North Coast,1,67.2243,63.0,31.0,100.0,45.2675,1873325
SSEBOP,2012-10-01,North Coast,1,35.4454,35.0,17.0,51.0,23.1174,1816374
SSEBOP,2012-11-01,North Coast,1,19.2523,19.0,12.0,26.0,9.8435,1598551
SSEBOP,2012-12-01,North Coast,1,18.5668,19.0,16.0,22.0,4.579,522667
SSEBOP,2013-01-01,North Coast,1,32.0113,30.0,23.0,39.0,12.5322,799864
SSEBOP,2013-02-01,North Coast,1,28.7345,28.0,11.0,43.0,19.9143,1539531
SSEBOP,2013-03-01,North Coast,1,43.2471,45.0,17.0,66.0,28.8217,1806787
SSEBOP,2013-04-01,North Coast,1,77.167,79.0,45.0,113.0,42.3971,1907425
SSEBOP,2013-05-01,North Coast,1,99.9592,105.0,56.0,145.0,52.2021,1907420
SSEBOP,2013-06-01,North Coast,1,110.3401,114.0,67.0,157.0,56.0958,1905584
SSEBOP,2013-07-01,North Coast,1,123.4577,130.5005,74.4976,175.0,63.9917,1902301
SSEBOP,2013-08-01,North Coast,1,91.8669,93.0,57.0,128.0,46.6723,1907242
SSEBOP,2013-09-01,North Coast,1,65.0034,65.0,38.0,90.0,33.9016,1907687
SSEBOP,2013-10-01,North Coast,1,43.1709,40.0,23.0,58.0,26.736,1907529
SSEBOP,2013-11-01,North Coast,1,21.9114,19.0,9.0,29.0,17.7189,1907657
SSEBOP,2013-12-01,North Coast,1,15.6356,11.0,4.0,22.0,14.9284,1904846
SSEBOP,2014-01-01,North Coast,1,20.6688,16.0,4.0,31.0,20.4925,1901676
SSEBOP,2014-02-01,North Coast,1,17.048,15.0,3.0,27.0,14.8371,1894111
SSEBOP,2014-03-01,North Coast,1,42.6188,43.0,21.0,62.0,26.3423,1901643
SSEBOP,2014-04-01,North Coast,1,66.7065,70.0,41.0,94.0,34.1359,1907673
SSEBOP,2014-05-01,North Coast,1,98.6788,104.0,58.0,142.0,50.5928,1907728
SSEBOP,2014-06-01,North Coast,1,108.8086,109.0,65.0,155.0,59.1105,1907443
SSEBOP,2014-07-01,North Coast,1,109.9001,108.0,55.0,166.4995,66.2245,1906853
SSEBOP,2014-08-01,North Coast,1,86.5287,82.5023,40.5025,130.5078,55.5901,1905343
SSEBOP,2014-09-01,North Coast,1,67.7341,64.0,35.0,97.0,40.6379,1907634
SSEBOP,2014-10-01,North Coast,1,44.3073,44.0,27.0,60.0,22.9528,1907761
SSEBOP,2014-11-01,North Coast,1,21.8044,22.0,15.0,29.0,10.5984,1779901
SSEBOP,2014-12-01,North Coast,1,19.8177,18.0,10.0,29.0,11.4332,1862759
SSEBOP,2015-01-01,North Coast,1,30.7207,29.0,14.0,45.0,19.9132,1907009
SSEBOP,2015-02-01,North Coast,1,37.0519,37.0,24.0,50.0,19.5504,1907646
SSEBOP,2015-03-01,North Coast,1,55.2784,55.0,36.0,77.0,27.5805,1907797
SSEBOP,2015-04-01,North Coast,1,76.2801,81.0,50.0,106.0,36.8819,1904719
SSEBOP,2015-05-01,North Coast,1,92.8301,95.0,59.0,130.0,43.9133,1907097
SSEBOP,2015-06-01,North Coast,1,114.1637,116.0,70.0,160.0,57.7374,1887088
SSEBOP,2015-07-01,North Coast,1,105.4265,108.0,59.0,151.0,58.0567,1907035
SSEBOP,2015-08-01,North Coast,1,90.2746,89.0,50.0,131.0,50.2741,1907808
SSEBOP,2015-09-01,North Coast,1,63.1129,62.0,32.0,91.0,38.9773,1907429
SSEBOP,2015-10-01,North Coast,1,41.1852,40.0,20.0,58.0,25.8624,1907805
SSEBOP,2015-11-01,North Coast,1,18.7591,19.0,11.0,26.0,10.2494,1907445
SSEBOP,2015-12-01,North Coast,1,11.8629,11.0,7.0,17.0,6.47,1712147
SSEBOP,2016-01-01,North Coast,1,16.7489,17.0,10.0,24.0,8.8639,1279127
SSEBOP,2016-02-01,North Coast,1,28.0949,26.0,15.0,43.0,16.2238,1535985
SSEBOP,2016-03-01,North Coast,1,45.3792,47.0,32.0,61.0,21.31,1907322
SSEBOP,2016-04-01,North Coast,1,79.5365,85.0,59.0,107.0,33.191,1907673
SSEBOP,2016-05-01,North Coast,1,99.0245,105.0,70.0,135.0,42.0487,1905862
SSEBOP,2016-06-01,North Coast,1,115.9427,119.0,83.0,150.0,44.8713,1901539
SSEBOP,2016-07-01,North Coast,1,115.6305,123.0,72.0,161.0,55.9197,1895129
SSEBOP,2016-08-01,North Coast,1,96.5638,96.0,54.0,140.0,53.0064,1899041
SSEBOP,2016-09-01,North Coast,1,66.9388,66.0,40.0,93.0,35.6182,1907726
SSEBOP,2016-10-01,North Coast,1,32.9291,33.0,21.0,43.0,15.7681,1907726
SSEBOP,2016-11-01,North Coast,1,23.2799,23.0,17.0,30.0,9.9513,1901936
SSEBOP,2016-12-01,North Coast,1,13.2914,12.0,7.0,20.0,7.5434,1734309
SSEBOP,2017-01-01,North Coast,1,19.1499,20.0,16.0,23.0,5.9824,866856
SSEBOP,2017-02-01,North Coast,1,21.5168,22.0,15.0,29.0,10.7782,1857391
SSEBOP,2017-03-01,North Coast,1,44.2454,46.0,31.0,59.0,20.1784,1866018
SSEBOP,2017-04-01,North Coast,1,64.2487,67.0,50.0,84.0,26.1057,1902322
SSEBOP,2017-05-01,North Coast,1,103.2,110.0,70.0,142.0,46.8436,1806519
SSEBOP,2017-06-01,North Coast,1,109.2636,113.0,76.0,146.0,47.6826,1788631
SSEBOP,2017-07-01,North Coast,1,120.9823,126.5102,79.0,167.0,58.2903,1906918
SSEBOP,2017-08-01,North Coast,1,93.1935,93.0,56.0,134.0,48.5168,1907040
SSEBOP,2017-09-01,North Coast,1,65.2836,66.0,39.0,92.0,33.8213,1907800
SSEBOP,2017-10-01,North Coast,1,40.9803,39.0,23.0,57.0,24.7473,1907800
SSEBOP,2017-11-01,North Coast,1,16.6142,16.0,11.0,21.0,8.7483,1907348
SSEBOP,2017-12-01,North Coast,1,17.9017,15.0,9.0,27.0,10.9555,1704590
SSEBOP,2018-01-01,North Coast,1,15.8338,16.0,7.0,24.0,10.393,1733545
SSEBOP,2018-02-01,North Coast,1,29.2469,30.0,11.0,46.0,19.5981,1707021
SSEBOP,2018-03-01,North Coast,1,38.503,40.0,19.0,58.0,23.5604,1880567
SSEBOP,2018-04-01,North Coast,1,60.2995,63.0,42.0,84.0,29.787,1894824
SSEBOP,2018-05-01,North Coast,1,95.8746,105.0,63.0,133.0,44.1564,1896431
SSEBOP,2018-06-01,North Coast,1,113.4986,118.0,78.0,153.0,50.7107,1907649
SSEBOP,2018-07-01,North Coast,1,113.5898,118.0,70.0,161.0,57.5197,1907264
SSEBOP,2018-08-01,North Coast,1,88.9128,89.0,51.0,129.0,48.7968,1906749
SSEBOP,2018-09-01,North Coast,1,62.2598,61.0,33.0,90.0,37.0567,1907429
SSEBOP,2018-10-01,North Coast,1,41.3259,41.0,23.0,57.0,23.5589,1907707
SSEBOP,2018-11-01,North Coast,1,20.8391,20.0,10.0,29.0,14.4693,1907254
SSEBOP,2018-12-01,North Coast,1,13.2174,10.0,5.0,22.0,9.921,1816742
SSEBOP,2019-01-01,North Coast,1,18.4123,16.0,8.0,27.0,12.6044,1886237
SSEBOP,2019-02-01,North Coast,1,21.249,20.0,10.0,32.0,13.7258,1710179
SSEBOP,2019-03-01,North Coast,1,35.8268,36.0,14.0,55.0,24.0878,1896982
SSEBOP,2019-04-01,North Coast,1,68.0431,71.0,46.0,95.0,34.1433,1907760
SSEBOP,2019-05-01,North Coast,1,89.7682,97.0,58.0,126.0,42.63,1907557
SSEBOP,2019-06-01,North Coast,1,119.5601,123.0,88.0,157.0,49.5058,1907123
SSEBOP,2019-07-01,North Coast,1,117.2472,123.0,83.0,155.0,50.9713,1907125
SSEBOP,2019-08-01,North Coast,1,98.6492,102.0,66.0,135.0,45.6234,1905498
SSEBOP,2019-09-01,North Coast,1,66.1554,66.0,43.0,89.0,31.1745,1848426
SSEBOP,2019-10-01,North Coast,1,41.7337,42.0,27.0,56.0,20.6872,1907412
SSEBOP,2019-11-01,North Coast,1,16.8024,16.0,7.0,25.0,11.5916,1907436
SSEBOP,2019-12-01,North Coast,1,10.9437,10.0,4.0,17.0,7.8617,1745475
SSEBOP,2020-01-01,North Coast,1,14.8125,14.0,6.0,23.0,10.2087,1742349
SSEBOP,2020-02-01,North Coast,1,25.7051,23.0,7.0,41.0,19.8595,1891627
SSEBOP,2020-03-01,North Coast,1,35.8218,37.0,14.0,55.0,24.0264,1898210
SSEBOP,2020-04-01,North Coast,1,63.041,67.0,41.0,85.0,32.4166,1907799
SSEBOP,2020-05-01,North Coast,1,83.1193,88.0,57.0,113.0,40.0386,1906525
SSEBOP,2020-06-01,North Coast,1,97.2732,101.0,69.0,128.0,44.9591,1907493
SSEBOP,2020-07-01,North Coast,1,102.185,104.0,59.0,147.0,56.1383,1907530
SSEBOP,2020-08-01,North Coast,1,86.77,86.0,49.0,123.0,48.8701,1906980
SSEBOP,2020-09-01,North Coast,1,66.7531,64.0,35.0,95.0,40.4322,1907809
SSEBOP,2020-10-01,North Coast,1,37.9456,39.0,19.0,54.0,22.9468,1907809
SSEBOP,2020-11-01,North Coast,1,15.0613,15.0,7.0,21.0,9.4937,1907794
SSEBOP,2020-12-01,North Coast,1,11.1344,9.0,5.0,17.0,7.9644,1906067
SSEBOP,2021-01-01,North Coast,1,14.3414,11.0,5.0,24.0,11.2003,1870000
SSEBOP,2021-02-01,North Coast,1,22.6011,18.0,6.0,38.0,18.888,1904819
SSEBOP,2021-03-01,North Coast,1,38.7604,41.0,12.0,60.0,27.2338,1907231
SSEBOP,2021-04-01,North Coast,1,60.47,64.0,31.0,87.0,36.4905,1907573
SSEBOP,2021-05-01,North Coast,1,86.0573,86.0,46.0,125.0,51.1225,1907308
SSEBOP,2021-06-01,North Coast,1,90.1227,89.0,46.0,134.0,56.5829,1893908
SSEBOP,2021-07-01,North Coast,1,89.1645,83.0,37.0,134.5145,62.1463,1858164
SSEBOP,2021-08-01,North Coast,1,75.2521,70.0,32.0,112.0,51.8527,1904139
SSEBOP,2021-09-01,North Coast,1,57.8296,54.0,31.0,80.0,34.4131,1907386
SSEBOP,2021-10-01,North Coast,1,32.2965,33.0,19.0,44.0,16.3799,1892487
SSEBOP,2021-11-01,North Coast,1,21.9578,22.0,16.0,29.0,8.9053,1904704
SSEBOP,2021-12-01,North Coast,1,12.6094,12.0,7.0,18.0,7.1647,1875206
SSEBOP,2022-01-01,North Coast,1,19.7591,18.0,9.0,31.0,13.0114,1903414
SSEBOP,2022-02-01,North Coast,1,28.4845,28.0,10.0,45.0,20.0898,1905416
SSEBOP,2022-03-01,North Coast,1,43.2309,45.0,22.0,62.0,26.3707,1907808
SSEBOP,2022-04-01,North Coast,1,55.9533,58.0,36.0,74.0,28.8149,1907736
SSEBOP,2022-05-01,North Coast,1,83.9036,87.0,59.0,112.0,39.7672,1907801
SSEBOP,2022-06-01,North Coast,1,96.2919,98.0,67.0,130.0,46.4751,1907809
SSEBOP,2022-07-01,North Coast,1,98.4757,98.0,54.0,143.0,60.2534,1907320
SSEBOP,2022-08-01,North Coast,1,83.6135,81.0,39.0,123.0,55.6755,1907339
SSEBOP,2022-09-01,North Coast,1,60.9616,59.0,29.0,87.0,39.6032,1907809
SSEBOP,2022-10-01,North Coast,1,38.8682,41.0,19.0,57.0,23.816,1907809
SSEBOP,2022-11-01,North Coast,1,17.1868,15.0,8.0,26.0,11.5,1822599
SSEBOP,2022-12-01,North Coast,1,12.1706,9.0,4.0,17.0,11.0634,1636344
SSEBOP,2023-01-01,North Coast,1,19.7341,15.0,9.0,30.0,13.5643,1718797
SSEBOP,2023-02-01,North Coast,1,20.482,17.0,8.0,33.0,14.528,1764596
SSEBOP,2023-03-01,North Coast,1,29.5347,27.0,13.0,46.0,19.7941,1707766
SSEBOP,2023-04-01,North Coast,1,60.0766,62.0,37.0,84.0,31.9232,1906478
SSEBOP,2023-05-01,North Coast,1,90.4401,95.0,61.0,120.0,41.1571,1907136
SSEBOP,2023-06-01,North Coast,1,100.7609,101.0,73.0,130.0,40.7886,1907623
SSEBOP,2023-07-01,North Coast,1,109.5324,109.0,74.0,152.0,55.6368,1907161
SSEBOP,2023-08-01,North Coast,1,86.1082,87.0,54.0,119.0,43.7034,1906816
SSEBOP,2023-09-01,North Coast,1,59.1248,61.0,38.0,81.0,29.5982,1903670
SSEBOP,2023-10-01,North Coast,1,41.9696,43.0,25.0,58.0,22.3128,1907781
SSEBOP,2023-11-01,North Coast,1,23.8693,21.0,14.0,29.0,15.0345,1907809
SSEBOP,2023-12-01,North Coast,1,16.1954,12.0,7.0,21.0,14.1356,1900981
SSEBOP,2024-01-01,North Coast,1,18.9214,16.0,9.0,26.0,13.4585,1660602
SSEBOP,2024-02-01,North Coast,1,26.5942,24.0,14.0,38.0,17.2784,1900629
SSEBOP,2024-03-01,North Coast,1,42.9529,45.0,28.0,59.0,21.2902,1866307
SSEBOP,2024-04-01,North Coast,1,66.8707,70.0,51.0,86.0,28.9051,1882616
SSEBOP,2024-05-01,North Coast,1,102.838,109.0,79.0,133.0,41.4041,1907807
SSEBOP,2024-06-01,North Coast,1,108.3747,110.0,82.0,139.0,44.9016,1907611
SSEBOP,2024-07-01,North Coast,1,109.775,109.0,72.0,152.5047,56.7478,1907388
SSEBOP,2024-08-01,North Coast,1,84.3529,84.0,54.0,116.0,43.3114,1907809
SSEBOP,2024-09-01,North Coast,1,67.1575,66.0,39.0,95.0,37.1874,1907585
SSEBOP,2024-10-01,North Coast,1,37.2114,39.0,22.0,52.0,20.4808,1907809
SSEBOP,2024-11-01,North Coast,1,16.6098,16.0,11.0,22.0,8.2066,1907792
SSEBOP,2024-12-01,North Coast,1,14.0636,13.0,9.0,19.0,6.9683,1732232
SSEBOP,2025-01-01,North Coast,1,19.2363,17.0,7.0,31.0,12.8828,1905609
SSEBOP,2025-02-01,North Coast,1,19.7128,18.0,8.0,31.0,13.1751,1905823
SSEBOP,2025-03-01,North Coast,1,39.1632,41.0,25.0,53.0,20.6277,1901600
SSEBOP,2025-04-01,North Coast,1,66.1263,70.0,51.0,86.0,29.2635,1887020
SSEBOP,2025-05-01,North Coast,1,98.9254,100.0,70.0,135.0,45.1247,1907680
SSEBOP,2025-06-01,North Coast,1,103.2529,102.0,75.0,136.0,45.7696,1907545
SSEBOP,2025-07-01,North Coast,1,102.6143,98.0,66.0,144.0,50.9961,1907603
SSEBOP,2025-08-01,North Coast,1,91.5169,90.0,59.0,127.0,45.4373,1907607
SSEBOP,2025-09-01,North Coast,1,63.824,61.0,39.0,88.0,33.785,1880489
SSEBOP,2025-10-01,North Coast,1,37.6307,39.0,26.0,49.0,16.545,1894703
SSEBOP,2025-11-01,North Coast,1,22.3088,23.0,16.0,29.0,9.0446,1812555
SSEBOP,2025-12-01,North Coast,1,15.5389,15.0,10.0,22.0,7.2719,1891971
SSEBOP,2003-10-01,North Lahontan,8,33.9605,31.0,12.0,53.0,25.0833,763211
SSEBOP,2003-11-01,North Lahontan,8,10.41,10.0,4.0,16.0,7.4227,692729
SSEBOP,2003-12-01,North Lahontan,8,6.2124,5.0,2.0,9.0,5.0317,369518
SSEBOP,2004-01-01,North Lahontan,8,4.8225,3.0,1.0,7.0,5.6013,280209
SSEBOP,2004-02-01,North Lahontan,8,6.8108,4.0,1.0,11.0,7.9,601340
SSEBOP,2004-03-01,North Lahontan,8,27.6251,22.0,9.0,41.0,23.6646,750651
SSEBOP,2004-04-01,North Lahontan,8,49.507,50.0,20.0,75.0,32.9547,761047
SSEBOP,2004-05-01,North Lahontan,8,78.7857,87.0,40.0,114.0,44.4096,763211
SSEBOP,2004-06-01,North Lahontan,8,98.2439,111.0,54.0,141.0,52.1171,763211
SSEBOP,2004-07-01,North Lahontan,8,102.8106,115.0,40.0,158.0,64.0717,763211
SSEBOP,2004-08-01,North Lahontan,8,82.7188,87.0,29.0,129.0,54.9468,763211
SSEBOP,2004-09-01,North Lahontan,8,52.8697,51.0,16.0,84.0,39.2517,763211
SSEBOP,2004-10-01,North Lahontan,8,27.419,26.0,11.0,41.0,18.5849,757841
SSEBOP,2004-11-01,North Lahontan,8,12.4016,12.0,8.0,17.0,6.5586,748179
SSEBOP,2004-12-01,North Lahontan,8,8.0662,7.0,4.0,11.0,5.347,519416
SSEBOP,2005-01-01,North Lahontan,8,7.2379,2.0,0.0,13.0,9.3461,1988
SSEBOP,2005-02-01,North Lahontan,8,7.4063,6.0,0.0,12.0,7.4168,213809
SSEBOP,2005-03-01,North Lahontan,8,27.0135,23.0,10.0,40.0,20.8609,667109
SSEBOP,2005-04-01,North Lahontan,8,43.8362,45.0,24.0,61.0,24.3898,735282
SSEBOP,2005-05-01,North Lahontan,8,79.5299,83.0,60.0,101.0,30.0725,763205
SSEBOP,2005-06-01,North Lahontan,8,102.0934,111.0,72.0,137.0,43.0327,763211
SSEBOP,2005-07-01,North Lahontan,8,113.1302,128.0,59.0,165.0,62.4804,763211
SSEBOP,2005-08-01,North Lahontan,8,87.9538,96.0,34.0,137.0,55.6121,763211
SSEBOP,2005-09-01,North Lahontan,8,53.6692,53.0,24.0,80.0,33.0465,763211
SSEBOP,2005-10-01,North Lahontan,8,26.2958,25.0,12.0,38.0,16.5773,763068
SSEBOP,2005-11-01,North Lahontan,8,11.9689,10.0,5.0,17.0,8.8482,760196
SSEBOP,2005-12-01,North Lahontan,8,6.926,5.0,2.0,10.0,6.3793,626999
SSEBOP,2006-01-01,North Lahontan,8,7.8098,6.0,3.0,11.0,6.7157,578468
SSEBOP,2006-02-01,North Lahontan,8,10.1277,6.0,2.0,14.0,11.0869,698603
SSEBOP,2006-03-01,North Lahontan,8,14.6084,11.0,4.0,21.0,13.926,695017
SSEBOP,2006-04-01,North Lahontan,8,38.1996,38.0,22.0,53.0,21.4437,756450
SSEBOP,2006-05-01,North Lahontan,8,87.2617,93.0,61.0,116.0,38.4759,762716
SSEBOP,2006-06-01,North Lahontan,8,108.2711,119.0,78.0,146.0,47.2759,763211
SSEBOP,2006-07-01,North Lahontan,8,117.967,133.0,73.0,164.0,59.6666,763211
SSEBOP,2006-08-01,North Lahontan,8,87.4714,96.0,42.0,129.0,51.3587,763211
SSEBOP,2006-09-01,North Lahontan,8,57.0996,58.0,25.0,84.0,36.0551,763211
SSEBOP,2006-10-01,North Lahontan,8,28.4279,28.0,14.0,41.0,17.4883,763211
SSEBOP,2006-11-01,North Lahontan,8,12.119,11.0,6.0,17.0,8.1203,763155
SSEBOP,2006-12-01,North Lahontan,8,5.363,4.0,1.0,8.0,5.5529,749470
SSEBOP,2007-01-01,North Lahontan,8,5.0231,2.0,0.0,7.0,6.782,726639
SSEBOP,2007-02-01,North Lahontan,8,7.1199,4.0,1.0,10.0,8.648,746532
SSEBOP,2007-03-01,North Lahontan,8,20.3993,14.0,5.0,29.0,20.1389,758675
SSEBOP,2007-04-01,North Lahontan,8,44.3757,45.0,21.0,66.0,27.2544,763125
SSEBOP,2007-05-01,North Lahontan,8,80.9473,88.0,38.0,119.0,48.2841,763211
SSEBOP,2007-06-01,North Lahontan,8,90.5352,99.0,41.0,135.0,54.8453,763211
SSEBOP,2007-07-01,North Lahontan,8,96.316,104.0,32.0,151.0,64.9219,763211
SSEBOP,2007-08-01,North Lahontan,8,75.3224,71.0,23.0,119.0,55.8479,763211
SSEBOP,2007-09-01,North Lahontan,8,46.5488,41.0,17.0,70.0,33.7518,763211
SSEBOP,2007-10-01,North Lahontan,8,25.315,24.0,14.0,36.0,14.9543,761605
SSEBOP,2007-11-01,North Lahontan,8,13.2178,12.0,6.0,18.0,8.9656,699856
SSEBOP,2007-12-01,North Lahontan,8,3.5317,2.0,0.0,5.0,4.4705,319379
SSEBOP,2008-01-01,North Lahontan,8,8.5155,6.0,2.0,13.0,7.7676,87143
SSEBOP,2008-02-01,North Lahontan,8,9.4904,7.0,2.0,15.0,9.3504,377020
SSEBOP,2008-03-01,North Lahontan,8,19.1475,14.0,3.0,29.0,19.399,728202
SSEBOP,2008-04-01,North Lahontan,8,36.0984,32.0,12.0,56.0,27.7533,761750
SSEBOP,2008-05-01,North Lahontan,8,65.9003,69.0,31.0,97.0,39.6074,762989
SSEBOP,2008-06-01,North Lahontan,8,104.929,116.0,62.0,148.0,54.7205,763211
SSEBOP,2008-07-01,North Lahontan,8,104.9196,117.0,46.0,158.0,62.8057,763211
SSEBOP,2008-08-01,North Lahontan,8,86.7116,88.0,30.0,136.0,59.029,763211
SSEBOP,2008-09-01,North Lahontan,8,52.3167,47.0,15.0,83.0,40.5656,763211
SSEBOP,2008-10-01,North Lahontan,8,27.6125,25.0,11.0,42.0,19.6595,763195
SSEBOP,2008-11-01,North Lahontan,8,11.1375,10.0,4.0,17.0,8.7104,762985
SSEBOP,2008-12-01,North Lahontan,8,7.6941,6.0,2.0,11.0,7.6405,743256
SSEBOP,2009-01-01,North Lahontan,8,10.2774,7.0,2.0,17.0,10.4585,669848
SSEBOP,2009-02-01,North Lahontan,8,14.5463,10.0,2.0,23.0,14.5293,701315
SSEBOP,2009-03-01,North Lahontan,8,21.568,17.0,6.0,32.0,19.0546,756311
SSEBOP,2009-04-01,North Lahontan,8,40.1762,37.0,14.0,63.0,29.4069,762583
SSEBOP,2009-05-01,North Lahontan,8,84.897,91.0,46.0,122.0,45.9604,763211
SSEBOP,2009-06-01,North Lahontan,8,87.861,97.0,52.0,124.0,44.5942,763211
SSEBOP,2009-07-01,North Lahontan,8,101.9603,114.0,39.0,156.0,63.961,763211
SSEBOP,2009-08-01,North Lahontan,8,77.2196,80.0,21.0,125.0,55.7723,763211
SSEBOP,2009-09-01,North Lahontan,8,61.8321,60.0,19.0,97.0,44.7154,763211
SSEBOP,2009-10-01,North Lahontan,8,23.6477,23.0,10.0,36.0,15.911,763211
SSEBOP,2009-11-01,North Lahontan,8,14.6404,14.0,8.0,20.0,8.5965,763211
SSEBOP,2009-12-01,North Lahontan,8,5.6957,4.0,2.0,8.0,5.7188,589876
SSEBOP,2010-01-01,North Lahontan,8,5.7367,4.0,0.0,9.0,6.2335,203012
SSEBOP,2010-02-01,North Lahontan,8,7.7785,5.0,1.0,12.0,8.2284,664423
SSEBOP,2010-03-01,North Lahontan,8,19.4092,16.0,6.0,28.0,16.7746,685515
SSEBOP,2010-04-01,North Lahontan,8,34.2469,33.0,13.0,53.0,23.7356,759211
SSEBOP,2010-05-01,North Lahontan,8,64.0662,66.0,41.0,87.0,30.0139,760813
SSEBOP,2010-06-01,North Lahontan,8,99.3134,110.0,61.0,138.0,48.5308,763211
SSEBOP,2010-07-01,North Lahontan,8,103.6851,118.0,42.0,156.0,63.457,763211
SSEBOP,2010-08-01,North Lahontan,8,79.9016,84.0,27.0,126.0,53.9188,763211
SSEBOP,2010-09-01,North Lahontan,8,56.5373,54.0,18.0,89.0,40.7472,763211
SSEBOP,2010-10-01,North Lahontan,8,31.4625,30.0,16.0,45.0,18.463,762969
SSEBOP,2010-11-01,North Lahontan,8,17.4474,18.0,11.0,23.0,8.7236,643118
SSEBOP,2010-12-01,North Lahontan,8,11.2867,11.0,7.0,15.0,5.6278,556556
SSEBOP,2011-01-01,North Lahontan,8,10.6677,9.0,5.0,14.0,8.0375,658761
SSEBOP,2011-02-01,North Lahontan,8,12.1306,11.0,4.0,18.0,9.3945,665899
SSEBOP,2011-03-01,North Lahontan,8,24.8569,24.0,14.0,34.0,15.077,654380
SSEBOP,2011-04-01,North Lahontan,8,40.1399,41.0,25.0,54.0,20.4277,758643
SSEBOP,2011-05-01,North Lahontan,8,69.6998,73.0,50.0,90.0,28.5523,762644
SSEBOP,2011-06-01,North Lahontan,8,101.3092,110.0,78.0,131.0,37.8763,763211
SSEBOP,2011-07-01,North Lahontan,8,117.3958,130.0,77.0,161.0,55.4396,763211
SSEBOP,2011-08-01,North Lahontan,8,97.6645,111.0,51.0,141.0,53.686,763211
SSEBOP,2011-09-01,North Lahontan,8,67.3318,72.0,32.0,96.0,40.1622,763211
SSEBOP,2011-10-01,North Lahontan,8,32.82,34.0,17.0,47.0,18.4731,763137
SSEBOP,2011-11-01,North Lahontan,8,12.9208,12.0,5.0,20.0,9.4555,759722
SSEBOP,2011-12-01,North Lahontan,8,6.9684,4.0,1.0,10.0,8.3044,753646
SSEBOP,2012-01-01,North Lahontan,8,7.2904,3.0,0.0,11.0,9.4616,726294
SSEBOP,2012-02-01,North Lahontan,8,5.2952,1.0,0.0,7.0,8.9262,677390
SSEBOP,2012-03-01,North Lahontan,8,15.8323,10.0,0.0,24.0,18.0594,696675
SSEBOP,2012-04-01,North Lahontan,8,36.0981,30.0,6.0,60.0,31.594,704627
SSEBOP,2012-05-01,North Lahontan,8,79.7474,84.0,39.0,117.0,47.7119,754164
SSEBOP,2012-06-01,North Lahontan,8,100.6258,112.0,49.0,147.0,59.1568,763211
SSEBOP,2012-07-01,North Lahontan,8,95.9816,103.0,37.0,146.0,62.9323,763211
SSEBOP,2012-08-01,North Lahontan,8,80.8526,76.0,24.0,129.0,61.1739,762424
SSEBOP,2012-09-01,North Lahontan,8,53.4522,45.0,12.0,88.0,45.0647,760042
SSEBOP,2012-10-01,North Lahontan,8,28.8405,24.0,7.0,46.0,24.4032,751282
SSEBOP,2012-11-01,North Lahontan,8,15.437,15.0,8.0,22.0,9.4617,733715
SSEBOP,2012-12-01,North Lahontan,8,10.9846,10.0,6.0,15.0,6.8366,411903
SSEBOP,2013-01-01,North Lahontan,8,8.7169,7.0,4.0,13.0,6.6429,142222
SSEBOP,2013-02-01,North Lahontan,8,11.4741,5.0,0.0,19.0,14.1026,358453
SSEBOP,2013-03-01,North Lahontan,8,22.316,16.0,5.0,35.0,21.1852,678282
SSEBOP,2013-04-01,North Lahontan,8,52.6021,52.0,27.0,75.0,30.8321,762958
SSEBOP,2013-05-01,North Lahontan,8,87.8335,91.0,53.0,123.0,44.1965,763211
SSEBOP,2013-06-01,North Lahontan,8,110.2433,120.0,68.0,153.0,52.8606,763211
SSEBOP,2013-07-01,North Lahontan,8,112.4159,121.0,50.0,168.0,67.1618,763211
SSEBOP,2013-08-01,North Lahontan,8,83.3545,82.0,33.0,129.0,54.0013,763211
SSEBOP,2013-09-01,North Lahontan,8,56.7233,52.0,23.0,86.0,37.6356,763211
SSEBOP,2013-10-01,North Lahontan,8,26.4725,23.0,11.0,39.0,18.5502,763211
SSEBOP,2013-11-01,North Lahontan,8,13.4712,12.0,5.0,20.0,10.1185,761023
SSEBOP,2013-12-01,North Lahontan,8,7.961,6.0,2.0,11.0,7.7025,750778
SSEBOP,2014-01-01,North Lahontan,8,9.4949,6.0,1.0,14.0,10.637,759202
SSEBOP,2014-02-01,North Lahontan,8,9.5561,5.0,1.0,15.0,11.2889,762281
SSEBOP,2014-03-01,North Lahontan,8,23.461,19.0,9.0,35.0,17.8414,763022
SSEBOP,2014-04-01,North Lahontan,8,49.3593,47.0,21.0,74.0,32.2972,763206
SSEBOP,2014-05-01,North Lahontan,8,86.0118,89.0,40.0,128.0,51.285,763211
SSEBOP,2014-06-01,North Lahontan,8,95.3455,102.0,33.0,149.0,62.4778,763211
SSEBOP,2014-07-01,North Lahontan,8,97.7742,98.0,29.0,157.0,69.143,763211
SSEBOP,2014-08-01,North Lahontan,8,80.4164,77.0,26.0,128.0,56.3416,763211
SSEBOP,2014-09-01,North Lahontan,8,56.3862,47.0,17.0,91.0,43.5733,763211
SSEBOP,2014-10-01,North Lahontan,8,34.8932,29.0,14.0,53.0,25.0379,763211
SSEBOP,2014-11-01,North Lahontan,8,16.5715,16.0,9.0,23.0,9.74,759531
SSEBOP,2014-12-01,North Lahontan,8,9.0931,8.0,5.0,13.0,5.9717,716997
SSEBOP,2015-01-01,North Lahontan,8,9.8579,8.0,2.0,15.0,8.7577,749044
SSEBOP,2015-02-01,North Lahontan,8,18.1071,16.0,7.0,27.0,13.9498,762584
SSEBOP,2015-03-01,North Lahontan,8,38.2467,36.0,18.0,56.0,25.0878,763203
SSEBOP,2015-04-01,North Lahontan,8,57.5085,57.0,29.0,83.0,34.1362,763211
SSEBOP,2015-05-01,North Lahontan,8,76.9153,78.0,44.0,109.0,39.3237,763211
SSEBOP,2015-06-01,North Lahontan,8,113.5332,120.0,68.0,160.0,56.3578,763211
SSEBOP,2015-07-01,North Lahontan,8,92.9643,98.0,41.0,141.0,55.8408,763211
SSEBOP,2015-08-01,North Lahontan,8,87.3744,86.0,32.0,137.0,58.2457,763211
SSEBOP,2015-09-01,North Lahontan,8,55.3299,49.0,20.0,86.0,40.4445,763211
SSEBOP,2015-10-01,North Lahontan,8,33.0622,29.0,13.0,50.0,23.033,740070
SSEBOP,2015-11-01,North Lahontan,8,14.934,14.0,8.0,21.0,8.5382,739931
SSEBOP,2015-12-01,North Lahontan,8,11.8176,12.0,7.0,16.0,6.4483,538785
SSEBOP,2016-01-01,North Lahontan,8,11.149,10.0,5.0,16.0,8.1019,561517
SSEBOP,2016-02-01,North Lahontan,8,18.3046,17.0,10.0,25.0,11.6255,752476
SSEBOP,2016-03-01,North Lahontan,8,33.3836,34.0,20.0,46.0,17.466,760557
SSEBOP,2016-04-01,North Lahontan,8,63.6686,67.0,41.0,87.0,31.1352,762734
SSEBOP,2016-05-01,North Lahontan,8,94.3089,99.0,71.0,122.0,34.6685,761993
SSEBOP,2016-06-01,North Lahontan,8,128.4736,140.0,93.0,169.0,52.8079,763209
SSEBOP,2016-07-01,North Lahontan,8,115.6129,128.0,64.0,165.0,60.6302,763211
SSEBOP,2016-08-01,North Lahontan,8,99.5104,102.0,48.0,146.0,57.4585,763211
SSEBOP,2016-09-01,North Lahontan,8,63.71,61.0,32.0,91.0,38.7672,763211
SSEBOP,2016-10-01,North Lahontan,8,34.5064,32.0,20.0,46.0,18.7827,763211
SSEBOP,2016-11-01,North Lahontan,8,21.7382,21.0,15.0,28.0,10.0694,761129
SSEBOP,2016-12-01,North Lahontan,8,8.994,9.0,5.0,12.0,5.2996,716099
SSEBOP,2017-01-01,North Lahontan,8,9.1218,9.0,6.0,12.0,4.7651,595556
SSEBOP,2017-02-01,North Lahontan,8,17.4621,16.0,9.0,24.0,11.644,554377
SSEBOP,2017-03-01,North Lahontan,8,34.1881,34.0,20.0,47.0,18.9734,734780
SSEBOP,2017-04-01,North Lahontan,8,53.9994,55.0,38.0,71.0,23.454,742172
SSEBOP,2017-05-01,North Lahontan,8,101.1003,107.0,75.0,133.0,40.667,762947
SSEBOP,2017-06-01,North Lahontan,8,121.4833,134.0,87.0,163.0,52.7851,763211
SSEBOP,2017-07-01,North Lahontan,8,132.4688,145.0,87.0,183.0,62.9244,763211
SSEBOP,2017-08-01,North Lahontan,8,103.3251,113.0,61.0,145.0,52.0817,763211
SSEBOP,2017-09-01,North Lahontan,8,68.0661,71.0,36.0,97.0,37.7712,763211
SSEBOP,2017-10-01,North Lahontan,8,34.4224,34.0,19.0,48.0,19.4606,763211
SSEBOP,2017-11-01,North Lahontan,8,18.553,18.0,12.0,24.0,9.5619,762842
SSEBOP,2017-12-01,North Lahontan,8,12.1177,11.0,7.0,15.0,7.9821,756167
SSEBOP,2018-01-01,North Lahontan,8,9.9907,8.0,4.0,14.0,8.6254,749969
SSEBOP,2018-02-01,North Lahontan,8,14.7833,11.0,4.0,22.0,13.139,752026
SSEBOP,2018-03-01,North Lahontan,8,29.7106,28.0,17.0,41.0,17.654,729942
SSEBOP,2018-04-01,North Lahontan,8,55.2729,57.0,38.0,73.0,24.4627,762858
SSEBOP,2018-05-01,North Lahontan,8,90.3498,94.0,66.0,118.0,34.7225,763211
SSEBOP,2018-06-01,North Lahontan,8,124.5613,134.0,95.0,162.0,48.7499,763211
SSEBOP,2018-07-01,North Lahontan,8,117.6232,131.0,71.0,165.0,59.3766,763211
SSEBOP,2018-08-01,North Lahontan,8,96.3508,100.0,51.0,140.0,53.8878,763211
SSEBOP,2018-09-01,North Lahontan,8,68.3861,67.0,35.0,99.0,39.8753,763211
SSEBOP,2018-10-01,North Lahontan,8,32.4548,31.0,19.0,45.0,18.0554,763211
SSEBOP,2018-11-01,North Lahontan,8,14.0877,13.0,6.0,20.0,9.6035,762901
SSEBOP,2018-12-01,North Lahontan,8,8.2362,6.0,3.0,11.0,8.1085,634148
SSEBOP,2019-01-01,North Lahontan,8,5.2856,3.0,1.0,8.0,6.2856,512498
SSEBOP,2019-02-01,North Lahontan,8,9.1716,7.0,1.0,14.0,9.6383,509625
SSEBOP,2019-03-01,North Lahontan,8,19.8206,13.0,5.0,29.0,20.0318,668078
SSEBOP,2019-04-01,North Lahontan,8,53.8796,55.0,29.0,76.0,30.8434,760737
SSEBOP,2019-05-01,North Lahontan,8,80.5023,84.0,53.0,110.0,37.5569,762320
SSEBOP,2019-06-01,North Lahontan,8,119.6589,127.0,95.0,153.0,44.9294,763211
SSEBOP,2019-07-01,North Lahontan,8,127.153,141.0,92.0,168.0,54.538,763211
SSEBOP,2019-08-01,North Lahontan,8,109.5276,118.0,70.0,151.0,53.6161,763211
SSEBOP,2019-09-01,North Lahontan,8,71.1867,71.0,45.0,96.0,33.6179,763211
SSEBOP,2019-10-01,North Lahontan,8,35.8251,36.0,22.0,48.0,18.2235,763211
SSEBOP,2019-11-01,North Lahontan,8,15.0114,13.0,6.0,22.0,11.2582,763156
SSEBOP,2019-12-01,North Lahontan,8,5.0931,3.0,1.0,8.0,5.5697,730834
SSEBOP,2020-01-01,North Lahontan,8,7.3538,5.0,1.0,11.0,7.3784,742524
SSEBOP,2020-02-01,North Lahontan,8,10.3449,6.0,2.0,15.0,12.4713,759839
SSEBOP,2020-03-01,North Lahontan,8,19.0125,15.0,6.0,28.0,17.3026,760236
SSEBOP,2020-04-01,North Lahontan,8,48.2893,48.0,26.0,69.0,27.5382,760952
SSEBOP,2020-05-01,North Lahontan,8,92.5449,98.0,59.0,128.0,44.912,763211
SSEBOP,2020-06-01,North Lahontan,8,109.6472,120.0,70.0,151.0,53.3253,763211
SSEBOP,2020-07-01,North Lahontan,8,107.531,119.0,56.0,157.0,59.833,763211
SSEBOP,2020-08-01,North Lahontan,8,90.1183,92.0,41.0,134.0,54.9594,763211
SSEBOP,2020-09-01,North Lahontan,8,65.8553,62.0,27.0,101.0,44.426,763211
SSEBOP,2020-10-01,North Lahontan,8,35.234,33.0,15.0,52.0,24.3435,763211
SSEBOP,2020-11-01,North Lahontan,8,13.5278,13.0,7.0,19.0,8.4784,763211
SSEBOP,2020-12-01,North Lahontan,8,8.6736,6.0,3.0,12.0,8.4051,756217
SSEBOP,2021-01-01,North Lahontan,8,8.2537,7.0,3.0,12.0,6.7083,750115
SSEBOP,2021-02-01,North Lahontan,8,8.8049,4.0,0.0,15.0,10.8153,720228
SSEBOP,2021-03-01,North Lahontan,8,12.8026,7.0,1.0,17.0,16.4318,749217
SSEBOP,2021-04-01,North Lahontan,8,38.3938,32.0,9.0,62.0,32.7748,762976
SSEBOP,2021-05-01,North Lahontan,8,76.7654,78.0,31.0,118.0,50.5783,763211
SSEBOP,2021-06-01,North Lahontan,8,103.7359,111.0,41.0,161.0,66.0652,763211
SSEBOP,2021-07-01,North Lahontan,8,96.8108,99.0,32.0,154.0,66.5411,763211
SSEBOP,2021-08-01,North Lahontan,8,77.0035,69.0,24.0,125.0,56.7692,763211
SSEBOP,2021-09-01,North Lahontan,8,60.3739,49.0,22.0,94.0,44.9823,763211
SSEBOP,2021-10-01,North Lahontan,8,28.7878,27.0,13.0,42.0,18.2723,763211
SSEBOP,2021-11-01,North Lahontan,8,18.8988,18.0,12.0,25.0,9.8514,763208
SSEBOP,2021-12-01,North Lahontan,8,8.2612,8.0,5.0,11.0,5.0038,762980
SSEBOP,2022-01-01,North Lahontan,8,10.2655,10.0,5.0,14.0,6.9114,568117
SSEBOP,2022-02-01,North Lahontan,8,13.9213,12.0,4.0,21.0,11.7623,635005
SSEBOP,2022-03-01,North Lahontan,8,30.6803,29.0,15.0,44.0,20.2932,757324
SSEBOP,2022-04-01,North Lahontan,8,51.4643,52.0,31.0,71.0,26.4105,763177
SSEBOP,2022-05-01,North Lahontan,8,84.3335,86.0,59.0,112.0,36.8704,763211
SSEBOP,2022-06-01,North Lahontan,8,107.5948,114.0,73.0,146.0,47.6011,763211
SSEBOP,2022-07-01,North Lahontan,8,108.104,116.0,56.0,159.0,60.2569,763211
SSEBOP,2022-08-01,North Lahontan,8,97.789,101.0,44.0,147.0,59.5899,763211
SSEBOP,2022-09-01,North Lahontan,8,69.7486,67.0,30.0,105.0,45.2991,763211
SSEBOP,2022-10-01,North Lahontan,8,37.3584,35.0,15.0,57.0,25.7275,763211
SSEBOP,2022-11-01,North Lahontan,8,11.2252,11.0,6.0,16.0,7.3723,742383
SSEBOP,2022-12-01,North Lahontan,8,4.9969,4.0,1.0,7.0,5.2418,360165
SSEBOP,2023-01-01,North Lahontan,8,3.8511,2.0,0.0,7.0,4.3993,249132
SSEBOP,2023-02-01,North Lahontan,8,6.5415,5.0,2.0,10.0,5.9849,462742
SSEBOP,2023-03-01,North Lahontan,8,16.2711,13.0,7.0,23.0,13.0494,535979
SSEBOP,2023-04-01,North Lahontan,8,38.5941,35.0,14.0,59.0,28.9604,690931
SSEBOP,2023-05-01,North Lahontan,8,86.058,90.0,60.0,116.0,37.4321,761137
SSEBOP,2023-06-01,North Lahontan,8,115.1092,126.0,94.0,145.0,38.5735,763211
SSEBOP,2023-07-01,North Lahontan,8,143.9004,158.0,104.0,191.0,60.3035,763211
SSEBOP,2023-08-01,North Lahontan,8,99.6542,105.0,64.0,138.0,47.961,763211
SSEBOP,2023-09-01,North Lahontan,8,69.6272,70.0,43.0,96.0,33.9264,763211
SSEBOP,2023-10-01,North Lahontan,8,42.6775,42.0,27.0,57.0,21.845,763211
SSEBOP,2023-11-01,North Lahontan,8,18.7857,18.0,13.0,23.0,8.4893,763211
SSEBOP,2023-12-01,North Lahontan,8,10.5211,10.0,6.0,14.0,6.18,746385
SSEBOP,2024-01-01,North Lahontan,8,11.4769,10.0,6.0,15.0,8.1705,623870
SSEBOP,2024-02-01,North Lahontan,8,16.407,16.0,10.0,21.0,8.8799,707195
SSEBOP,2024-03-01,North Lahontan,8,31.6073,30.0,19.0,42.0,17.2864,745837
SSEBOP,2024-04-01,North Lahontan,8,55.0292,58.0,37.0,73.0,25.2306,762418
SSEBOP,2024-05-01,North Lahontan,8,92.9277,96.0,64.0,125.0,38.8862,763211
SSEBOP,2024-06-01,North Lahontan,8,119.7321,128.0,84.0,160.0,51.2885,763211
SSEBOP,2024-07-01,North Lahontan,8,112.2598,122.0,63.0,160.0,59.2807,763211
SSEBOP,2024-08-01,North Lahontan,8,92.8827,95.0,47.0,135.0,52.5146,763211
SSEBOP,2024-09-01,North Lahontan,8,66.7773,64.0,31.0,98.0,41.4126,763211
SSEBOP,2024-10-01,North Lahontan,8,39.9814,39.0,20.0,57.0,23.9742,763211
SSEBOP,2024-11-01,North Lahontan,8,14.1911,14.0,8.0,19.0,8.3004,761134
SSEBOP,2024-12-01,North Lahontan,8,11.283,9.0,5.0,15.0,9.1278,758424
SSEBOP,2025-01-01,North Lahontan,8,7.5972,6.0,2.0,11.0,6.9222,755953
SSEBOP,2025-02-01,North Lahontan,8,13.6068,11.0,4.0,19.0,12.4552,754853
SSEBOP,2025-03-01,North Lahontan,8,25.3748,21.0,9.0,38.0,20.2071,757459
SSEBOP,2025-04-01,North Lahontan,8,55.5317,56.0,30.0,79.0,31.3536,761011
SSEBOP,2025-05-01,North Lahontan,8,104.8176,110.0,78.0,136.0,41.1999,763211
SSEBOP,2025-06-01,North Lahontan,8,127.9912,139.0,94.0,169.0,53.5547,763211
SSEBOP,2025-07-01,North Lahontan,8,120.3164,130.0,80.0,167.0,57.8087,763211
SSEBOP,2025-08-01,North Lahontan,8,96.5433,103.0,58.0,136.0,48.6348,763211
SSEBOP,2025-09-01,North Lahontan,8,71.1134,72.0,40.0,100.0,37.8588,763211
SSEBOP,2025-10-01,North Lahontan,8,37.9546,38.0,25.0,50.0,17.982,758723
SSEBOP,2025-11-01,North Lahontan,8,20.3949,20.0,13.0,27.0,10.0378,762422
SSEBOP,2025-12-01,North Lahontan,8,14.065,13.0,8.0,18.0,8.5063,763055
SSEBOP,2003-10-01,Sacramento River,5,43.3637,42.0,12.0,69.0,32.7346,9997142
SSEBOP,2003-11-01,Sacramento River,5,18.9674,17.0,9.0,27.0,12.3386,9419607
SSEBOP,2003-12-01,Sacramento River,5,14.2099,13.0,10.0,17.0,6.4656,3768565
SSEBOP,2004-01-01,Sacramento River,5,17.6927,17.0,14.0,21.0,7.0863,3641482
SSEBOP,2004-02-01,Sacramento River,5,30.5311,31.0,23.0,39.0,12.2203,9740471
SSEBOP,2004-03-01,Sacramento River,5,61.1506,62.0,38.0,85.0,29.5391,9928705
SSEBOP,2004-04-01,Sacramento River,5,69.1703,72.0,30.0,105.0,43.6087,9992077
SSEBOP,2004-05-01,Sacramento River,5,95.9213,101.0,53.0,137.0,53.7631,9995593
SSEBOP,2004-06-01,Sacramento River,5,120.9855,132.0,68.0,177.0,65.8629,9997225
SSEBOP,2004-07-01,Sacramento River,5,134.0637,144.5035,68.4982,204.5031,76.9696,9997251
SSEBOP,2004-08-01,Sacramento River,5,112.7217,121.0,50.0,175.0,69.031,9997270
SSEBOP,2004-09-01,Sacramento River,5,72.4005,78.0,28.0,111.0,46.2903,9997270
SSEBOP,2004-10-01,Sacramento River,5,38.9373,37.0,18.0,56.0,24.2005,9997235
SSEBOP,2004-11-01,Sacramento River,5,25.1351,24.0,16.0,33.0,13.174,9992379
SSEBOP,2004-12-01,Sacramento River,5,19.634,19.0,12.0,26.0,10.1193,9841206
SSEBOP,2005-01-01,Sacramento River,5,16.8926,16.0,13.0,21.0,6.1388,9011770
SSEBOP,2005-02-01,Sacramento River,5,31.9141,32.0,24.0,39.0,11.3714,9097109
SSEBOP,2005-03-01,Sacramento River,5,53.3768,54.0,35.0,73.0,23.7933,9956235
SSEBOP,2005-04-01,Sacramento River,5,67.0973,68.0,38.0,97.0,34.5082,9983860
SSEBOP,2005-05-01,Sacramento River,5,90.4093,94.0,63.0,120.0,39.7297,9995761
SSEBOP,2005-06-01,Sacramento River,5,111.4303,118.0,70.0,155.0,54.9178,9997262
SSEBOP,2005-07-01,Sacramento River,5,139.5003,150.5045,76.4943,204.4978,76.9317,9997270
SSEBOP,2005-08-01,Sacramento River,5,117.3744,124.0,55.0,179.0,69.8463,9997270
SSEBOP,2005-09-01,Sacramento River,5,70.5741,75.0,32.0,106.0,42.0477,9997270
SSEBOP,2005-10-01,Sacramento River,5,40.9775,40.0,17.0,61.0,27.0089,9986711
SSEBOP,2005-11-01,Sacramento River,5,24.8473,21.0,11.0,36.0,16.9765,9938868
SSEBOP,2005-12-01,Sacramento River,5,15.1574,14.0,8.0,20.0,9.0421,9682752
SSEBOP,2006-01-01,Sacramento River,5,23.4432,22.0,17.0,29.0,10.5465,9703408
SSEBOP,2006-02-01,Sacramento River,5,32.5241,33.0,21.0,44.0,16.3029,9967145
SSEBOP,2006-03-01,Sacramento River,5,36.439,37.0,26.0,48.0,16.3383,9951165
SSEBOP,2006-04-01,Sacramento River,5,60.3632,63.0,42.0,79.0,24.9811,9981643
SSEBOP,2006-05-01,Sacramento River,5,87.7795,91.0,56.0,121.0,44.1431,9988356
SSEBOP,2006-06-01,Sacramento River,5,118.2966,127.0,69.0,169.0,62.709,9997266
SSEBOP,2006-07-01,Sacramento River,5,140.7928,152.5031,78.5038,206.4977,76.9097,9997270
SSEBOP,2006-08-01,Sacramento River,5,114.1186,120.0,58.0,173.0,66.3718,9997270
SSEBOP,2006-09-01,Sacramento River,5,75.4066,81.0,34.0,114.0,45.2515,9997270
SSEBOP,2006-10-01,Sacramento River,5,37.364,37.0,13.0,57.0,26.6639,9997270
SSEBOP,2006-11-01,Sacramento River,5,19.8315,18.0,12.0,26.0,10.7918,9995635
SSEBOP,2006-12-01,Sacramento River,5,20.1456,19.0,12.0,26.0,11.6735,9873892
SSEBOP,2007-01-01,Sacramento River,5,28.8105,27.0,13.0,39.0,19.7389,9893522
SSEBOP,2007-02-01,Sacramento River,5,31.2749,31.0,20.0,42.0,15.7057,9964087
SSEBOP,2007-03-01,Sacramento River,5,56.7429,58.0,27.0,84.0,33.8563,9992060
SSEBOP,2007-04-01,Sacramento River,5,69.0848,67.0,33.0,104.0,41.0586,9997100
SSEBOP,2007-05-01,Sacramento River,5,104.8941,111.0,54.0,151.0,61.145,9997159
SSEBOP,2007-06-01,Sacramento River,5,123.6781,136.501,58.5007,186.4994,74.789,9997260
SSEBOP,2007-07-01,Sacramento River,5,133.1681,146.5036,60.4983,204.5008,81.2606,9997270
SSEBOP,2007-08-01,Sacramento River,5,114.8706,126.0,40.0,183.0,75.5135,9997270
SSEBOP,2007-09-01,Sacramento River,5,66.0705,72.0,25.0,102.0,42.2372,9997018
SSEBOP,2007-10-01,Sacramento River,5,42.9059,42.0,25.0,60.0,23.2597,9945831
SSEBOP,2007-11-01,Sacramento River,5,30.5273,28.0,14.0,44.0,19.9511,9652471
SSEBOP,2007-12-01,Sacramento River,5,23.7046,21.0,15.0,30.0,12.3322,7219963
SSEBOP,2008-01-01,Sacramento River,5,20.4598,19.0,15.0,25.0,8.099,7473896
SSEBOP,2008-02-01,Sacramento River,5,36.7369,37.0,29.0,45.0,13.5402,8973268
SSEBOP,2008-03-01,Sacramento River,5,55.7563,55.0,31.0,79.0,30.2439,9942962
SSEBOP,2008-04-01,Sacramento River,5,67.7775,66.0,27.0,104.0,44.7727,9994709
SSEBOP,2008-05-01,Sacramento River,5,115.2164,116.0,63.0,166.0,65.2236,9996667
SSEBOP,2008-06-01,Sacramento River,5,129.1225,139.0,66.4976,190.5013,75.4693,9997270
SSEBOP,2008-07-01,Sacramento River,5,132.2819,142.5004,66.5012,196.4951,77.1439,9997270
SSEBOP,2008-08-01,Sacramento River,5,123.8953,132.5014,52.4971,192.5031,76.2129,9997270
SSEBOP,2008-09-01,Sacramento River,5,75.568,81.0,28.0,117.0,48.0232,9997270
SSEBOP,2008-10-01,Sacramento River,5,48.5607,47.0,25.0,69.0,28.6671,9992485
SSEBOP,2008-11-01,Sacramento River,5,24.5489,23.0,15.0,33.0,12.913,9772594
SSEBOP,2008-12-01,Sacramento River,5,14.8534,15.0,8.0,21.0,8.8074,8085185
SSEBOP,2009-01-01,Sacramento River,5,27.0194,26.0,15.0,37.0,16.2529,9505982
SSEBOP,2009-02-01,Sacramento River,5,30.2881,30.0,22.0,38.0,12.1048,9612431
SSEBOP,2009-03-01,Sacramento River,5,55.1514,55.0,33.0,78.0,28.4151,9977548
SSEBOP,2009-04-01,Sacramento River,5,61.9214,63.0,19.0,100.0,44.1905,9994451
SSEBOP,2009-05-01,Sacramento River,5,106.4568,112.0,63.0,150.0,54.9445,9997254
SSEBOP,2009-06-01,Sacramento River,5,111.1578,123.0,67.0,158.0,58.2971,9997266
SSEBOP,2009-07-01,Sacramento River,5,135.174,148.5016,70.5016,202.4999,78.0424,9997270
SSEBOP,2009-08-01,Sacramento River,5,109.4888,120.0,48.0,169.0,67.6132,9997270
SSEBOP,2009-09-01,Sacramento River,5,78.93,87.0,29.0,122.0,50.8634,9997270
SSEBOP,2009-10-01,Sacramento River,5,44.509,42.0,26.0,61.0,23.6107,9997023
SSEBOP,2009-11-01,Sacramento River,5,29.7188,29.0,17.0,40.0,15.8036,9996663
SSEBOP,2009-12-01,Sacramento River,5,14.9063,14.0,8.0,20.0,8.9475,9889650
SSEBOP,2010-01-01,Sacramento River,5,16.015,16.0,12.0,20.0,6.3202,3755387
SSEBOP,2010-02-01,Sacramento River,5,24.7479,26.0,18.0,33.0,10.9626,5084055
SSEBOP,2010-03-01,Sacramento River,5,51.5988,53.0,34.0,69.0,23.4138,9954562
SSEBOP,2010-04-01,Sacramento River,5,56.6139,57.0,26.0,86.0,33.8763,9986864
SSEBOP,2010-05-01,Sacramento River,5,95.7487,97.0,68.0,125.0,41.4276,9987184
SSEBOP,2010-06-01,Sacramento River,5,128.563,132.5021,82.5004,176.495,61.9519,9997270
SSEBOP,2010-07-01,Sacramento River,5,136.1516,146.5023,80.5051,196.5024,70.702,9997270
SSEBOP,2010-08-01,Sacramento River,5,117.1969,123.0,62.0,176.0,65.9743,9997270
SSEBOP,2010-09-01,Sacramento River,5,82.5387,90.0,38.0,125.0,49.0888,9997270
SSEBOP,2010-10-01,Sacramento River,5,42.3754,45.0,23.0,59.0,22.1375,9997270
SSEBOP,2010-11-01,Sacramento River,5,26.2199,26.0,17.0,34.0,12.0926,8808656
SSEBOP,2010-12-01,Sacramento River,5,14.2229,14.0,10.0,17.0,5.6972,8641871
SSEBOP,2011-01-01,Sacramento River,5,20.262,19.0,14.0,26.0,9.1471,9812998
SSEBOP,2011-02-01,Sacramento River,5,34.1728,35.0,22.0,45.0,17.1838,7985831
SSEBOP,2011-03-01,Sacramento River,5,45.7765,47.0,33.0,59.0,19.1773,9627149
SSEBOP,2011-04-01,Sacramento River,5,62.0168,62.0,36.0,87.0,32.9152,9907408
SSEBOP,2011-05-01,Sacramento River,5,82.7259,84.0,52.0,114.0,41.2572,9995492
SSEBOP,2011-06-01,Sacramento River,5,108.4663,114.0,75.0,145.0,48.5308,9997270
SSEBOP,2011-07-01,Sacramento River,5,136.5615,148.0,93.0,189.0,62.1129,9997270
SSEBOP,2011-08-01,Sacramento River,5,121.5173,132.0,73.0,180.0,64.0833,9997270
SSEBOP,2011-09-01,Sacramento River,5,87.6855,98.0,44.0,130.0,49.5704,9997270
SSEBOP,2011-10-01,Sacramento River,5,42.8372,44.0,27.0,57.0,20.3385,9997140
SSEBOP,2011-11-01,Sacramento River,5,20.4355,21.0,11.0,29.0,11.9284,9852748
SSEBOP,2011-12-01,Sacramento River,5,26.605,24.0,11.0,37.0,19.2016,9657146
SSEBOP,2012-01-01,Sacramento River,5,24.4693,22.0,9.0,35.0,18.362,9792596
SSEBOP,2012-02-01,Sacramento River,5,31.9071,33.0,16.0,45.0,19.6301,9749481
SSEBOP,2012-03-01,Sacramento River,5,39.3286,41.0,20.0,56.0,23.4758,9697120
SSEBOP,2012-04-01,Sacramento River,5,63.9761,64.0,30.0,97.0,39.5724,9899825
SSEBOP,2012-05-01,Sacramento River,5,108.7161,115.0,64.0,152.0,57.9178,9981395
SSEBOP,2012-06-01,Sacramento River,5,128.6907,138.504,72.502,186.4991,71.4433,9996096
SSEBOP,2012-07-01,Sacramento River,5,134.2672,148.5025,72.5003,200.5045,75.7554,9996066
SSEBOP,2012-08-01,Sacramento River,5,122.5697,133.0,56.0,191.0,74.4544,9996501
SSEBOP,2012-09-01,Sacramento River,5,74.2755,83.0,28.0,115.0,47.702,9992712
SSEBOP,2012-10-01,Sacramento River,5,38.471,40.0,13.0,60.0,26.867,9982599
SSEBOP,2012-11-01,Sacramento River,5,19.9483,20.0,9.0,30.0,13.4352,8300479
SSEBOP,2012-12-01,Sacramento River,5,19.0269,18.0,13.0,24.0,7.9926,8626448
SSEBOP,2013-01-01,Sacramento River,5,24.3451,23.0,17.0,31.0,11.1701,8779705
SSEBOP,2013-02-01,Sacramento River,5,37.9766,39.0,25.0,51.0,19.1515,8232854
SSEBOP,2013-03-01,Sacramento River,5,54.0477,53.0,24.0,82.0,34.2168,9736444
SSEBOP,2013-04-01,Sacramento River,5,94.692,92.0,55.0,133.0,47.4613,9997068
SSEBOP,2013-05-01,Sacramento River,5,109.5298,115.0,62.0,158.0,59.7631,9997270
SSEBOP,2013-06-01,Sacramento River,5,132.1108,148.5029,82.5055,186.5018,66.2291,9997270
SSEBOP,2013-07-01,Sacramento River,5,157.2166,170.4985,94.5021,230.503,81.6893,9997261
SSEBOP,2013-08-01,Sacramento River,5,119.8985,132.0,63.0,179.0,65.8501,9997263
SSEBOP,2013-09-01,Sacramento River,5,78.8344,87.0,39.0,113.0,42.6298,9997270
SSEBOP,2013-10-01,Sacramento River,5,45.4019,45.0,20.0,67.0,28.7325,9997266
SSEBOP,2013-11-01,Sacramento River,5,25.4804,21.0,7.0,40.0,21.3686,9996567
SSEBOP,2013-12-01,Sacramento River,5,20.4504,15.0,6.0,29.0,18.6668,9947655
SSEBOP,2014-01-01,Sacramento River,5,23.8537,16.0,4.0,36.0,23.8748,9966460
SSEBOP,2014-02-01,Sacramento River,5,22.0086,21.0,9.0,32.0,15.638,9990145
SSEBOP,2014-03-01,Sacramento River,5,58.5559,58.0,37.0,80.0,27.6057,9996268
SSEBOP,2014-04-01,Sacramento River,5,73.8459,76.0,37.0,108.0,41.3081,9997232
SSEBOP,2014-05-01,Sacramento River,5,111.5556,117.0,59.0,163.0,63.372,9997262
SSEBOP,2014-06-01,Sacramento River,5,124.4476,136.5047,58.4995,186.5027,74.39,9997270
SSEBOP,2014-07-01,Sacramento River,5,141.9142,152.5003,64.5014,214.5006,83.723,9997270
SSEBOP,2014-08-01,Sacramento River,5,109.3294,118.0,42.0,171.0,68.5949,9997270
SSEBOP,2014-09-01,Sacramento River,5,78.2985,86.0,30.0,120.0,48.2811,9997270
SSEBOP,2014-10-01,Sacramento River,5,47.2694,47.0,18.0,71.0,30.9081,9997268
SSEBOP,2014-11-01,Sacramento River,5,19.6053,18.0,7.0,30.0,14.3422,9992052
SSEBOP,2014-12-01,Sacramento River,5,23.2908,23.0,17.0,29.0,9.8371,9847458
SSEBOP,2015-01-01,Sacramento River,5,27.5761,26.0,17.0,37.0,14.0911,9901939
SSEBOP,2015-02-01,Sacramento River,5,36.637,37.0,24.0,50.0,17.4124,9996654
SSEBOP,2015-03-01,Sacramento River,5,55.6484,54.0,24.0,87.0,35.3869,9997213
SSEBOP,2015-04-01,Sacramento River,5,72.95,75.0,29.0,114.0,48.0602,9997253
SSEBOP,2015-05-01,Sacramento River,5,96.0763,103.0,48.0,141.0,56.0919,9997011
SSEBOP,2015-06-01,Sacramento River,5,125.5692,138.5038,60.4985,188.4994,74.1914,9997270
SSEBOP,2015-07-01,Sacramento River,5,134.794,144.5028,60.4967,202.4985,79.8035,9997270
SSEBOP,2015-08-01,Sacramento River,5,113.0488,120.0,49.0,173.0,68.3445,9997270
SSEBOP,2015-09-01,Sacramento River,5,68.9466,74.0,21.0,109.0,46.7563,9997270
SSEBOP,2015-10-01,Sacramento River,5,43.3797,40.0,13.0,70.0,33.2336,9989990
SSEBOP,2015-11-01,Sacramento River,5,27.4928,26.0,17.0,37.0,14.1172,9899953
SSEBOP,2015-12-01,Sacramento River,5,17.8686,17.0,12.0,21.0,8.6789,9107582
SSEBOP,2016-01-01,Sacramento River,5,18.8422,18.0,13.0,23.0,8.671,8863738
SSEBOP,2016-02-01,Sacramento River,5,36.2602,36.0,25.0,46.0,15.3797,9010914
SSEBOP,2016-03-01,Sacramento River,5,53.411,53.0,37.0,71.0,21.3035,9985690
SSEBOP,2016-04-01,Sacramento River,5,74.5128,78.0,34.0,113.0,44.7145,9996338
SSEBOP,2016-05-01,Sacramento River,5,101.4874,107.0,66.0,140.0,50.0633,9997196
SSEBOP,2016-06-01,Sacramento River,5,135.242,148.5003,90.5003,186.4959,62.7196,9997270
SSEBOP,2016-07-01,Sacramento River,5,146.9139,158.4987,88.5001,214.5028,76.5169,9997270
SSEBOP,2016-08-01,Sacramento River,5,116.6265,126.0,64.0,172.0,63.6645,9997270
SSEBOP,2016-09-01,Sacramento River,5,77.5462,85.0,36.0,115.0,45.7555,9997269
SSEBOP,2016-10-01,Sacramento River,5,39.0067,39.0,22.0,53.0,20.0818,9997270
SSEBOP,2016-11-01,Sacramento River,5,25.7833,26.0,17.0,34.0,11.5819,9965510
SSEBOP,2016-12-01,Sacramento River,5,20.2375,20.0,13.0,26.0,9.3822,9736869
SSEBOP,2017-01-01,Sacramento River,5,23.1291,22.0,17.0,29.0,8.9836,9520603
SSEBOP,2017-02-01,Sacramento River,5,29.8444,29.0,21.0,39.0,12.7778,9542464
SSEBOP,2017-03-01,Sacramento River,5,52.6548,52.0,34.0,72.0,24.8948,9958856
SSEBOP,2017-04-01,Sacramento River,5,67.5032,69.0,43.0,93.0,32.3505,9979250
SSEBOP,2017-05-01,Sacramento River,5,98.8068,104.0,60.0,139.0,51.6439,9997218
SSEBOP,2017-06-01,Sacramento River,5,124.6112,136.5013,68.498,182.5005,67.4134,9997243
SSEBOP,2017-07-01,Sacramento River,5,144.834,156.5029,80.5015,212.4964,78.8925,9997270
SSEBOP,2017-08-01,Sacramento River,5,118.0593,127.0,65.0,172.0,63.2425,9997270
SSEBOP,2017-09-01,Sacramento River,5,79.7094,88.0,37.0,117.0,45.9715,9997270
SSEBOP,2017-10-01,Sacramento River,5,51.1925,51.0,24.0,74.0,31.4857,9997270
SSEBOP,2017-11-01,Sacramento River,5,21.0238,20.0,13.0,28.0,10.2654,9994293
SSEBOP,2017-12-01,Sacramento River,5,24.2854,23.0,10.0,34.0,16.8396,9922568
SSEBOP,2018-01-01,Sacramento River,5,15.9317,16.0,10.0,21.0,8.9329,8882992
SSEBOP,2018-02-01,Sacramento River,5,36.731,37.0,19.0,53.0,21.866,9953570
SSEBOP,2018-03-01,Sacramento River,5,47.4419,47.0,30.0,66.0,23.6097,9851570
SSEBOP,2018-04-01,Sacramento River,5,64.0699,65.0,34.0,94.0,36.5924,9915938
SSEBOP,2018-05-01,Sacramento River,5,99.2975,102.0,63.0,138.0,51.1475,9997228
SSEBOP,2018-06-01,Sacramento River,5,136.7215,148.5007,90.4999,190.4985,65.4269,9997270
SSEBOP,2018-07-01,Sacramento River,5,141.9817,154.5022,86.5012,202.4976,72.6992,9997270
SSEBOP,2018-08-01,Sacramento River,5,107.874,116.0,61.0,155.0,57.7452,9997270
SSEBOP,2018-09-01,Sacramento River,5,75.2443,82.0,38.0,111.0,43.242,9997270
SSEBOP,2018-10-01,Sacramento River,5,57.3429,57.0,30.0,81.0,31.955,9997270
SSEBOP,2018-11-01,Sacramento River,5,29.3192,27.0,15.0,40.0,18.3948,9994021
SSEBOP,2018-12-01,Sacramento River,5,18.6829,17.0,12.0,23.0,9.4145,9603210
SSEBOP,2019-01-01,Sacramento River,5,22.1325,21.0,16.0,27.0,9.6959,9040362
SSEBOP,2019-02-01,Sacramento River,5,29.7336,28.0,22.0,38.0,11.6063,8968600
SSEBOP,2019-03-01,Sacramento River,5,46.8152,46.0,34.0,59.0,19.5451,9887506
SSEBOP,2019-04-01,Sacramento River,5,73.4104,74.0,41.0,106.0,39.2543,9994125
SSEBOP,2019-05-01,Sacramento River,5,85.9414,89.0,52.0,122.0,43.9296,9995722
SSEBOP,2019-06-01,Sacramento River,5,134.3546,144.5008,96.5046,180.4999,58.8901,9997270
SSEBOP,2019-07-01,Sacramento River,5,138.472,150.5019,94.4966,190.5036,63.555,9997270
SSEBOP,2019-08-01,Sacramento River,5,124.5111,134.0,76.0,179.0,62.4503,9997270
SSEBOP,2019-09-01,Sacramento River,5,85.5517,91.0,54.0,118.0,39.4165,9997270
SSEBOP,2019-10-01,Sacramento River,5,57.9693,57.0,31.0,82.0,33.0404,9997269
SSEBOP,2019-11-01,Sacramento River,5,21.9369,18.0,3.0,36.0,19.9873,9980581
SSEBOP,2019-12-01,Sacramento River,5,16.9862,15.0,9.0,23.0,11.3562,8832416
SSEBOP,2020-01-01,Sacramento River,5,19.0119,18.0,13.0,24.0,9.5608,9235650
SSEBOP,2020-02-01,Sacramento River,5,46.1872,46.0,28.0,63.0,24.8996,9985739
SSEBOP,2020-03-01,Sacramento River,5,48.5444,48.0,21.0,73.0,30.2203,9992778
SSEBOP,2020-04-01,Sacramento River,5,64.1512,65.0,26.0,98.0,41.9122,9995858
SSEBOP,2020-05-01,Sacramento River,5,103.2291,112.0,65.0,144.0,52.8846,9997011
SSEBOP,2020-06-01,Sacramento River,5,134.5651,150.5019,86.5033,190.4997,67.3805,9997270
SSEBOP,2020-07-01,Sacramento River,5,140.4922,154.0,84.5054,204.4991,73.735,9997270
SSEBOP,2020-08-01,Sacramento River,5,116.7504,129.0,66.0,169.0,61.6908,9997270
SSEBOP,2020-09-01,Sacramento River,5,73.6831,82.0,39.0,105.0,41.4867,9997183
SSEBOP,2020-10-01,Sacramento River,5,50.2211,49.0,18.0,78.0,35.7871,9997259
SSEBOP,2020-11-01,Sacramento River,5,22.9753,20.0,7.0,35.0,18.2632,9997234
SSEBOP,2020-12-01,Sacramento River,5,19.1755,15.0,7.0,26.0,15.734,9975178
SSEBOP,2021-01-01,Sacramento River,5,23.0536,22.0,12.0,30.0,14.5651,9734865
SSEBOP,2021-02-01,Sacramento River,5,39.4176,40.0,25.0,52.0,20.5743,9950783
SSEBOP,2021-03-01,Sacramento River,5,55.8503,57.0,31.0,79.0,30.4693,9972063
SSEBOP,2021-04-01,Sacramento River,5,66.6264,64.0,23.0,105.0,47.3086,9997072
SSEBOP,2021-05-01,Sacramento River,5,118.8607,122.4994,52.4962,178.5005,72.7529,9997270
SSEBOP,2021-06-01,Sacramento River,5,125.3166,140.5019,52.4979,192.5022,77.5058,9997270
SSEBOP,2021-07-01,Sacramento River,5,134.487,144.4997,54.5011,208.5001,85.3908,9997270
SSEBOP,2021-08-01,Sacramento River,5,105.3211,112.5008,40.4935,164.5,68.2658,9997270
SSEBOP,2021-09-01,Sacramento River,5,75.8334,83.0,27.0,116.0,49.282,9997270
SSEBOP,2021-10-01,Sacramento River,5,41.0983,39.0,18.0,61.0,26.0496,9997246
SSEBOP,2021-11-01,Sacramento River,5,27.115,27.0,20.0,34.0,9.6299,9994542
SSEBOP,2021-12-01,Sacramento River,5,14.5019,14.0,11.0,18.0,5.3009,9979970
SSEBOP,2022-01-01,Sacramento River,5,27.0334,26.0,19.0,35.0,11.9605,9704864
SSEBOP,2022-02-01,Sacramento River,5,38.9593,40.0,23.0,55.0,21.7097,9932947
SSEBOP,2022-03-01,Sacramento River,5,53.698,55.0,22.0,82.0,35.4346,9992466
SSEBOP,2022-04-01,Sacramento River,5,74.7085,74.0,36.0,110.0,44.0065,9997029
SSEBOP,2022-05-01,Sacramento River,5,111.0796,112.5042,50.4995,166.4948,67.3947,9997258
SSEBOP,2022-06-01,Sacramento River,5,124.2298,130.5011,50.4998,190.5051,78.7339,9997270
SSEBOP,2022-07-01,Sacramento River,5,121.8418,130.5032,40.5017,190.496,82.9408,9997270
SSEBOP,2022-08-01,Sacramento River,5,103.0568,108.5027,28.4981,168.4984,74.393,9997270
SSEBOP,2022-09-01,Sacramento River,5,73.7616,77.0,22.0,119.0,51.7111,9997270
SSEBOP,2022-10-01,Sacramento River,5,48.2665,48.0,18.0,74.0,32.0813,9997211
SSEBOP,2022-11-01,Sacramento River,5,26.2908,25.0,13.0,38.0,15.5347,9799732
SSEBOP,2022-12-01,Sacramento River,5,12.4944,12.0,8.0,15.0,6.3786,9477356
SSEBOP,2023-01-01,Sacramento River,5,30.9521,29.0,24.0,36.0,12.7395,9320317
SSEBOP,2023-02-01,Sacramento River,5,31.8832,32.0,24.0,40.0,13.967,9661772
SSEBOP,2023-03-01,Sacramento River,5,41.8243,42.0,31.0,54.0,17.2529,9495296
SSEBOP,2023-04-01,Sacramento River,5,72.6953,72.0,42.0,103.0,38.0266,9982344
SSEBOP,2023-05-01,Sacramento River,5,97.1772,101.0,66.0,136.0,47.7232,9995268
SSEBOP,2023-06-01,Sacramento River,5,125.1388,134.0,88.0,168.0,54.2091,9997270
SSEBOP,2023-07-01,Sacramento River,5,150.497,164.5017,102.502,206.5018,66.667,9997270
SSEBOP,2023-08-01,Sacramento River,5,128.625,138.0,83.0,181.0,60.4467,9997270
SSEBOP,2023-09-01,Sacramento River,5,79.3338,86.0,51.0,110.0,38.8983,9997270
SSEBOP,2023-10-01,Sacramento River,5,52.85,55.0,33.0,72.0,27.2005,9997082
SSEBOP,2023-11-01,Sacramento River,5,30.4338,30.0,17.0,43.0,17.0971,9996768
SSEBOP,2023-12-01,Sacramento River,5,16.8158,15.0,9.0,21.0,9.9241,9969261
SSEBOP,2024-01-01,Sacramento River,5,20.1503,18.0,15.0,24.0,8.3914,9726177
SSEBOP,2024-02-01,Sacramento River,5,35.3563,34.0,27.0,44.0,13.1236,9904215
SSEBOP,2024-03-01,Sacramento River,5,53.3945,53.0,38.0,70.0,22.2913,9944819
SSEBOP,2024-04-01,Sacramento River,5,71.1281,75.0,35.0,105.0,39.6609,9993707
SSEBOP,2024-05-01,Sacramento River,5,126.1146,128.0,91.0,166.0,53.6513,9997230
SSEBOP,2024-06-01,Sacramento River,5,142.2796,152.5027,94.5017,196.5029,65.3083,9997270
SSEBOP,2024-07-01,Sacramento River,5,154.0399,164.4996,90.5011,222.4976,79.7828,9997270
SSEBOP,2024-08-01,Sacramento River,5,120.2422,128.0,70.0,174.0,62.3402,9997270
SSEBOP,2024-09-01,Sacramento River,5,84.1686,92.0,45.0,122.0,46.7264,9997270
SSEBOP,2024-10-01,Sacramento River,5,48.4536,49.0,21.0,73.0,31.4699,9997270
SSEBOP,2024-11-01,Sacramento River,5,24.7509,23.0,13.0,35.0,14.7478,9993029
SSEBOP,2024-12-01,Sacramento River,5,16.0988,15.0,10.0,20.0,8.7088,9977407
SSEBOP,2025-01-01,Sacramento River,5,34.598,33.0,23.0,44.0,17.5753,9939247
SSEBOP,2025-02-01,Sacramento River,5,33.4226,32.0,25.0,41.0,13.7105,9985254
SSEBOP,2025-03-01,Sacramento River,5,47.0293,46.0,30.0,66.0,23.5381,9987924
SSEBOP,2025-04-01,Sacramento River,5,70.2025,75.0,35.0,103.0,40.1924,9993020
SSEBOP,2025-05-01,Sacramento River,5,123.4308,130.0,86.0,166.0,54.6247,9997264
SSEBOP,2025-06-01,Sacramento River,5,134.4459,148.5001,92.5069,182.4993,60.7374,9997270
SSEBOP,2025-07-01,Sacramento River,5,136.9324,150.5034,88.5066,192.5005,65.1384,9997270
SSEBOP,2025-08-01,Sacramento River,5,123.8136,134.0,74.0,179.0,63.7355,9997270
SSEBOP,2025-09-01,Sacramento River,5,81.746,89.0,48.0,117.0,43.0839,9997270
SSEBOP,2025-10-01,Sacramento River,5,48.5872,50.0,30.0,65.0,24.4853,9994743
SSEBOP,2025-11-01,Sacramento River,5,24.3522,24.0,16.0,32.0,11.5758,9993304
SSEBOP,2025-12-01,Sacramento River,5,16.0538,16.0,12.0,20.0,5.0724,8195732
SSEBOP,2003-10-01,San Francisco Bay,2,31.7816,30.0,13.0,48.0,21.5948,595895
SSEBOP,2003-11-01,San Francisco Bay,2,16.532,17.0,11.0,22.0,7.977,577190
SSEBOP,2003-12-01,San Francisco Bay,2,13.1087,13.0,10.0,16.0,4.6662,471346
SSEBOP,2004-01-01,San Francisco Bay,2,16.876,17.0,14.0,20.0,5.5642,479272
SSEBOP,2004-02-01,San Francisco Bay,2,30.0673,30.0,25.0,36.0,7.9239,589027
SSEBOP,2004-03-01,San Francisco Bay,2,64.7476,66.0,51.0,81.0,21.4718,596930
SSEBOP,2004-04-01,San Francisco Bay,2,69.2737,70.0,44.0,97.0,33.8452,596004
SSEBOP,2004-05-01,San Francisco Bay,2,59.5454,59.0,34.0,83.0,32.9264,595872
SSEBOP,2004-06-01,San Francisco Bay,2,52.7128,50.0,24.0,76.0,35.6753,595622
SSEBOP,2004-07-01,San Francisco Bay,2,48.9336,45.0,19.0,72.0,35.7543,585458
SSEBOP,2004-08-01,San Francisco Bay,2,46.2228,43.0,18.0,68.0,33.1053,585683
SSEBOP,2004-09-01,San Francisco Bay,2,38.1343,33.0,14.0,57.0,28.5837,596930
SSEBOP,2004-10-01,San Francisco Bay,2,28.2342,27.0,16.0,38.0,14.9105,596994
SSEBOP,2004-11-01,San Francisco Bay,2,24.3478,25.0,21.0,29.0,6.9866,596972
SSEBOP,2004-12-01,San Francisco Bay,2,20.0823,20.0,17.0,24.0,5.5978,596767
SSEBOP,2005-01-01,San Francisco Bay,2,20.6644,21.0,17.0,24.0,5.6039,593844
SSEBOP,2005-02-01,San Francisco Bay,2,32.9726,34.0,29.0,38.0,7.2364,595058
SSEBOP,2005-03-01,San Francisco Bay,2,63.2281,64.0,54.0,74.0,14.274,596884
SSEBOP,2005-04-01,San Francisco Bay,2,73.2305,74.0,56.0,93.0,24.7287,596660
SSEBOP,2005-05-01,San Francisco Bay,2,76.527,77.0,61.0,93.0,23.6009,596094
SSEBOP,2005-06-01,San Francisco Bay,2,68.8015,70.0,47.0,90.0,30.7748,596086
SSEBOP,2005-07-01,San Francisco Bay,2,69.0917,67.0,37.0,98.0,40.7682,594007
SSEBOP,2005-08-01,San Francisco Bay,2,56.9674,54.0,28.0,83.0,35.7274,590722
SSEBOP,2005-09-01,San Francisco Bay,2,41.9739,40.0,22.0,60.0,25.0402,596379
SSEBOP,2005-10-01,San Francisco Bay,2,31.8184,30.0,17.0,46.0,18.9683,596882
SSEBOP,2005-11-01,San Francisco Bay,2,18.7026,19.0,11.0,26.0,10.1515,596985
SSEBOP,2005-12-01,San Francisco Bay,2,12.9667,13.0,9.0,17.0,5.7237,596562
SSEBOP,2006-01-01,San Francisco Bay,2,22.1407,22.0,18.0,26.0,6.0772,596593
SSEBOP,2006-02-01,San Francisco Bay,2,33.219,33.0,27.0,40.0,9.9591,596976
SSEBOP,2006-03-01,San Francisco Bay,2,39.6377,39.0,33.0,46.0,10.9247,593599
SSEBOP,2006-04-01,San Francisco Bay,2,58.8775,58.0,47.0,70.0,16.3434,593421
SSEBOP,2006-05-01,San Francisco Bay,2,77.1117,78.0,53.0,102.0,34.0082,596365
SSEBOP,2006-06-01,San Francisco Bay,2,69.5722,70.0,46.0,91.0,33.3492,596226
SSEBOP,2006-07-01,San Francisco Bay,2,67.8734,66.0,37.0,95.0,40.6094,596385
SSEBOP,2006-08-01,San Francisco Bay,2,53.4603,51.0,28.0,76.0,33.4658,595988
SSEBOP,2006-09-01,San Francisco Bay,2,43.2556,41.0,22.0,62.0,27.1205,596115
SSEBOP,2006-10-01,San Francisco Bay,2,26.2693,25.0,13.0,38.0,16.5017,596078
SSEBOP,2006-11-01,San Francisco Bay,2,18.0122,18.0,14.0,22.0,6.1591,596948
SSEBOP,2006-12-01,San Francisco Bay,2,19.9979,20.0,16.0,24.0,6.5205,596968
SSEBOP,2007-01-01,San Francisco Bay,2,25.6475,26.0,20.0,32.0,9.0751,596926
SSEBOP,2007-02-01,San Francisco Bay,2,30.9619,32.0,25.0,38.0,9.4953,596879
SSEBOP,2007-03-01,San Francisco Bay,2,62.7948,64.0,50.0,78.0,20.9181,596377
SSEBOP,2007-04-01,San Francisco Bay,2,67.5432,66.0,44.0,92.0,31.0857,596198
SSEBOP,2007-05-01,San Francisco Bay,2,63.4139,63.0,39.0,87.0,32.6412,595842
SSEBOP,2007-06-01,San Francisco Bay,2,52.0358,48.0,21.0,78.0,37.5847,595723
SSEBOP,2007-07-01,San Francisco Bay,2,50.4341,45.0,18.0,76.0,38.2276,595729
SSEBOP,2007-08-01,San Francisco Bay,2,45.4587,40.0,13.0,71.0,36.8641,595750
SSEBOP,2007-09-01,San Francisco Bay,2,34.4267,31.0,13.0,52.0,25.2544,596202
SSEBOP,2007-10-01,San Francisco Bay,2,27.986,28.0,14.0,40.0,17.0959,594414
SSEBOP,2007-11-01,San Francisco Bay,2,25.025,26.0,17.0,33.0,11.2777,574017
SSEBOP,2007-12-01,San Francisco Bay,2,22.6218,23.0,18.0,28.0,7.693,527582
SSEBOP,2008-01-01,San Francisco Bay,2,21.8227,22.0,18.0,26.0,6.0619,536087
SSEBOP,2008-02-01,San Francisco Bay,2,36.8036,38.0,32.0,43.0,9.6153,596932
SSEBOP,2008-03-01,San Francisco Bay,2,60.0694,61.0,47.0,75.0,21.4391,596293
SSEBOP,2008-04-01,San Francisco Bay,2,60.7348,60.0,30.0,90.0,36.9398,596186
SSEBOP,2008-05-01,San Francisco Bay,2,58.5907,56.0,33.0,81.0,33.0407,595816
SSEBOP,2008-06-01,San Francisco Bay,2,53.8696,51.0,24.0,78.0,36.8849,595820
SSEBOP,2008-07-01,San Francisco Bay,2,53.2294,50.0,25.0,77.0,35.3729,595937
SSEBOP,2008-08-01,San Francisco Bay,2,49.809,46.0,19.0,74.0,36.3411,596282
SSEBOP,2008-09-01,San Francisco Bay,2,40.2409,37.0,16.0,60.0,28.5843,596251
SSEBOP,2008-10-01,San Francisco Bay,2,30.3492,28.0,14.0,44.0,19.7028,596611
SSEBOP,2008-11-01,San Francisco Bay,2,21.397,21.0,17.0,26.0,7.614,554513
SSEBOP,2008-12-01,San Francisco Bay,2,17.1906,18.0,13.0,22.0,6.904,484128
SSEBOP,2009-01-01,San Francisco Bay,2,28.4583,30.0,23.0,35.0,10.1857,596782
SSEBOP,2009-02-01,San Francisco Bay,2,30.7379,32.0,27.0,36.0,7.7774,596916
SSEBOP,2009-03-01,San Francisco Bay,2,64.4651,65.0,54.0,77.0,17.406,596444
SSEBOP,2009-04-01,San Francisco Bay,2,67.6969,69.0,44.0,94.0,32.0975,596341
SSEBOP,2009-05-01,San Francisco Bay,2,67.5152,67.0,46.0,88.0,29.8846,596123
SSEBOP,2009-06-01,San Francisco Bay,2,55.9963,55.0,30.0,79.0,33.326,588399
SSEBOP,2009-07-01,San Francisco Bay,2,54.7685,51.0,22.0,82.0,38.6066,592360
SSEBOP,2009-08-01,San Francisco Bay,2,49.3199,46.0,22.0,74.0,33.4696,593806
SSEBOP,2009-09-01,San Francisco Bay,2,44.4827,42.0,18.0,67.0,30.4886,593827
SSEBOP,2009-10-01,San Francisco Bay,2,36.5556,37.0,26.0,47.0,14.5959,596737
SSEBOP,2009-11-01,San Francisco Bay,2,30.2839,33.0,25.0,37.0,10.2397,596860
SSEBOP,2009-12-01,San Francisco Bay,2,17.7664,18.0,15.0,21.0,5.2544,594464
SSEBOP,2010-01-01,San Francisco Bay,2,19.4151,19.0,16.0,23.0,5.7429,141774
SSEBOP,2010-02-01,San Francisco Bay,2,29.8736,30.0,25.0,35.0,6.8704,148079
SSEBOP,2010-03-01,San Francisco Bay,2,60.7408,61.0,52.0,71.0,14.7922,596978
SSEBOP,2010-04-01,San Francisco Bay,2,64.8402,65.0,48.0,86.0,25.0953,596438
SSEBOP,2010-05-01,San Francisco Bay,2,80.0379,80.0,58.0,102.0,31.662,596268
SSEBOP,2010-06-01,San Francisco Bay,2,73.1867,74.0,50.0,96.0,33.6116,596323
SSEBOP,2010-07-01,San Francisco Bay,2,61.8605,60.0,37.0,84.0,33.7578,595904
SSEBOP,2010-08-01,San Francisco Bay,2,52.8698,51.0,29.0,74.0,30.9012,593863
SSEBOP,2010-09-01,San Francisco Bay,2,44.9271,42.0,24.0,64.0,26.685,596365
SSEBOP,2010-10-01,San Francisco Bay,2,30.8634,30.0,18.0,43.0,15.6029,596843
SSEBOP,2010-11-01,San Francisco Bay,2,25.6332,27.0,20.0,32.0,8.3555,592769
SSEBOP,2010-12-01,San Francisco Bay,2,15.8646,16.0,13.0,19.0,4.3158,591366
SSEBOP,2011-01-01,San Francisco Bay,2,22.2285,22.0,18.0,26.0,6.4792,596913
SSEBOP,2011-02-01,San Francisco Bay,2,36.8849,38.0,31.0,44.0,10.3972,559755
SSEBOP,2011-03-01,San Francisco Bay,2,46.8504,47.0,38.0,57.0,14.1964,566019
SSEBOP,2011-04-01,San Francisco Bay,2,67.8516,68.0,48.0,89.0,26.9409,596659
SSEBOP,2011-05-01,San Francisco Bay,2,66.2325,65.0,43.0,90.0,30.3015,596658
SSEBOP,2011-06-01,San Francisco Bay,2,66.3143,69.0,49.0,85.0,27.306,596268
SSEBOP,2011-07-01,San Francisco Bay,2,72.0905,73.0,45.0,97.0,35.8186,592212
SSEBOP,2011-08-01,San Francisco Bay,2,59.4227,59.0,31.0,85.0,35.464,592743
SSEBOP,2011-09-01,San Francisco Bay,2,47.0568,47.0,20.0,71.0,31.0438,595572
SSEBOP,2011-10-01,San Francisco Bay,2,37.7785,40.0,22.0,53.0,19.2467,596510
SSEBOP,2011-11-01,San Francisco Bay,2,20.6133,23.0,14.0,28.0,9.67,595717
SSEBOP,2011-12-01,San Francisco Bay,2,24.1371,25.0,18.0,32.0,10.8673,580579
SSEBOP,2012-01-01,San Francisco Bay,2,21.2348,22.0,14.0,29.0,10.6057,589572
SSEBOP,2012-02-01,San Francisco Bay,2,34.0622,36.0,26.0,43.0,13.5607,593303
SSEBOP,2012-03-01,San Francisco Bay,2,47.12,47.0,37.0,58.0,15.5571,593228
SSEBOP,2012-04-01,San Francisco Bay,2,73.4952,74.0,55.0,94.0,27.6961,596086
SSEBOP,2012-05-01,San Francisco Bay,2,76.9665,78.0,51.0,102.0,36.588,595976
SSEBOP,2012-06-01,San Francisco Bay,2,60.9256,60.0,33.0,86.0,36.6564,595423
SSEBOP,2012-07-01,San Francisco Bay,2,56.1646,54.0,25.0,83.0,38.1066,589116
SSEBOP,2012-08-01,San Francisco Bay,2,49.4482,46.0,15.0,77.0,37.9556,591707
SSEBOP,2012-09-01,San Francisco Bay,2,38.184,36.0,13.0,59.0,28.7109,592732
SSEBOP,2012-10-01,San Francisco Bay,2,28.2891,28.0,11.0,43.0,18.9571,584376
SSEBOP,2012-11-01,San Francisco Bay,2,20.6947,22.0,15.0,27.0,9.1166,505944
SSEBOP,2012-12-01,San Francisco Bay,2,19.3918,20.0,16.0,23.0,5.3808,582571
SSEBOP,2013-01-01,San Francisco Bay,2,27.0662,28.0,22.0,32.0,7.9356,591969
SSEBOP,2013-02-01,San Francisco Bay,2,37.9402,39.0,31.0,46.0,12.149,514352
SSEBOP,2013-03-01,San Francisco Bay,2,57.0763,58.0,43.0,73.0,21.1138,574850
SSEBOP,2013-04-01,San Francisco Bay,2,84.9031,84.0,59.0,112.0,34.2778,596554
SSEBOP,2013-05-01,San Francisco Bay,2,62.1748,60.0,36.0,86.0,34.8542,595454
SSEBOP,2013-06-01,San Francisco Bay,2,55.8428,55.0,27.0,81.0,35.8332,595709
SSEBOP,2013-07-01,San Francisco Bay,2,59.6449,55.0,25.0,90.0,40.5926,595545
SSEBOP,2013-08-01,San Francisco Bay,2,53.7012,51.0,26.0,78.0,33.8089,595968
SSEBOP,2013-09-01,San Francisco Bay,2,43.3022,41.0,19.0,65.0,28.3674,596910
SSEBOP,2013-10-01,San Francisco Bay,2,28.7211,28.0,9.0,45.0,20.9915,596633
SSEBOP,2013-11-01,San Francisco Bay,2,13.2017,12.0,4.0,20.0,10.6859,596880
SSEBOP,2013-12-01,San Francisco Bay,2,11.3526,10.0,4.0,17.0,8.8513,596995
SSEBOP,2014-01-01,San Francisco Bay,2,14.7879,13.0,5.0,22.0,11.5564,596995
SSEBOP,2014-02-01,San Francisco Bay,2,21.2067,22.0,15.0,28.0,9.8209,596655
SSEBOP,2014-03-01,San Francisco Bay,2,60.3226,60.0,49.0,72.0,18.1012,596946
SSEBOP,2014-04-01,San Francisco Bay,2,81.8656,82.0,63.0,103.0,27.9054,596946
SSEBOP,2014-05-01,San Francisco Bay,2,84.3046,87.0,59.0,111.0,38.1697,596791
SSEBOP,2014-06-01,San Francisco Bay,2,66.6452,68.0,37.0,94.0,38.4348,596206
SSEBOP,2014-07-01,San Francisco Bay,2,63.0445,62.0,32.0,91.0,38.79,596391
SSEBOP,2014-08-01,San Francisco Bay,2,51.7381,50.0,23.0,77.0,34.3106,595533
SSEBOP,2014-09-01,San Francisco Bay,2,44.155,44.0,20.0,66.0,28.2963,596753
SSEBOP,2014-10-01,San Francisco Bay,2,32.6803,33.0,11.0,51.0,22.8963,596989
SSEBOP,2014-11-01,San Francisco Bay,2,18.1456,19.0,9.0,26.0,10.532,596783
SSEBOP,2014-12-01,San Francisco Bay,2,24.2717,25.0,20.0,29.0,6.1205,596989
SSEBOP,2015-01-01,San Francisco Bay,2,30.9496,32.0,25.0,37.0,9.525,596993
SSEBOP,2015-02-01,San Francisco Bay,2,42.7789,44.0,36.0,52.0,12.2793,596966
SSEBOP,2015-03-01,San Francisco Bay,2,64.3127,64.0,45.0,86.0,26.5594,596973
SSEBOP,2015-04-01,San Francisco Bay,2,71.9009,71.0,46.0,99.0,33.9693,596862
SSEBOP,2015-05-01,San Francisco Bay,2,59.3668,60.0,41.0,78.0,27.789,594694
SSEBOP,2015-06-01,San Francisco Bay,2,63.9622,65.0,34.0,91.0,37.6827,593746
SSEBOP,2015-07-01,San Francisco Bay,2,58.0223,54.0,23.0,88.0,40.2028,596619
SSEBOP,2015-08-01,San Francisco Bay,2,57.6516,54.0,27.0,85.0,36.9771,596810
SSEBOP,2015-09-01,San Francisco Bay,2,41.717,38.0,14.0,65.0,30.7214,596498
SSEBOP,2015-10-01,San Francisco Bay,2,32.2494,31.0,12.0,50.0,22.8127,596450
SSEBOP,2015-11-01,San Francisco Bay,2,21.8353,22.0,15.0,28.0,9.1502,596963
SSEBOP,2015-12-01,San Francisco Bay,2,17.0256,17.0,14.0,21.0,5.6032,586711
SSEBOP,2016-01-01,San Francisco Bay,2,21.5335,22.0,18.0,25.0,5.2415,591515
SSEBOP,2016-02-01,San Francisco Bay,2,42.1646,42.0,37.0,48.0,8.7348,591512
SSEBOP,2016-03-01,San Francisco Bay,2,60.276,61.0,52.0,70.0,14.2093,596489
SSEBOP,2016-04-01,San Francisco Bay,2,83.0465,83.0,64.0,106.0,28.0849,596517
SSEBOP,2016-05-01,San Francisco Bay,2,70.4026,72.0,53.0,89.0,27.2954,596466
SSEBOP,2016-06-01,San Francisco Bay,2,68.4898,70.0,41.0,94.0,35.9401,596767
SSEBOP,2016-07-01,San Francisco Bay,2,62.4938,60.0,32.0,89.0,38.2256,595729
SSEBOP,2016-08-01,San Francisco Bay,2,55.7765,54.0,30.0,79.0,31.6142,596109
SSEBOP,2016-09-01,San Francisco Bay,2,43.8462,42.0,20.0,65.0,28.0718,596815
SSEBOP,2016-10-01,San Francisco Bay,2,29.6041,29.0,18.0,40.0,13.619,596991
SSEBOP,2016-11-01,San Francisco Bay,2,27.3396,29.0,24.0,32.0,7.3724,596956
SSEBOP,2016-12-01,San Francisco Bay,2,21.2803,22.0,18.0,25.0,5.9242,596924
SSEBOP,2017-01-01,San Francisco Bay,2,22.7612,23.0,20.0,26.0,4.9697,596937
SSEBOP,2017-02-01,San Francisco Bay,2,30.7239,31.0,26.0,35.0,6.6093,587584
SSEBOP,2017-03-01,San Francisco Bay,2,60.8734,61.0,51.0,72.0,15.8395,596064
SSEBOP,2017-04-01,San Francisco Bay,2,74.0796,74.0,58.0,93.0,23.3209,596408
SSEBOP,2017-05-01,San Francisco Bay,2,80.2126,81.0,62.0,100.0,29.6346,596290
SSEBOP,2017-06-01,San Francisco Bay,2,71.6632,73.0,48.0,95.0,33.7068,596301
SSEBOP,2017-07-01,San Francisco Bay,2,70.8521,69.0,40.0,100.0,40.419,596426
SSEBOP,2017-08-01,San Francisco Bay,2,59.1904,58.0,35.0,82.0,31.1033,596981
SSEBOP,2017-09-01,San Francisco Bay,2,49.0202,48.0,26.0,70.0,28.3609,596995
SSEBOP,2017-10-01,San Francisco Bay,2,35.6397,35.0,19.0,51.0,20.9241,596897
SSEBOP,2017-11-01,San Francisco Bay,2,16.6835,17.0,13.0,20.0,5.8883,596974
SSEBOP,2017-12-01,San Francisco Bay,2,23.367,24.0,18.0,29.0,8.8061,596782
SSEBOP,2018-01-01,San Francisco Bay,2,19.969,20.0,16.0,24.0,6.2032,596769
SSEBOP,2018-02-01,San Francisco Bay,2,43.5145,45.0,37.0,52.0,12.776,596978
SSEBOP,2018-03-01,San Francisco Bay,2,54.1528,55.0,45.0,64.0,13.4614,596970
SSEBOP,2018-04-01,San Francisco Bay,2,74.3328,74.0,58.0,93.0,22.9061,596756
SSEBOP,2018-05-01,San Francisco Bay,2,72.5075,73.0,50.0,95.0,31.8535,596289
SSEBOP,2018-06-01,San Francisco Bay,2,68.6337,70.0,44.0,92.0,33.321,596473
SSEBOP,2018-07-01,San Francisco Bay,2,67.3055,66.0,40.0,93.0,36.0815,591904
SSEBOP,2018-08-01,San Francisco Bay,2,54.5195,53.0,30.0,77.0,30.7303,592147
SSEBOP,2018-09-01,San Francisco Bay,2,44.2156,43.0,23.0,64.0,26.086,596201
SSEBOP,2018-10-01,San Francisco Bay,2,41.0358,39.0,22.0,59.0,22.9023,596980
SSEBOP,2018-11-01,San Francisco Bay,2,19.9585,19.0,12.0,27.0,10.1681,596985
SSEBOP,2018-12-01,San Francisco Bay,2,18.1909,18.0,15.0,21.0,5.346,595129
SSEBOP,2019-01-01,San Francisco Bay,2,22.8823,23.0,19.0,27.0,6.5079,563456
SSEBOP,2019-02-01,San Francisco Bay,2,32.1124,32.0,27.0,37.0,7.1785,543385
SSEBOP,2019-03-01,San Francisco Bay,2,57.66,58.0,48.0,67.0,13.2073,596884
SSEBOP,2019-04-01,San Francisco Bay,2,82.5831,83.0,64.0,103.0,26.3547,596496
SSEBOP,2019-05-01,San Francisco Bay,2,66.1224,66.0,49.0,85.0,25.7563,596207
SSEBOP,2019-06-01,San Francisco Bay,2,86.4287,89.0,65.0,110.0,33.8308,596450
SSEBOP,2019-07-01,San Francisco Bay,2,78.8403,80.0,55.0,102.0,33.8897,596268
SSEBOP,2019-08-01,San Francisco Bay,2,66.7448,67.0,40.0,91.0,34.2781,596663
SSEBOP,2019-09-01,San Francisco Bay,2,55.7945,56.0,34.0,76.0,27.7563,596995
SSEBOP,2019-10-01,San Francisco Bay,2,40.2178,40.0,21.0,58.0,23.0171,596567
SSEBOP,2019-11-01,San Francisco Bay,2,12.0112,10.0,4.0,18.0,9.8415,594683
SSEBOP,2019-12-01,San Francisco Bay,2,12.5524,12.0,10.0,15.0,4.6054,581573
SSEBOP,2020-01-01,San Francisco Bay,2,20.1215,20.0,17.0,24.0,5.9152,584751
SSEBOP,2020-02-01,San Francisco Bay,2,49.1741,50.0,41.0,59.0,14.5263,596912
SSEBOP,2020-03-01,San Francisco Bay,2,57.8461,59.0,46.0,72.0,19.0469,596907
SSEBOP,2020-04-01,San Francisco Bay,2,72.7519,74.0,53.0,95.0,29.7895,596285
SSEBOP,2020-05-01,San Francisco Bay,2,69.2904,71.0,47.0,92.0,31.8526,596055
SSEBOP,2020-06-01,San Francisco Bay,2,63.7954,64.0,33.0,92.0,38.2367,595631
SSEBOP,2020-07-01,San Francisco Bay,2,55.3843,52.0,25.0,82.0,36.2428,595605
SSEBOP,2020-08-01,San Francisco Bay,2,54.2819,52.0,26.0,81.0,34.5063,589213
SSEBOP,2020-09-01,San Francisco Bay,2,41.4086,39.0,18.0,62.0,26.7932,596377
SSEBOP,2020-10-01,San Francisco Bay,2,29.8587,28.0,8.0,48.0,22.8163,596736
SSEBOP,2020-11-01,San Francisco Bay,2,13.6039,13.0,4.0,21.0,10.2101,596821
SSEBOP,2020-12-01,San Francisco Bay,2,13.5878,13.0,7.0,19.0,7.5527,596981
SSEBOP,2021-01-01,San Francisco Bay,2,25.7875,26.0,21.0,32.0,8.1667,596971
SSEBOP,2021-02-01,San Francisco Bay,2,47.5937,49.0,39.0,57.0,12.951,596971
SSEBOP,2021-03-01,San Francisco Bay,2,68.2515,70.0,57.0,81.0,17.7944,596981
SSEBOP,2021-04-01,San Francisco Bay,2,61.0084,61.0,39.0,82.0,29.2725,596509
SSEBOP,2021-05-01,San Francisco Bay,2,55.0395,53.0,29.0,78.0,33.7398,596420
SSEBOP,2021-06-01,San Francisco Bay,2,49.6102,46.0,21.0,73.0,34.5634,596359
SSEBOP,2021-07-01,San Francisco Bay,2,48.864,44.0,18.0,75.0,35.9378,596423
SSEBOP,2021-08-01,San Francisco Bay,2,43.3884,40.0,16.0,66.0,31.2195,596884
SSEBOP,2021-09-01,San Francisco Bay,2,37.5707,35.0,12.0,59.0,28.1915,596886
SSEBOP,2021-10-01,San Francisco Bay,2,26.894,26.0,12.0,40.0,16.6983,596628
SSEBOP,2021-11-01,San Francisco Bay,2,26.9802,27.0,23.0,31.0,6.659,596573
SSEBOP,2021-12-01,San Francisco Bay,2,18.8314,19.0,16.0,22.0,4.6482,596599
SSEBOP,2022-01-01,San Francisco Bay,2,32.188,33.0,29.0,37.0,6.5659,596939
SSEBOP,2022-02-01,San Francisco Bay,2,49.9925,52.0,43.0,60.0,13.7451,596967
SSEBOP,2022-03-01,San Francisco Bay,2,62.1163,62.0,44.0,82.0,25.5105,596712
SSEBOP,2022-04-01,San Francisco Bay,2,71.3632,70.0,49.0,94.0,30.0405,596276
SSEBOP,2022-05-01,San Francisco Bay,2,78.9274,82.0,54.0,104.0,36.4785,596223
SSEBOP,2022-06-01,San Francisco Bay,2,72.5895,74.0,39.0,104.0,41.6397,596455
SSEBOP,2022-07-01,San Francisco Bay,2,63.3363,61.0,33.0,91.0,38.3691,596388
SSEBOP,2022-08-01,San Francisco Bay,2,59.4413,56.0,27.0,88.0,38.606,596710
SSEBOP,2022-09-01,San Francisco Bay,2,46.9332,44.0,19.0,72.0,31.9049,596885
SSEBOP,2022-10-01,San Francisco Bay,2,32.6732,31.0,14.0,50.0,21.1533,596991
SSEBOP,2022-11-01,San Francisco Bay,2,18.5601,19.0,11.0,26.0,9.6419,596976
SSEBOP,2022-12-01,San Francisco Bay,2,11.8859,12.0,9.0,14.0,4.0095,596939
SSEBOP,2023-01-01,San Francisco Bay,2,27.573,27.0,23.0,32.0,6.9354,596963
SSEBOP,2023-02-01,San Francisco Bay,2,34.4514,34.0,29.0,40.0,8.2352,596981
SSEBOP,2023-03-01,San Francisco Bay,2,51.1482,51.0,44.0,59.0,11.5229,596993
SSEBOP,2023-04-01,San Francisco Bay,2,85.3068,86.0,69.0,102.0,24.3966,596993
SSEBOP,2023-05-01,San Francisco Bay,2,74.6698,74.0,58.0,93.0,25.7025,593383
SSEBOP,2023-06-01,San Francisco Bay,2,70.4776,72.0,55.0,87.0,25.6566,596271
SSEBOP,2023-07-01,San Francisco Bay,2,78.4909,80.0,53.0,103.0,35.221,596515
SSEBOP,2023-08-01,San Francisco Bay,2,70.0707,71.0,46.0,92.0,31.8282,596151
SSEBOP,2023-09-01,San Francisco Bay,2,51.5267,51.0,32.0,69.0,24.6078,596882
SSEBOP,2023-10-01,San Francisco Bay,2,38.1117,39.0,21.0,54.0,20.7904,596995
SSEBOP,2023-11-01,San Francisco Bay,2,21.5614,23.0,15.0,28.0,9.4444,596995
SSEBOP,2023-12-01,San Francisco Bay,2,16.3259,17.0,13.0,20.0,6.0832,596953
SSEBOP,2024-01-01,San Francisco Bay,2,22.8573,23.0,19.0,26.0,4.9974,596956
SSEBOP,2024-02-01,San Francisco Bay,2,38.0008,38.0,34.0,43.0,6.7405,596960
SSEBOP,2024-03-01,San Francisco Bay,2,65.9028,67.0,58.0,75.0,13.3171,596995
SSEBOP,2024-04-01,San Francisco Bay,2,81.0564,81.0,65.0,100.0,24.1034,596991
SSEBOP,2024-05-01,San Francisco Bay,2,94.0435,95.0,76.0,113.0,27.7101,596726
SSEBOP,2024-06-01,San Francisco Bay,2,81.7667,84.0,59.0,105.0,33.5419,596800
SSEBOP,2024-07-01,San Francisco Bay,2,73.8402,75.0,44.0,102.0,38.9854,596862
SSEBOP,2024-08-01,San Francisco Bay,2,64.5469,64.0,41.0,87.0,31.9238,596585
SSEBOP,2024-09-01,San Francisco Bay,2,49.5625,50.0,28.0,69.0,27.0588,596379
SSEBOP,2024-10-01,San Francisco Bay,2,37.6266,38.0,21.0,53.0,20.928,596937
SSEBOP,2024-11-01,San Francisco Bay,2,18.1884,18.0,12.0,24.0,7.917,596995
SSEBOP,2024-12-01,San Francisco Bay,2,15.3976,16.0,12.0,19.0,5.2892,596960
SSEBOP,2025-01-01,San Francisco Bay,2,32.7718,33.0,27.0,39.0,8.6512,596960
SSEBOP,2025-02-01,San Francisco Bay,2,35.8877,36.0,31.0,41.0,8.101,596993
SSEBOP,2025-03-01,San Francisco Bay,2,61.2316,62.0,52.0,71.0,14.5772,596778
SSEBOP,2025-04-01,San Francisco Bay,2,79.7746,81.0,66.0,95.0,22.1241,596078
SSEBOP,2025-05-01,San Francisco Bay,2,87.9101,89.0,67.0,110.0,32.6675,596010
SSEBOP,2025-06-01,San Francisco Bay,2,71.3889,73.0,50.0,93.0,31.6226,594076
SSEBOP,2025-07-01,San Francisco Bay,2,64.4955,65.0,41.0,87.0,32.1202,593905
SSEBOP,2025-08-01,San Francisco Bay,2,64.4714,64.0,39.0,88.0,33.7455,596647
SSEBOP,2025-09-01,San Francisco Bay,2,46.1446,46.0,23.0,67.0,27.7394,596647
SSEBOP,2025-10-01,San Francisco Bay,2,33.2284,34.0,19.0,46.0,16.5984,596839
SSEBOP,2025-11-01,San Francisco Bay,2,23.347,24.0,18.0,29.0,7.4034,574773
SSEBOP,2025-12-01,San Francisco Bay,2,19.525,20.0,17.0,22.0,4.9793,596156
SSEBOP,2003-10-01,San Joaquin River,6,49.3478,53.0,18.0,75.0,32.768,9311810
SSEBOP,2003-11-01,San Joaquin River,6,19.8072,20.0,11.0,28.0,11.4665,9141265
SSEBOP,2003-12-01,San Joaquin River,6,15.4591,15.0,10.0,20.0,7.1597,8942343
SSEBOP,2004-01-01,San Joaquin River,6,18.8022,19.0,15.0,23.0,6.1102,8759745
SSEBOP,2004-02-01,San Joaquin River,6,32.9868,33.0,26.0,40.0,11.3048,9278614
SSEBOP,2004-03-01,San Joaquin River,6,70.4606,75.0,45.0,97.0,33.1038,9311751
SSEBOP,2004-04-01,San Joaquin River,6,71.265,74.0,24.0,112.0,48.7797,9311815
SSEBOP,2004-05-01,San Joaquin River,6,74.5479,68.0,17.0,126.0,58.9342,9311787
SSEBOP,2004-06-01,San Joaquin River,6,103.1554,110.502,47.0,154.4978,64.5271,9311786
SSEBOP,2004-07-01,San Joaquin River,6,126.7643,138.5001,70.5029,182.4983,73.2049,9311817
SSEBOP,2004-08-01,San Joaquin River,6,111.7814,120.501,64.501,158.4969,63.269,9311817
SSEBOP,2004-09-01,San Joaquin River,6,72.6173,79.0,30.0,109.0,46.7767,9311817
SSEBOP,2004-10-01,San Joaquin River,6,40.4333,41.0,23.0,56.0,20.8612,9296997
SSEBOP,2004-11-01,San Joaquin River,6,22.0541,23.0,17.0,27.0,8.4178,9309524
SSEBOP,2004-12-01,San Joaquin River,6,15.6096,16.0,12.0,20.0,6.1717,9132751
SSEBOP,2005-01-01,San Joaquin River,6,18.0993,18.0,14.0,22.0,6.2714,8459487
SSEBOP,2005-02-01,San Joaquin River,6,32.654,33.0,26.0,40.0,10.5049,8580732
SSEBOP,2005-03-01,San Joaquin River,6,57.0527,60.0,44.0,73.0,20.6414,8791197
SSEBOP,2005-04-01,San Joaquin River,6,72.9183,80.0,45.0,102.0,35.7355,9311560
SSEBOP,2005-05-01,San Joaquin River,6,80.754,82.0,36.0,122.0,49.9771,9311751
SSEBOP,2005-06-01,San Joaquin River,6,91.4307,94.0,41.0,137.0,56.7589,9311785
SSEBOP,2005-07-01,San Joaquin River,6,133.201,146.5013,72.4962,190.4979,75.1352,9311817
SSEBOP,2005-08-01,San Joaquin River,6,120.6257,132.5038,72.0,170.496,65.9776,9311817
SSEBOP,2005-09-01,San Joaquin River,6,74.3277,81.0,42.0,105.0,39.7269,9311816
SSEBOP,2005-10-01,San Joaquin River,6,44.955,47.0,23.0,65.0,25.5819,9311813
SSEBOP,2005-11-01,San Joaquin River,6,20.2153,19.0,6.0,32.0,14.8419,9311384
SSEBOP,2005-12-01,San Joaquin River,6,13.0782,13.0,8.0,18.0,6.4578,9180175
SSEBOP,2006-01-01,San Joaquin River,6,19.6671,20.0,16.0,23.0,6.2454,9299681
SSEBOP,2006-02-01,San Joaquin River,6,32.4957,33.0,24.0,42.0,13.7879,9305656
SSEBOP,2006-03-01,San Joaquin River,6,45.7047,46.0,33.0,59.0,17.4866,9229634
SSEBOP,2006-04-01,San Joaquin River,6,64.598,69.0,44.0,87.0,28.4604,9270117
SSEBOP,2006-05-01,San Joaquin River,6,87.253,90.0,41.0,131.0,53.1247,9311814
SSEBOP,2006-06-01,San Joaquin River,6,98.0999,102.5024,39.0,150.498,63.629,9311817
SSEBOP,2006-07-01,San Joaquin River,6,129.7197,142.4999,72.4979,186.498,73.1534,9311817
SSEBOP,2006-08-01,San Joaquin River,6,112.1186,122.0,67.0,159.0,61.3882,9311817
SSEBOP,2006-09-01,San Joaquin River,6,81.169,90.0,40.0,119.0,47.9924,9311817
SSEBOP,2006-10-01,San Joaquin River,6,39.729,42.0,17.0,59.0,24.4434,9311814
SSEBOP,2006-11-01,San Joaquin River,6,18.2855,18.0,9.0,27.0,11.47,9311639
SSEBOP,2006-12-01,San Joaquin River,6,15.6182,16.0,9.0,22.0,8.3994,9309910
SSEBOP,2007-01-01,San Joaquin River,6,20.1281,21.0,11.0,28.0,11.3788,9309134
SSEBOP,2007-02-01,San Joaquin River,6,26.1716,27.0,17.0,34.0,12.2317,9311460
SSEBOP,2007-03-01,San Joaquin River,6,61.7271,64.0,30.0,92.0,36.696,9311680
SSEBOP,2007-04-01,San Joaquin River,6,70.4586,75.0,25.0,110.0,47.0251,9311768
SSEBOP,2007-05-01,San Joaquin River,6,77.3659,71.0,19.0,130.0,60.4275,9311772
SSEBOP,2007-06-01,San Joaquin River,6,104.9243,110.501,40.4985,162.4985,70.2212,9311803
SSEBOP,2007-07-01,San Joaquin River,6,129.6166,144.5036,72.4996,186.501,74.936,9311817
SSEBOP,2007-08-01,San Joaquin River,6,118.5685,130.4985,64.5022,171.0,69.3401,9311817
SSEBOP,2007-09-01,San Joaquin River,6,70.6748,78.0,35.0,103.0,41.6185,9311817
SSEBOP,2007-10-01,San Joaquin River,6,40.6629,43.0,19.0,60.0,25.5055,9295953
SSEBOP,2007-11-01,San Joaquin River,6,22.7643,23.0,9.0,35.0,15.0933,8386133
SSEBOP,2007-12-01,San Joaquin River,6,16.6119,17.0,11.0,22.0,8.5562,8594882
SSEBOP,2008-01-01,San Joaquin River,6,19.7801,19.0,15.0,24.0,6.9815,9261716
SSEBOP,2008-02-01,San Joaquin River,6,32.5449,33.0,25.0,41.0,13.274,9310370
SSEBOP,2008-03-01,San Joaquin River,6,64.038,67.0,37.0,91.0,33.6614,9311669
SSEBOP,2008-04-01,San Joaquin River,6,69.3241,72.0,25.0,109.0,47.2445,9311816
SSEBOP,2008-05-01,San Joaquin River,6,80.0718,73.0,24.0,132.0,59.4021,9311816
SSEBOP,2008-06-01,San Joaquin River,6,105.2374,110.5044,40.4962,162.5015,70.7931,9311815
SSEBOP,2008-07-01,San Joaquin River,6,126.3008,140.5026,72.5027,180.4977,71.4587,9311814
SSEBOP,2008-08-01,San Joaquin River,6,118.4907,130.5001,66.5038,170.498,68.6882,9311813
SSEBOP,2008-09-01,San Joaquin River,6,70.9295,78.0,33.0,105.0,43.972,9311815
SSEBOP,2008-10-01,San Joaquin River,6,46.1301,48.0,18.0,70.0,30.5494,9311757
SSEBOP,2008-11-01,San Joaquin River,6,21.6839,23.0,9.0,33.0,14.6071,9307465
SSEBOP,2008-12-01,San Joaquin River,6,13.5699,14.0,9.0,18.0,6.7569,8030320
SSEBOP,2009-01-01,San Joaquin River,6,18.7962,19.0,13.0,24.0,9.1523,9229822
SSEBOP,2009-02-01,San Joaquin River,6,31.9594,31.0,25.0,39.0,10.9876,9309735
SSEBOP,2009-03-01,San Joaquin River,6,67.1875,69.0,46.0,91.0,29.6679,9311388
SSEBOP,2009-04-01,San Joaquin River,6,76.8226,81.0,34.0,116.0,47.1506,9311813
SSEBOP,2009-05-01,San Joaquin River,6,86.04,83.0,24.4974,140.5021,63.8663,9311813
SSEBOP,2009-06-01,San Joaquin River,6,97.6469,106.0,43.0,146.0,61.2563,9311813
SSEBOP,2009-07-01,San Joaquin River,6,131.1146,144.5044,69.0,190.4971,77.6892,9311817
SSEBOP,2009-08-01,San Joaquin River,6,113.5594,126.502,64.5005,162.4953,64.5319,9311817
SSEBOP,2009-09-01,San Joaquin River,6,79.654,88.0,38.0,117.0,48.2651,9311817
SSEBOP,2009-10-01,San Joaquin River,6,42.5695,44.0,23.0,59.0,22.1052,9311816
SSEBOP,2009-11-01,San Joaquin River,6,23.5561,26.0,11.0,34.0,14.1324,9310965
SSEBOP,2009-12-01,San Joaquin River,6,12.5014,13.0,7.0,18.0,6.9725,9196607
SSEBOP,2010-01-01,San Joaquin River,6,18.3681,18.0,14.0,22.0,6.3883,8713260
SSEBOP,2010-02-01,San Joaquin River,6,27.8697,28.0,22.0,34.0,9.091,9297783
SSEBOP,2010-03-01,San Joaquin River,6,57.1269,59.0,42.0,75.0,23.4431,9311180
SSEBOP,2010-04-01,San Joaquin River,6,68.5406,75.0,41.0,98.0,35.1955,9311675
SSEBOP,2010-05-01,San Joaquin River,6,81.6231,85.0,41.0,121.0,48.737,9311782
SSEBOP,2010-06-01,San Joaquin River,6,106.7907,110.5009,50.5012,158.4964,65.0224,9311813
SSEBOP,2010-07-01,San Joaquin River,6,127.047,138.4981,76.5055,178.4973,68.2512,9311816
SSEBOP,2010-08-01,San Joaquin River,6,116.8991,128.0,75.0,163.0,60.6978,9311815
SSEBOP,2010-09-01,San Joaquin River,6,81.3585,89.0,44.0,116.0,46.126,9311817
SSEBOP,2010-10-01,San Joaquin River,6,43.4847,47.0,22.0,61.0,24.1212,9311817
SSEBOP,2010-11-01,San Joaquin River,6,23.0219,24.0,15.0,30.0,10.7493,9308756
SSEBOP,2010-12-01,San Joaquin River,6,15.683,15.0,13.0,19.0,4.8253,8166790
SSEBOP,2011-01-01,San Joaquin River,6,15.7455,16.0,12.0,19.0,5.3567,8152210
SSEBOP,2011-02-01,San Joaquin River,6,31.4516,32.0,24.0,40.0,12.6897,9173030
SSEBOP,2011-03-01,San Joaquin River,6,49.0312,50.0,35.0,65.0,20.9111,9276350
SSEBOP,2011-04-01,San Joaquin River,6,71.0379,77.0,39.0,103.0,40.2583,9290679
SSEBOP,2011-05-01,San Joaquin River,6,70.3979,69.0,25.0,112.0,48.8071,9311768
SSEBOP,2011-06-01,San Joaquin River,6,93.992,99.0,45.0,138.0,54.3475,9311817
SSEBOP,2011-07-01,San Joaquin River,6,129.3034,140.4998,86.503,177.0,64.3761,9311816
SSEBOP,2011-08-01,San Joaquin River,6,125.4233,137.0,89.0,172.0,62.8651,9311816
SSEBOP,2011-09-01,San Joaquin River,6,84.2301,92.0,52.0,119.0,46.2319,9311816
SSEBOP,2011-10-01,San Joaquin River,6,43.7368,47.0,26.0,60.0,23.0322,9311816
SSEBOP,2011-11-01,San Joaquin River,6,21.5583,23.0,13.0,29.0,10.2714,9311048
SSEBOP,2011-12-01,San Joaquin River,6,16.3999,17.0,6.0,25.0,11.0272,9204161
SSEBOP,2012-01-01,San Joaquin River,6,17.1183,16.0,6.0,26.0,12.1967,9281107
SSEBOP,2012-02-01,San Joaquin River,6,30.79,32.0,16.0,44.0,18.6834,9301008
SSEBOP,2012-03-01,San Joaquin River,6,45.94,47.0,27.0,65.0,25.711,9060853
SSEBOP,2012-04-01,San Joaquin River,6,67.9079,72.0,31.0,103.0,41.9749,9159538
SSEBOP,2012-05-01,San Joaquin River,6,96.0059,96.5011,32.5011,154.0,68.5255,9311643
SSEBOP,2012-06-01,San Joaquin River,6,104.5124,108.5011,38.4954,162.4993,70.4213,9311774
SSEBOP,2012-07-01,San Joaquin River,6,127.7624,138.5024,78.5078,182.498,69.4992,9311771
SSEBOP,2012-08-01,San Joaquin River,6,130.8669,142.4997,80.5025,186.5016,72.8073,9254199
SSEBOP,2012-09-01,San Joaquin River,6,80.574,88.0,46.0,115.0,47.2041,9178126
SSEBOP,2012-10-01,San Joaquin River,6,42.4021,46.0,15.0,64.0,28.5547,9007364
SSEBOP,2012-11-01,San Joaquin River,6,20.0437,21.0,8.0,29.0,12.9547,9016228
SSEBOP,2012-12-01,San Joaquin River,6,14.9979,15.0,11.0,19.0,6.0229,9012017
SSEBOP,2013-01-01,San Joaquin River,6,21.5081,21.0,16.0,27.0,8.4506,9082986
SSEBOP,2013-02-01,San Joaquin River,6,32.6456,33.0,21.0,44.0,16.6307,9198005
SSEBOP,2013-03-01,San Joaquin River,6,63.0473,66.0,34.0,91.0,35.7713,9311005
SSEBOP,2013-04-01,San Joaquin River,6,92.8601,98.0,47.0,136.0,53.0192,9311812
SSEBOP,2013-05-01,San Joaquin River,6,92.812,94.0,32.0,148.0,63.712,9311817
SSEBOP,2013-06-01,San Joaquin River,6,120.0148,128.4988,64.4998,174.4973,68.2366,9311817
SSEBOP,2013-07-01,San Joaquin River,6,142.4984,154.5022,94.5018,196.4979,71.8604,9311817
SSEBOP,2013-08-01,San Joaquin River,6,127.302,138.4998,86.5048,174.4954,63.9119,9311817
SSEBOP,2013-09-01,San Joaquin River,6,82.0616,89.0,48.0,116.0,44.128,9311817
SSEBOP,2013-10-01,San Joaquin River,6,44.2725,47.0,19.0,66.0,27.6702,9311817
SSEBOP,2013-11-01,San Joaquin River,6,23.2823,24.0,9.0,35.0,15.1352,9311460
SSEBOP,2013-12-01,San Joaquin River,6,16.1639,16.0,6.0,25.0,11.1669,9310992
SSEBOP,2014-01-01,San Joaquin River,6,18.3728,17.0,4.0,29.0,15.0209,9310493
SSEBOP,2014-02-01,San Joaquin River,6,27.0134,27.0,14.0,38.0,16.8204,9310620
SSEBOP,2014-03-01,San Joaquin River,6,64.8424,66.0,41.0,90.0,31.6752,9311398
SSEBOP,2014-04-01,San Joaquin River,6,83.3786,89.0,43.0,122.0,46.7993,9311784
SSEBOP,2014-05-01,San Joaquin River,6,96.2731,96.5012,30.4964,154.4995,68.0872,9311817
SSEBOP,2014-06-01,San Joaquin River,6,116.1635,124.5041,49.0,176.4969,73.8939,9311817
SSEBOP,2014-07-01,San Joaquin River,6,137.7698,150.5046,82.5,194.4976,74.5818,9311817
SSEBOP,2014-08-01,San Joaquin River,6,118.5837,128.5034,72.5012,166.4973,63.9736,9311817
SSEBOP,2014-09-01,San Joaquin River,6,79.9822,87.0,43.0,114.0,44.8149,9311817
SSEBOP,2014-10-01,San Joaquin River,6,51.9049,55.0,21.0,78.0,32.9767,9311817
SSEBOP,2014-11-01,San Joaquin River,6,24.2653,25.0,16.0,33.0,11.3832,9142648
SSEBOP,2014-12-01,San Joaquin River,6,22.6935,23.0,18.0,28.0,7.7441,9209829
SSEBOP,2015-01-01,San Joaquin River,6,21.2754,21.0,16.0,27.0,8.647,9168710
SSEBOP,2015-02-01,San Joaquin River,6,35.9276,36.0,25.0,50.0,17.299,9310842
SSEBOP,2015-03-01,San Joaquin River,6,67.2106,73.0,35.0,99.0,38.2657,9311595
SSEBOP,2015-04-01,San Joaquin River,6,75.9963,78.0,32.0,118.0,48.5786,9311816
SSEBOP,2015-05-01,San Joaquin River,6,79.6788,81.0,23.0,129.0,57.1678,9311815
SSEBOP,2015-06-01,San Joaquin River,6,122.4503,132.5054,62.4982,178.5004,71.8072,9311817
SSEBOP,2015-07-01,San Joaquin River,6,137.8835,152.5018,84.5021,196.4989,75.4672,9311817
SSEBOP,2015-08-01,San Joaquin River,6,119.5425,130.5018,72.4999,168.4979,63.8852,9311817
SSEBOP,2015-09-01,San Joaquin River,6,74.6471,82.0,35.0,109.0,44.8121,9311817
SSEBOP,2015-10-01,San Joaquin River,6,48.3346,52.0,17.0,75.0,32.3787,9307131
SSEBOP,2015-11-01,San Joaquin River,6,24.5716,25.0,16.0,33.0,11.4871,9297971
SSEBOP,2015-12-01,San Joaquin River,6,20.51,20.0,16.0,25.0,6.8526,8945308
SSEBOP,2016-01-01,San Joaquin River,6,22.0848,22.0,17.0,27.0,7.6227,8895982
SSEBOP,2016-02-01,San Joaquin River,6,41.2968,41.0,31.0,53.0,16.9732,9305432
SSEBOP,2016-03-01,San Joaquin River,6,60.3353,64.0,40.0,82.0,25.7567,9311708
SSEBOP,2016-04-01,San Joaquin River,6,84.3135,93.0,48.0,122.0,45.111,9311776
SSEBOP,2016-05-01,San Joaquin River,6,88.9882,94.0,37.0,136.0,56.1684,9311816
SSEBOP,2016-06-01,San Joaquin River,6,126.1526,134.5001,68.4998,182.4992,70.7453,9311817
SSEBOP,2016-07-01,San Joaquin River,6,143.6188,156.5032,90.5034,200.4977,74.8918,9311817
SSEBOP,2016-08-01,San Joaquin River,6,123.8784,132.5022,80.4995,170.4975,63.4587,9311817
SSEBOP,2016-09-01,San Joaquin River,6,79.1611,86.0,44.0,112.0,44.5827,9311817
SSEBOP,2016-10-01,San Joaquin River,6,45.0805,48.0,24.0,64.0,24.8838,9311817
SSEBOP,2016-11-01,San Joaquin River,6,27.6397,29.0,19.0,36.0,11.7175,9311556
SSEBOP,2016-12-01,San Joaquin River,6,17.721,18.0,14.0,22.0,6.558,9310374
SSEBOP,2017-01-01,San Joaquin River,6,18.9686,19.0,15.0,23.0,6.7838,9305564
SSEBOP,2017-02-01,San Joaquin River,6,31.1767,31.0,25.0,38.0,11.2412,9275622
SSEBOP,2017-03-01,San Joaquin River,6,57.8848,61.0,40.0,77.0,25.4198,9309963
SSEBOP,2017-04-01,San Joaquin River,6,78.1661,84.0,50.0,108.0,37.1376,9311682
SSEBOP,2017-05-01,San Joaquin River,6,93.4917,98.0,38.0,144.0,59.4364,9311817
SSEBOP,2017-06-01,San Joaquin River,6,119.1661,128.4993,60.499,174.4988,68.0012,9311817
SSEBOP,2017-07-01,San Joaquin River,6,148.954,162.5037,96.5012,206.4961,76.7397,9311817
SSEBOP,2017-08-01,San Joaquin River,6,130.4934,140.5021,90.5041,176.4991,62.5269,9311817
SSEBOP,2017-09-01,San Joaquin River,6,83.8589,91.0,49.0,117.0,45.1351,9311817
SSEBOP,2017-10-01,San Joaquin River,6,50.7616,56.0,23.0,74.0,30.1728,9311817
SSEBOP,2017-11-01,San Joaquin River,6,21.4765,22.0,10.0,32.0,13.2783,9311759
SSEBOP,2017-12-01,San Joaquin River,6,18.7046,20.0,8.0,27.0,11.5916,9310608
SSEBOP,2018-01-01,San Joaquin River,6,17.5602,18.0,12.0,23.0,8.1017,9309866
SSEBOP,2018-02-01,San Joaquin River,6,38.0312,38.0,26.0,50.0,18.7012,9311542
SSEBOP,2018-03-01,San Joaquin River,6,50.3895,52.0,36.0,65.0,21.6015,9308506
SSEBOP,2018-04-01,San Joaquin River,6,75.7704,82.0,43.0,111.0,41.8638,9311759
SSEBOP,2018-05-01,San Joaquin River,6,92.0187,95.0,36.0,144.0,60.4681,9311807
SSEBOP,2018-06-01,San Joaquin River,6,121.6621,130.4999,62.4977,176.4952,69.0217,9311817
SSEBOP,2018-07-01,San Joaquin River,6,148.6851,162.5016,98.5017,206.4984,75.5344,9311817
SSEBOP,2018-08-01,San Joaquin River,6,124.2426,135.0,86.0,170.0,60.9837,9311817
SSEBOP,2018-09-01,San Joaquin River,6,83.2746,91.0,50.0,117.0,44.744,9311817
SSEBOP,2018-10-01,San Joaquin River,6,51.6062,56.0,24.0,75.0,30.9223,9311817
SSEBOP,2018-11-01,San Joaquin River,6,20.7991,22.0,8.0,31.0,13.1356,9311336
SSEBOP,2018-12-01,San Joaquin River,6,19.8001,20.0,15.0,24.0,7.0449,9299333
SSEBOP,2019-01-01,San Joaquin River,6,23.0023,23.0,18.0,28.0,7.684,8842993
SSEBOP,2019-02-01,San Joaquin River,6,33.5935,32.0,27.0,40.0,10.4847,8504127
SSEBOP,2019-03-01,San Joaquin River,6,53.8226,55.0,39.0,70.0,22.9989,9174724
SSEBOP,2019-04-01,San Joaquin River,6,83.4474,90.0,50.0,118.0,42.8431,9311817
SSEBOP,2019-05-01,San Joaquin River,6,79.3361,83.0,36.0,119.0,47.1439,9311817
SSEBOP,2019-06-01,San Joaquin River,6,126.8172,136.5011,70.5026,182.4975,68.6581,9311817
SSEBOP,2019-07-01,San Joaquin River,6,147.6809,160.4981,102.0,202.4987,70.7061,9311817
SSEBOP,2019-08-01,San Joaquin River,6,131.6864,142.5007,92.5008,180.4975,64.378,9311817
SSEBOP,2019-09-01,San Joaquin River,6,88.0912,95.0,57.0,121.0,44.9708,9311817
SSEBOP,2019-10-01,San Joaquin River,6,50.806,55.0,26.0,72.0,29.0185,9311817
SSEBOP,2019-11-01,San Joaquin River,6,21.108,21.0,8.0,32.0,13.4124,9311797
SSEBOP,2019-12-01,San Joaquin River,6,17.7561,17.0,14.0,21.0,5.3319,9307193
SSEBOP,2020-01-01,San Joaquin River,6,18.857,19.0,15.0,23.0,6.962,9305944
SSEBOP,2020-02-01,San Joaquin River,6,43.3382,44.0,31.0,56.0,20.4128,9311356
SSEBOP,2020-03-01,San Joaquin River,6,53.2997,56.0,35.0,73.0,24.8941,9311759
SSEBOP,2020-04-01,San Joaquin River,6,79.5321,86.0,48.0,113.0,40.705,9311806
SSEBOP,2020-05-01,San Joaquin River,6,98.4636,103.0,47.0,148.0,58.3075,9311817
SSEBOP,2020-06-01,San Joaquin River,6,123.4873,132.4989,64.5038,180.501,70.4556,9311817
SSEBOP,2020-07-01,San Joaquin River,6,139.2733,152.5034,90.5044,194.4962,71.4073,9311817
SSEBOP,2020-08-01,San Joaquin River,6,123.4239,132.5009,84.5053,168.4976,61.6558,9311817
SSEBOP,2020-09-01,San Joaquin River,6,77.8452,83.0,51.0,106.0,39.1115,9311817
SSEBOP,2020-10-01,San Joaquin River,6,43.8527,49.0,18.0,64.0,28.0935,9311817
SSEBOP,2020-11-01,San Joaquin River,6,19.9556,22.0,7.0,31.0,13.3785,9311777
SSEBOP,2020-12-01,San Joaquin River,6,12.931,13.0,6.0,19.0,8.1873,9310747
SSEBOP,2021-01-01,San Joaquin River,6,20.0041,21.0,14.0,26.0,9.7288,9309348
SSEBOP,2021-02-01,San Joaquin River,6,35.7219,35.0,26.0,44.0,15.9828,9311552
SSEBOP,2021-03-01,San Joaquin River,6,61.7229,64.0,41.0,83.0,28.2123,9311710
SSEBOP,2021-04-01,San Joaquin River,6,83.0179,89.0,39.0,126.0,50.4212,9311810
SSEBOP,2021-05-01,San Joaquin River,6,108.7763,114.5008,44.4991,167.0,69.6469,9311817
SSEBOP,2021-06-01,San Joaquin River,6,125.3953,134.4997,64.4962,182.4982,71.7975,9311817
SSEBOP,2021-07-01,San Joaquin River,6,149.941,162.501,96.5002,208.4979,76.9635,9311817
SSEBOP,2021-08-01,San Joaquin River,6,124.0005,132.5028,84.5014,168.495,59.9808,9311817
SSEBOP,2021-09-01,San Joaquin River,6,81.7068,89.0,48.0,115.0,45.2434,9311817
SSEBOP,2021-10-01,San Joaquin River,6,44.1131,48.0,24.0,62.0,24.1811,9311817
SSEBOP,2021-11-01,San Joaquin River,6,21.4279,23.0,16.0,28.0,9.2569,9246079
SSEBOP,2021-12-01,San Joaquin River,6,14.5934,15.0,11.0,18.0,5.7525,9238172
SSEBOP,2022-01-01,San Joaquin River,6,20.7361,21.0,16.0,26.0,8.3123,9307811
SSEBOP,2022-02-01,San Joaquin River,6,36.303,37.0,25.0,48.0,18.598,9311618
SSEBOP,2022-03-01,San Joaquin River,6,58.7373,63.0,32.0,85.0,34.0795,9311640
SSEBOP,2022-04-01,San Joaquin River,6,83.6759,89.0,46.0,121.0,45.7305,9311640
SSEBOP,2022-05-01,San Joaquin River,6,111.2933,114.5012,52.4976,166.4997,66.2579,9311817
SSEBOP,2022-06-01,San Joaquin River,6,134.4703,142.5006,78.5056,188.5004,70.1859,9311817
SSEBOP,2022-07-01,San Joaquin River,6,145.9435,156.4987,98.5044,200.5,72.4988,9311817
SSEBOP,2022-08-01,San Joaquin River,6,133.7281,143.0,92.5076,182.4972,66.7724,9311817
SSEBOP,2022-09-01,San Joaquin River,6,89.495,96.0,56.0,125.0,47.7611,9311817
SSEBOP,2022-10-01,San Joaquin River,6,54.2099,60.0,29.0,78.0,30.9668,9311817
SSEBOP,2022-11-01,San Joaquin River,6,22.0183,24.0,13.0,30.0,10.9493,9311797
SSEBOP,2022-12-01,San Joaquin River,6,10.911,11.0,8.0,13.0,3.7867,9311418
SSEBOP,2023-01-01,San Joaquin River,6,21.36,21.0,17.0,25.0,7.1119,9310732
SSEBOP,2023-02-01,San Joaquin River,6,28.335,28.0,23.0,34.0,10.5591,9310514
SSEBOP,2023-03-01,San Joaquin River,6,46.8395,48.0,37.0,58.0,16.9079,9310371
SSEBOP,2023-04-01,San Joaquin River,6,86.6576,92.0,62.0,116.0,37.798,9311717
SSEBOP,2023-05-01,San Joaquin River,6,89.9905,97.0,52.0,129.0,48.7406,9311815
SSEBOP,2023-06-01,San Joaquin River,6,106.5464,114.0,61.0,151.0,55.6125,9311815
SSEBOP,2023-07-01,San Joaquin River,6,142.6602,152.5016,100.5031,192.4964,66.1144,9311817
SSEBOP,2023-08-01,San Joaquin River,6,132.4672,140.5026,98.5035,176.497,58.1058,9311817
SSEBOP,2023-09-01,San Joaquin River,6,87.2519,93.0,64.0,116.0,39.743,9311817
SSEBOP,2023-10-01,San Joaquin River,6,49.4718,54.0,31.0,68.0,25.7864,9311817
SSEBOP,2023-11-01,San Joaquin River,6,25.2125,27.0,14.0,35.0,13.7272,9311766
SSEBOP,2023-12-01,San Joaquin River,6,13.8279,14.0,7.0,19.0,7.8535,9132531
SSEBOP,2024-01-01,San Joaquin River,6,18.4962,18.0,15.0,22.0,6.0229,8031290
SSEBOP,2024-02-01,San Joaquin River,6,33.4392,32.0,27.0,40.0,9.9531,9311010
SSEBOP,2024-03-01,San Joaquin River,6,62.6711,66.0,47.0,80.0,23.3378,9311655
SSEBOP,2024-04-01,San Joaquin River,6,85.4815,92.0,64.0,112.0,33.7099,9311800
SSEBOP,2024-05-01,San Joaquin River,6,107.0136,116.0,62.0,152.0,56.4536,9311817
SSEBOP,2024-06-01,San Joaquin River,6,131.4444,140.502,78.4977,184.4969,67.0286,9311817
SSEBOP,2024-07-01,San Joaquin River,6,153.5598,164.5034,106.506,209.0,74.0454,9311817
SSEBOP,2024-08-01,San Joaquin River,6,128.5999,136.5014,90.5058,172.4965,61.1124,9311817
SSEBOP,2024-09-01,San Joaquin River,6,84.2586,90.0,54.0,116.0,44.6062,9311817
SSEBOP,2024-10-01,San Joaquin River,6,52.3122,58.0,26.0,75.0,30.7395,9311817
SSEBOP,2024-11-01,San Joaquin River,6,23.3601,25.0,11.0,34.0,13.2494,9311533
SSEBOP,2024-12-01,San Joaquin River,6,14.0641,15.0,10.0,18.0,6.0616,9310387
SSEBOP,2025-01-01,San Joaquin River,6,25.1006,25.0,20.0,31.0,10.0421,9310819
SSEBOP,2025-02-01,San Joaquin River,6,33.7861,33.0,26.0,41.0,12.5939,9311581
SSEBOP,2025-03-01,San Joaquin River,6,58.0244,62.0,43.0,76.0,24.7717,9311690
SSEBOP,2025-04-01,San Joaquin River,6,82.9199,90.0,56.0,115.0,40.6932,9311797
SSEBOP,2025-05-01,San Joaquin River,6,111.5386,118.5043,54.5011,164.4979,65.2078,9311817
SSEBOP,2025-06-01,San Joaquin River,6,129.0553,138.502,72.5015,184.4966,68.9746,9311817
SSEBOP,2025-07-01,San Joaquin River,6,133.8372,144.5017,92.5029,184.4986,65.8889,9311817
SSEBOP,2025-08-01,San Joaquin River,6,131.3817,140.5024,90.5033,180.4982,65.018,9311817
SSEBOP,2025-09-01,San Joaquin River,6,85.0258,92.0,55.0,116.0,42.5791,9311817
SSEBOP,2025-10-01,San Joaquin River,6,47.5627,51.0,30.0,64.0,21.6444,9311809
SSEBOP,2025-11-01,San Joaquin River,6,22.0876,24.0,14.0,30.0,11.0279,9311798
SSEBOP,2025-12-01,San Joaquin River,6,16.5637,17.0,14.0,19.0,4.4379,4950477
SSEBOP,2003-10-01,South Coast,4,47.312,48.0,21.0,69.0,30.584,941847
SSEBOP,2003-11-01,South Coast,4,35.3506,37.0,20.0,50.0,19.1952,941851
SSEBOP,2003-12-01,South Coast,4,30.0078,32.0,17.0,43.0,16.5263,941850
SSEBOP,2004-01-01,South Coast,4,35.8972,38.0,22.0,51.0,19.1142,941845
SSEBOP,2004-02-01,South Coast,4,40.3734,43.0,25.0,56.0,21.2277,941845
SSEBOP,2004-03-01,South Coast,4,65.2663,66.0,45.0,86.0,30.5137,941791
SSEBOP,2004-04-01,South Coast,4,60.3258,62.0,31.0,87.0,36.4878,941832
SSEBOP,2004-05-01,South Coast,4,63.4603,62.0,14.0,102.0,49.845,941812
SSEBOP,2004-06-01,South Coast,4,55.6738,52.0,11.0,86.0,46.1725,940825
SSEBOP,2004-07-01,South Coast,4,66.3589,62.0,15.0,104.0,53.4407,939974
SSEBOP,2004-08-01,South Coast,4,59.1475,57.0,17.0,90.0,46.2845,941690
SSEBOP,2004-09-01,South Coast,4,55.2337,56.0,12.0,86.0,43.2883,941664
SSEBOP,2004-10-01,South Coast,4,38.037,38.0,16.0,56.0,24.8474,941387
SSEBOP,2004-11-01,South Coast,4,42.211,43.0,32.0,53.0,15.7806,937120
SSEBOP,2004-12-01,South Coast,4,42.7435,45.0,32.0,55.0,17.106,941839
SSEBOP,2005-01-01,South Coast,4,39.9067,40.0,32.0,48.0,11.6834,941553
SSEBOP,2005-02-01,South Coast,4,40.4314,42.0,32.0,50.0,12.7546,941492
SSEBOP,2005-03-01,South Coast,4,58.8224,59.0,45.0,74.0,22.2363,941076
SSEBOP,2005-04-01,South Coast,4,62.1295,65.0,40.0,84.0,30.6069,941851
SSEBOP,2005-05-01,South Coast,4,65.7677,67.0,33.0,95.0,40.5132,941848
SSEBOP,2005-06-01,South Coast,4,62.2747,62.0,26.0,92.0,42.7389,941522
SSEBOP,2005-07-01,South Coast,4,69.8253,66.0,27.0,104.0,50.4181,941498
SSEBOP,2005-08-01,South Coast,4,64.6961,64.0,26.0,95.0,44.8028,941752
SSEBOP,2005-09-01,South Coast,4,52.8503,52.0,23.0,76.0,34.8002,941849
SSEBOP,2005-10-01,South Coast,4,43.8209,45.0,19.0,64.0,28.8443,941852
SSEBOP,2005-11-01,South Coast,4,41.0108,44.0,21.0,59.0,25.1068,941837
SSEBOP,2005-12-01,South Coast,4,28.6961,31.0,15.0,42.0,16.6923,900872
SSEBOP,2006-01-01,South Coast,4,35.3659,37.0,19.0,50.0,20.0105,903157
SSEBOP,2006-02-01,South Coast,4,39.9368,42.0,18.0,58.0,24.143,941855
SSEBOP,2006-03-01,South Coast,4,43.4563,45.0,29.0,58.0,20.812,939863
SSEBOP,2006-04-01,South Coast,4,56.31,57.0,38.0,75.0,27.8362,939380
SSEBOP,2006-05-01,South Coast,4,60.4938,61.0,30.0,86.0,38.038,940327
SSEBOP,2006-06-01,South Coast,4,65.5136,66.0,23.0,99.0,47.1026,941062
SSEBOP,2006-07-01,South Coast,4,71.5432,71.0,21.0,111.0,52.8875,941793
SSEBOP,2006-08-01,South Coast,4,64.2222,64.0,22.0,98.0,46.647,941599
SSEBOP,2006-09-01,South Coast,4,54.1541,54.0,21.0,81.0,38.1378,941652
SSEBOP,2006-10-01,South Coast,4,41.043,42.0,16.0,61.0,27.8044,941855
SSEBOP,2006-11-01,South Coast,4,35.2548,38.0,12.0,54.0,24.271,941846
SSEBOP,2006-12-01,South Coast,4,33.9232,37.0,14.0,51.0,21.6291,941730
SSEBOP,2007-01-01,South Coast,4,36.4712,38.0,11.0,57.0,25.9991,941687
SSEBOP,2007-02-01,South Coast,4,32.6193,35.0,14.0,49.0,21.015,941842
SSEBOP,2007-03-01,South Coast,4,52.7922,56.0,22.0,79.0,35.7079,941524
SSEBOP,2007-04-01,South Coast,4,47.6234,49.0,10.0,76.0,36.5088,941612
SSEBOP,2007-05-01,South Coast,4,55.8528,54.0,10.0,90.0,46.0553,941780
SSEBOP,2007-06-01,South Coast,4,61.7256,59.0,9.0,99.0,52.0475,941684
SSEBOP,2007-07-01,South Coast,4,62.981,61.0,12.0,100.0,51.2633,941693
SSEBOP,2007-08-01,South Coast,4,60.4033,59.0,15.0,94.0,47.7959,941850
SSEBOP,2007-09-01,South Coast,4,47.944,48.0,15.0,73.0,35.9534,941854
SSEBOP,2007-10-01,South Coast,4,50.3235,52.0,22.0,74.0,33.2178,937896
SSEBOP,2007-11-01,South Coast,4,31.4055,34.0,8.0,50.0,22.5532,935940
SSEBOP,2007-12-01,South Coast,4,31.1711,33.0,16.0,46.0,18.4673,933623
SSEBOP,2008-01-01,South Coast,4,35.3351,36.0,24.0,47.0,16.2549,941806
SSEBOP,2008-02-01,South Coast,4,42.8599,44.0,33.0,53.0,15.0805,941828
SSEBOP,2008-03-01,South Coast,4,67.3631,70.0,46.0,91.0,32.2089,941830
SSEBOP,2008-04-01,South Coast,4,65.2326,68.0,32.0,95.0,40.4534,941788
SSEBOP,2008-05-01,South Coast,4,57.7535,57.0,19.0,89.0,42.3581,941840
SSEBOP,2008-06-01,South Coast,4,65.1014,64.0,18.0,102.0,49.4839,941579
SSEBOP,2008-07-01,South Coast,4,67.1095,65.0,23.0,101.0,49.6933,941217
SSEBOP,2008-08-01,South Coast,4,62.4183,62.0,24.0,94.0,43.9739,940901
SSEBOP,2008-09-01,South Coast,4,50.9159,51.0,16.0,78.0,37.6811,941380
SSEBOP,2008-10-01,South Coast,4,50.8143,54.0,17.0,78.0,35.7171,941807
SSEBOP,2008-11-01,South Coast,4,38.5167,42.0,15.0,59.0,25.5622,941847
SSEBOP,2008-12-01,South Coast,4,31.7202,33.0,19.0,44.0,15.5844,941818
SSEBOP,2009-01-01,South Coast,4,50.8212,54.0,33.0,69.0,24.6279,941815
SSEBOP,2009-02-01,South Coast,4,41.8902,43.0,31.0,53.0,15.9442,941832
SSEBOP,2009-03-01,South Coast,4,63.9807,66.0,47.0,83.0,27.5094,941837
SSEBOP,2009-04-01,South Coast,4,61.7163,64.0,35.0,88.0,35.9171,941850
SSEBOP,2009-05-01,South Coast,4,57.9077,58.0,19.0,88.0,42.0706,904050
SSEBOP,2009-06-01,South Coast,4,54.9511,55.0,17.0,85.0,40.317,925286
SSEBOP,2009-07-01,South Coast,4,69.0687,68.0,19.0,107.0,52.7871,941203
SSEBOP,2009-08-01,South Coast,4,63.9902,64.0,22.0,97.0,46.1218,941464
SSEBOP,2009-09-01,South Coast,4,53.7905,55.0,16.0,83.0,39.8275,941853
SSEBOP,2009-10-01,South Coast,4,44.6982,48.0,18.0,68.0,29.4993,941855
SSEBOP,2009-11-01,South Coast,4,37.1757,41.0,13.0,57.0,25.0202,941800
SSEBOP,2009-12-01,South Coast,4,29.1875,31.0,15.0,42.0,16.7523,941674
SSEBOP,2010-01-01,South Coast,4,37.6393,40.0,25.0,51.0,17.5185,935292
SSEBOP,2010-02-01,South Coast,4,44.2033,45.0,36.0,53.0,13.3618,941848
SSEBOP,2010-03-01,South Coast,4,69.4589,72.0,51.0,90.0,28.9586,941846
SSEBOP,2010-04-01,South Coast,4,62.9839,65.0,43.0,85.0,30.8812,941846
SSEBOP,2010-05-01,South Coast,4,67.555,71.0,34.0,98.0,41.3284,941842
SSEBOP,2010-06-01,South Coast,4,62.9275,63.0,24.0,94.0,44.2311,941833
SSEBOP,2010-07-01,South Coast,4,63.5351,62.0,23.0,95.0,45.6727,935965
SSEBOP,2010-08-01,South Coast,4,65.516,65.0,28.0,96.0,45.0025,937817
SSEBOP,2010-09-01,South Coast,4,51.4946,53.0,18.0,77.0,37.3007,941253
SSEBOP,2010-10-01,South Coast,4,41.8448,44.0,20.0,60.0,26.4556,941633
SSEBOP,2010-11-01,South Coast,4,43.078,47.0,26.0,60.0,21.948,941853
SSEBOP,2010-12-01,South Coast,4,29.421,31.0,21.0,38.0,11.6435,941831
SSEBOP,2011-01-01,South Coast,4,46.8339,48.0,34.0,61.0,19.1808,941836
SSEBOP,2011-02-01,South Coast,4,43.5703,45.0,31.0,57.0,18.3826,941840
SSEBOP,2011-03-01,South Coast,4,58.7866,59.0,44.0,74.0,23.15,941743
SSEBOP,2011-04-01,South Coast,4,70.0774,72.0,48.0,93.0,33.7979,941734
SSEBOP,2011-05-01,South Coast,4,69.0447,72.0,37.0,98.0,40.8304,941831
SSEBOP,2011-06-01,South Coast,4,63.7512,64.0,29.0,92.0,42.7534,941822
SSEBOP,2011-07-01,South Coast,4,70.1621,70.0,32.0,102.0,46.6738,941328
SSEBOP,2011-08-01,South Coast,4,66.5381,66.0,27.0,98.0,46.0978,941032
SSEBOP,2011-09-01,South Coast,4,51.8711,53.0,22.0,76.0,34.805,941503
SSEBOP,2011-10-01,South Coast,4,47.0498,50.0,23.0,69.0,28.8561,941855
SSEBOP,2011-11-01,South Coast,4,35.7202,37.0,20.0,50.0,18.9572,941741
SSEBOP,2011-12-01,South Coast,4,39.4632,42.0,23.0,56.0,21.4295,905212
SSEBOP,2012-01-01,South Coast,4,44.53,48.0,24.0,65.0,26.3275,930770
SSEBOP,2012-02-01,South Coast,4,44.5905,47.0,25.0,64.0,25.2647,937549
SSEBOP,2012-03-01,South Coast,4,55.3994,56.0,30.0,79.0,33.8954,930338
SSEBOP,2012-04-01,South Coast,4,63.4112,65.0,35.0,90.0,38.8048,922990
SSEBOP,2012-05-01,South Coast,4,66.0957,68.0,17.0,104.0,49.147,887979
SSEBOP,2012-06-01,South Coast,4,66.4685,66.0,15.0,103.0,52.5965,895075
SSEBOP,2012-07-01,South Coast,4,65.8186,65.0,17.0,103.0,51.0304,899581
SSEBOP,2012-08-01,South Coast,4,69.8919,69.0,29.0,105.0,48.1407,938453
SSEBOP,2012-09-01,South Coast,4,61.132,61.0,23.0,92.0,43.4826,938421
SSEBOP,2012-10-01,South Coast,4,46.6137,49.0,12.0,73.0,34.1995,941745
SSEBOP,2012-11-01,South Coast,4,32.4286,34.0,9.0,51.0,23.2102,940726
SSEBOP,2012-12-01,South Coast,4,27.7819,29.0,18.0,38.0,13.4525,935801
SSEBOP,2013-01-01,South Coast,4,43.198,46.0,24.0,62.0,23.8924,937996
SSEBOP,2013-02-01,South Coast,4,46.8434,49.0,31.0,63.0,22.0136,934922
SSEBOP,2013-03-01,South Coast,4,63.5971,65.0,45.0,83.0,28.3506,940269
SSEBOP,2013-04-01,South Coast,4,61.3533,65.0,24.0,92.0,40.2126,941430
SSEBOP,2013-05-01,South Coast,4,70.9075,73.0,25.0,109.0,49.4026,941610
SSEBOP,2013-06-01,South Coast,4,68.5089,68.0,22.0,104.0,50.8152,941598
SSEBOP,2013-07-01,South Coast,4,70.8124,72.0,27.0,107.0,49.3041,941418
SSEBOP,2013-08-01,South Coast,4,69.5759,70.0,29.0,103.0,47.7472,939606
SSEBOP,2013-09-01,South Coast,4,58.4873,60.0,24.0,87.0,39.6864,941792
SSEBOP,2013-10-01,South Coast,4,46.8392,48.0,20.0,69.0,30.3016,941845
SSEBOP,2013-11-01,South Coast,4,38.2803,41.0,16.0,57.0,23.9745,941840
SSEBOP,2013-12-01,South Coast,4,40.8381,44.0,20.0,59.0,23.6936,941825
SSEBOP,2014-01-01,South Coast,4,44.8309,49.0,17.0,69.0,29.8712,941830
SSEBOP,2014-02-01,South Coast,4,36.8131,39.0,15.0,56.0,23.7912,941855
SSEBOP,2014-03-01,South Coast,4,57.1148,58.0,31.0,80.0,32.0424,941817
SSEBOP,2014-04-01,South Coast,4,74.1439,77.0,39.0,106.0,43.7842,941855
SSEBOP,2014-05-01,South Coast,4,76.8808,79.0,26.0,119.0,53.9385,941705
SSEBOP,2014-06-01,South Coast,4,68.9409,69.0,23.0,105.0,50.1259,940922
SSEBOP,2014-07-01,South Coast,4,74.4882,75.0,29.0,112.0,51.4113,940016
SSEBOP,2014-08-01,South Coast,4,72.9946,74.0,33.0,107.0,47.017,941654
SSEBOP,2014-09-01,South Coast,4,58.1066,60.0,21.0,88.0,40.3886,941854
SSEBOP,2014-10-01,South Coast,4,47.3703,50.0,16.0,73.0,33.2002,941852
SSEBOP,2014-11-01,South Coast,4,41.9989,45.0,17.0,63.0,27.3553,941853
SSEBOP,2014-12-01,South Coast,4,33.2835,34.0,22.0,44.0,14.1837,941828
SSEBOP,2015-01-01,South Coast,4,42.8371,44.0,32.0,55.0,16.0056,941756
SSEBOP,2015-02-01,South Coast,4,52.3775,55.0,38.0,69.0,22.7257,941621
SSEBOP,2015-03-01,South Coast,4,77.3974,81.0,53.0,103.0,36.3009,941854
SSEBOP,2015-04-01,South Coast,4,67.9184,70.0,29.0,101.0,43.4812,941855
SSEBOP,2015-05-01,South Coast,4,60.1998,62.0,23.0,92.0,40.7692,941453
SSEBOP,2015-06-01,South Coast,4,68.1924,68.0,21.0,104.0,50.811,941273
SSEBOP,2015-07-01,South Coast,4,71.9664,71.0,29.0,107.0,48.1138,941618
SSEBOP,2015-08-01,South Coast,4,73.7373,75.0,29.0,109.0,50.1368,941850
SSEBOP,2015-09-01,South Coast,4,64.0864,65.0,32.0,91.0,37.1434,941855
SSEBOP,2015-10-01,South Coast,4,53.1348,57.0,21.0,81.0,35.1074,941849
SSEBOP,2015-11-01,South Coast,4,41.8268,44.0,18.0,63.0,26.8971,941855
SSEBOP,2015-12-01,South Coast,4,34.5894,36.0,17.0,51.0,20.6309,941850
SSEBOP,2016-01-01,South Coast,4,34.0013,36.0,22.0,47.0,16.9995,940646
SSEBOP,2016-02-01,South Coast,4,64.6201,68.0,43.0,88.0,31.655,941839
SSEBOP,2016-03-01,South Coast,4,62.8649,65.0,42.0,85.0,30.8009,941855
SSEBOP,2016-04-01,South Coast,4,67.5362,71.0,32.0,99.0,41.4727,941729
SSEBOP,2016-05-01,South Coast,4,60.3086,62.0,20.0,93.0,43.233,940015
SSEBOP,2016-06-01,South Coast,4,71.4546,72.0,26.0,108.0,50.9124,941476
SSEBOP,2016-07-01,South Coast,4,75.8212,75.0,28.0,114.0,53.901,941694
SSEBOP,2016-08-01,South Coast,4,67.0846,67.0,23.0,102.0,48.9101,941782
SSEBOP,2016-09-01,South Coast,4,56.9603,58.0,22.0,85.0,39.3105,941855
SSEBOP,2016-10-01,South Coast,4,45.2295,47.0,19.0,68.0,29.939,941855
SSEBOP,2016-11-01,South Coast,4,40.8941,42.0,17.0,61.0,24.7041,941847
SSEBOP,2016-12-01,South Coast,4,32.3337,33.0,21.0,43.0,14.4271,941833
SSEBOP,2017-01-01,South Coast,4,33.094,33.0,25.0,41.0,10.8909,941769
SSEBOP,2017-02-01,South Coast,4,35.9309,36.0,28.0,44.0,12.4312,941839
SSEBOP,2017-03-01,South Coast,4,72.5913,74.0,52.0,94.0,31.5343,939418
SSEBOP,2017-04-01,South Coast,4,69.4115,73.0,42.0,96.0,38.087,941855
SSEBOP,2017-05-01,South Coast,4,65.3887,67.0,33.0,94.0,40.1703,941848
SSEBOP,2017-06-01,South Coast,4,73.3039,74.0,34.0,106.0,48.3126,941728
SSEBOP,2017-07-01,South Coast,4,75.8063,76.0,33.0,112.0,50.6593,941474
SSEBOP,2017-08-01,South Coast,4,70.7333,70.0,33.0,102.0,44.4687,941130
SSEBOP,2017-09-01,South Coast,4,57.5596,59.0,27.0,84.0,36.5074,941425
SSEBOP,2017-10-01,South Coast,4,56.4127,60.0,25.0,84.0,36.7338,941855
SSEBOP,2017-11-01,South Coast,4,35.2416,36.0,17.0,52.0,21.4562,941835
SSEBOP,2017-12-01,South Coast,4,38.1745,40.0,12.0,60.0,26.9885,941833
SSEBOP,2018-01-01,South Coast,4,41.3595,41.0,23.0,59.0,22.0972,941853
SSEBOP,2018-02-01,South Coast,4,42.8067,44.0,23.0,62.0,24.2943,941846
SSEBOP,2018-03-01,South Coast,4,55.443,57.0,37.0,74.0,26.2228,941778
SSEBOP,2018-04-01,South Coast,4,68.9991,72.0,34.0,99.0,42.3706,941855
SSEBOP,2018-05-01,South Coast,4,56.9356,58.0,19.0,87.0,41.4424,941564
SSEBOP,2018-06-01,South Coast,4,65.5776,65.0,18.0,101.0,50.2461,941532
SSEBOP,2018-07-01,South Coast,4,74.9145,72.0,24.0,116.0,56.2489,941661
SSEBOP,2018-08-01,South Coast,4,67.6926,67.0,26.0,103.0,47.6653,941855
SSEBOP,2018-09-01,South Coast,4,53.4375,53.0,18.0,80.0,38.9952,941855
SSEBOP,2018-10-01,South Coast,4,46.3611,48.0,17.0,71.0,31.6859,941845
SSEBOP,2018-11-01,South Coast,4,38.2518,40.0,14.0,59.0,25.7643,941855
SSEBOP,2018-12-01,South Coast,4,33.5742,34.0,19.0,48.0,18.6755,941716
SSEBOP,2019-01-01,South Coast,4,42.9975,44.0,32.0,54.0,15.4044,941688
SSEBOP,2019-02-01,South Coast,4,39.0467,39.0,31.0,48.0,11.8055,941641
SSEBOP,2019-03-01,South Coast,4,60.8418,63.0,44.0,79.0,24.7046,936876
SSEBOP,2019-04-01,South Coast,4,73.1382,76.0,47.0,100.0,38.167,933560
SSEBOP,2019-05-01,South Coast,4,60.564,62.0,34.0,85.0,34.3748,935711
SSEBOP,2019-06-01,South Coast,4,68.7672,70.0,39.0,96.0,40.3672,941599
SSEBOP,2019-07-01,South Coast,4,78.0893,78.0,36.0,114.0,50.62,941855
SSEBOP,2019-08-01,South Coast,4,72.8019,73.0,32.0,107.0,48.02,941855
SSEBOP,2019-09-01,South Coast,4,56.0602,56.0,25.0,83.0,37.2689,941820
SSEBOP,2019-10-01,South Coast,4,56.0453,58.0,22.0,85.0,37.7945,941833
SSEBOP,2019-11-01,South Coast,4,36.3227,36.0,17.0,53.0,21.5865,941846
SSEBOP,2019-12-01,South Coast,4,36.1394,36.0,26.0,46.0,14.2248,941828
SSEBOP,2020-01-01,South Coast,4,42.3677,43.0,32.0,54.0,15.7421,941776
SSEBOP,2020-02-01,South Coast,4,54.3215,56.0,38.0,71.0,23.5634,941776
SSEBOP,2020-03-01,South Coast,4,54.597,57.0,40.0,71.0,22.3999,941830
SSEBOP,2020-04-01,South Coast,4,72.3472,74.0,53.0,93.0,29.8523,941855
SSEBOP,2020-05-01,South Coast,4,76.6852,80.0,46.0,107.0,41.8506,941855
SSEBOP,2020-06-01,South Coast,4,73.3397,75.0,38.0,105.0,45.0412,941855
SSEBOP,2020-07-01,South Coast,4,75.3471,75.0,35.0,110.0,49.1306,941108
SSEBOP,2020-08-01,South Coast,4,72.9473,73.0,35.0,105.0,46.8833,941855
SSEBOP,2020-09-01,South Coast,4,55.0651,56.0,23.0,81.0,37.5151,941855
SSEBOP,2020-10-01,South Coast,4,48.1373,49.0,20.0,71.0,31.5223,941483
SSEBOP,2020-11-01,South Coast,4,37.6048,38.0,17.0,56.0,22.9506,941841
SSEBOP,2020-12-01,South Coast,4,39.1237,40.0,15.0,60.0,26.3644,941840
SSEBOP,2021-01-01,South Coast,4,42.1279,42.0,21.0,61.0,24.9186,941849
SSEBOP,2021-02-01,South Coast,4,50.2895,50.0,34.0,67.0,22.9028,941819
SSEBOP,2021-03-01,South Coast,4,63.2069,65.0,44.0,84.0,28.6316,941783
SSEBOP,2021-04-01,South Coast,4,66.8033,68.0,35.0,95.0,40.2494,941675
SSEBOP,2021-05-01,South Coast,4,61.7039,62.0,20.0,96.0,45.2813,940070
SSEBOP,2021-06-01,South Coast,4,68.8003,66.0,16.0,108.0,54.7818,941304
SSEBOP,2021-07-01,South Coast,4,72.9978,70.0,24.0,112.0,54.8986,941513
SSEBOP,2021-08-01,South Coast,4,66.6859,65.0,26.0,100.0,47.058,930504
SSEBOP,2021-09-01,South Coast,4,54.7058,54.0,23.0,81.0,37.4454,940351
SSEBOP,2021-10-01,South Coast,4,49.2541,49.0,24.0,71.0,29.1673,941855
SSEBOP,2021-11-01,South Coast,4,40.3602,43.0,16.0,61.0,26.809,941827
SSEBOP,2021-12-01,South Coast,4,23.5888,25.0,12.0,35.0,14.2238,941713
SSEBOP,2022-01-01,South Coast,4,47.6079,49.0,32.0,64.0,22.2765,941823
SSEBOP,2022-02-01,South Coast,4,60.194,61.0,41.0,80.0,27.0884,941839
SSEBOP,2022-03-01,South Coast,4,71.1921,74.0,47.0,96.0,34.7789,941839
SSEBOP,2022-04-01,South Coast,4,71.5035,76.0,39.0,102.0,41.905,941727
SSEBOP,2022-05-01,South Coast,4,68.0381,70.0,26.0,103.0,47.2707,941809
SSEBOP,2022-06-01,South Coast,4,74.9189,76.0,26.0,114.0,54.7277,941663
SSEBOP,2022-07-01,South Coast,4,73.7605,73.0,26.0,112.0,54.2352,941496
SSEBOP,2022-08-01,South Coast,4,74.2125,74.0,31.0,110.0,51.3869,941818
SSEBOP,2022-09-01,South Coast,4,62.1174,63.0,27.0,92.0,41.5495,941855
SSEBOP,2022-10-01,South Coast,4,45.8684,46.0,20.0,69.0,30.3429,941855
SSEBOP,2022-11-01,South Coast,4,38.5239,39.0,20.0,56.0,22.6376,941837
SSEBOP,2022-12-01,South Coast,4,28.9835,30.0,20.0,39.0,13.2778,941819
SSEBOP,2023-01-01,South Coast,4,39.7433,40.0,32.0,48.0,11.6091,941835
SSEBOP,2023-02-01,South Coast,4,48.3145,50.0,38.0,61.0,17.3531,941843
SSEBOP,2023-03-01,South Coast,4,54.4218,56.0,43.0,67.0,17.2533,941793
SSEBOP,2023-04-01,South Coast,4,72.2696,73.0,52.0,92.0,31.6983,941206
SSEBOP,2023-05-01,South Coast,4,66.6702,69.0,45.0,88.0,32.2484,844751
SSEBOP,2023-06-01,South Coast,4,66.2679,68.0,40.0,91.0,36.8983,940751
SSEBOP,2023-07-01,South Coast,4,87.3365,87.0,49.0,122.0,51.0516,941855
SSEBOP,2023-08-01,South Coast,4,81.5217,80.0,48.0,111.0,42.8401,941855
SSEBOP,2023-09-01,South Coast,4,62.2784,63.0,42.0,82.0,30.1512,941855
SSEBOP,2023-10-01,South Coast,4,59.3861,62.0,38.0,82.0,31.4932,941819
SSEBOP,2023-11-01,South Coast,4,45.1994,47.0,26.0,64.0,25.2845,941788
SSEBOP,2023-12-01,South Coast,4,36.5907,38.0,22.0,51.0,19.6596,941763
SSEBOP,2024-01-01,South Coast,4,39.7909,41.0,29.0,51.0,15.5384,941844
SSEBOP,2024-02-01,South Coast,4,42.7588,43.0,34.0,52.0,13.3083,941842
SSEBOP,2024-03-01,South Coast,4,63.9579,65.0,52.0,77.0,18.9857,941846
SSEBOP,2024-04-01,South Coast,4,74.9525,77.0,57.0,94.0,29.3748,941846
SSEBOP,2024-05-01,South Coast,4,67.1873,70.0,44.0,90.0,35.2061,940215
SSEBOP,2024-06-01,South Coast,4,76.1177,78.0,42.0,107.0,45.2564,941024
SSEBOP,2024-07-01,South Coast,4,81.3476,82.0,41.0,117.0,50.3578,941855
SSEBOP,2024-08-01,South Coast,4,76.8623,77.0,40.0,110.0,46.1337,941855
SSEBOP,2024-09-01,South Coast,4,59.7892,60.0,33.0,84.0,34.792,941840
SSEBOP,2024-10-01,South Coast,4,47.5822,49.0,24.0,69.0,29.8785,941855
SSEBOP,2024-11-01,South Coast,4,33.4985,35.0,14.0,51.0,21.7814,941852
SSEBOP,2024-12-01,South Coast,4,27.3911,28.0,10.0,42.0,19.1137,941854
SSEBOP,2025-01-01,South Coast,4,37.3804,38.0,11.0,59.0,26.9648,941853
SSEBOP,2025-02-01,South Coast,4,34.7221,35.0,19.0,50.0,20.4075,941854
SSEBOP,2025-03-01,South Coast,4,56.0812,57.0,41.0,71.0,22.2019,941854
SSEBOP,2025-04-01,South Coast,4,72.3231,75.0,53.0,94.0,31.8406,941855
SSEBOP,2025-05-01,South Coast,4,72.876,76.0,40.0,103.0,41.7502,941847
SSEBOP,2025-06-01,South Coast,4,71.4639,72.0,32.0,105.0,47.2501,941853
SSEBOP,2025-07-01,South Coast,4,73.9297,74.0,31.0,109.0,50.1344,941855
SSEBOP,2025-08-01,South Coast,4,72.6026,73.0,33.0,106.0,47.8895,941852
SSEBOP,2025-09-01,South Coast,4,56.7438,57.0,27.0,82.0,36.4609,941855
SSEBOP,2025-10-01,South Coast,4,44.4319,45.0,20.0,67.0,29.0926,941790
SSEBOP,2025-11-01,South Coast,4,33.711,34.0,19.0,47.0,17.5359,941854
SSEBOP,2025-12-01,South Coast,4,40.2947,41.0,31.0,51.0,14.9272,941854
SSEBOP,2003-10-01,South Lahontan,9,46.9335,37.0,9.0,78.0,41.7267,335871
SSEBOP,2003-11-01,South Lahontan,9,16.4075,12.0,5.0,24.0,14.91,335574
SSEBOP,2003-12-01,South Lahontan,9,12.4596,9.0,2.0,19.0,12.3326,309528
SSEBOP,2004-01-01,South Lahontan,9,8.9009,4.0,1.0,13.0,11.4344,305391
SSEBOP,2004-02-01,South Lahontan,9,13.0389,7.0,1.0,21.0,14.9402,305552
SSEBOP,2004-03-01,South Lahontan,9,44.2545,32.0,9.0,68.0,42.5814,318726
SSEBOP,2004-04-01,South Lahontan,9,60.1526,47.0,8.0,100.0,56.5168,335871
SSEBOP,2004-05-01,South Lahontan,9,79.6562,76.0,6.0,134.0,71.1033,335871
SSEBOP,2004-06-01,South Lahontan,9,88.0425,92.0,4.0,148.0,76.1141,335871
SSEBOP,2004-07-01,South Lahontan,9,101.357,109.0,8.0,167.0,83.3399,335871
SSEBOP,2004-08-01,South Lahontan,9,85.6101,90.0,9.0,147.0,70.2224,335871
SSEBOP,2004-09-01,South Lahontan,9,65.156,61.0,4.0,114.0,57.8581,335871
SSEBOP,2004-10-01,South Lahontan,9,36.0257,27.0,7.0,58.0,33.0883,335871
SSEBOP,2004-11-01,South Lahontan,9,19.2001,16.0,7.0,27.0,15.2757,335863
SSEBOP,2004-12-01,South Lahontan,9,12.5416,8.0,3.0,19.0,12.0137,335667
SSEBOP,2005-01-01,South Lahontan,9,14.3049,13.0,3.0,23.0,11.7458,303032
SSEBOP,2005-02-01,South Lahontan,9,19.8234,19.0,7.0,30.0,14.2523,304649
SSEBOP,2005-03-01,South Lahontan,9,51.7471,47.0,25.0,72.0,34.4843,305720
SSEBOP,2005-04-01,South Lahontan,9,68.6871,65.0,31.0,99.0,47.8234,334932
SSEBOP,2005-05-01,South Lahontan,9,84.3552,80.0,25.0,130.0,64.3961,335871
SSEBOP,2005-06-01,South Lahontan,9,99.0083,106.0,25.0,156.0,73.5966,335871
SSEBOP,2005-07-01,South Lahontan,9,107.6673,123.0,20.0,171.0,79.9254,335871
SSEBOP,2005-08-01,South Lahontan,9,93.0532,106.0,18.0,151.0,68.9364,335871
SSEBOP,2005-09-01,South Lahontan,9,71.1355,72.0,17.0,113.0,52.5404,335871
SSEBOP,2005-10-01,South Lahontan,9,42.9168,36.0,15.0,66.0,33.0184,335871
SSEBOP,2005-11-01,South Lahontan,9,30.5668,27.0,12.0,44.0,22.3706,335871
SSEBOP,2005-12-01,South Lahontan,9,17.1764,13.0,5.0,26.0,15.7958,321783
SSEBOP,2006-01-01,South Lahontan,9,16.4118,10.0,3.0,27.0,16.5625,302716
SSEBOP,2006-02-01,South Lahontan,9,22.0192,14.0,5.0,33.0,22.2801,305545
SSEBOP,2006-03-01,South Lahontan,9,30.2725,21.0,8.0,45.0,29.1664,305549
SSEBOP,2006-04-01,South Lahontan,9,58.073,50.0,18.0,84.0,48.5155,335805
SSEBOP,2006-05-01,South Lahontan,9,85.6614,84.0,13.0,141.0,68.9232,335871
SSEBOP,2006-06-01,South Lahontan,9,101.2985,113.0,8.0,167.0,82.1314,335871
SSEBOP,2006-07-01,South Lahontan,9,107.414,125.0,10.0,174.0,84.6866,335871
SSEBOP,2006-08-01,South Lahontan,9,98.594,111.0,6.0,165.0,81.45,335871
SSEBOP,2006-09-01,South Lahontan,9,71.0006,70.0,14.0,116.0,57.0297,335871
SSEBOP,2006-10-01,South Lahontan,9,43.1613,37.0,9.0,67.0,37.8995,335871
SSEBOP,2006-11-01,South Lahontan,9,24.4604,17.0,4.0,38.0,24.3182,335870
SSEBOP,2006-12-01,South Lahontan,9,14.536,9.0,2.0,21.0,16.3511,335488
SSEBOP,2007-01-01,South Lahontan,9,12.3277,7.0,2.0,17.0,15.0083,332362
SSEBOP,2007-02-01,South Lahontan,9,12.9987,7.0,1.0,19.0,16.2853,335300
SSEBOP,2007-03-01,South Lahontan,9,39.0417,19.0,1.0,63.0,46.8709,335871
SSEBOP,2007-04-01,South Lahontan,9,61.9077,54.0,6.0,101.0,58.0473,335871
SSEBOP,2007-05-01,South Lahontan,9,80.3225,84.0,10.0,135.0,65.5815,335871
SSEBOP,2007-06-01,South Lahontan,9,94.8334,100.0,8.0,159.0,80.0349,335871
SSEBOP,2007-07-01,South Lahontan,9,108.0663,116.0,5.0,182.0,91.306,335871
SSEBOP,2007-08-01,South Lahontan,9,88.4352,89.0,5.0,153.0,76.6617,335871
SSEBOP,2007-09-01,South Lahontan,9,60.7056,56.0,4.0,105.0,54.7863,335871
SSEBOP,2007-10-01,South Lahontan,9,43.6644,34.0,7.0,70.0,40.5722,335756
SSEBOP,2007-11-01,South Lahontan,9,23.0667,16.0,3.0,37.0,23.2663,332476
SSEBOP,2007-12-01,South Lahontan,9,14.4301,10.0,3.0,22.0,14.6597,300073
SSEBOP,2008-01-01,South Lahontan,9,12.8947,10.0,3.0,19.0,12.7301,302110
SSEBOP,2008-02-01,South Lahontan,9,16.3315,10.0,2.0,25.0,18.1086,305301
SSEBOP,2008-03-01,South Lahontan,9,45.3833,29.0,9.0,71.0,45.7732,306360
SSEBOP,2008-04-01,South Lahontan,9,74.0941,67.0,18.0,116.0,60.516,335871
SSEBOP,2008-05-01,South Lahontan,9,85.425,84.0,24.0,136.0,63.942,335871
SSEBOP,2008-06-01,South Lahontan,9,103.4013,111.0,13.0,166.0,81.193,335871
SSEBOP,2008-07-01,South Lahontan,9,108.2471,122.0,11.0,173.0,82.9519,335871
SSEBOP,2008-08-01,South Lahontan,9,105.2598,116.0,14.0,172.0,79.918,335871
SSEBOP,2008-09-01,South Lahontan,9,70.4619,73.0,10.0,116.0,55.3865,335871
SSEBOP,2008-10-01,South Lahontan,9,46.4512,39.0,10.0,73.0,40.4126,335871
SSEBOP,2008-11-01,South Lahontan,9,26.1604,21.0,8.0,39.0,22.343,335871
SSEBOP,2008-12-01,South Lahontan,9,17.0674,15.0,7.0,25.0,12.8052,322255
SSEBOP,2009-01-01,South Lahontan,9,20.4856,15.0,4.0,34.0,19.2434,327713
SSEBOP,2009-02-01,South Lahontan,9,21.7365,18.0,6.0,35.0,17.6507,331138
SSEBOP,2009-03-01,South Lahontan,9,44.8245,33.0,12.0,70.0,39.7395,335342
SSEBOP,2009-04-01,South Lahontan,9,67.7747,58.0,16.0,108.0,56.8428,335871
SSEBOP,2009-05-01,South Lahontan,9,87.8258,83.0,10.0,145.0,74.1547,335871
SSEBOP,2009-06-01,South Lahontan,9,84.2604,88.0,12.0,137.0,68.1305,335871
SSEBOP,2009-07-01,South Lahontan,9,107.4702,116.0,10.0,177.0,88.1471,335871
SSEBOP,2009-08-01,South Lahontan,9,99.4541,101.0,21.0,163.0,76.8128,335871
SSEBOP,2009-09-01,South Lahontan,9,73.3531,70.0,14.0,120.0,59.2891,335871
SSEBOP,2009-10-01,South Lahontan,9,40.5961,34.0,8.0,61.0,35.6207,335871
SSEBOP,2009-11-01,South Lahontan,9,24.3063,20.0,6.0,36.0,21.3282,335871
SSEBOP,2009-12-01,South Lahontan,9,12.8282,10.0,3.0,19.0,12.1608,330553
SSEBOP,2010-01-01,South Lahontan,9,13.6649,11.0,3.0,21.0,12.4091,275844
SSEBOP,2010-02-01,South Lahontan,9,17.4271,13.0,3.0,29.0,15.7315,304889
SSEBOP,2010-03-01,South Lahontan,9,45.0027,37.0,15.0,65.0,37.0153,305519
SSEBOP,2010-04-01,South Lahontan,9,62.8543,56.0,24.0,91.0,48.1614,335871
SSEBOP,2010-05-01,South Lahontan,9,85.5442,79.0,30.0,133.0,62.039,335871
SSEBOP,2010-06-01,South Lahontan,9,94.5305,100.0,11.0,156.0,77.7119,335871
SSEBOP,2010-07-01,South Lahontan,9,104.7946,112.0,18.0,174.0,81.6051,335871
SSEBOP,2010-08-01,South Lahontan,9,96.561,99.0,15.0,161.0,78.4208,335871
SSEBOP,2010-09-01,South Lahontan,9,70.747,70.0,8.0,119.0,59.3451,335871
SSEBOP,2010-10-01,South Lahontan,9,41.8792,37.0,14.0,63.0,32.1828,335871
SSEBOP,2010-11-01,South Lahontan,9,29.0001,26.0,14.0,40.0,19.6622,335871
SSEBOP,2010-12-01,South Lahontan,9,17.3528,17.0,9.0,24.0,10.2644,305494
SSEBOP,2011-01-01,South Lahontan,9,16.9203,13.0,4.0,28.0,15.238,305509
SSEBOP,2011-02-01,South Lahontan,9,24.5729,21.0,10.0,37.0,17.5517,305534
SSEBOP,2011-03-01,South Lahontan,9,41.2174,34.0,14.0,61.0,33.7203,306286
SSEBOP,2011-04-01,South Lahontan,9,73.596,67.0,33.0,103.0,52.5237,335854
SSEBOP,2011-05-01,South Lahontan,9,89.5845,88.0,34.0,134.0,62.0852,335871
SSEBOP,2011-06-01,South Lahontan,9,98.8445,106.0,18.0,160.0,76.8617,335871
SSEBOP,2011-07-01,South Lahontan,9,111.8382,127.0,17.0,182.0,85.6489,335871
SSEBOP,2011-08-01,South Lahontan,9,102.7852,113.0,17.0,168.0,80.0851,335871
SSEBOP,2011-09-01,South Lahontan,9,69.7654,72.0,11.0,114.0,56.2418,335871
SSEBOP,2011-10-01,South Lahontan,9,45.6001,41.0,8.0,74.0,38.4397,335871
SSEBOP,2011-11-01,South Lahontan,9,18.861,15.0,4.0,29.0,16.6928,335867
SSEBOP,2011-12-01,South Lahontan,9,14.4671,10.0,4.0,22.0,13.7221,316467
SSEBOP,2012-01-01,South Lahontan,9,15.8024,9.0,1.0,25.0,18.43,285358
SSEBOP,2012-02-01,South Lahontan,9,18.9152,11.0,1.0,32.0,20.7441,301753
SSEBOP,2012-03-01,South Lahontan,9,38.9163,22.0,4.0,65.0,42.1627,305399
SSEBOP,2012-04-01,South Lahontan,9,67.1492,57.0,14.0,107.0,58.8337,334105
SSEBOP,2012-05-01,South Lahontan,9,92.8583,90.0,12.0,154.0,78.9081,334812
SSEBOP,2012-06-01,South Lahontan,9,101.8806,105.0,5.0,170.0,89.9061,335871
SSEBOP,2012-07-01,South Lahontan,9,102.8898,105.0,3.0,177.0,90.1696,335845
SSEBOP,2012-08-01,South Lahontan,9,92.973,92.0,7.0,158.0,80.1744,335866
SSEBOP,2012-09-01,South Lahontan,9,70.6186,64.0,5.0,122.0,63.5551,335562
SSEBOP,2012-10-01,South Lahontan,9,46.8932,39.0,8.0,77.0,42.453,335010
SSEBOP,2012-11-01,South Lahontan,9,24.6666,20.0,8.0,37.0,20.9112,322385
SSEBOP,2012-12-01,South Lahontan,9,14.3122,10.0,3.0,23.0,14.2006,320782
SSEBOP,2013-01-01,South Lahontan,9,12.1958,7.0,1.0,18.0,14.1968,305273
SSEBOP,2013-02-01,South Lahontan,9,15.3844,6.0,0.0,24.0,19.9138,319695
SSEBOP,2013-03-01,South Lahontan,9,40.1593,22.0,2.0,67.0,44.679,331069
SSEBOP,2013-04-01,South Lahontan,9,70.3011,57.0,5.0,118.0,67.1714,335871
SSEBOP,2013-05-01,South Lahontan,9,94.6739,91.0,15.0,156.0,77.3825,335871
SSEBOP,2013-06-01,South Lahontan,9,104.9752,109.0,8.0,174.0,87.4462,335871
SSEBOP,2013-07-01,South Lahontan,9,111.0069,119.0,17.0,183.0,85.8002,335871
SSEBOP,2013-08-01,South Lahontan,9,98.9842,101.0,14.0,167.0,79.6467,335871
SSEBOP,2013-09-01,South Lahontan,9,74.8524,71.0,12.0,126.0,61.497,335871
SSEBOP,2013-10-01,South Lahontan,9,40.0321,31.0,8.0,59.0,37.6822,335871
SSEBOP,2013-11-01,South Lahontan,9,19.6448,13.0,5.0,29.0,19.3036,335871
SSEBOP,2013-12-01,South Lahontan,9,13.4217,9.0,2.0,21.0,13.5888,335194
SSEBOP,2014-01-01,South Lahontan,9,14.4799,9.0,3.0,21.0,15.7639,335705
SSEBOP,2014-02-01,South Lahontan,9,17.7053,7.0,1.0,26.0,22.777,335869
SSEBOP,2014-03-01,South Lahontan,9,48.7162,33.0,10.0,75.0,47.3979,335871
SSEBOP,2014-04-01,South Lahontan,9,79.0292,70.0,19.0,129.0,64.0605,335871
SSEBOP,2014-05-01,South Lahontan,9,94.0013,88.0,17.0,156.0,77.745,335871
SSEBOP,2014-06-01,South Lahontan,9,112.271,117.0,22.0,179.0,86.5778,335871
SSEBOP,2014-07-01,South Lahontan,9,117.987,122.0,24.0,188.0,91.5464,335871
SSEBOP,2014-08-01,South Lahontan,9,99.0851,100.0,20.0,162.0,76.7224,335871
SSEBOP,2014-09-01,South Lahontan,9,75.722,71.0,10.0,130.0,63.7584,335871
SSEBOP,2014-10-01,South Lahontan,9,48.6167,40.0,7.0,81.0,44.288,335871
SSEBOP,2014-11-01,South Lahontan,9,24.1967,16.0,5.0,38.0,24.0031,335871
SSEBOP,2014-12-01,South Lahontan,9,14.4363,11.0,4.0,22.0,13.1833,335871
SSEBOP,2015-01-01,South Lahontan,9,14.4975,10.0,2.0,25.0,14.5542,335816
SSEBOP,2015-02-01,South Lahontan,9,27.6902,16.0,3.0,48.0,28.9422,335837
SSEBOP,2015-03-01,South Lahontan,9,55.4219,38.0,8.0,88.0,55.3185,335866
SSEBOP,2015-04-01,South Lahontan,9,68.073,48.0,10.0,120.0,63.8805,335871
SSEBOP,2015-05-01,South Lahontan,9,78.2041,66.0,15.0,127.0,67.9774,335871
SSEBOP,2015-06-01,South Lahontan,9,106.7157,106.0,22.0,174.0,84.7602,335871
SSEBOP,2015-07-01,South Lahontan,9,107.1843,108.0,27.0,172.0,79.0805,335871
SSEBOP,2015-08-01,South Lahontan,9,106.7448,105.0,20.0,178.0,85.2219,335871
SSEBOP,2015-09-01,South Lahontan,9,75.8223,64.0,15.0,129.0,63.8034,335871
SSEBOP,2015-10-01,South Lahontan,9,48.1171,39.0,10.0,82.0,40.7797,335575
SSEBOP,2015-11-01,South Lahontan,9,23.9417,19.0,8.0,35.0,20.6158,335843
SSEBOP,2015-12-01,South Lahontan,9,15.2135,11.0,4.0,23.0,14.8975,335707
SSEBOP,2016-01-01,South Lahontan,9,12.4114,8.0,3.0,18.0,12.4954,308762
SSEBOP,2016-02-01,South Lahontan,9,26.0827,15.0,4.0,43.0,26.9862,335755
SSEBOP,2016-03-01,South Lahontan,9,46.8868,31.0,7.0,75.0,48.3065,335866
SSEBOP,2016-04-01,South Lahontan,9,65.207,51.0,11.0,111.0,58.5318,335866
SSEBOP,2016-05-01,South Lahontan,9,86.4822,85.0,15.0,140.0,70.5011,335871
SSEBOP,2016-06-01,South Lahontan,9,114.6011,120.0,17.0,187.0,91.8421,335871
SSEBOP,2016-07-01,South Lahontan,9,121.7297,131.0,15.0,200.0,98.2824,335871
SSEBOP,2016-08-01,South Lahontan,9,102.9534,102.0,11.0,178.0,87.3234,335871
SSEBOP,2016-09-01,South Lahontan,9,73.8389,63.0,7.0,131.0,66.5265,335871
SSEBOP,2016-10-01,South Lahontan,9,49.023,36.0,7.0,81.0,47.3341,335871
SSEBOP,2016-11-01,South Lahontan,9,27.4971,21.0,8.0,41.0,23.7079,335871
SSEBOP,2016-12-01,South Lahontan,9,14.8527,11.0,4.0,22.0,13.3477,335871
SSEBOP,2017-01-01,South Lahontan,9,11.8166,10.0,3.0,18.0,9.9733,305603
SSEBOP,2017-02-01,South Lahontan,9,21.5552,16.0,6.0,33.0,18.9451,305332
SSEBOP,2017-03-01,South Lahontan,9,60.6699,50.0,22.0,87.0,48.684,303247
SSEBOP,2017-04-01,South Lahontan,9,81.013,70.0,31.0,123.0,60.6757,335871
SSEBOP,2017-05-01,South Lahontan,9,96.4801,91.0,29.0,150.0,72.0842,335871
SSEBOP,2017-06-01,South Lahontan,9,119.9078,133.0,27.0,189.0,87.278,335871
SSEBOP,2017-07-01,South Lahontan,9,125.2969,144.0,26.0,197.0,90.2223,335871
SSEBOP,2017-08-01,South Lahontan,9,102.5187,115.0,23.0,161.0,75.2487,335871
SSEBOP,2017-09-01,South Lahontan,9,78.0016,82.0,21.0,122.0,55.3185,335871
SSEBOP,2017-10-01,South Lahontan,9,49.2379,42.0,12.0,70.0,43.2942,335871
SSEBOP,2017-11-01,South Lahontan,9,28.6921,22.0,7.0,42.0,26.2362,335871
SSEBOP,2017-12-01,South Lahontan,9,23.1558,19.0,7.0,34.0,19.8646,335868
SSEBOP,2018-01-01,South Lahontan,9,17.2722,14.0,6.0,25.0,14.5556,333418
SSEBOP,2018-02-01,South Lahontan,9,23.5504,17.0,5.0,36.0,22.6535,333418
SSEBOP,2018-03-01,South Lahontan,9,40.1737,31.0,15.0,56.0,33.6555,332121
SSEBOP,2018-04-01,South Lahontan,9,74.3418,61.0,19.0,114.0,63.9759,335871
SSEBOP,2018-05-01,South Lahontan,9,89.821,86.0,17.0,147.0,72.08,335871
SSEBOP,2018-06-01,South Lahontan,9,109.9532,120.0,10.0,186.0,90.6565,335871
SSEBOP,2018-07-01,South Lahontan,9,110.183,119.0,11.0,186.0,90.0524,335871
SSEBOP,2018-08-01,South Lahontan,9,99.1713,101.0,12.0,166.0,81.4476,335871
SSEBOP,2018-09-01,South Lahontan,9,80.5545,77.0,10.0,137.0,69.3389,335871
SSEBOP,2018-10-01,South Lahontan,9,44.26,35.0,5.0,73.0,42.3982,335871
SSEBOP,2018-11-01,South Lahontan,9,24.2723,18.0,6.0,37.0,22.7007,335871
SSEBOP,2018-12-01,South Lahontan,9,15.3889,12.0,4.0,24.0,13.5476,306180
SSEBOP,2019-01-01,South Lahontan,9,15.9236,13.0,4.0,25.0,13.4171,306046
SSEBOP,2019-02-01,South Lahontan,9,20.9712,19.0,10.0,30.0,13.7405,304711
SSEBOP,2019-03-01,South Lahontan,9,48.6561,42.0,22.0,71.0,33.322,307224
SSEBOP,2019-04-01,South Lahontan,9,88.4106,82.0,41.0,128.0,58.0491,335359
SSEBOP,2019-05-01,South Lahontan,9,83.8677,79.0,29.0,131.0,60.0454,335871
SSEBOP,2019-06-01,South Lahontan,9,108.2263,116.0,22.0,173.0,83.0218,335871
SSEBOP,2019-07-01,South Lahontan,9,121.1074,130.0,28.0,191.0,89.4537,335871
SSEBOP,2019-08-01,South Lahontan,9,110.8065,119.0,23.0,180.0,83.231,335871
SSEBOP,2019-09-01,South Lahontan,9,81.889,79.0,19.0,133.0,62.6884,335871
SSEBOP,2019-10-01,South Lahontan,9,46.8062,41.0,10.0,70.0,41.6395,335871
SSEBOP,2019-11-01,South Lahontan,9,22.8617,19.0,7.0,34.0,19.2621,335871
SSEBOP,2019-12-01,South Lahontan,9,13.2753,11.0,4.0,20.0,11.1427,326027
SSEBOP,2020-01-01,South Lahontan,9,17.7808,15.0,6.0,26.0,15.0636,333021
SSEBOP,2020-02-01,South Lahontan,9,26.9666,20.0,7.0,41.0,24.6509,335867
SSEBOP,2020-03-01,South Lahontan,9,39.6002,35.0,17.0,57.0,28.42,335820
SSEBOP,2020-04-01,South Lahontan,9,80.4705,78.0,40.0,116.0,48.09,335856
SSEBOP,2020-05-01,South Lahontan,9,103.2561,99.0,46.0,152.0,66.229,335871
SSEBOP,2020-06-01,South Lahontan,9,113.253,116.0,36.0,178.0,79.05,335871
SSEBOP,2020-07-01,South Lahontan,9,123.4284,124.0,33.0,197.0,91.3387,335871
SSEBOP,2020-08-01,South Lahontan,9,105.5846,103.0,32.0,167.0,77.8,335871
SSEBOP,2020-09-01,South Lahontan,9,73.0727,68.0,19.0,121.0,57.9031,335871
SSEBOP,2020-10-01,South Lahontan,9,49.6709,41.0,13.0,77.0,42.1834,335871
SSEBOP,2020-11-01,South Lahontan,9,24.7469,19.0,7.0,38.0,21.6932,335871
SSEBOP,2020-12-01,South Lahontan,9,16.6157,12.0,5.0,24.0,15.5747,335851
SSEBOP,2021-01-01,South Lahontan,9,15.8946,10.0,3.0,23.0,16.9478,335530
SSEBOP,2021-02-01,South Lahontan,9,23.2008,17.0,7.0,33.0,21.885,314297
SSEBOP,2021-03-01,South Lahontan,9,30.7247,19.0,8.0,42.0,31.8802,332738
SSEBOP,2021-04-01,South Lahontan,9,62.3189,43.0,11.0,100.0,60.6735,335871
SSEBOP,2021-05-01,South Lahontan,9,88.2457,78.0,12.0,151.0,77.4785,335871
SSEBOP,2021-06-01,South Lahontan,9,100.701,99.0,9.0,173.0,89.1065,335871
SSEBOP,2021-07-01,South Lahontan,9,101.0489,100.0,13.0,172.0,86.1952,335871
SSEBOP,2021-08-01,South Lahontan,9,85.9416,77.0,11.0,146.0,75.5457,335871
SSEBOP,2021-09-01,South Lahontan,9,64.2538,50.0,8.0,113.0,59.5679,335871
SSEBOP,2021-10-01,South Lahontan,9,41.1958,32.0,15.0,61.0,32.4821,335871
SSEBOP,2021-11-01,South Lahontan,9,25.0069,18.0,7.0,35.0,23.4445,335871
SSEBOP,2021-12-01,South Lahontan,9,13.7001,9.0,3.0,21.0,13.5223,335795
SSEBOP,2022-01-01,South Lahontan,9,17.8325,13.0,5.0,26.0,16.6798,305530
SSEBOP,2022-02-01,South Lahontan,9,24.5141,18.0,6.0,38.0,22.1793,305532
SSEBOP,2022-03-01,South Lahontan,9,45.9359,34.0,13.0,70.0,40.2021,319242
SSEBOP,2022-04-01,South Lahontan,9,70.6055,52.0,20.0,109.0,62.3459,335861
SSEBOP,2022-05-01,South Lahontan,9,83.5385,66.0,13.0,141.0,76.3948,335871
SSEBOP,2022-06-01,South Lahontan,9,91.2192,78.0,19.0,151.0,77.7319,335871
SSEBOP,2022-07-01,South Lahontan,9,103.7097,94.0,15.0,178.0,89.9698,335871
SSEBOP,2022-08-01,South Lahontan,9,90.7722,85.0,11.0,156.0,77.5458,335871
SSEBOP,2022-09-01,South Lahontan,9,68.1772,61.0,12.0,116.0,57.4624,335871
SSEBOP,2022-10-01,South Lahontan,9,42.4215,33.0,9.0,71.0,37.3995,335871
SSEBOP,2022-11-01,South Lahontan,9,20.1428,17.0,6.0,31.0,17.1381,335871
SSEBOP,2022-12-01,South Lahontan,9,11.3283,9.0,4.0,17.0,9.5579,305994
SSEBOP,2023-01-01,South Lahontan,9,15.4372,11.0,4.0,24.0,13.5599,304846
SSEBOP,2023-02-01,South Lahontan,9,20.5058,16.0,6.0,31.0,17.3384,304849
SSEBOP,2023-03-01,South Lahontan,9,35.6928,33.0,16.0,51.0,24.0438,305389
SSEBOP,2023-04-01,South Lahontan,9,73.1569,72.0,33.0,104.0,47.8159,314581
SSEBOP,2023-05-01,South Lahontan,9,96.8734,98.0,35.0,153.0,67.8288,335855
SSEBOP,2023-06-01,South Lahontan,9,106.0771,114.0,31.0,170.0,73.8991,335871
SSEBOP,2023-07-01,South Lahontan,9,129.514,146.0,34.0,205.0,92.3999,335871
SSEBOP,2023-08-01,South Lahontan,9,109.5094,119.0,38.0,170.0,71.1813,335871
SSEBOP,2023-09-01,South Lahontan,9,95.0707,96.0,53.0,135.0,52.1324,335871
SSEBOP,2023-10-01,South Lahontan,9,57.6442,57.0,30.0,83.0,35.1823,335871
SSEBOP,2023-11-01,South Lahontan,9,28.9724,27.0,11.0,43.0,20.3972,335871
SSEBOP,2023-12-01,South Lahontan,9,15.356,13.0,7.0,21.0,11.5039,335844
SSEBOP,2024-01-01,South Lahontan,9,18.0636,15.0,8.0,26.0,13.5417,303098
SSEBOP,2024-02-01,South Lahontan,9,25.153,22.0,12.0,35.0,16.3294,306841
SSEBOP,2024-03-01,South Lahontan,9,55.6055,53.0,33.0,75.0,29.8601,320465
SSEBOP,2024-04-01,South Lahontan,9,79.5658,78.0,46.0,107.0,44.2198,335871
SSEBOP,2024-05-01,South Lahontan,9,98.3653,89.0,34.0,157.0,71.2048,335871
SSEBOP,2024-06-01,South Lahontan,9,110.181,117.0,25.0,183.0,84.293,335871
SSEBOP,2024-07-01,South Lahontan,9,111.7615,118.0,26.0,184.0,84.8921,335871
SSEBOP,2024-08-01,South Lahontan,9,103.7699,99.0,31.0,169.0,75.8666,335871
SSEBOP,2024-09-01,South Lahontan,9,73.6424,66.0,19.0,124.0,57.1669,335871
SSEBOP,2024-10-01,South Lahontan,9,50.6201,44.0,15.0,81.0,39.3055,335871
SSEBOP,2024-11-01,South Lahontan,9,23.4188,19.0,8.0,35.0,18.866,335871
SSEBOP,2024-12-01,South Lahontan,9,14.2493,10.0,2.0,21.0,14.6244,335818
SSEBOP,2025-01-01,South Lahontan,9,13.8118,8.0,2.0,19.0,16.6279,335818
SSEBOP,2025-02-01,South Lahontan,9,21.8043,18.0,10.0,28.0,17.0438,335613
SSEBOP,2025-03-01,South Lahontan,9,40.3429,34.0,16.0,58.0,31.1294,335805
SSEBOP,2025-04-01,South Lahontan,9,57.9388,45.0,14.0,92.0,50.9274,335871
SSEBOP,2025-05-01,South Lahontan,9,86.455,79.0,15.0,149.0,72.9615,335871
SSEBOP,2025-06-01,South Lahontan,9,103.5598,107.0,10.0,180.0,86.9181,335871
SSEBOP,2025-07-01,South Lahontan,9,114.6944,118.0,16.0,196.0,92.776,335871
SSEBOP,2025-08-01,South Lahontan,9,93.4255,90.0,16.0,157.0,76.1926,335871
SSEBOP,2025-09-01,South Lahontan,9,68.6367,63.0,18.0,111.0,53.5313,335871
SSEBOP,2025-10-01,South Lahontan,9,45.0708,40.0,13.0,69.0,36.1937,335871
SSEBOP,2025-11-01,South Lahontan,9,25.2075,23.0,12.0,35.0,16.8243,335848
SSEBOP,2025-12-01,South Lahontan,9,23.2916,22.0,13.0,32.0,14.5498,335780
SSEBOP,2003-10-01,Tulare Lake,7,40.8392,42.0,7.0,67.0,31.9524,14214075
SSEBOP,2003-11-01,Tulare Lake,7,16.9056,15.0,5.0,28.0,13.5366,14089690
SSEBOP,2003-12-01,Tulare Lake,7,15.4582,14.0,9.0,20.0,8.4422,13333004
SSEBOP,2004-01-01,Tulare Lake,7,15.868,15.0,12.0,19.0,6.01,12741591
SSEBOP,2004-02-01,Tulare Lake,7,27.3755,26.0,19.0,35.0,12.1054,13355327
SSEBOP,2004-03-01,Tulare Lake,7,51.3281,45.0,20.0,80.0,35.6398,14211039
SSEBOP,2004-04-01,Tulare Lake,7,52.179,35.0,3.0,96.0,52.119,14214054
SSEBOP,2004-05-01,Tulare Lake,7,67.2013,50.5082,6.4759,122.5009,62.1089,14214085
SSEBOP,2004-06-01,Tulare Lake,7,96.9771,104.5065,32.4959,150.496,67.5332,14214085
SSEBOP,2004-07-01,Tulare Lake,7,114.288,124.5017,34.5018,180.4992,80.4061,14214085
SSEBOP,2004-08-01,Tulare Lake,7,96.1302,100.5034,24.5002,154.4993,70.8094,14214085
SSEBOP,2004-09-01,Tulare Lake,7,61.9693,66.0,8.0,103.0,48.7289,14214085
SSEBOP,2004-10-01,Tulare Lake,7,32.5254,32.0,10.0,51.0,23.9461,14213829
SSEBOP,2004-11-01,Tulare Lake,7,18.7628,18.0,10.0,27.0,11.7504,11695986
SSEBOP,2004-12-01,Tulare Lake,7,14.3749,14.0,8.0,20.0,9.3357,7580534
SSEBOP,2005-01-01,Tulare Lake,7,15.9918,16.0,10.0,22.0,8.7628,12196538
SSEBOP,2005-02-01,Tulare Lake,7,28.4859,27.0,20.0,38.0,12.0206,13890959
SSEBOP,2005-03-01,Tulare Lake,7,44.1167,43.0,24.0,65.0,25.1903,13747328
SSEBOP,2005-04-01,Tulare Lake,7,51.4072,45.0,14.0,85.0,40.0008,14212800
SSEBOP,2005-05-01,Tulare Lake,7,66.0629,61.0,15.0,110.0,52.9826,14213928
SSEBOP,2005-06-01,Tulare Lake,7,82.9733,79.0,28.0,132.0,60.4536,14214085
SSEBOP,2005-07-01,Tulare Lake,7,124.4031,138.5021,44.5013,192.4994,82.3928,14214085
SSEBOP,2005-08-01,Tulare Lake,7,109.5244,116.5034,26.4992,174.4987,79.6941,14214085
SSEBOP,2005-09-01,Tulare Lake,7,68.0858,72.0,20.0,109.0,48.2879,14214085
SSEBOP,2005-10-01,Tulare Lake,7,39.3124,41.0,11.0,62.0,28.381,14214085
SSEBOP,2005-11-01,Tulare Lake,7,19.1221,16.0,5.0,31.0,15.7739,14184908
SSEBOP,2005-12-01,Tulare Lake,7,12.6219,11.0,5.0,18.0,9.1118,13991780
SSEBOP,2006-01-01,Tulare Lake,7,17.01,16.0,11.0,22.0,8.5784,14195469
SSEBOP,2006-02-01,Tulare Lake,7,28.1035,27.0,15.0,40.0,17.1167,14208761
SSEBOP,2006-03-01,Tulare Lake,7,38.4671,38.0,21.0,55.0,21.7589,13913524
SSEBOP,2006-04-01,Tulare Lake,7,53.9885,52.0,25.0,82.0,34.2782,14205154
SSEBOP,2006-05-01,Tulare Lake,7,71.3199,64.4995,14.4855,120.5005,57.904,14214071
SSEBOP,2006-06-01,Tulare Lake,7,94.581,94.5002,34.4969,146.4961,65.4563,14214085
SSEBOP,2006-07-01,Tulare Lake,7,122.754,134.5027,44.4978,190.5001,81.5193,14214085
SSEBOP,2006-08-01,Tulare Lake,7,96.562,102.505,26.4935,152.4951,69.6161,14214085
SSEBOP,2006-09-01,Tulare Lake,7,72.0514,76.0,16.0,117.0,52.9975,14214085
SSEBOP,2006-10-01,Tulare Lake,7,36.5562,37.0,11.0,58.0,26.4496,14213963
SSEBOP,2006-11-01,Tulare Lake,7,16.8609,14.0,2.0,28.0,15.5163,14213772
SSEBOP,2006-12-01,Tulare Lake,7,13.2378,11.0,3.0,21.0,12.0032,14212761
SSEBOP,2007-01-01,Tulare Lake,7,13.403,11.0,3.0,21.0,11.9113,14210357
SSEBOP,2007-02-01,Tulare Lake,7,20.4475,18.0,8.0,30.0,14.9047,14213116
SSEBOP,2007-03-01,Tulare Lake,7,40.032,25.0,6.0,72.0,38.8361,14213875
SSEBOP,2007-04-01,Tulare Lake,7,54.3974,38.0,3.0,101.0,52.654,14213867
SSEBOP,2007-05-01,Tulare Lake,7,76.2177,66.5019,4.4762,134.5035,68.0271,14213922
SSEBOP,2007-06-01,Tulare Lake,7,100.8133,104.5017,28.5021,158.4986,73.8304,14214085
SSEBOP,2007-07-01,Tulare Lake,7,113.777,124.5003,30.4952,180.4979,81.1059,14214085
SSEBOP,2007-08-01,Tulare Lake,7,92.7528,96.5036,16.4912,150.4985,71.0781,14214085
SSEBOP,2007-09-01,Tulare Lake,7,64.8817,68.0,15.0,106.0,47.8159,14213985
SSEBOP,2007-10-01,Tulare Lake,7,38.688,39.0,8.0,63.0,30.1665,13948546
SSEBOP,2007-11-01,Tulare Lake,7,20.588,19.0,4.0,33.0,16.7255,11796477
SSEBOP,2007-12-01,Tulare Lake,7,13.9196,13.0,7.0,20.0,9.6536,11094768
SSEBOP,2008-01-01,Tulare Lake,7,17.7775,16.0,11.0,23.0,9.8701,12954579
SSEBOP,2008-02-01,Tulare Lake,7,26.9298,26.0,13.0,40.0,16.6922,14213370
SSEBOP,2008-03-01,Tulare Lake,7,49.8276,42.0,14.0,83.0,38.9962,14213791
SSEBOP,2008-04-01,Tulare Lake,7,60.4853,50.0,6.0,107.0,54.3793,14213985
SSEBOP,2008-05-01,Tulare Lake,7,73.2718,70.5004,14.4889,121.0,58.6879,14214073
SSEBOP,2008-06-01,Tulare Lake,7,93.5877,94.5054,24.4924,148.4969,69.8653,14214080
SSEBOP,2008-07-01,Tulare Lake,7,108.5058,118.5009,32.5011,170.5005,76.4483,14214085
SSEBOP,2008-08-01,Tulare Lake,7,93.626,96.5021,16.4945,152.4968,73.2597,14214085
SSEBOP,2008-09-01,Tulare Lake,7,59.9274,60.0,5.0,101.0,49.2158,14214081
SSEBOP,2008-10-01,Tulare Lake,7,38.5126,37.0,6.0,65.0,31.5808,14214081
SSEBOP,2008-11-01,Tulare Lake,7,18.1955,17.0,3.0,30.0,15.4602,14213589
SSEBOP,2008-12-01,Tulare Lake,7,10.5303,10.0,4.0,16.0,8.0766,13582331
SSEBOP,2009-01-01,Tulare Lake,7,15.564,14.0,6.0,23.0,12.0186,13970162
SSEBOP,2009-02-01,Tulare Lake,7,27.8526,26.0,17.0,38.0,14.2261,14212277
SSEBOP,2009-03-01,Tulare Lake,7,49.519,43.0,18.0,78.0,35.3309,14213778
SSEBOP,2009-04-01,Tulare Lake,7,59.2897,43.0,5.0,109.0,56.4197,14213891
SSEBOP,2009-05-01,Tulare Lake,7,80.1011,76.4999,8.47,138.5011,67.9856,14213933
SSEBOP,2009-06-01,Tulare Lake,7,88.1189,94.5027,18.494,142.4986,65.7582,14214081
SSEBOP,2009-07-01,Tulare Lake,7,112.2574,120.5001,12.4882,186.5001,87.3815,14214085
SSEBOP,2009-08-01,Tulare Lake,7,88.2418,90.5039,10.4862,146.4958,71.3632,14214085
SSEBOP,2009-09-01,Tulare Lake,7,64.6283,64.0,7.0,111.0,53.6509,14214085
SSEBOP,2009-10-01,Tulare Lake,7,34.6881,34.0,5.0,59.0,28.551,14213930
SSEBOP,2009-11-01,Tulare Lake,7,17.5651,14.0,0.0,31.0,16.8821,14213276
SSEBOP,2009-12-01,Tulare Lake,7,10.7181,10.0,2.0,17.0,9.0474,14203351
SSEBOP,2010-01-01,Tulare Lake,7,18.0444,17.0,11.0,24.0,8.7824,11054367
SSEBOP,2010-02-01,Tulare Lake,7,25.5901,24.0,17.0,34.0,11.0376,13705048
SSEBOP,2010-03-01,Tulare Lake,7,49.5565,51.0,21.0,75.0,30.0464,13290041
SSEBOP,2010-04-01,Tulare Lake,7,52.8799,51.0,14.0,87.0,39.7362,14213158
SSEBOP,2010-05-01,Tulare Lake,7,71.2706,68.4997,16.4944,118.4997,55.0991,14213819
SSEBOP,2010-06-01,Tulare Lake,7,94.1275,94.5038,24.5033,152.4975,71.0712,14214085
SSEBOP,2010-07-01,Tulare Lake,7,112.0447,124.5057,32.494,176.4979,77.8662,14214085
SSEBOP,2010-08-01,Tulare Lake,7,97.1918,104.5025,20.496,156.4991,72.0555,14214085
SSEBOP,2010-09-01,Tulare Lake,7,67.5026,72.0,9.0,111.0,52.9285,14214085
SSEBOP,2010-10-01,Tulare Lake,7,40.9669,43.0,12.0,64.0,28.9613,14210128
SSEBOP,2010-11-01,Tulare Lake,7,21.2801,21.0,9.0,31.0,13.8671,14210030
SSEBOP,2010-12-01,Tulare Lake,7,15.27,14.0,11.0,18.0,6.4482,14211919
SSEBOP,2011-01-01,Tulare Lake,7,15.6138,15.0,11.0,20.0,7.124,14183505
SSEBOP,2011-02-01,Tulare Lake,7,28.9258,29.0,15.0,41.0,16.4734,14191645
SSEBOP,2011-03-01,Tulare Lake,7,41.4873,41.0,18.0,63.0,26.4546,14174480
SSEBOP,2011-04-01,Tulare Lake,7,61.3045,59.0,15.0,102.0,46.6655,14212328
SSEBOP,2011-05-01,Tulare Lake,7,69.2208,65.0,12.0,118.0,56.0479,14213400
SSEBOP,2011-06-01,Tulare Lake,7,89.7004,90.502,32.4945,140.4993,61.2863,14214085
SSEBOP,2011-07-01,Tulare Lake,7,118.3251,132.5022,50.4997,180.4972,74.7831,14214085
SSEBOP,2011-08-01,Tulare Lake,7,107.4343,118.5021,34.4991,166.4964,72.8774,14214085
SSEBOP,2011-09-01,Tulare Lake,7,77.3159,86.0,20.0,122.0,54.5417,14214084
SSEBOP,2011-10-01,Tulare Lake,7,40.735,44.0,16.0,61.0,26.5383,14213234
SSEBOP,2011-11-01,Tulare Lake,7,20.0873,20.0,11.0,28.0,11.3808,14210418
SSEBOP,2011-12-01,Tulare Lake,7,16.1681,15.0,6.0,24.0,11.7192,14182635
SSEBOP,2012-01-01,Tulare Lake,7,15.5181,11.0,2.0,26.0,15.1237,14055453
SSEBOP,2012-02-01,Tulare Lake,7,25.276,20.0,4.0,42.0,22.6226,12562914
SSEBOP,2012-03-01,Tulare Lake,7,40.5151,30.0,5.0,72.0,37.8709,11429250
SSEBOP,2012-04-01,Tulare Lake,7,56.3769,48.0,4.0,101.0,49.9363,14102631
SSEBOP,2012-05-01,Tulare Lake,7,86.1176,82.4992,10.5036,146.5004,71.811,14208168
SSEBOP,2012-06-01,Tulare Lake,7,99.7436,100.5026,24.4968,160.5002,74.944,14213868
SSEBOP,2012-07-01,Tulare Lake,7,118.5195,128.502,40.5001,186.4988,81.1786,14142789
SSEBOP,2012-08-01,Tulare Lake,7,110.601,118.5034,20.5078,180.4976,83.3091,14143173
SSEBOP,2012-09-01,Tulare Lake,7,72.7205,80.0,10.0,119.0,56.0023,14000909
SSEBOP,2012-10-01,Tulare Lake,7,41.7429,44.0,6.0,68.0,32.8448,14045323
SSEBOP,2012-11-01,Tulare Lake,7,22.9064,22.0,8.0,35.0,17.0112,13329546
SSEBOP,2012-12-01,Tulare Lake,7,14.3918,14.0,8.0,20.0,8.9392,13651065
SSEBOP,2013-01-01,Tulare Lake,7,19.1519,17.0,9.0,28.0,13.1784,13832254
SSEBOP,2013-02-01,Tulare Lake,7,28.9275,27.0,14.0,43.0,18.9243,13289185
SSEBOP,2013-03-01,Tulare Lake,7,48.3854,41.0,11.0,83.0,39.8126,13473081
SSEBOP,2013-04-01,Tulare Lake,7,67.4376,56.0,4.0,123.0,61.7641,14213943
SSEBOP,2013-05-01,Tulare Lake,7,86.715,88.5021,14.4912,146.4979,68.4911,14214085
SSEBOP,2013-06-01,Tulare Lake,7,108.4603,116.5029,34.5044,170.4968,76.45,14214085
SSEBOP,2013-07-01,Tulare Lake,7,117.2554,128.5024,32.4992,186.4976,83.5573,14214085
SSEBOP,2013-08-01,Tulare Lake,7,104.4937,112.5042,22.4911,168.4988,77.449,14214085
SSEBOP,2013-09-01,Tulare Lake,7,72.4473,77.0,17.0,117.0,53.4589,14213560
SSEBOP,2013-10-01,Tulare Lake,7,38.9702,39.0,7.0,65.0,30.8278,14207433
SSEBOP,2013-11-01,Tulare Lake,7,22.2134,20.0,5.0,37.0,18.0858,14210307
SSEBOP,2013-12-01,Tulare Lake,7,13.4633,10.0,1.0,23.0,13.0254,14213398
SSEBOP,2014-01-01,Tulare Lake,7,18.746,12.0,3.0,31.0,18.4183,14213260
SSEBOP,2014-02-01,Tulare Lake,7,24.0472,17.0,5.0,40.0,22.2689,14176085
SSEBOP,2014-03-01,Tulare Lake,7,42.1381,29.0,6.0,76.0,39.8216,14205196
SSEBOP,2014-04-01,Tulare Lake,7,61.4938,52.0,8.0,109.0,53.8964,14214031
SSEBOP,2014-05-01,Tulare Lake,7,84.2015,78.499,6.4661,146.5002,71.9142,14214082
SSEBOP,2014-06-01,Tulare Lake,7,104.5969,106.5008,16.4994,172.5016,82.107,14214085
SSEBOP,2014-07-01,Tulare Lake,7,106.515,112.5026,22.495,172.5002,79.9038,14214085
SSEBOP,2014-08-01,Tulare Lake,7,94.8551,98.502,16.4914,156.501,73.8726,14214085
SSEBOP,2014-09-01,Tulare Lake,7,63.2867,63.0,6.0,109.0,52.4148,14214085
SSEBOP,2014-10-01,Tulare Lake,7,42.0339,39.0,6.0,72.0,35.0866,14213829
SSEBOP,2014-11-01,Tulare Lake,7,22.5417,22.0,8.0,35.0,15.9137,14211323
SSEBOP,2014-12-01,Tulare Lake,7,18.2656,17.0,12.0,24.0,9.0742,14208931
SSEBOP,2015-01-01,Tulare Lake,7,17.3071,17.0,11.0,23.0,9.4872,14150243
SSEBOP,2015-02-01,Tulare Lake,7,30.645,29.0,12.0,47.0,21.3323,14212124
SSEBOP,2015-03-01,Tulare Lake,7,53.5649,43.0,11.0,94.0,45.0882,14213813
SSEBOP,2015-04-01,Tulare Lake,7,63.4619,51.0,11.0,112.0,55.2993,14213830
SSEBOP,2015-05-01,Tulare Lake,7,74.5019,68.0,9.0,131.0,63.1935,14213921
SSEBOP,2015-06-01,Tulare Lake,7,101.6631,104.5006,12.4904,170.4985,81.6098,14214085
SSEBOP,2015-07-01,Tulare Lake,7,110.0366,116.502,20.4924,178.5009,82.8279,14214085
SSEBOP,2015-08-01,Tulare Lake,7,95.3192,96.502,18.4904,156.4993,73.745,14214085
SSEBOP,2015-09-01,Tulare Lake,7,65.1695,62.0,11.0,112.0,52.8945,14211979
SSEBOP,2015-10-01,Tulare Lake,7,45.765,44.0,15.0,73.0,32.6413,14203634
SSEBOP,2015-11-01,Tulare Lake,7,23.1921,22.0,12.0,33.0,14.053,14212261
SSEBOP,2015-12-01,Tulare Lake,7,16.205,15.0,9.0,22.0,10.233,13924295
SSEBOP,2016-01-01,Tulare Lake,7,18.4209,17.0,12.0,24.0,9.502,13799052
SSEBOP,2016-02-01,Tulare Lake,7,33.8291,32.0,18.0,48.0,19.2063,14213221
SSEBOP,2016-03-01,Tulare Lake,7,49.3567,44.0,18.0,81.0,34.6909,14213679
SSEBOP,2016-04-01,Tulare Lake,7,61.1318,56.0,10.0,106.0,50.7884,14213546
SSEBOP,2016-05-01,Tulare Lake,7,81.0885,78.5002,18.4892,136.4983,63.6248,14213792
SSEBOP,2016-06-01,Tulare Lake,7,107.9362,112.5004,20.0,178.4978,83.3341,14214085
SSEBOP,2016-07-01,Tulare Lake,7,114.0101,120.5016,16.4915,188.4984,88.5924,14214085
SSEBOP,2016-08-01,Tulare Lake,7,90.9455,92.4987,8.4844,152.4957,74.9758,14214085
SSEBOP,2016-09-01,Tulare Lake,7,62.1058,60.0,4.0,107.0,52.9838,14213848
SSEBOP,2016-10-01,Tulare Lake,7,40.066,37.0,8.0,67.0,32.1492,14213836
SSEBOP,2016-11-01,Tulare Lake,7,23.8634,23.0,9.0,36.0,16.799,14205786
SSEBOP,2016-12-01,Tulare Lake,7,12.9249,12.0,4.0,19.0,9.8633,13301501
SSEBOP,2017-01-01,Tulare Lake,7,17.2595,16.0,11.0,23.0,9.2703,11596686
SSEBOP,2017-02-01,Tulare Lake,7,28.0285,27.0,19.0,38.0,13.1836,14212258
SSEBOP,2017-03-01,Tulare Lake,7,51.5386,50.0,24.0,78.0,31.0407,14211076
SSEBOP,2017-04-01,Tulare Lake,7,65.2244,62.0,23.0,103.0,45.4531,14213591
SSEBOP,2017-05-01,Tulare Lake,7,80.9252,74.495,20.4951,134.4987,62.382,14213882
SSEBOP,2017-06-01,Tulare Lake,7,109.9006,114.5018,34.4961,174.4995,78.0132,14214085
SSEBOP,2017-07-01,Tulare Lake,7,126.2465,136.5017,36.4964,200.4995,88.365,14214085
SSEBOP,2017-08-01,Tulare Lake,7,100.423,106.5019,22.4942,160.4961,74.7799,14214085
SSEBOP,2017-09-01,Tulare Lake,7,72.1976,76.0,18.0,116.0,53.2041,14213629
SSEBOP,2017-10-01,Tulare Lake,7,46.944,48.0,11.0,77.0,35.4675,14212268
SSEBOP,2017-11-01,Tulare Lake,7,22.611,21.0,4.0,38.0,18.6638,14213643
SSEBOP,2017-12-01,Tulare Lake,7,15.2413,12.0,2.0,25.0,14.6751,14213231
SSEBOP,2018-01-01,Tulare Lake,7,16.9871,15.0,9.0,23.0,10.6202,14213252
SSEBOP,2018-02-01,Tulare Lake,7,28.654,24.0,9.0,45.0,22.9314,14213687
SSEBOP,2018-03-01,Tulare Lake,7,42.5399,38.0,20.0,63.0,27.8018,13961621
SSEBOP,2018-04-01,Tulare Lake,7,64.5221,57.0,15.0,109.0,52.0958,14213665
SSEBOP,2018-05-01,Tulare Lake,7,82.4224,78.501,10.4872,142.5011,68.671,14213782
SSEBOP,2018-06-01,Tulare Lake,7,105.5207,110.5068,18.4892,172.4986,80.6353,14213825
SSEBOP,2018-07-01,Tulare Lake,7,119.1793,128.5042,26.4964,192.5009,86.6817,14214085
SSEBOP,2018-08-01,Tulare Lake,7,102.3263,110.5048,22.4898,164.4992,74.8938,14214085
SSEBOP,2018-09-01,Tulare Lake,7,71.0408,76.0,11.0,117.0,54.8671,14213693
SSEBOP,2018-10-01,Tulare Lake,7,42.3983,43.0,5.0,71.0,34.252,14212964
SSEBOP,2018-11-01,Tulare Lake,7,19.2881,17.0,3.0,32.0,16.7945,14213126
SSEBOP,2018-12-01,Tulare Lake,7,14.2666,13.0,9.0,19.0,7.9879,14181084
SSEBOP,2019-01-01,Tulare Lake,7,23.0753,22.0,16.0,30.0,10.8519,14072026
SSEBOP,2019-02-01,Tulare Lake,7,29.6524,28.0,21.0,38.0,12.2878,13956629
SSEBOP,2019-03-01,Tulare Lake,7,45.219,45.0,20.0,68.0,28.1613,14178928
SSEBOP,2019-04-01,Tulare Lake,7,65.8175,61.0,18.0,107.0,50.2331,14211970
SSEBOP,2019-05-01,Tulare Lake,7,70.4722,70.0,20.0,114.0,51.8873,14213859
SSEBOP,2019-06-01,Tulare Lake,7,110.123,114.5042,32.4961,176.4988,78.1431,14213866
SSEBOP,2019-07-01,Tulare Lake,7,126.1505,138.5001,38.5004,200.4982,87.199,14214084
SSEBOP,2019-08-01,Tulare Lake,7,108.0776,116.503,24.4973,174.4991,79.141,14214075
SSEBOP,2019-09-01,Tulare Lake,7,73.8944,80.0,14.0,120.0,56.1861,14213245
SSEBOP,2019-10-01,Tulare Lake,7,42.8039,44.0,8.0,69.0,33.7285,14212873
SSEBOP,2019-11-01,Tulare Lake,7,22.1938,19.0,6.0,36.0,17.8281,14213205
SSEBOP,2019-12-01,Tulare Lake,7,18.2042,17.0,13.0,23.0,8.1252,14201643
SSEBOP,2020-01-01,Tulare Lake,7,19.1645,19.0,13.0,25.0,9.6344,14212148
SSEBOP,2020-02-01,Tulare Lake,7,36.3632,35.0,18.0,53.0,22.5458,14213437
SSEBOP,2020-03-01,Tulare Lake,7,42.4241,38.0,19.0,66.0,27.5635,14212482
SSEBOP,2020-04-01,Tulare Lake,7,66.896,67.0,30.0,101.0,42.2832,14210111
SSEBOP,2020-05-01,Tulare Lake,7,85.4815,84.5036,20.4948,140.5018,64.4585,14213808
SSEBOP,2020-06-01,Tulare Lake,7,103.2357,106.5024,26.4874,166.5027,75.9344,14214085
SSEBOP,2020-07-01,Tulare Lake,7,110.3544,120.5012,22.4991,180.5029,80.8784,14214085
SSEBOP,2020-08-01,Tulare Lake,7,95.7124,104.5059,18.502,152.4997,70.5331,14214085
SSEBOP,2020-09-01,Tulare Lake,7,57.8013,62.0,8.0,94.0,44.8924,14214085
SSEBOP,2020-10-01,Tulare Lake,7,38.4885,40.0,6.0,63.0,30.5937,14213556
SSEBOP,2020-11-01,Tulare Lake,7,20.1946,19.0,2.0,33.0,17.3826,14212478
SSEBOP,2020-12-01,Tulare Lake,7,14.1459,12.0,3.0,22.0,12.5186,14211382
SSEBOP,2021-01-01,Tulare Lake,7,17.2072,14.0,6.0,25.0,13.8054,14206904
SSEBOP,2021-02-01,Tulare Lake,7,28.1424,25.0,12.0,42.0,19.4086,14213490
SSEBOP,2021-03-01,Tulare Lake,7,48.3062,40.0,19.0,77.0,35.0812,14213289
SSEBOP,2021-04-01,Tulare Lake,7,66.5293,56.0,7.0,118.0,59.3183,14213280
SSEBOP,2021-05-01,Tulare Lake,7,93.7885,94.5009,8.4801,160.499,77.3439,14213750
SSEBOP,2021-06-01,Tulare Lake,7,102.8072,104.501,8.4738,174.5004,83.9565,14214085
SSEBOP,2021-07-01,Tulare Lake,7,114.8527,122.5034,14.4908,190.499,88.9307,14214085
SSEBOP,2021-08-01,Tulare Lake,7,92.6311,98.5036,8.4751,154.4981,74.0013,14214085
SSEBOP,2021-09-01,Tulare Lake,7,60.3432,64.0,7.0,101.0,48.2472,14214085
SSEBOP,2021-10-01,Tulare Lake,7,42.6884,45.0,11.0,68.0,30.9807,14213722
SSEBOP,2021-11-01,Tulare Lake,7,20.5889,20.0,8.0,30.0,14.8828,14213201
SSEBOP,2021-12-01,Tulare Lake,7,12.8562,12.0,7.0,17.0,8.2684,13079371
SSEBOP,2022-01-01,Tulare Lake,7,19.924,19.0,11.0,27.0,12.4184,13204686
SSEBOP,2022-02-01,Tulare Lake,7,31.8052,30.0,13.0,48.0,22.3351,14205492
SSEBOP,2022-03-01,Tulare Lake,7,46.9786,41.0,12.0,78.0,37.5525,14210199
SSEBOP,2022-04-01,Tulare Lake,7,67.9989,65.0,14.0,113.0,54.3856,14213622
SSEBOP,2022-05-01,Tulare Lake,7,93.8544,94.5045,18.4855,156.5007,73.4579,14213735
SSEBOP,2022-06-01,Tulare Lake,7,110.9351,114.5045,28.4947,178.499,81.6611,14214085
SSEBOP,2022-07-01,Tulare Lake,7,114.8273,124.5052,22.4899,186.4975,85.512,14214085
SSEBOP,2022-08-01,Tulare Lake,7,105.675,114.5047,18.4931,172.4993,80.6088,14214085
SSEBOP,2022-09-01,Tulare Lake,7,73.7894,80.0,10.0,122.0,57.8399,14214085
SSEBOP,2022-10-01,Tulare Lake,7,44.5444,47.0,4.0,75.0,36.2453,14212436
SSEBOP,2022-11-01,Tulare Lake,7,20.6545,20.0,6.0,32.0,15.4455,14213657
SSEBOP,2022-12-01,Tulare Lake,7,10.6263,10.0,5.0,15.0,7.4019,14209707
SSEBOP,2023-01-01,Tulare Lake,7,20.6254,20.0,14.0,26.0,9.7573,14209808
SSEBOP,2023-02-01,Tulare Lake,7,28.7266,28.0,19.0,38.0,14.5297,14211151
SSEBOP,2023-03-01,Tulare Lake,7,48.2705,47.0,33.0,63.0,20.1847,14213153
SSEBOP,2023-04-01,Tulare Lake,7,76.3815,79.0,39.0,112.0,44.4138,14213576
SSEBOP,2023-05-01,Tulare Lake,7,89.2026,92.0,34.0,137.0,60.1284,14213309
SSEBOP,2023-06-01,Tulare Lake,7,98.3918,102.5034,38.4984,150.4985,65.1263,14214085
SSEBOP,2023-07-01,Tulare Lake,7,125.8162,134.5013,48.5013,192.4998,83.4081,14214085
SSEBOP,2023-08-01,Tulare Lake,7,110.4888,118.5018,46.4938,166.4997,70.3599,14214085
SSEBOP,2023-09-01,Tulare Lake,7,72.2913,78.0,25.0,110.0,49.332,14214085
SSEBOP,2023-10-01,Tulare Lake,7,44.5911,47.0,13.0,68.0,32.3821,14213786
SSEBOP,2023-11-01,Tulare Lake,7,25.6708,25.0,10.0,38.0,18.4206,14213087
SSEBOP,2023-12-01,Tulare Lake,7,16.5799,15.0,7.0,24.0,11.258,14183016
SSEBOP,2024-01-01,Tulare Lake,7,19.7482,19.0,14.0,24.0,8.9805,14149820
SSEBOP,2024-02-01,Tulare Lake,7,33.7012,32.0,24.0,43.0,13.623,14213441
SSEBOP,2024-03-01,Tulare Lake,7,58.3678,60.0,36.0,81.0,27.7321,14213608
SSEBOP,2024-04-01,Tulare Lake,7,75.1391,75.0,44.0,106.0,38.5797,14213520
SSEBOP,2024-05-01,Tulare Lake,7,89.5373,92.5002,24.5021,142.4984,64.8901,14213696
SSEBOP,2024-06-01,Tulare Lake,7,109.4629,114.5051,30.5009,174.4982,79.5605,14214085
SSEBOP,2024-07-01,Tulare Lake,7,128.3607,138.5015,34.4981,204.5014,90.9372,14214085
SSEBOP,2024-08-01,Tulare Lake,7,103.9935,112.504,22.4962,166.4985,76.57,14214085
SSEBOP,2024-09-01,Tulare Lake,7,72.2707,78.0,12.0,118.0,55.5156,14214085
SSEBOP,2024-10-01,Tulare Lake,7,46.9065,49.0,9.0,77.0,36.1772,14214085
SSEBOP,2024-11-01,Tulare Lake,7,22.8298,23.0,7.0,35.0,16.3745,14213334
SSEBOP,2024-12-01,Tulare Lake,7,16.2073,16.0,10.0,21.0,9.4195,14211052
SSEBOP,2025-01-01,Tulare Lake,7,24.3195,23.0,14.0,32.0,14.0834,14212991
SSEBOP,2025-02-01,Tulare Lake,7,29.9952,30.0,15.0,42.0,18.3519,14213305
SSEBOP,2025-03-01,Tulare Lake,7,48.1614,46.0,20.0,74.0,31.3146,14213481
SSEBOP,2025-04-01,Tulare Lake,7,63.4759,62.0,12.0,105.0,50.0629,14213472
SSEBOP,2025-05-01,Tulare Lake,7,92.5432,94.5028,12.4868,154.4988,73.346,14214085
SSEBOP,2025-06-01,Tulare Lake,7,107.4153,112.505,16.477,178.498,84.2509,14214085
SSEBOP,2025-07-01,Tulare Lake,7,107.2227,118.5003,14.4955,176.4979,81.1056,14214085
SSEBOP,2025-08-01,Tulare Lake,7,98.5391,106.5033,8.4786,164.4977,78.2942,14214085
SSEBOP,2025-09-01,Tulare Lake,7,70.1987,77.0,13.0,116.0,52.9221,14211082
SSEBOP,2025-10-01,Tulare Lake,7,40.951,43.0,13.0,64.0,28.4849,14206850
SSEBOP,2025-11-01,Tulare Lake,7,23.0976,24.0,10.0,34.0,15.5354,13776254
SSEBOP,2025-12-01,Tulare Lake,7,17.0045,16.0,12.0,21.0,8.98,6773366
