MODEL,DATE,HR_NAME,HR_ID,ET_MEAN,ET_MEDIAN,ET_PCT25,ET_PCT75,ET_STDDEV,PIXEL_COUNT
SIMS,2003-10-01,California Islands,0,10.4722,10.0,9.0,11.0,3.3951,36
SIMS,2003-11-01,California Islands,0,35.0833,32.5,27.0,44.5,8.2475,36
SIMS,2003-12-01,California Islands,0,39.3889,41.5,34.5,44.5,5.5891,36
SIMS,2004-01-01,California Islands,0,45.0278,45.5,33.5,58.5,12.9518,36
SIMS,2004-02-01,California Islands,0,60.2778,61.0,56.0,67.5,7.9847,36
SIMS,2004-03-01,California Islands,0,80.2778,82.0,76.5,90.5,13.2216,36
SIMS,2004-04-01,California Islands,0,71.0,71.0,67.5,77.0,7.461,36
SIMS,2004-05-01,California Islands,0,38.8056,35.0,25.5,46.5,18.0567,36
SIMS,2004-06-01,California Islands,0,17.5,15.0,12.0,18.5,9.3586,36
SIMS,2004-07-01,California Islands,0,14.1667,14.0,10.0,17.0,4.7346,36
SIMS,2004-08-01,California Islands,0,9.7222,10.0,8.0,11.0,2.1552,36
SIMS,2004-09-01,California Islands,0,10.0,9.5,8.0,12.0,2.4495,36
SIMS,2004-10-01,California Islands,0,33.3889,34.0,29.0,35.5,4.4552,36
SIMS,2004-11-01,California Islands,0,48.9444,53.0,39.0,59.0,11.4041,36
SIMS,2004-12-01,California Islands,0,53.0556,55.5,50.5,57.0,6.948,36
SIMS,2005-01-01,California Islands,0,58.9167,60.0,57.0,61.0,3.4024,36
SIMS,2005-02-01,California Islands,0,62.0278,63.0,61.0,64.0,2.7334,36
SIMS,2005-03-01,California Islands,0,81.9444,81.5,79.0,86.0,3.8654,36
SIMS,2005-04-01,California Islands,0,88.8889,88.5,83.0,95.5,6.4152,36
SIMS,2005-05-01,California Islands,0,79.3056,80.5,59.5,97.0,19.9984,36
SIMS,2005-06-01,California Islands,0,46.0,52.0,25.5,61.0,21.4204,36
SIMS,2005-07-01,California Islands,0,28.7222,26.0,22.0,33.5,11.0116,36
SIMS,2005-08-01,California Islands,0,14.7778,14.0,12.0,16.5,4.8023,36
SIMS,2005-09-01,California Islands,0,23.4167,22.0,20.0,24.5,5.5746,36
SIMS,2005-10-01,California Islands,0,20.8611,19.5,18.0,22.0,4.6616,36
SIMS,2005-11-01,California Islands,0,19.1389,17.5,14.0,25.0,6.0514,36
SIMS,2005-12-01,California Islands,0,27.4722,29.0,21.0,34.0,6.5637,36
SIMS,2006-01-01,California Islands,0,45.4722,46.5,41.0,52.5,8.0983,36
SIMS,2006-02-01,California Islands,0,58.1111,59.0,55.0,63.0,7.1016,36
SIMS,2006-03-01,California Islands,0,73.0556,75.0,72.0,77.0,5.4157,36
SIMS,2006-04-01,California Islands,0,80.2778,82.0,80.5,84.0,6.0581,36
SIMS,2006-05-01,California Islands,0,73.4167,75.0,70.0,78.0,7.5217,36
SIMS,2006-06-01,California Islands,0,66.9444,68.5,50.5,82.5,16.8999,36
SIMS,2006-07-01,California Islands,0,33.8889,33.5,26.0,41.5,11.345,36
SIMS,2006-08-01,California Islands,0,23.3611,22.5,20.0,26.5,4.4419,36
SIMS,2006-09-01,California Islands,0,15.6111,16.0,14.0,17.0,2.8115,36
SIMS,2006-10-01,California Islands,0,23.5,23.5,22.0,24.5,1.993,36
SIMS,2006-11-01,California Islands,0,14.8056,14.5,12.5,16.0,3.0625,36
SIMS,2006-12-01,California Islands,0,23.5278,22.0,21.0,25.0,4.2524,36
SIMS,2007-01-01,California Islands,0,26.5278,25.5,23.0,31.0,5.6886,36
SIMS,2007-02-01,California Islands,0,50.5278,51.5,48.5,55.0,5.6886,36
SIMS,2007-03-01,California Islands,0,76.3056,79.0,70.0,82.5,8.5304,36
SIMS,2007-04-01,California Islands,0,70.3889,71.0,66.0,75.0,5.7988,36
SIMS,2007-05-01,California Islands,0,53.25,53.5,49.0,56.5,6.4952,36
SIMS,2007-06-01,California Islands,0,20.25,17.0,14.0,20.5,11.49,36
SIMS,2007-07-01,California Islands,0,17.5,14.5,12.0,19.5,9.2781,36
SIMS,2007-08-01,California Islands,0,11.0,11.0,9.5,12.0,2.7789,36
SIMS,2007-09-01,California Islands,0,19.2778,19.0,18.0,20.5,2.4564,36
SIMS,2007-10-01,California Islands,0,18.1667,17.5,15.5,19.0,5.4899,36
SIMS,2007-11-01,California Islands,0,8.2727,7.5,4.0,11.0,5.25,22
SIMS,2007-12-01,California Islands,0,24.2353,24.0,21.0,27.0,3.1721,17
SIMS,2008-01-01,California Islands,0,37.0588,38.0,36.0,39.0,2.7753,17
SIMS,2008-02-01,California Islands,0,60.6944,62.0,55.5,65.0,4.9206,36
SIMS,2008-03-01,California Islands,0,100.6389,103.5,94.5,108.0,8.6768,36
SIMS,2008-04-01,California Islands,0,87.6389,85.5,82.0,94.0,7.5724,36
SIMS,2008-05-01,California Islands,0,55.3056,58.5,43.5,66.5,13.1716,36
SIMS,2008-06-01,California Islands,0,31.4722,28.5,22.5,36.0,12.9067,36
SIMS,2008-07-01,California Islands,0,24.75,23.0,20.5,26.0,6.9577,36
SIMS,2008-08-01,California Islands,0,20.2222,20.0,18.0,22.0,4.697,36
SIMS,2008-09-01,California Islands,0,11.75,11.0,10.0,12.5,3.3778,36
SIMS,2008-10-01,California Islands,0,20.0,20.0,17.0,21.0,4.6068,36
SIMS,2008-11-01,California Islands,0,29.3611,29.0,23.5,31.5,7.1576,36
SIMS,2008-12-01,California Islands,0,37.8889,38.0,35.0,41.0,4.6653,36
SIMS,2009-01-01,California Islands,0,68.3478,70.0,60.0,78.0,10.4274,115
SIMS,2009-02-01,California Islands,0,60.7304,61.0,58.0,65.0,4.0547,115
SIMS,2009-03-01,California Islands,0,78.6174,79.0,74.0,84.0,6.295,115
SIMS,2009-04-01,California Islands,0,71.287,73.0,65.0,77.0,7.7131,115
SIMS,2009-05-01,California Islands,0,41.9304,44.0,27.0,56.0,17.3615,115
SIMS,2009-06-01,California Islands,0,38.8365,31.5,25.0,56.5,16.7413,104
SIMS,2009-07-01,California Islands,0,19.713,17.0,12.0,22.0,10.6614,115
SIMS,2009-08-01,California Islands,0,15.2783,13.0,12.0,18.0,7.1122,115
SIMS,2009-09-01,California Islands,0,12.4783,12.0,10.0,14.0,4.2084,115
SIMS,2009-10-01,California Islands,0,21.9304,21.0,19.0,22.0,4.3872,115
SIMS,2009-11-01,California Islands,0,10.3826,10.0,7.0,12.0,4.1148,115
SIMS,2009-12-01,California Islands,0,23.7478,24.0,21.0,26.0,3.7203,115
SIMS,2010-01-01,California Islands,0,49.3913,50.0,45.0,54.0,5.6962,115
SIMS,2010-02-01,California Islands,0,58.5304,60.0,55.0,62.0,4.4435,115
SIMS,2010-03-01,California Islands,0,93.113,96.0,86.0,101.0,9.4471,115
SIMS,2010-04-01,California Islands,0,87.8783,89.0,84.0,93.0,6.3082,115
SIMS,2010-05-01,California Islands,0,71.8435,77.0,55.0,86.0,18.9235,115
SIMS,2010-06-01,California Islands,0,41.9391,44.0,25.0,54.0,18.1713,115
SIMS,2010-07-01,California Islands,0,23.2696,18.0,14.0,25.0,12.9771,115
SIMS,2010-08-01,California Islands,0,17.4783,15.0,13.0,20.0,7.7766,115
SIMS,2010-09-01,California Islands,0,13.3913,13.0,11.0,15.0,4.3232,115
SIMS,2010-10-01,California Islands,0,30.2174,30.0,29.0,31.0,2.0591,115
SIMS,2010-11-01,California Islands,0,29.3478,27.0,25.0,33.0,7.1761,115
SIMS,2010-12-01,California Islands,0,33.4609,35.0,31.0,36.0,3.6932,115
SIMS,2011-01-01,California Islands,0,60.3739,62.0,55.0,67.0,8.0665,115
SIMS,2011-02-01,California Islands,0,56.0348,58.0,51.0,60.0,5.8547,115
SIMS,2011-03-01,California Islands,0,76.6522,78.0,73.0,81.0,5.7499,115
SIMS,2011-04-01,California Islands,0,90.2522,91.0,81.0,101.0,11.7738,115
SIMS,2011-05-01,California Islands,0,78.0609,79.0,67.0,92.0,15.4696,115
SIMS,2011-06-01,California Islands,0,58.8522,60.0,57.0,63.0,8.7588,115
SIMS,2011-07-01,California Islands,0,49.6609,51.0,39.0,61.0,13.2349,115
SIMS,2011-08-01,California Islands,0,34.2435,34.0,19.0,49.0,15.0654,115
SIMS,2011-09-01,California Islands,0,26.7391,23.0,15.0,40.0,11.9091,115
SIMS,2011-10-01,California Islands,0,37.7478,37.0,32.0,46.0,8.5961,115
SIMS,2011-11-01,California Islands,0,44.3652,45.0,42.0,48.0,5.2855,115
SIMS,2011-12-01,California Islands,0,37.7117,39.0,33.0,43.0,6.7121,111
SIMS,2012-01-01,California Islands,0,50.8783,52.0,43.0,60.0,10.0729,115
SIMS,2012-02-01,California Islands,0,59.9391,62.0,56.0,65.0,6.5585,115
SIMS,2012-03-01,California Islands,0,68.7611,69.0,64.0,74.0,6.2645,113
SIMS,2012-04-01,California Islands,0,82.0619,82.0,80.0,85.0,4.8432,113
SIMS,2012-05-01,California Islands,0,62.1304,64.0,56.0,70.0,12.4121,115
SIMS,2012-06-01,California Islands,0,39.5217,33.0,25.0,56.0,16.6051,115
SIMS,2012-07-01,California Islands,0,24.7304,17.0,13.0,32.0,15.4122,115
SIMS,2012-08-01,California Islands,0,16.7304,14.0,12.0,19.0,7.9261,115
SIMS,2012-09-01,California Islands,0,16.9478,16.0,15.0,19.0,3.858,115
SIMS,2012-10-01,California Islands,0,18.6696,19.0,15.0,22.0,4.9672,115
SIMS,2012-11-01,California Islands,0,19.3426,20.0,16.5,22.0,3.801,108
SIMS,2012-12-01,California Islands,0,43.4259,44.0,41.0,46.0,2.532,108
SIMS,2013-01-01,California Islands,0,65.9304,68.0,60.0,72.0,7.1405,115
SIMS,2013-02-01,California Islands,0,63.837,64.0,60.0,69.0,5.4159,92
SIMS,2013-03-01,California Islands,0,67.7065,68.0,65.5,70.5,4.5049,92
SIMS,2013-04-01,California Islands,0,67.4609,68.0,62.0,73.0,8.5651,115
SIMS,2013-05-01,California Islands,0,38.2348,29.0,23.0,53.0,19.3962,115
SIMS,2013-06-01,California Islands,0,25.713,22.0,18.0,33.0,10.8273,115
SIMS,2013-07-01,California Islands,0,17.2348,16.0,15.0,19.0,4.9296,115
SIMS,2013-08-01,California Islands,0,14.3217,14.0,12.0,16.0,3.9772,115
SIMS,2013-09-01,California Islands,0,14.8522,14.0,12.0,17.0,3.4421,115
SIMS,2013-10-01,California Islands,0,21.6261,22.0,20.0,23.0,2.6225,115
SIMS,2013-11-01,California Islands,0,14.1739,14.0,12.0,16.0,2.4786,115
SIMS,2013-12-01,California Islands,0,14.5739,13.0,12.0,15.0,4.4135,115
SIMS,2014-01-01,California Islands,0,12.1304,11.0,10.0,13.0,4.5978,115
SIMS,2014-02-01,California Islands,0,22.3739,20.0,19.0,22.0,6.1749,115
SIMS,2014-03-01,California Islands,0,55.9739,59.0,50.0,66.0,13.4788,115
SIMS,2014-04-01,California Islands,0,88.1391,89.0,85.0,93.0,6.7681,115
SIMS,2014-05-01,California Islands,0,58.2957,52.0,47.0,73.0,19.8218,115
SIMS,2014-06-01,California Islands,0,24.0543,19.0,17.0,22.0,13.3639,92
SIMS,2014-07-01,California Islands,0,24.9667,23.0,20.0,26.0,8.8487,60
SIMS,2014-08-01,California Islands,0,24.8348,24.0,22.0,26.0,5.063,115
SIMS,2014-09-01,California Islands,0,18.513,18.0,16.0,19.0,5.8672,115
SIMS,2014-10-01,California Islands,0,12.4174,12.0,10.0,14.0,4.0,115
SIMS,2014-11-01,California Islands,0,14.2609,13.0,11.0,16.0,5.5232,115
SIMS,2014-12-01,California Islands,0,45.8087,47.0,42.0,50.0,5.2302,115
SIMS,2015-01-01,California Islands,0,62.8522,65.0,59.0,68.0,6.3537,115
SIMS,2015-02-01,California Islands,0,64.5304,65.0,63.0,67.0,3.2419,115
SIMS,2015-03-01,California Islands,0,97.087,97.0,95.0,100.0,4.7905,115
SIMS,2015-04-01,California Islands,0,63.9043,69.0,48.0,75.0,17.6915,115
SIMS,2015-05-01,California Islands,0,32.9217,27.0,23.0,44.0,13.8684,115
SIMS,2015-06-01,California Islands,0,22.5826,21.0,17.0,25.0,8.4678,115
SIMS,2015-07-01,California Islands,0,29.0,27.0,25.0,31.0,7.1274,115
SIMS,2015-08-01,California Islands,0,17.2957,16.0,14.0,20.0,5.5057,115
SIMS,2015-09-01,California Islands,0,20.5304,19.0,17.0,22.0,5.6157,115
SIMS,2015-10-01,California Islands,0,21.0957,20.0,17.0,24.0,5.6859,115
SIMS,2015-11-01,California Islands,0,15.1652,15.0,8.0,19.0,8.9277,115
SIMS,2015-12-01,California Islands,0,20.4522,20.0,17.0,23.0,5.4998,115
SIMS,2016-01-01,California Islands,0,48.7304,50.0,45.0,53.0,6.635,115
SIMS,2016-02-01,California Islands,0,88.7217,91.0,84.0,96.0,9.6103,115
SIMS,2016-03-01,California Islands,0,81.2348,82.0,78.0,85.0,5.0825,115
SIMS,2016-04-01,California Islands,0,77.4696,78.0,72.0,86.0,10.7698,115
SIMS,2016-05-01,California Islands,0,38.8667,38.0,26.0,49.0,15.2251,90
SIMS,2016-06-01,California Islands,0,21.7444,19.5,16.0,26.0,8.4058,90
SIMS,2016-07-01,California Islands,0,18.7739,17.0,14.0,21.0,7.4962,115
SIMS,2016-08-01,California Islands,0,15.9043,14.0,12.0,16.0,6.5168,115
SIMS,2016-09-01,California Islands,0,13.7913,12.0,11.0,14.0,5.9087,115
SIMS,2016-10-01,California Islands,0,25.1739,24.0,22.0,25.0,4.2411,115
SIMS,2016-11-01,California Islands,0,21.113,20.0,14.0,29.0,7.8627,115
SIMS,2016-12-01,California Islands,0,35.8,36.0,31.0,40.0,5.0341,115
SIMS,2017-01-01,California Islands,0,49.3652,50.0,48.0,51.0,2.0823,115
SIMS,2017-02-01,California Islands,0,47.6435,48.0,47.0,49.0,1.1883,115
SIMS,2017-03-01,California Islands,0,89.713,89.0,87.0,93.0,4.8198,115
SIMS,2017-04-01,California Islands,0,94.0783,95.0,87.0,105.0,11.9907,115
SIMS,2017-05-01,California Islands,0,48.8696,47.0,37.0,59.0,15.1724,115
SIMS,2017-06-01,California Islands,0,41.8522,43.0,25.0,55.0,17.1537,115
SIMS,2017-07-01,California Islands,0,33.5391,29.0,20.0,44.0,16.7966,115
SIMS,2017-08-01,California Islands,0,23.2783,19.0,14.0,35.0,12.1287,115
SIMS,2017-09-01,California Islands,0,27.4261,24.0,20.0,37.0,9.6568,115
SIMS,2017-10-01,California Islands,0,30.7739,24.0,18.0,43.0,14.4692,115
SIMS,2017-11-01,California Islands,0,19.2,16.0,13.0,25.0,8.1818,115
SIMS,2017-12-01,California Islands,0,17.0696,15.0,12.0,21.0,6.999,115
SIMS,2018-01-01,California Islands,0,35.5391,37.0,31.0,39.0,4.4921,115
SIMS,2018-02-01,California Islands,0,38.7565,39.0,35.0,43.0,5.1323,115
SIMS,2018-03-01,California Islands,0,70.1478,71.0,67.0,75.0,5.7366,115
SIMS,2018-04-01,California Islands,0,86.513,89.0,80.0,95.0,10.7277,115
SIMS,2018-05-01,California Islands,0,60.0261,60.0,54.0,65.0,7.4687,115
SIMS,2018-06-01,California Islands,0,47.3391,47.0,40.0,52.0,8.3789,115
SIMS,2018-07-01,California Islands,0,49.113,47.0,42.0,54.0,9.3295,115
SIMS,2018-08-01,California Islands,0,47.4,46.0,43.0,50.0,5.0421,115
SIMS,2018-09-01,California Islands,0,29.1304,29.0,27.0,32.0,3.882,115
SIMS,2018-10-01,California Islands,0,33.9304,33.0,31.0,36.0,3.86,115
SIMS,2018-11-01,California Islands,0,25.3826,25.0,24.0,26.0,2.4798,115
SIMS,2018-12-01,California Islands,0,42.8957,43.0,40.0,47.0,4.2923,115
SIMS,2019-01-01,California Islands,0,50.487,51.0,48.0,53.0,3.0741,115
SIMS,2019-02-01,California Islands,0,56.6522,57.0,56.0,58.0,1.7348,115
SIMS,2019-03-01,California Islands,0,92.9304,93.0,88.0,99.0,5.5572,115
SIMS,2019-04-01,California Islands,0,83.9217,83.0,79.0,88.0,6.4419,115
SIMS,2019-05-01,California Islands,0,77.4087,76.0,72.0,82.0,6.5367,115
SIMS,2019-06-01,California Islands,0,43.3826,44.0,38.0,49.0,7.8658,115
SIMS,2019-07-01,California Islands,0,48.9478,47.0,42.0,57.0,9.5588,115
SIMS,2019-08-01,California Islands,0,48.6522,47.0,42.0,55.0,7.9335,115
SIMS,2019-09-01,California Islands,0,41.1652,37.0,33.0,46.0,12.0808,115
SIMS,2019-10-01,California Islands,0,40.0783,40.0,36.0,44.0,5.4472,115
SIMS,2019-11-01,California Islands,0,31.9652,31.0,29.0,35.0,3.2755,115
SIMS,2019-12-01,California Islands,0,46.0696,46.0,44.0,48.0,2.9154,115
SIMS,2020-01-01,California Islands,0,54.0522,54.0,50.0,59.0,4.7765,115
SIMS,2020-02-01,California Islands,0,63.1913,64.0,61.0,66.0,4.3497,115
SIMS,2020-03-01,California Islands,0,77.6174,78.0,76.0,80.0,2.7837,115
SIMS,2020-04-01,California Islands,0,89.1304,90.0,84.0,95.0,5.9132,115
SIMS,2020-05-01,California Islands,0,59.4957,59.0,52.0,66.0,9.444,115
SIMS,2020-06-01,California Islands,0,51.1913,50.0,44.0,57.0,9.2312,115
SIMS,2020-07-01,California Islands,0,43.3913,42.0,37.0,51.0,8.2448,115
SIMS,2020-08-01,California Islands,0,41.5478,41.0,37.0,46.0,6.0163,115
SIMS,2020-09-01,California Islands,0,28.887,28.0,26.0,32.0,3.8465,115
SIMS,2020-10-01,California Islands,0,26.9652,27.0,24.0,30.0,3.7088,115
SIMS,2020-11-01,California Islands,0,21.1304,21.0,19.0,22.0,2.8908,115
SIMS,2020-12-01,California Islands,0,26.2174,25.0,24.0,27.0,3.5747,115
SIMS,2021-01-01,California Islands,0,30.0609,29.0,28.0,31.0,3.2284,115
SIMS,2021-02-01,California Islands,0,47.513,48.0,45.0,51.0,5.269,115
SIMS,2021-03-01,California Islands,0,67.2261,68.0,64.0,71.0,5.6738,115
SIMS,2021-04-01,California Islands,0,47.2783,47.0,44.0,51.0,5.1356,115
SIMS,2021-05-01,California Islands,0,36.9217,36.0,34.0,40.0,4.3382,115
SIMS,2021-06-01,California Islands,0,37.2348,36.0,34.0,39.0,3.9942,115
SIMS,2021-07-01,California Islands,0,38.5043,38.0,35.0,41.0,4.3805,115
SIMS,2021-08-01,California Islands,0,37.3043,37.0,35.0,40.0,4.0629,115
SIMS,2021-09-01,California Islands,0,24.7739,24.0,22.0,27.0,3.6333,115
SIMS,2021-10-01,California Islands,0,36.0087,35.0,34.0,38.0,3.5324,115
SIMS,2021-11-01,California Islands,0,21.5739,21.0,19.0,24.0,3.8404,115
SIMS,2021-12-01,California Islands,0,26.2261,26.0,25.0,27.0,1.5718,115
SIMS,2022-01-01,California Islands,0,53.887,55.0,49.0,61.0,8.0204,115
SIMS,2022-02-01,California Islands,0,77.2261,79.0,71.0,85.0,9.2493,115
SIMS,2022-03-01,California Islands,0,86.887,88.0,83.0,92.0,6.7692,115
SIMS,2022-04-01,California Islands,0,87.6435,88.0,83.0,92.0,5.6786,115
SIMS,2022-05-01,California Islands,0,64.7913,64.0,58.0,71.0,8.338,115
SIMS,2022-06-01,California Islands,0,46.8348,45.0,41.0,52.0,7.1432,115
SIMS,2022-07-01,California Islands,0,43.0087,42.0,37.0,48.0,6.7766,115
SIMS,2022-08-01,California Islands,0,44.3565,43.0,40.0,48.0,5.4377,115
SIMS,2022-09-01,California Islands,0,52.0435,51.0,48.0,55.0,4.6521,115
SIMS,2022-10-01,California Islands,0,29.0522,28.0,26.0,31.0,3.7944,115
SIMS,2022-11-01,California Islands,0,29.9913,29.0,28.0,32.0,3.7867,115
SIMS,2022-12-01,California Islands,0,31.809,30.0,29.0,35.0,3.7712,89
SIMS,2023-01-01,California Islands,0,49.3739,50.0,48.0,51.0,1.7959,115
SIMS,2023-02-01,California Islands,0,57.1826,58.0,54.0,61.0,4.2927,115
SIMS,2023-03-01,California Islands,0,77.0435,78.0,75.0,79.0,2.8814,115
SIMS,2023-04-01,California Islands,0,72.887,71.0,67.0,80.0,7.3435,115
SIMS,2023-05-01,California Islands,0,75.9043,77.0,70.0,82.0,8.1561,115
SIMS,2023-06-01,California Islands,0,75.1826,75.0,67.0,86.0,11.4539,115
SIMS,2023-07-01,California Islands,0,61.8696,61.0,53.0,69.0,11.0324,115
SIMS,2023-08-01,California Islands,0,62.2435,62.0,56.0,67.0,7.6301,115
SIMS,2023-09-01,California Islands,0,48.1652,46.0,42.0,55.0,7.3199,115
SIMS,2023-10-01,California Islands,0,40.7217,40.0,35.0,48.0,6.9938,115
SIMS,2023-11-01,California Islands,0,39.2696,40.0,36.0,43.0,4.1626,115
SIMS,2023-12-01,California Islands,0,33.6435,34.0,31.0,36.0,3.3756,115
SIMS,2024-01-01,California Islands,0,42.913,43.0,41.0,45.0,2.7301,115
SIMS,2024-02-01,California Islands,0,52.2609,53.0,52.0,53.0,1.3583,115
SIMS,2024-03-01,California Islands,0,83.5652,84.0,82.0,86.0,2.7979,115
SIMS,2024-04-01,California Islands,0,85.113,87.0,82.0,93.0,9.6691,115
SIMS,2024-05-01,California Islands,0,69.9826,66.0,59.0,84.0,12.219,115
SIMS,2024-06-01,California Islands,0,56.0087,54.0,50.0,62.0,9.0712,115
SIMS,2024-07-01,California Islands,0,56.7739,56.0,49.0,64.0,9.6351,115
SIMS,2024-08-01,California Islands,0,56.3652,55.0,48.0,65.0,8.9553,115
SIMS,2024-09-01,California Islands,0,41.8609,41.0,36.0,48.0,7.2698,115
SIMS,2024-10-01,California Islands,0,31.1826,30.0,27.0,35.0,4.6262,115
SIMS,2024-11-01,California Islands,0,31.3913,31.0,29.0,34.0,3.2776,115
SIMS,2024-12-01,California Islands,0,20.7043,20.0,17.0,23.0,4.7894,115
SIMS,2025-01-01,California Islands,0,31.7739,31.0,27.0,36.0,5.9827,115
SIMS,2025-02-01,California Islands,0,39.713,41.0,38.0,42.0,3.4484,115
SIMS,2025-03-01,California Islands,0,72.1391,74.0,69.0,76.0,6.0503,115
SIMS,2025-04-01,California Islands,0,76.3043,77.0,73.0,80.0,5.3668,115
SIMS,2025-05-01,California Islands,0,69.9565,71.0,62.0,79.0,10.6301,115
SIMS,2025-06-01,California Islands,0,44.3913,43.0,39.0,49.0,7.8681,115
SIMS,2025-07-01,California Islands,0,43.2522,41.0,36.0,49.0,7.785,115
SIMS,2025-08-01,California Islands,0,44.9304,44.0,40.0,49.0,6.479,115
SIMS,2025-09-01,California Islands,0,50.4174,50.0,47.0,54.0,5.0545,115
SIMS,2025-10-01,California Islands,0,40.8609,41.0,37.0,44.0,4.3377,115
SIMS,2025-11-01,California Islands,0,33.4522,34.0,32.0,35.0,2.4002,115
SIMS,2025-12-01,California Islands,0,37.687,39.0,35.0,41.0,3.9921,115
SIMS,2003-10-01,Central Coast,3,36.376,28.0,17.0,51.0,27.1675,2448406
SIMS,2003-11-01,Central Coast,3,31.7948,31.0,24.0,39.0,11.1379,2434186
SIMS,2003-12-01,Central Coast,3,35.1808,36.0,34.0,39.0,7.7229,2437187
SIMS,2004-01-01,Central Coast,3,29.9814,31.0,25.0,35.0,9.6147,2441433
SIMS,2004-02-01,Central Coast,3,44.1978,45.0,40.0,51.0,10.1704,2448219
SIMS,2004-03-01,Central Coast,3,62.2895,63.0,39.0,84.0,25.9461,2448490
SIMS,2004-04-01,Central Coast,3,60.7576,57.0,34.0,85.0,30.7455,2448465
SIMS,2004-05-01,Central Coast,3,57.8237,53.0,30.0,79.0,34.1827,2448458
SIMS,2004-06-01,Central Coast,3,55.5906,47.0,27.0,79.0,37.2519,2448189
SIMS,2004-07-01,Central Coast,3,58.3757,49.0,28.0,85.0,40.9128,2445694
SIMS,2004-08-01,Central Coast,3,54.1565,46.0,26.0,78.0,37.9022,2445632
SIMS,2004-09-01,Central Coast,3,48.5145,39.0,22.0,71.0,35.1055,2448490
SIMS,2004-10-01,Central Coast,3,47.6593,44.0,37.0,58.0,16.3771,2448181
SIMS,2004-11-01,Central Coast,3,32.687,31.0,26.0,40.0,10.802,2446260
SIMS,2004-12-01,Central Coast,3,28.7437,28.0,23.0,34.0,9.4082,2447988
SIMS,2005-01-01,Central Coast,3,36.817,37.0,34.0,41.0,8.1627,2444128
SIMS,2005-02-01,Central Coast,3,43.224,44.0,39.0,49.0,8.7269,2441053
SIMS,2005-03-01,Central Coast,3,72.4138,75.0,66.0,83.0,14.7606,2417438
SIMS,2005-04-01,Central Coast,3,74.1954,76.0,55.0,94.0,23.9486,2448452
SIMS,2005-05-01,Central Coast,3,78.8035,79.0,55.0,100.0,28.923,2448464
SIMS,2005-06-01,Central Coast,3,62.4138,58.0,33.0,87.0,34.4799,2448405
SIMS,2005-07-01,Central Coast,3,66.2763,60.0,31.0,95.0,41.4835,2446613
SIMS,2005-08-01,Central Coast,3,59.7757,54.0,29.0,84.0,37.8124,2446015
SIMS,2005-09-01,Central Coast,3,45.0208,39.0,22.0,65.0,29.0339,2448370
SIMS,2005-10-01,Central Coast,3,37.1007,31.0,19.0,53.0,22.8055,2448521
SIMS,2005-11-01,Central Coast,3,28.6938,25.0,19.0,35.0,14.412,2448522
SIMS,2005-12-01,Central Coast,3,32.0311,33.0,29.0,37.0,8.0627,2445992
SIMS,2006-01-01,Central Coast,3,36.5309,40.0,29.0,43.0,10.2972,2448036
SIMS,2006-02-01,Central Coast,3,38.8581,37.0,26.0,51.0,15.3048,2448503
SIMS,2006-03-01,Central Coast,3,70.8757,73.0,71.0,75.0,11.7514,2443455
SIMS,2006-04-01,Central Coast,3,74.4908,76.0,67.0,86.0,15.783,2447241
SIMS,2006-05-01,Central Coast,3,80.42,81.0,57.0,102.0,29.4676,2448173
SIMS,2006-06-01,Central Coast,3,64.6027,60.0,35.0,91.0,36.1969,2448371
SIMS,2006-07-01,Central Coast,3,67.697,61.0,33.0,98.0,42.4016,2447812
SIMS,2006-08-01,Central Coast,3,55.9801,51.0,27.0,80.0,36.1137,2446930
SIMS,2006-09-01,Central Coast,3,45.9389,39.0,22.0,67.0,30.6711,2447976
SIMS,2006-10-01,Central Coast,3,36.8196,31.0,21.0,50.0,21.7955,2448377
SIMS,2006-11-01,Central Coast,3,27.6167,26.0,19.0,35.0,14.1088,2448488
SIMS,2006-12-01,Central Coast,3,31.9855,32.0,28.0,36.0,9.755,2448477
SIMS,2007-01-01,Central Coast,3,24.6685,23.0,18.0,29.0,10.9063,2448515
SIMS,2007-02-01,Central Coast,3,38.8318,39.0,34.0,45.0,10.0856,2447938
SIMS,2007-03-01,Central Coast,3,52.3322,49.0,33.0,70.0,22.9123,2448550
SIMS,2007-04-01,Central Coast,3,61.1825,57.0,41.0,82.0,26.4893,2448549
SIMS,2007-05-01,Central Coast,3,54.3125,49.0,29.0,76.0,32.6122,2448410
SIMS,2007-06-01,Central Coast,3,55.4331,45.0,27.0,81.0,38.1272,2448335
SIMS,2007-07-01,Central Coast,3,58.8253,50.0,28.0,86.0,41.4222,2448254
SIMS,2007-08-01,Central Coast,3,57.7079,49.0,27.0,84.0,39.8277,2448248
SIMS,2007-09-01,Central Coast,3,48.1579,41.0,24.0,70.0,31.2245,2448382
SIMS,2007-10-01,Central Coast,3,44.4478,39.0,29.0,59.0,21.8614,2438078
SIMS,2007-11-01,Central Coast,3,23.1957,20.0,13.0,30.0,15.3931,2265963
SIMS,2007-12-01,Central Coast,3,31.9584,32.0,28.0,37.0,9.2078,2304195
SIMS,2008-01-01,Central Coast,3,35.6872,37.0,33.0,39.0,8.4959,2398492
SIMS,2008-02-01,Central Coast,3,43.6726,44.0,37.0,52.0,12.123,2448514
SIMS,2008-03-01,Central Coast,3,52.4078,49.0,28.0,75.0,26.7068,2448474
SIMS,2008-04-01,Central Coast,3,65.5528,65.0,38.0,91.0,30.602,2448494
SIMS,2008-05-01,Central Coast,3,59.5926,57.0,35.0,80.0,30.4155,2448099
SIMS,2008-06-01,Central Coast,3,61.5886,54.0,32.0,86.0,36.9623,2447727
SIMS,2008-07-01,Central Coast,3,61.0435,55.0,31.0,87.0,37.6862,2448318
SIMS,2008-08-01,Central Coast,3,59.7216,52.0,27.0,86.0,40.0134,2448412
SIMS,2008-09-01,Central Coast,3,47.7453,40.0,22.0,69.0,32.3148,2448438
SIMS,2008-10-01,Central Coast,3,40.8375,33.0,21.0,58.0,26.882,2448565
SIMS,2008-11-01,Central Coast,3,34.7626,33.0,26.0,41.0,13.879,2447795
SIMS,2008-12-01,Central Coast,3,27.6034,26.0,23.0,32.0,8.8412,2408416
SIMS,2009-01-01,Central Coast,3,32.4155,29.0,23.0,40.0,14.7854,2684505
SIMS,2009-02-01,Central Coast,3,48.9602,50.0,46.0,54.0,10.2659,2677311
SIMS,2009-03-01,Central Coast,3,63.2941,64.0,49.0,79.0,19.8907,2677242
SIMS,2009-04-01,Central Coast,3,61.576,59.0,38.0,85.0,28.6372,2677256
SIMS,2009-05-01,Central Coast,3,61.5218,58.0,38.0,83.0,32.0701,2671525
SIMS,2009-06-01,Central Coast,3,58.0697,53.0,32.0,82.0,34.4753,2673018
SIMS,2009-07-01,Central Coast,3,63.9789,57.0,31.0,94.0,42.6736,2676510
SIMS,2009-08-01,Central Coast,3,61.4887,54.0,31.0,89.0,40.7608,2675580
SIMS,2009-09-01,Central Coast,3,51.8909,44.0,26.0,76.0,34.4388,2675562
SIMS,2009-10-01,Central Coast,3,46.3991,43.0,34.0,59.0,20.1041,2677198
SIMS,2009-11-01,Central Coast,3,25.7176,22.0,15.0,34.0,15.2391,2677335
SIMS,2009-12-01,Central Coast,3,30.369,31.0,28.0,34.0,8.0342,2655853
SIMS,2010-01-01,Central Coast,3,34.6919,34.0,30.0,40.0,9.9244,2640821
SIMS,2010-02-01,Central Coast,3,42.789,43.0,38.0,48.0,10.3923,2664373
SIMS,2010-03-01,Central Coast,3,62.6726,63.0,50.0,79.0,19.7381,2684783
SIMS,2010-04-01,Central Coast,3,79.4379,82.0,69.0,95.0,20.6093,2686039
SIMS,2010-05-01,Central Coast,3,69.4895,68.0,47.0,91.0,29.9584,2685932
SIMS,2010-06-01,Central Coast,3,61.8687,58.0,34.0,86.0,34.6511,2685279
SIMS,2010-07-01,Central Coast,3,61.3482,56.0,31.0,88.0,37.8202,2685007
SIMS,2010-08-01,Central Coast,3,59.6804,54.0,31.0,85.0,37.6202,2685568
SIMS,2010-09-01,Central Coast,3,50.5005,44.0,26.0,74.0,32.6464,2685883
SIMS,2010-10-01,Central Coast,3,45.9511,43.0,33.0,59.0,19.0442,2686007
SIMS,2010-11-01,Central Coast,3,34.9533,34.0,28.0,40.0,12.0025,2685612
SIMS,2010-12-01,Central Coast,3,31.3544,31.0,29.0,35.0,7.6981,2634528
SIMS,2011-01-01,Central Coast,3,31.4128,30.0,24.0,38.0,12.7214,2683673
SIMS,2011-02-01,Central Coast,3,39.0517,38.0,31.0,48.0,11.8355,2663695
SIMS,2011-03-01,Central Coast,3,60.1496,61.0,51.0,72.0,16.114,2668217
SIMS,2011-04-01,Central Coast,3,60.5619,60.0,37.0,83.0,28.0052,2675666
SIMS,2011-05-01,Central Coast,3,71.1123,69.0,51.0,91.0,28.0964,2675630
SIMS,2011-06-01,Central Coast,3,68.2674,66.0,44.0,91.0,31.7521,2675509
SIMS,2011-07-01,Central Coast,3,65.7928,63.0,33.0,96.0,40.4764,2675060
SIMS,2011-08-01,Central Coast,3,59.3406,55.0,30.0,85.0,37.9095,2671257
SIMS,2011-09-01,Central Coast,3,49.7782,44.0,25.0,72.0,32.4432,2674836
SIMS,2011-10-01,Central Coast,3,46.9399,44.0,33.0,61.0,21.2602,2675619
SIMS,2011-11-01,Central Coast,3,38.8142,40.0,34.0,45.0,10.8608,2675742
SIMS,2011-12-01,Central Coast,3,18.9425,16.0,11.0,23.0,11.4783,2672381
SIMS,2012-01-01,Central Coast,3,29.5529,27.0,22.0,36.0,12.1911,2676187
SIMS,2012-02-01,Central Coast,3,34.42,32.0,23.0,45.0,15.4043,2673469
SIMS,2012-03-01,Central Coast,3,58.2295,58.0,48.0,71.0,18.1952,2596429
SIMS,2012-04-01,Central Coast,3,75.9029,77.0,61.0,94.0,24.2954,2574703
SIMS,2012-05-01,Central Coast,3,64.8735,64.0,39.0,87.0,33.4513,2628343
SIMS,2012-06-01,Central Coast,3,61.074,56.0,31.0,87.0,38.8379,2670904
SIMS,2012-07-01,Central Coast,3,61.7486,57.0,30.0,90.0,41.1541,2648511
SIMS,2012-08-01,Central Coast,3,60.49,55.0,29.0,88.0,41.3819,2597915
SIMS,2012-09-01,Central Coast,3,46.4101,41.0,22.0,68.0,31.7269,2532960
SIMS,2012-10-01,Central Coast,3,39.7606,34.0,23.0,55.0,23.4807,2565472
SIMS,2012-11-01,Central Coast,3,32.3057,32.0,25.0,39.0,12.6477,2660897
SIMS,2012-12-01,Central Coast,3,33.835,34.0,33.0,37.0,8.6206,2663325
SIMS,2013-01-01,Central Coast,3,32.5097,32.0,25.0,40.0,12.1072,2591263
SIMS,2013-02-01,Central Coast,3,32.7428,30.0,21.0,44.0,14.4186,2582674
SIMS,2013-03-01,Central Coast,3,51.9819,50.0,34.0,69.0,22.628,2654887
SIMS,2013-04-01,Central Coast,3,60.5012,55.0,36.0,87.0,32.3639,2679782
SIMS,2013-05-01,Central Coast,3,61.8185,57.0,33.0,86.0,36.7246,2679204
SIMS,2013-06-01,Central Coast,3,63.3623,57.0,32.0,91.0,40.0305,2679616
SIMS,2013-07-01,Central Coast,3,67.031,62.0,34.0,95.0,42.5394,2679398
SIMS,2013-08-01,Central Coast,3,63.1027,57.0,32.0,90.0,40.635,2679463
SIMS,2013-09-01,Central Coast,3,51.7511,44.0,26.0,77.0,34.5738,2679884
SIMS,2013-10-01,Central Coast,3,35.2393,29.0,19.0,49.0,23.8279,2679748
SIMS,2013-11-01,Central Coast,3,24.8401,21.0,16.0,29.0,14.0532,2679307
SIMS,2013-12-01,Central Coast,3,20.9131,18.0,14.0,24.0,12.3318,2679913
SIMS,2014-01-01,Central Coast,3,18.6006,15.0,11.0,21.0,14.7135,2692701
SIMS,2014-02-01,Central Coast,3,35.5953,35.0,28.0,42.0,12.464,2678209
SIMS,2014-03-01,Central Coast,3,56.7618,55.0,44.0,72.0,21.7846,2678446
SIMS,2014-04-01,Central Coast,3,73.5258,74.0,54.0,94.0,28.4033,2678459
SIMS,2014-05-01,Central Coast,3,69.8779,67.0,39.0,98.0,39.6835,2678434
SIMS,2014-06-01,Central Coast,3,63.262,58.0,32.0,92.0,40.6626,2674873
SIMS,2014-07-01,Central Coast,3,67.8438,63.0,34.0,98.0,44.0691,2669498
SIMS,2014-08-01,Central Coast,3,63.8262,58.0,33.0,91.0,41.5374,2677608
SIMS,2014-09-01,Central Coast,3,50.613,44.0,27.0,73.0,33.2391,2678455
SIMS,2014-10-01,Central Coast,3,40.1871,33.0,21.0,56.0,28.1637,2678438
SIMS,2014-11-01,Central Coast,3,31.8722,31.0,24.0,39.0,13.4103,2678154
SIMS,2014-12-01,Central Coast,3,36.1899,38.0,34.0,40.0,9.3153,2683598
SIMS,2015-01-01,Central Coast,3,27.5795,27.0,14.0,39.0,15.1303,2668676
SIMS,2015-02-01,Central Coast,3,43.826,45.0,35.0,54.0,14.0061,2665258
SIMS,2015-03-01,Central Coast,3,60.3973,58.0,36.0,84.0,28.7034,2665295
SIMS,2015-04-01,Central Coast,3,66.3402,64.0,47.0,86.0,28.2654,2665218
SIMS,2015-05-01,Central Coast,3,58.6528,56.0,37.0,78.0,29.5203,2663732
SIMS,2015-06-01,Central Coast,3,66.1996,61.0,36.0,94.0,39.4118,2663658
SIMS,2015-07-01,Central Coast,3,75.8402,71.0,44.0,106.0,41.3563,2665032
SIMS,2015-08-01,Central Coast,3,66.2287,60.0,34.0,95.0,42.2396,2665212
SIMS,2015-09-01,Central Coast,3,55.3306,48.0,29.0,78.0,35.7731,2665239
SIMS,2015-10-01,Central Coast,3,40.7652,34.0,23.0,56.0,26.0654,2665114
SIMS,2015-11-01,Central Coast,3,43.1503,46.0,36.0,52.0,12.8455,2665291
SIMS,2015-12-01,Central Coast,3,32.3388,33.0,29.0,36.0,8.5594,2650925
SIMS,2016-01-01,Central Coast,3,37.4939,38.0,36.0,41.0,8.7664,2676390
SIMS,2016-02-01,Central Coast,3,50.5032,51.0,36.0,66.0,19.1512,2693902
SIMS,2016-03-01,Central Coast,3,69.4538,71.0,58.0,85.0,19.9497,2693682
SIMS,2016-04-01,Central Coast,3,70.5654,69.0,49.0,93.0,28.8151,2692549
SIMS,2016-05-01,Central Coast,3,62.1906,59.0,40.0,81.0,29.6566,2690800
SIMS,2016-06-01,Central Coast,3,71.8671,66.0,42.0,99.0,39.2393,2693308
SIMS,2016-07-01,Central Coast,3,70.5134,64.0,39.0,98.0,40.8051,2692796
SIMS,2016-08-01,Central Coast,3,62.1753,56.0,37.0,84.0,35.581,2693180
SIMS,2016-09-01,Central Coast,3,53.3068,45.0,30.0,74.0,32.5684,2693962
SIMS,2016-10-01,Central Coast,3,48.2676,44.0,36.0,61.0,19.9433,2694088
SIMS,2016-11-01,Central Coast,3,31.2846,28.0,24.0,37.0,12.0833,2694100
SIMS,2016-12-01,Central Coast,3,32.6482,34.0,30.0,38.0,8.643,2693994
SIMS,2017-01-01,Central Coast,3,39.109,41.0,38.0,43.0,8.7032,2697358
SIMS,2017-02-01,Central Coast,3,47.9906,51.0,48.0,52.0,9.6786,2692818
SIMS,2017-03-01,Central Coast,3,66.3221,66.0,54.0,81.0,20.2069,2692579
SIMS,2017-04-01,Central Coast,3,77.7823,77.0,61.0,98.0,26.1372,2691476
SIMS,2017-05-01,Central Coast,3,69.749,68.0,45.0,91.0,31.6372,2693012
SIMS,2017-06-01,Central Coast,3,71.6593,67.0,41.0,99.0,37.6064,2692904
SIMS,2017-07-01,Central Coast,3,76.5061,71.0,44.0,106.0,41.5027,2691742
SIMS,2017-08-01,Central Coast,3,66.521,61.0,39.0,90.0,36.1029,2692017
SIMS,2017-09-01,Central Coast,3,59.7896,53.0,37.0,80.0,32.0134,2692820
SIMS,2017-10-01,Central Coast,3,43.9086,36.0,26.0,56.0,26.7999,2693245
SIMS,2017-11-01,Central Coast,3,29.9898,28.0,22.0,38.0,13.154,2693294
SIMS,2017-12-01,Central Coast,3,20.0371,17.0,13.0,22.0,12.5392,2698440
SIMS,2018-01-01,Central Coast,3,36.2868,38.0,31.0,42.0,10.6257,2694157
SIMS,2018-02-01,Central Coast,3,33.1417,29.0,21.0,44.0,16.3129,2700914
SIMS,2018-03-01,Central Coast,3,71.484,76.0,67.0,81.0,16.4998,2700495
SIMS,2018-04-01,Central Coast,3,73.278,74.0,56.0,94.0,27.3899,2700828
SIMS,2018-05-01,Central Coast,3,64.1998,63.0,40.0,86.0,31.5064,2700760
SIMS,2018-06-01,Central Coast,3,69.7198,65.0,40.0,96.0,38.9963,2700522
SIMS,2018-07-01,Central Coast,3,76.4758,71.0,44.0,106.0,43.4278,2696162
SIMS,2018-08-01,Central Coast,3,67.1418,61.0,39.0,91.0,39.0732,2699215
SIMS,2018-09-01,Central Coast,3,51.2679,44.0,29.0,71.0,31.5027,2700770
SIMS,2018-10-01,Central Coast,3,41.835,35.0,26.0,54.0,24.065,2700704
SIMS,2018-11-01,Central Coast,3,29.2859,27.0,22.0,32.0,13.7358,2700920
SIMS,2018-12-01,Central Coast,3,33.5729,35.0,31.0,38.0,8.9119,2702121
SIMS,2019-01-01,Central Coast,3,38.7893,40.0,37.0,43.0,9.2339,2695327
SIMS,2019-02-01,Central Coast,3,48.9073,51.0,48.0,54.0,10.4695,2332164
SIMS,2019-03-01,Central Coast,3,71.7636,75.0,64.0,84.0,17.9844,2693128
SIMS,2019-04-01,Central Coast,3,69.1832,67.0,45.0,92.0,29.9596,2693370
SIMS,2019-05-01,Central Coast,3,79.2894,79.0,64.0,97.0,25.3711,2691064
SIMS,2019-06-01,Central Coast,3,72.6824,71.0,43.0,99.0,37.1768,2700123
SIMS,2019-07-01,Central Coast,3,75.685,71.0,44.0,104.0,41.1391,2700552
SIMS,2019-08-01,Central Coast,3,69.8361,64.0,41.0,95.0,39.0744,2702685
SIMS,2019-09-01,Central Coast,3,56.7268,52.0,35.0,78.0,30.461,2702961
SIMS,2019-10-01,Central Coast,3,43.3929,36.0,26.0,55.0,26.7569,2702989
SIMS,2019-11-01,Central Coast,3,24.5357,21.0,17.0,27.0,13.6201,2702963
SIMS,2019-12-01,Central Coast,3,35.7663,37.0,35.0,39.0,8.0375,2701149
SIMS,2020-01-01,Central Coast,3,29.5879,30.0,25.0,35.0,9.7234,2709786
SIMS,2020-02-01,Central Coast,3,35.8863,34.0,19.0,50.0,18.9467,2709680
SIMS,2020-03-01,Central Coast,3,66.5286,69.0,60.0,77.0,15.9669,2709667
SIMS,2020-04-01,Central Coast,3,73.437,75.0,55.0,93.0,25.3086,2709540
SIMS,2020-05-01,Central Coast,3,75.7986,75.0,53.0,98.0,31.9789,2709529
SIMS,2020-06-01,Central Coast,3,69.2479,64.0,39.0,96.0,39.0938,2709396
SIMS,2020-07-01,Central Coast,3,67.3316,62.0,37.0,94.0,39.5883,2705808
SIMS,2020-08-01,Central Coast,3,66.803,61.0,40.0,91.0,38.4963,2700664
SIMS,2020-09-01,Central Coast,3,51.2574,44.0,30.0,71.0,31.3589,2708692
SIMS,2020-10-01,Central Coast,3,39.0407,32.0,22.0,52.0,25.7688,2709603
SIMS,2020-11-01,Central Coast,3,27.4659,25.0,20.0,32.0,13.2667,2709680
SIMS,2020-12-01,Central Coast,3,23.8256,23.0,18.0,28.0,10.5345,2712364
SIMS,2021-01-01,Central Coast,3,26.798,25.0,22.0,30.0,11.0045,2711844
SIMS,2021-02-01,Central Coast,3,29.5034,26.0,19.0,39.0,15.6912,2710377
SIMS,2021-03-01,Central Coast,3,59.1405,59.0,48.0,73.0,19.8554,2710359
SIMS,2021-04-01,Central Coast,3,58.3682,57.0,34.0,81.0,29.7795,2710255
SIMS,2021-05-01,Central Coast,3,65.3368,64.0,38.0,89.0,35.5488,2709143
SIMS,2021-06-01,Central Coast,3,69.7366,65.0,38.0,100.0,42.0615,2708398
SIMS,2021-07-01,Central Coast,3,72.3922,67.0,39.0,104.0,44.5989,2698590
SIMS,2021-08-01,Central Coast,3,63.7756,59.0,35.0,89.0,39.2365,2700213
SIMS,2021-09-01,Central Coast,3,52.001,45.0,28.0,73.0,33.733,2710193
SIMS,2021-10-01,Central Coast,3,47.7622,43.0,33.0,60.0,23.0914,2710313
SIMS,2021-11-01,Central Coast,3,29.9789,28.0,21.0,38.0,15.1525,2709895
SIMS,2021-12-01,Central Coast,3,28.1201,29.0,27.0,31.0,6.6454,2709945
SIMS,2022-01-01,Central Coast,3,27.2437,25.0,16.0,38.0,13.6764,2715050
SIMS,2022-02-01,Central Coast,3,40.2967,38.0,25.0,55.0,19.5874,2715198
SIMS,2022-03-01,Central Coast,3,60.4962,59.0,44.0,77.0,23.0461,2715174
SIMS,2022-04-01,Central Coast,3,70.5809,67.0,50.0,93.0,29.9248,2715105
SIMS,2022-05-01,Central Coast,3,69.28,65.0,41.0,94.0,38.5773,2715020
SIMS,2022-06-01,Central Coast,3,77.354,71.0,43.0,110.0,45.8595,2713529
SIMS,2022-07-01,Central Coast,3,73.5944,68.0,39.0,105.0,45.1316,2714373
SIMS,2022-08-01,Central Coast,3,69.8312,63.0,38.0,98.0,43.1151,2714503
SIMS,2022-09-01,Central Coast,3,66.1651,60.0,43.0,88.0,33.8569,2715147
SIMS,2022-10-01,Central Coast,3,36.9873,31.0,21.0,50.0,24.1562,2715149
SIMS,2022-11-01,Central Coast,3,34.1542,34.0,27.0,41.0,12.7054,2714660
SIMS,2022-12-01,Central Coast,3,29.9519,31.0,28.0,34.0,6.8247,2714487
SIMS,2023-01-01,Central Coast,3,39.1786,41.0,38.0,44.0,8.104,2719258
SIMS,2023-02-01,Central Coast,3,42.4009,44.0,37.0,51.0,11.406,2719257
SIMS,2023-03-01,Central Coast,3,72.8407,77.0,70.0,80.0,13.5131,2719385
SIMS,2023-04-01,Central Coast,3,64.8078,64.0,41.0,87.0,29.5003,2719599
SIMS,2023-05-01,Central Coast,3,74.0444,74.0,54.0,93.0,28.0564,2699088
SIMS,2023-06-01,Central Coast,3,70.637,71.0,46.0,93.0,32.2009,2715964
SIMS,2023-07-01,Central Coast,3,82.5554,80.0,48.0,115.0,43.7288,2717340
SIMS,2023-08-01,Central Coast,3,74.8709,72.0,46.0,100.0,38.069,2719581
SIMS,2023-09-01,Central Coast,3,52.1142,48.0,31.0,71.0,28.7513,2719600
SIMS,2023-10-01,Central Coast,3,43.85,38.0,26.0,58.0,25.6764,2719629
SIMS,2023-11-01,Central Coast,3,34.6242,33.0,28.0,40.0,12.9396,2719635
SIMS,2023-12-01,Central Coast,3,24.8476,25.0,22.0,27.0,7.5933,2722027
SIMS,2024-01-01,Central Coast,3,39.0791,41.0,37.0,44.0,8.3492,2721456
SIMS,2024-02-01,Central Coast,3,50.633,54.0,49.0,56.0,10.0242,2721889
SIMS,2024-03-01,Central Coast,3,70.3373,72.0,63.0,82.0,16.3076,2721955
SIMS,2024-04-01,Central Coast,3,79.6727,82.0,63.0,98.0,24.3702,2721961
SIMS,2024-05-01,Central Coast,3,78.2263,80.0,56.0,99.0,31.1931,2708366
SIMS,2024-06-01,Central Coast,3,75.7655,73.0,46.0,103.0,38.0741,2719893
SIMS,2024-07-01,Central Coast,3,79.6915,76.0,47.0,109.0,42.621,2719765
SIMS,2024-08-01,Central Coast,3,72.2992,66.0,43.0,99.0,40.3722,2720589
SIMS,2024-09-01,Central Coast,3,56.2795,50.0,34.0,76.0,31.68,2720457
SIMS,2024-10-01,Central Coast,3,42.1099,36.0,24.0,55.0,25.9776,2721009
SIMS,2024-11-01,Central Coast,3,32.6137,32.0,27.0,38.0,11.3071,2721973
SIMS,2024-12-01,Central Coast,3,27.7104,28.0,24.0,32.0,8.5731,2721889
SIMS,2025-01-01,Central Coast,3,33.5179,34.0,25.0,41.0,12.486,2721563
SIMS,2025-02-01,Central Coast,3,46.0068,48.0,40.0,55.0,12.9952,2721222
SIMS,2025-03-01,Central Coast,3,69.5014,73.0,63.0,82.0,18.43,2721262
SIMS,2025-04-01,Central Coast,3,68.3368,68.0,48.0,88.0,26.0701,2721144
SIMS,2025-05-01,Central Coast,3,72.276,69.0,44.0,96.0,36.334,2721079
SIMS,2025-06-01,Central Coast,3,69.0727,63.0,39.0,95.0,38.9062,2718291
SIMS,2025-07-01,Central Coast,3,69.8184,64.0,39.0,97.0,40.4284,2719849
SIMS,2025-08-01,Central Coast,3,70.4483,63.0,40.0,97.0,41.3783,2721013
SIMS,2025-09-01,Central Coast,3,60.1747,54.0,39.0,79.0,30.0516,2721127
SIMS,2025-10-01,Central Coast,3,48.218,45.0,36.0,59.0,19.5504,2721285
SIMS,2025-11-01,Central Coast,3,36.4387,36.0,32.0,43.0,10.2805,2721252
SIMS,2025-12-01,Central Coast,3,27.7134,26.0,22.0,33.0,9.4209,2720316
SIMS,2003-10-01,Colorado River,10,62.2453,52.0,22.0,104.0,43.4826,2556380
SIMS,2003-11-01,Colorado River,10,38.9544,40.0,18.0,57.0,20.6863,2556380
SIMS,2003-12-01,Colorado River,10,32.0851,27.0,13.0,52.0,20.4001,2556379
SIMS,2004-01-01,Colorado River,10,38.6469,38.0,19.0,59.0,21.3777,2556376
SIMS,2004-02-01,Colorado River,10,54.5958,58.0,30.0,79.0,25.839,2556380
SIMS,2004-03-01,Colorado River,10,99.3587,116.0,59.0,135.0,45.2008,2556381
SIMS,2004-04-01,Colorado River,10,118.6287,139.0,79.0,159.0,51.8969,2556378
SIMS,2004-05-01,Colorado River,10,139.1855,160.0,75.0,199.0,69.8244,2556379
SIMS,2004-06-01,Colorado River,10,128.5892,154.511,43.0,189.0,71.8138,2556374
SIMS,2004-07-01,Colorado River,10,124.7626,140.5113,40.2022,191.0,76.0068,2556374
SIMS,2004-08-01,Colorado River,10,105.0911,104.0,43.0,164.0,65.4606,2556374
SIMS,2004-09-01,Colorado River,10,80.8251,67.0,29.0,134.0,56.0118,2556377
SIMS,2004-10-01,Colorado River,10,63.3041,53.0,33.0,96.0,34.576,2556377
SIMS,2004-11-01,Colorado River,10,38.5263,40.0,18.0,57.0,20.2759,2556360
SIMS,2004-12-01,Colorado River,10,35.0972,30.0,20.0,53.0,17.1574,2556377
SIMS,2005-01-01,Colorado River,10,42.3689,43.0,28.0,58.0,15.7307,2556375
SIMS,2005-02-01,Colorado River,10,51.7316,55.0,38.0,66.0,15.9515,2556356
SIMS,2005-03-01,Colorado River,10,91.5874,105.0,50.0,129.0,44.0123,2556311
SIMS,2005-04-01,Colorado River,10,108.1661,127.0,55.0,155.0,55.1261,2556375
SIMS,2005-05-01,Colorado River,10,132.0408,154.5062,67.0,190.5025,67.7176,2556375
SIMS,2005-06-01,Colorado River,10,135.2055,162.5056,46.4879,200.4968,76.3283,2556377
SIMS,2005-07-01,Colorado River,10,132.6991,146.4967,54.8135,196.4995,74.6445,2556377
SIMS,2005-08-01,Colorado River,10,111.3436,112.0,56.0,165.0,60.7413,2556381
SIMS,2005-09-01,Colorado River,10,77.682,57.0,34.0,126.0,54.315,2556381
SIMS,2005-10-01,Colorado River,10,61.8231,48.0,28.0,99.0,39.8842,2556381
SIMS,2005-11-01,Colorado River,10,41.1838,43.0,14.0,64.0,25.3753,2556361
SIMS,2005-12-01,Colorado River,10,32.3301,29.0,14.0,51.0,19.7053,2556360
SIMS,2006-01-01,Colorado River,10,42.8458,40.0,16.0,70.0,27.1777,2556373
SIMS,2006-02-01,Colorado River,10,50.5013,50.0,18.0,82.0,31.3967,2556330
SIMS,2006-03-01,Colorado River,10,79.167,87.0,32.0,119.0,42.9976,2556374
SIMS,2006-04-01,Colorado River,10,105.2,125.0,43.0,156.0,58.3546,2556373
SIMS,2006-05-01,Colorado River,10,136.2125,161.0,68.0,197.0,71.8393,2556379
SIMS,2006-06-01,Colorado River,10,136.5427,162.5023,50.0,200.0,75.69,2556380
SIMS,2006-07-01,Colorado River,10,125.5511,136.4922,46.4155,190.5011,76.8455,2556376
SIMS,2006-08-01,Colorado River,10,102.6268,92.0,37.0,166.0,68.841,2556380
SIMS,2006-09-01,Colorado River,10,76.9323,53.0,29.0,130.0,54.9675,2556380
SIMS,2006-10-01,Colorado River,10,60.6075,46.0,25.0,101.0,41.8397,2556381
SIMS,2006-11-01,Colorado River,10,43.5168,45.0,14.0,69.0,27.4043,2556381
SIMS,2006-12-01,Colorado River,10,34.9206,30.0,13.0,56.0,22.7212,2556381
SIMS,2007-01-01,Colorado River,10,37.7254,32.0,16.0,61.0,24.2162,2556381
SIMS,2007-02-01,Colorado River,10,50.6051,49.0,20.0,82.0,31.4584,2556381
SIMS,2007-03-01,Colorado River,10,89.173,102.0,38.0,131.0,47.3596,2556381
SIMS,2007-04-01,Colorado River,10,112.9629,135.0,59.0,161.0,57.0912,2556381
SIMS,2007-05-01,Colorado River,10,135.9782,161.0,71.0,198.0,72.3944,2556381
SIMS,2007-06-01,Colorado River,10,131.9019,156.5162,44.478,199.0,78.0332,2556381
SIMS,2007-07-01,Colorado River,10,121.1407,136.5027,40.0,188.5042,76.0044,2556381
SIMS,2007-08-01,Colorado River,10,106.9936,108.0,47.0,167.0,67.802,2556381
SIMS,2007-09-01,Colorado River,10,78.5393,63.0,34.0,125.0,53.3465,2556378
SIMS,2007-10-01,Colorado River,10,61.7824,47.0,23.0,105.0,46.1355,2555573
SIMS,2007-11-01,Colorado River,10,47.9359,48.0,28.0,70.0,23.9769,2555302
SIMS,2007-12-01,Colorado River,10,33.0392,31.0,15.0,52.0,19.3527,2556309
SIMS,2008-01-01,Colorado River,10,40.8689,37.0,25.0,60.0,19.3034,2556288
SIMS,2008-02-01,Colorado River,10,56.2564,62.0,28.0,87.0,32.0245,2556381
SIMS,2008-03-01,Colorado River,10,102.8437,121.0,62.0,144.0,50.6083,2556381
SIMS,2008-04-01,Colorado River,10,129.1607,155.0,86.0,178.0,63.0471,2556381
SIMS,2008-05-01,Colorado River,10,126.8895,143.0,75.0,186.0,67.9431,2556381
SIMS,2008-06-01,Colorado River,10,127.315,142.0,47.0,202.5101,81.2746,2556381
SIMS,2008-07-01,Colorado River,10,126.2463,134.5064,58.3368,192.504,73.3866,2556381
SIMS,2008-08-01,Colorado River,10,106.1604,100.0,51.0,165.0,65.6198,2556381
SIMS,2008-09-01,Colorado River,10,81.1873,61.0,38.0,132.0,53.5281,2556381
SIMS,2008-10-01,Colorado River,10,57.6458,37.0,25.0,99.0,43.6974,2556381
SIMS,2008-11-01,Colorado River,10,42.715,38.0,21.0,65.0,24.9499,2556321
SIMS,2008-12-01,Colorado River,10,32.6792,33.0,15.0,49.0,17.8278,2556258
SIMS,2009-01-01,Colorado River,10,43.1124,41.0,18.0,68.0,26.3107,2598964
SIMS,2009-02-01,Colorado River,10,56.0415,61.0,34.0,79.0,24.2304,2598531
SIMS,2009-03-01,Colorado River,10,98.1548,115.0,53.0,139.0,49.0789,2598531
SIMS,2009-04-01,Colorado River,10,120.1321,145.0,68.0,168.0,58.8144,2598645
SIMS,2009-05-01,Colorado River,10,130.4698,142.4977,68.0,192.5043,69.613,2598645
SIMS,2009-06-01,Colorado River,10,118.8555,119.0,41.0,194.0,77.7056,2598645
SIMS,2009-07-01,Colorado River,10,111.3624,94.4901,42.2696,182.504,77.0433,2598645
SIMS,2009-08-01,Colorado River,10,91.0692,56.0,37.0,158.0,68.6982,2598645
SIMS,2009-09-01,Colorado River,10,73.1948,43.0,32.0,124.0,53.6083,2598645
SIMS,2009-10-01,Colorado River,10,53.0585,31.0,21.0,89.0,40.8485,2598642
SIMS,2009-11-01,Colorado River,10,38.5377,36.0,13.0,62.0,25.8235,2598642
SIMS,2009-12-01,Colorado River,10,34.0046,30.0,17.0,52.0,18.5305,2598624
SIMS,2010-01-01,Colorado River,10,42.19,40.0,23.0,62.0,19.798,2588471
SIMS,2010-02-01,Colorado River,10,57.0031,62.0,31.0,81.0,25.9095,2578498
SIMS,2010-03-01,Colorado River,10,94.0797,106.0,46.0,134.0,45.719,2578498
SIMS,2010-04-01,Colorado River,10,110.9717,130.0,49.0,164.0,59.0589,2578498
SIMS,2010-05-01,Colorado River,10,137.42,154.5056,56.4837,206.5073,76.1863,2578498
SIMS,2010-06-01,Colorado River,10,133.9269,148.5027,44.4498,210.5058,83.4949,2578498
SIMS,2010-07-01,Colorado River,10,119.0091,112.4944,42.1292,192.5007,80.2826,2578497
SIMS,2010-08-01,Colorado River,10,98.7455,70.4853,36.6091,168.497,70.728,2578497
SIMS,2010-09-01,Colorado River,10,77.0438,45.0,30.0,133.0,58.3516,2578498
SIMS,2010-10-01,Colorado River,10,62.6714,47.0,33.0,100.0,37.3207,2578498
SIMS,2010-11-01,Colorado River,10,44.936,41.0,16.0,73.0,29.9469,2578408
SIMS,2010-12-01,Colorado River,10,33.6222,29.0,18.0,50.0,17.2336,2588708
SIMS,2011-01-01,Colorado River,10,41.4488,41.0,17.0,66.0,25.2849,2591783
SIMS,2011-02-01,Colorado River,10,53.4298,54.0,26.0,80.0,27.1922,2591787
SIMS,2011-03-01,Colorado River,10,91.7237,104.0,39.0,135.0,48.6063,2591787
SIMS,2011-04-01,Colorado River,10,126.5897,150.0,64.0,181.0,64.4764,2591787
SIMS,2011-05-01,Colorado River,10,138.9693,156.4996,66.4967,204.4999,75.3027,2591788
SIMS,2011-06-01,Colorado River,10,135.6392,154.5093,46.4689,208.499,82.1349,2591788
SIMS,2011-07-01,Colorado River,10,130.1489,136.5069,54.4134,200.4991,76.3048,2591788
SIMS,2011-08-01,Colorado River,10,112.3196,98.4908,44.4704,182.5025,74.2042,2591788
SIMS,2011-09-01,Colorado River,10,81.4117,57.0,34.0,135.0,53.5842,2591788
SIMS,2011-10-01,Colorado River,10,58.0721,38.0,21.0,101.0,42.7153,2591786
SIMS,2011-11-01,Colorado River,10,44.1106,43.0,25.0,63.0,21.3025,2591784
SIMS,2011-12-01,Colorado River,10,34.9912,32.0,19.0,53.0,18.1128,2575661
SIMS,2012-01-01,Colorado River,10,45.7284,47.0,20.0,72.0,26.9464,2588470
SIMS,2012-02-01,Colorado River,10,64.1487,70.0,35.0,94.0,31.9738,2588544
SIMS,2012-03-01,Colorado River,10,97.992,110.0,59.0,140.0,47.0281,2561083
SIMS,2012-04-01,Colorado River,10,125.4098,146.0,78.0,174.0,57.7787,2588812
SIMS,2012-05-01,Colorado River,10,142.952,154.5029,82.508,206.5023,73.626,2583341
SIMS,2012-06-01,Colorado River,10,140.2238,158.5089,50.0,214.505,84.819,2545447
SIMS,2012-07-01,Colorado River,10,132.9681,140.5019,59.0,198.0,72.3775,2546681
SIMS,2012-08-01,Colorado River,10,114.2206,102.5009,56.565,172.4961,65.0664,2588309
SIMS,2012-09-01,Colorado River,10,78.669,57.0,30.0,127.0,55.138,2588145
SIMS,2012-10-01,Colorado River,10,60.7492,45.0,22.0,103.0,43.6919,2587721
SIMS,2012-11-01,Colorado River,10,41.9915,42.0,15.0,66.0,26.2244,2588765
SIMS,2012-12-01,Colorado River,10,39.3652,41.0,21.0,57.0,18.7231,2588702
SIMS,2013-01-01,Colorado River,10,42.8914,42.0,23.0,63.0,21.4739,2589752
SIMS,2013-02-01,Colorado River,10,51.4899,54.0,23.0,80.0,29.5989,2579063
SIMS,2013-03-01,Colorado River,10,91.6799,104.0,49.0,131.0,46.5075,2579062
SIMS,2013-04-01,Colorado River,10,124.5308,150.0,64.0,177.0,64.0214,2588568
SIMS,2013-05-01,Colorado River,10,144.9139,168.5115,78.4985,212.497,77.1077,2588569
SIMS,2013-06-01,Colorado River,10,141.3673,168.5042,47.0,215.0,84.0793,2588568
SIMS,2013-07-01,Colorado River,10,134.2828,142.5033,60.3578,200.4976,72.6245,2587580
SIMS,2013-08-01,Colorado River,10,108.6866,98.5029,50.771,170.5097,65.8712,2588492
SIMS,2013-09-01,Colorado River,10,90.8438,80.0,49.0,138.0,50.6412,2588563
SIMS,2013-10-01,Colorado River,10,59.4661,46.0,21.0,102.0,43.31,2588564
SIMS,2013-11-01,Colorado River,10,44.6179,46.0,20.0,67.0,24.5984,2588568
SIMS,2013-12-01,Colorado River,10,39.8335,40.0,18.0,61.0,22.587,2591969
SIMS,2014-01-01,Colorado River,10,46.372,49.0,22.0,73.0,27.6122,2589818
SIMS,2014-02-01,Colorado River,10,54.6647,61.0,28.0,82.0,30.132,2589818
SIMS,2014-03-01,Colorado River,10,97.6827,118.0,44.0,142.0,52.2794,2589815
SIMS,2014-04-01,Colorado River,10,118.7875,146.0,60.0,171.0,63.4257,2589817
SIMS,2014-05-01,Colorado River,10,139.4498,164.5175,70.509,206.4979,77.8888,2589818
SIMS,2014-06-01,Colorado River,10,144.217,172.5066,46.4575,220.5008,88.7267,2589814
SIMS,2014-07-01,Colorado River,10,126.6839,142.5032,40.3405,200.5031,82.1087,2589814
SIMS,2014-08-01,Colorado River,10,109.7266,96.4957,52.4831,174.5031,65.3617,2589817
SIMS,2014-09-01,Colorado River,10,77.6262,56.0,29.0,132.0,55.4644,2589809
SIMS,2014-10-01,Colorado River,10,55.5247,44.0,20.0,95.0,39.9086,2589809
SIMS,2014-11-01,Colorado River,10,44.4867,47.0,15.0,71.0,28.3657,2589810
SIMS,2014-12-01,Colorado River,10,33.9897,35.0,22.0,47.0,14.3861,2589508
SIMS,2015-01-01,Colorado River,10,41.0688,44.0,24.0,59.0,19.8742,2596172
SIMS,2015-02-01,Colorado River,10,59.8992,69.0,31.0,89.0,32.3598,2596125
SIMS,2015-03-01,Colorado River,10,95.6737,114.0,52.0,134.0,45.4856,2596126
SIMS,2015-04-01,Colorado River,10,115.476,141.0,64.0,162.0,58.9775,2596133
SIMS,2015-05-01,Colorado River,10,122.2893,142.0,61.0,180.0,64.6508,2596133
SIMS,2015-06-01,Colorado River,10,130.0428,154.5105,46.3273,204.4971,81.377,2596126
SIMS,2015-07-01,Colorado River,10,119.4429,124.0,50.3407,188.4969,74.1209,2596126
SIMS,2015-08-01,Colorado River,10,92.6675,66.4929,36.6335,156.4994,68.7513,2596127
SIMS,2015-09-01,Colorado River,10,68.0624,42.0,27.0,114.0,51.6192,2596128
SIMS,2015-10-01,Colorado River,10,67.8045,53.0,36.0,106.0,39.7455,2596128
SIMS,2015-11-01,Colorado River,10,44.7009,44.0,17.0,71.0,28.2113,2596125
SIMS,2015-12-01,Colorado River,10,38.464,36.0,17.0,60.0,22.5159,2598269
SIMS,2016-01-01,Colorado River,10,41.5559,43.0,25.0,60.0,19.28,2606078
SIMS,2016-02-01,Colorado River,10,62.0806,68.0,29.0,95.0,35.6433,2601055
SIMS,2016-03-01,Colorado River,10,93.5697,113.0,40.0,138.0,53.1022,2601051
SIMS,2016-04-01,Colorado River,10,109.4097,132.0,50.0,157.0,56.57,2601052
SIMS,2016-05-01,Colorado River,10,129.2227,158.0,46.0,195.0,76.1044,2601053
SIMS,2016-06-01,Colorado River,10,133.9446,158.5029,42.4407,212.4949,86.4957,2601053
SIMS,2016-07-01,Colorado River,10,117.9134,110.5003,42.3978,194.5054,82.2655,2601052
SIMS,2016-08-01,Colorado River,10,90.2809,56.4882,38.1799,156.5081,68.7467,2601053
SIMS,2016-09-01,Colorado River,10,76.6839,45.0,37.0,130.0,55.4186,2601056
SIMS,2016-10-01,Colorado River,10,57.7799,37.0,23.0,100.0,44.1019,2601056
SIMS,2016-11-01,Colorado River,10,43.9879,45.0,15.0,71.0,28.5004,2601057
SIMS,2016-12-01,Colorado River,10,38.2756,39.0,21.0,55.0,18.2613,2601557
SIMS,2017-01-01,Colorado River,10,46.1817,48.0,31.0,63.0,18.0183,2598560
SIMS,2017-02-01,Colorado River,10,57.9501,61.0,36.0,81.0,25.0785,2598560
SIMS,2017-03-01,Colorado River,10,97.2678,117.0,40.0,144.0,53.6868,2598554
SIMS,2017-04-01,Colorado River,10,115.3146,135.0,47.0,170.0,64.8288,2598560
SIMS,2017-05-01,Colorado River,10,130.8502,155.0,52.0,196.0,73.3429,2598561
SIMS,2017-06-01,Colorado River,10,133.6461,158.5101,40.1853,210.504,86.5773,2598561
SIMS,2017-07-01,Colorado River,10,121.38,122.5027,48.3988,194.4993,80.0061,2598559
SIMS,2017-08-01,Colorado River,10,99.4629,71.0,46.0,165.0,67.5511,2598559
SIMS,2017-09-01,Colorado River,10,73.1358,45.0,36.0,122.0,50.4399,2598562
SIMS,2017-10-01,Colorado River,10,56.8316,37.0,22.0,99.0,43.5295,2598562
SIMS,2017-11-01,Colorado River,10,40.2761,43.0,13.0,64.0,25.5058,2598561
SIMS,2017-12-01,Colorado River,10,41.2024,44.0,15.0,63.0,24.6842,2598554
SIMS,2018-01-01,Colorado River,10,42.3794,44.0,21.0,65.0,23.6584,2606081
SIMS,2018-02-01,Colorado River,10,48.4477,52.0,21.0,73.0,27.588,2604086
SIMS,2018-03-01,Colorado River,10,85.6862,100.0,33.0,128.0,48.1898,2604084
SIMS,2018-04-01,Colorado River,10,128.2297,155.0,61.0,185.0,67.7316,2604084
SIMS,2018-05-01,Colorado River,10,138.0888,165.0,60.0,205.0,77.0543,2604086
SIMS,2018-06-01,Colorado River,10,132.5041,156.51,42.4752,202.497,79.9281,2604085
SIMS,2018-07-01,Colorado River,10,115.5744,118.5012,46.3245,176.5034,70.9812,2604085
SIMS,2018-08-01,Colorado River,10,100.5206,80.4986,38.4004,164.5013,68.977,2604083
SIMS,2018-09-01,Colorado River,10,73.6593,45.0,29.0,128.0,56.7635,2604082
SIMS,2018-10-01,Colorado River,10,62.0367,48.0,29.0,100.0,38.5191,2604085
SIMS,2018-11-01,Colorado River,10,42.0536,43.0,17.0,65.0,24.9997,2604085
SIMS,2018-12-01,Colorado River,10,33.1971,34.0,19.0,47.0,15.3632,2600969
SIMS,2019-01-01,Colorado River,10,42.9984,44.0,27.0,62.0,19.3262,2603515
SIMS,2019-02-01,Colorado River,10,55.8194,58.0,35.0,79.0,24.7514,2603401
SIMS,2019-03-01,Colorado River,10,95.9319,109.0,50.0,136.0,46.4053,2603443
SIMS,2019-04-01,Colorado River,10,130.7037,156.0,71.0,184.0,64.9029,2603446
SIMS,2019-05-01,Colorado River,10,138.9138,165.0,78.0,196.0,69.0574,2603444
SIMS,2019-06-01,Colorado River,10,146.6623,178.5066,56.4899,214.5055,80.5853,2603446
SIMS,2019-07-01,Colorado River,10,130.2283,142.5017,44.4164,200.4983,78.8323,2603446
SIMS,2019-08-01,Colorado River,10,110.5699,98.499,38.198,182.5025,75.4486,2603446
SIMS,2019-09-01,Colorado River,10,91.8979,74.0,40.0,149.0,58.8789,2603446
SIMS,2019-10-01,Colorado River,10,65.5756,55.0,22.0,112.0,46.6356,2603445
SIMS,2019-11-01,Colorado River,10,48.0715,49.0,27.0,67.0,22.5539,2603445
SIMS,2019-12-01,Colorado River,10,38.0022,41.0,26.0,51.0,14.9342,2606106
SIMS,2020-01-01,Colorado River,10,45.1066,46.0,23.0,68.0,25.1853,2605959
SIMS,2020-02-01,Colorado River,10,62.5721,65.0,37.0,91.0,30.2851,2606304
SIMS,2020-03-01,Colorado River,10,89.3839,102.0,56.0,118.0,35.1896,2606392
SIMS,2020-04-01,Colorado River,10,113.0146,134.0,65.0,155.0,50.4312,2606393
SIMS,2020-05-01,Colorado River,10,138.3375,166.5106,74.5029,196.5065,71.51,2606393
SIMS,2020-06-01,Colorado River,10,135.0883,162.5114,46.4672,200.4951,77.041,2606393
SIMS,2020-07-01,Colorado River,10,121.4751,126.4982,40.3179,192.5041,76.9716,2606392
SIMS,2020-08-01,Colorado River,10,101.8189,86.4969,37.0,168.0,70.0042,2606392
SIMS,2020-09-01,Colorado River,10,74.9609,54.0,28.0,126.0,53.8383,2606393
SIMS,2020-10-01,Colorado River,10,59.2541,46.0,21.0,100.0,41.9869,2606391
SIMS,2020-11-01,Colorado River,10,42.7549,45.0,16.0,67.0,26.051,2606392
SIMS,2020-12-01,Colorado River,10,34.8392,34.0,16.0,53.0,19.8742,2606391
SIMS,2021-01-01,Colorado River,10,45.6813,46.0,31.0,63.0,18.6271,2607596
SIMS,2021-02-01,Colorado River,10,57.6927,64.0,33.0,84.0,29.8645,2607248
SIMS,2021-03-01,Colorado River,10,89.567,104.0,46.0,129.0,46.2724,2607248
SIMS,2021-04-01,Colorado River,10,124.6182,150.0,69.0,175.0,62.6618,2607248
SIMS,2021-05-01,Colorado River,10,143.9252,174.5098,76.5009,204.4926,73.8231,2607248
SIMS,2021-06-01,Colorado River,10,138.7098,164.51,52.479,200.4944,76.4406,2607243
SIMS,2021-07-01,Colorado River,10,126.2222,132.5048,54.4501,186.5009,71.9535,2607243
SIMS,2021-08-01,Colorado River,10,106.3517,96.5003,42.2994,170.5105,65.6029,2607248
SIMS,2021-09-01,Colorado River,10,83.5738,66.0,37.0,135.0,54.3617,2607248
SIMS,2021-10-01,Colorado River,10,62.4526,50.0,26.0,103.0,41.1577,2607248
SIMS,2021-11-01,Colorado River,10,47.6965,51.0,16.0,75.0,29.2126,2607248
SIMS,2021-12-01,Colorado River,10,41.5479,44.0,23.0,59.0,19.3054,2607279
SIMS,2022-01-01,Colorado River,10,43.7181,45.0,24.0,67.0,24.1989,2611827
SIMS,2022-02-01,Colorado River,10,60.8152,66.0,33.0,91.0,33.2052,2611637
SIMS,2022-03-01,Colorado River,10,99.9219,115.0,55.0,143.0,50.2879,2611637
SIMS,2022-04-01,Colorado River,10,130.9166,158.0,79.0,182.0,64.3767,2611637
SIMS,2022-05-01,Colorado River,10,148.0897,178.5111,82.5054,212.5018,76.4474,2611637
SIMS,2022-06-01,Colorado River,10,146.1596,174.5014,56.4919,218.5005,83.6393,2611637
SIMS,2022-07-01,Colorado River,10,129.5303,134.4928,48.0,198.497,80.6673,2611637
SIMS,2022-08-01,Colorado River,10,113.2681,100.4912,50.3948,176.5061,67.0913,2611637
SIMS,2022-09-01,Colorado River,10,85.9928,69.0,42.0,137.0,53.2408,2611637
SIMS,2022-10-01,Colorado River,10,63.7298,52.0,30.0,102.0,38.7036,2611637
SIMS,2022-11-01,Colorado River,10,42.8299,42.0,18.0,66.0,25.9752,2611637
SIMS,2022-12-01,Colorado River,10,29.0917,28.0,14.0,44.0,16.7258,2613808
SIMS,2023-01-01,Colorado River,10,47.5419,50.0,30.0,69.0,21.6376,2613374
SIMS,2023-02-01,Colorado River,10,53.0311,56.0,30.0,79.0,28.0214,2613374
SIMS,2023-03-01,Colorado River,10,86.4371,97.0,49.0,121.0,40.0986,2613374
SIMS,2023-04-01,Colorado River,10,117.1284,142.0,64.0,167.0,60.5989,2613374
SIMS,2023-05-01,Colorado River,10,147.5133,180.503,72.5,210.5016,78.0262,2613374
SIMS,2023-06-01,Colorado River,10,146.8631,180.5115,48.5058,220.5016,85.1486,2613374
SIMS,2023-07-01,Colorado River,10,133.7316,140.4919,44.405,208.4994,86.2667,2613374
SIMS,2023-08-01,Colorado River,10,114.5888,98.4966,56.6218,178.5019,68.651,2613374
SIMS,2023-09-01,Colorado River,10,86.0445,70.0,40.0,138.0,54.0711,2613374
SIMS,2023-10-01,Colorado River,10,65.7251,55.0,23.0,112.0,46.0913,2613374
SIMS,2023-11-01,Colorado River,10,51.0721,54.0,21.0,77.0,28.5115,2613374
SIMS,2023-12-01,Colorado River,10,36.3715,38.0,20.0,52.0,17.8817,2613374
SIMS,2024-01-01,Colorado River,10,42.9469,45.0,26.0,63.0,20.0048,2615894
SIMS,2024-02-01,Colorado River,10,59.3916,65.0,40.0,82.0,24.8599,2615150
SIMS,2024-03-01,Colorado River,10,95.6244,110.0,53.0,133.0,45.5909,2615150
SIMS,2024-04-01,Colorado River,10,122.0751,148.0,54.0,177.0,64.5491,2615150
SIMS,2024-05-01,Colorado River,10,146.143,176.5036,54.492,220.5032,83.9808,2615150
SIMS,2024-06-01,Colorado River,10,143.7681,172.5056,44.4486,222.4958,88.9132,2615150
SIMS,2024-07-01,Colorado River,10,128.7564,128.4971,46.5413,204.5055,84.3261,2615150
SIMS,2024-08-01,Colorado River,10,100.4894,80.4974,42.5121,160.4954,70.1506,2615150
SIMS,2024-09-01,Colorado River,10,73.9859,52.0,32.0,116.0,55.6852,2615150
SIMS,2024-10-01,Colorado River,10,58.5793,43.0,24.0,93.0,43.1765,2615150
SIMS,2024-11-01,Colorado River,10,44.4366,43.0,16.0,70.0,29.0324,2615150
SIMS,2024-12-01,Colorado River,10,39.3825,40.0,17.0,61.0,23.297,2615188
SIMS,2025-01-01,Colorado River,10,50.2068,50.0,26.0,75.0,27.5076,2615656
SIMS,2025-02-01,Colorado River,10,62.4765,64.0,33.0,94.0,33.2463,2615527
SIMS,2025-03-01,Colorado River,10,94.2594,108.0,49.0,134.0,45.8756,2615527
SIMS,2025-04-01,Colorado River,10,110.9692,135.0,42.0,164.0,62.2391,2615527
SIMS,2025-05-01,Colorado River,10,135.1923,162.5026,48.4855,200.4983,75.8624,2615527
SIMS,2025-06-01,Colorado River,10,133.3445,158.5111,44.5075,202.4984,79.6986,2615527
SIMS,2025-07-01,Colorado River,10,116.8126,114.4966,40.2633,188.5051,77.3217,2615527
SIMS,2025-08-01,Colorado River,10,109.0636,98.5029,56.5674,166.5017,64.5964,2615527
SIMS,2025-09-01,Colorado River,10,98.591,86.0,59.0,145.0,51.2269,2615527
SIMS,2025-10-01,Colorado River,10,67.5063,58.0,29.0,109.0,43.0377,2615527
SIMS,2025-11-01,Colorado River,10,50.1989,51.0,30.0,70.0,21.9737,2615527
SIMS,2025-12-01,Colorado River,10,39.1461,43.0,21.0,55.0,18.4153,2615527
SIMS,2003-10-01,North Coast,1,43.1512,40.0,18.0,63.0,27.4614,1778512
SIMS,2003-11-01,North Coast,1,29.8062,29.0,24.0,35.0,7.2568,1767669
SIMS,2003-12-01,North Coast,1,21.0254,20.0,18.0,24.0,3.2697,1051029
SIMS,2004-01-01,North Coast,1,24.8988,24.0,21.0,29.0,4.7879,1069481
SIMS,2004-02-01,North Coast,1,35.9231,35.0,26.0,45.0,10.0454,1761044
SIMS,2004-03-01,North Coast,1,66.067,71.0,41.0,88.0,30.1595,1774242
SIMS,2004-04-01,North Coast,1,79.8763,87.0,57.0,105.0,30.8775,1778419
SIMS,2004-05-01,North Coast,1,101.9046,109.0,73.0,128.0,33.9469,1778305
SIMS,2004-06-01,North Coast,1,112.7981,122.0,76.0,151.0,44.8245,1778498
SIMS,2004-07-01,North Coast,1,115.5194,126.0,70.0,162.0,53.1029,1776853
SIMS,2004-08-01,North Coast,1,90.9826,91.0,52.0,132.0,45.2613,1778359
SIMS,2004-09-01,North Coast,1,62.029,60.0,30.0,91.0,34.7636,1778420
SIMS,2004-10-01,North Coast,1,45.7277,44.0,32.0,57.0,16.3932,1778320
SIMS,2004-11-01,North Coast,1,29.6065,28.0,21.0,36.0,10.7788,1778500
SIMS,2004-12-01,North Coast,1,25.1642,24.0,20.0,28.0,7.1117,1708606
SIMS,2005-01-01,North Coast,1,34.0897,31.0,28.0,41.0,10.101,842981
SIMS,2005-02-01,North Coast,1,45.2964,42.0,37.0,55.0,11.7244,843304
SIMS,2005-03-01,North Coast,1,62.2963,68.0,43.0,79.0,21.5105,1737072
SIMS,2005-04-01,North Coast,1,78.1729,82.0,64.0,96.0,19.2506,1772438
SIMS,2005-05-01,North Coast,1,112.2891,118.0,100.0,128.0,19.6427,1778312
SIMS,2005-06-01,North Coast,1,112.8101,119.0,95.0,138.0,31.2282,1765390
SIMS,2005-07-01,North Coast,1,131.8713,142.0,95.0,174.0,50.3742,1776363
SIMS,2005-08-01,North Coast,1,99.6311,104.0,62.0,141.0,47.5721,1778357
SIMS,2005-09-01,North Coast,1,63.3941,64.0,35.0,90.0,31.7019,1778400
SIMS,2005-10-01,North Coast,1,44.0036,42.0,27.0,58.0,18.9588,1778259
SIMS,2005-11-01,North Coast,1,30.7877,29.0,25.0,36.0,7.0921,1643509
SIMS,2005-12-01,North Coast,1,23.85,24.0,21.0,25.0,4.1684,1283919
SIMS,2006-01-01,North Coast,1,28.0835,28.0,24.0,32.0,3.9604,1268303
SIMS,2006-02-01,North Coast,1,39.9842,40.0,28.0,48.0,14.3679,1773684
SIMS,2006-03-01,North Coast,1,50.8907,58.0,37.0,62.0,13.4576,1684993
SIMS,2006-04-01,North Coast,1,78.8471,82.0,63.0,98.0,23.7991,1744179
SIMS,2006-05-01,North Coast,1,111.0658,119.0,74.0,150.0,44.2347,1778500
SIMS,2006-06-01,North Coast,1,122.9074,130.0,89.0,161.0,44.6024,1778488
SIMS,2006-07-01,North Coast,1,126.6896,139.0,89.0,170.0,52.3716,1778320
SIMS,2006-08-01,North Coast,1,99.9399,102.0,58.0,145.0,49.7806,1778315
SIMS,2006-09-01,North Coast,1,71.0627,70.0,35.0,107.0,39.8235,1776858
SIMS,2006-10-01,North Coast,1,46.9428,43.0,28.0,62.0,23.0764,1778151
SIMS,2006-11-01,North Coast,1,36.4012,36.0,32.0,39.0,6.4737,1778011
SIMS,2006-12-01,North Coast,1,29.971,28.0,23.0,32.0,9.1042,1087961
SIMS,2007-01-01,North Coast,1,30.588,30.0,20.0,36.0,12.3405,1594516
SIMS,2007-02-01,North Coast,1,34.241,34.0,28.0,40.0,7.2759,1719490
SIMS,2007-03-01,North Coast,1,60.3146,59.0,38.0,79.0,27.0855,1777446
SIMS,2007-04-01,North Coast,1,84.3917,91.0,65.0,107.0,29.9008,1778544
SIMS,2007-05-01,North Coast,1,114.6418,122.0,81.0,152.0,42.0262,1777489
SIMS,2007-06-01,North Coast,1,116.0318,121.0,81.0,153.0,45.0772,1778267
SIMS,2007-07-01,North Coast,1,122.6826,134.0,81.0,167.0,51.6486,1777867
SIMS,2007-08-01,North Coast,1,100.405,101.0,56.0,150.0,53.1542,1778083
SIMS,2007-09-01,North Coast,1,66.3566,64.0,36.0,98.0,35.0472,1778395
SIMS,2007-10-01,North Coast,1,57.3429,57.0,47.0,66.0,13.2028,1768971
SIMS,2007-11-01,North Coast,1,32.5482,32.0,24.0,41.0,9.9296,1393062
SIMS,2007-12-01,North Coast,1,27.4053,27.0,24.0,30.0,4.7961,360837
SIMS,2008-01-01,North Coast,1,34.3337,32.0,30.0,41.0,6.4569,524455
SIMS,2008-02-01,North Coast,1,45.6904,46.0,38.0,53.0,9.868,1081123
SIMS,2008-03-01,North Coast,1,53.8816,55.0,31.0,72.0,22.3745,1753947
SIMS,2008-04-01,North Coast,1,70.3518,72.0,39.0,100.0,34.9525,1778520
SIMS,2008-05-01,North Coast,1,97.7079,101.0,60.0,132.0,40.4741,1778524
SIMS,2008-06-01,North Coast,1,115.501,123.0,79.0,153.0,46.8287,1778445
SIMS,2008-07-01,North Coast,1,119.2247,129.0,77.0,165.0,54.2623,1778209
SIMS,2008-08-01,North Coast,1,99.4024,103.0,58.0,144.0,49.4962,1774628
SIMS,2008-09-01,North Coast,1,66.7076,64.0,34.0,99.0,36.8925,1775875
SIMS,2008-10-01,North Coast,1,47.6701,46.0,28.0,64.0,22.1625,1776528
SIMS,2008-11-01,North Coast,1,32.9414,31.0,26.0,36.0,9.8155,1398088
SIMS,2008-12-01,North Coast,1,21.3355,18.0,14.0,23.0,10.3007,1325530
SIMS,2009-01-01,North Coast,1,34.0816,33.0,19.0,39.0,15.8016,1693521
SIMS,2009-02-01,North Coast,1,38.1872,40.0,28.0,43.0,11.8821,1756437
SIMS,2009-03-01,North Coast,1,62.2544,66.0,43.0,79.0,20.0136,1839588
SIMS,2009-04-01,North Coast,1,77.8944,79.0,52.0,106.0,31.7068,1840277
SIMS,2009-05-01,North Coast,1,116.7788,119.0,79.0,157.0,43.623,1839718
SIMS,2009-06-01,North Coast,1,122.0306,130.0,90.0,154.0,37.48,1840108
SIMS,2009-07-01,North Coast,1,123.2802,131.0,80.0,170.0,54.5995,1839550
SIMS,2009-08-01,North Coast,1,97.9749,97.0,61.0,140.0,46.3303,1839955
SIMS,2009-09-01,North Coast,1,72.8195,66.0,41.0,108.0,39.6357,1840270
SIMS,2009-10-01,North Coast,1,47.6618,46.0,36.0,59.0,17.2298,1840270
SIMS,2009-11-01,North Coast,1,35.4589,34.0,28.0,40.0,10.3042,1830239
SIMS,2009-12-01,North Coast,1,19.4892,18.0,14.0,24.0,7.7834,1811675
SIMS,2010-01-01,North Coast,1,42.9379,50.0,32.0,52.0,10.7071,344954
SIMS,2010-02-01,North Coast,1,34.2528,36.0,21.0,43.0,14.596,1321659
SIMS,2010-03-01,North Coast,1,56.9537,66.0,33.0,75.0,24.6849,1846505
SIMS,2010-04-01,North Coast,1,78.2013,87.0,62.0,97.0,23.8458,1860729
SIMS,2010-05-01,North Coast,1,90.2654,99.0,73.0,115.0,30.7652,1860782
SIMS,2010-06-01,North Coast,1,116.5036,123.0,87.0,151.0,41.0561,1860706
SIMS,2010-07-01,North Coast,1,125.6599,133.0,78.0,177.0,56.6803,1860051
SIMS,2010-08-01,North Coast,1,92.693,94.0,57.0,132.0,44.6998,1855317
SIMS,2010-09-01,North Coast,1,67.0875,64.0,38.0,98.0,34.4742,1860540
SIMS,2010-10-01,North Coast,1,44.415,40.0,30.0,58.0,18.085,1860333
SIMS,2010-11-01,North Coast,1,31.95,32.0,28.0,36.0,6.5306,1731278
SIMS,2010-12-01,North Coast,1,25.0072,24.0,24.0,25.0,3.0259,1315006
SIMS,2011-01-01,North Coast,1,32.8252,30.0,22.0,36.0,14.9615,1817579
SIMS,2011-02-01,North Coast,1,33.373,34.0,21.0,41.0,12.6296,1823788
SIMS,2011-03-01,North Coast,1,61.345,64.0,57.0,66.0,7.009,1677124
SIMS,2011-04-01,North Coast,1,74.4511,76.0,60.0,91.0,18.1273,1825347
SIMS,2011-05-01,North Coast,1,92.1345,100.0,71.0,119.0,32.6245,1830402
SIMS,2011-06-01,North Coast,1,117.7789,125.0,93.0,149.0,36.3876,1830352
SIMS,2011-07-01,North Coast,1,123.127,133.0,91.0,160.0,43.7894,1825038
SIMS,2011-08-01,North Coast,1,105.6405,114.0,69.0,145.0,46.4878,1830246
SIMS,2011-09-01,North Coast,1,74.2165,71.0,43.0,108.0,37.7483,1830440
SIMS,2011-10-01,North Coast,1,48.3611,50.0,40.0,61.0,14.7619,1830893
SIMS,2011-11-01,North Coast,1,30.7861,30.0,24.0,36.0,9.1329,1815674
SIMS,2011-12-01,North Coast,1,19.5075,18.0,10.0,26.0,11.2317,1793294
SIMS,2012-01-01,North Coast,1,23.3707,21.0,17.0,28.0,7.9689,1779524
SIMS,2012-02-01,North Coast,1,39.4338,41.0,27.0,50.0,13.5648,1741381
SIMS,2012-03-01,North Coast,1,51.9814,52.0,47.0,56.0,6.5555,1664261
SIMS,2012-04-01,North Coast,1,79.1272,85.0,63.0,98.0,22.4846,1731109
SIMS,2012-05-01,North Coast,1,105.6855,112.0,70.0,144.0,43.5633,1819185
SIMS,2012-06-01,North Coast,1,112.1826,118.0,80.0,147.0,39.5306,1831915
SIMS,2012-07-01,North Coast,1,118.8996,124.0,76.0,166.0,54.0106,1738169
SIMS,2012-08-01,North Coast,1,101.4686,100.0,60.0,148.0,52.2572,1751856
SIMS,2012-09-01,North Coast,1,68.9905,60.0,35.0,105.0,41.1872,1807667
SIMS,2012-10-01,North Coast,1,46.099,42.0,32.0,60.0,18.0051,1751455
SIMS,2012-11-01,North Coast,1,30.741,30.0,25.0,34.0,7.5433,1541766
SIMS,2012-12-01,North Coast,1,25.3797,26.0,23.0,28.0,3.8647,513398
SIMS,2013-01-01,North Coast,1,39.4274,36.0,32.0,51.0,10.9117,782699
SIMS,2013-02-01,North Coast,1,37.2904,37.0,24.0,49.0,15.9665,1518491
SIMS,2013-03-01,North Coast,1,50.6803,54.0,31.0,69.0,22.8383,1745816
SIMS,2013-04-01,North Coast,1,86.1959,90.0,64.0,112.0,30.8305,1839024
SIMS,2013-05-01,North Coast,1,113.4341,120.0,81.0,146.0,36.8108,1839017
SIMS,2013-06-01,North Coast,1,124.5445,131.0,89.0,163.0,43.333,1837421
SIMS,2013-07-01,North Coast,1,130.9134,142.0,86.0,179.0,56.8765,1834852
SIMS,2013-08-01,North Coast,1,100.6743,98.0,66.0,141.0,43.679,1838861
SIMS,2013-09-01,North Coast,1,76.0955,73.0,51.0,103.0,30.3197,1839250
SIMS,2013-10-01,North Coast,1,45.5159,41.0,25.0,62.0,25.86,1839166
SIMS,2013-11-01,North Coast,1,32.31,29.0,21.0,40.0,16.1024,1839341
SIMS,2013-12-01,North Coast,1,23.6241,21.0,14.0,28.0,12.992,1838608
SIMS,2014-01-01,North Coast,1,29.2473,26.0,15.0,37.0,17.7815,1834981
SIMS,2014-02-01,North Coast,1,37.9568,37.0,34.0,42.0,6.051,1816701
SIMS,2014-03-01,North Coast,1,64.7173,64.0,55.0,75.0,13.2361,1823626
SIMS,2014-04-01,North Coast,1,82.1264,87.0,65.0,105.0,28.1341,1829360
SIMS,2014-05-01,North Coast,1,110.3078,118.0,78.0,147.0,40.2036,1829400
SIMS,2014-06-01,North Coast,1,121.1257,123.0,81.0,164.0,52.1036,1829173
SIMS,2014-07-01,North Coast,1,123.7535,125.0,77.0,176.0,57.7534,1828800
SIMS,2014-08-01,North Coast,1,97.9631,86.0,59.0,146.0,50.1481,1827737
SIMS,2014-09-01,North Coast,1,78.979,71.0,51.0,111.0,35.6459,1829376
SIMS,2014-10-01,North Coast,1,55.0402,53.0,41.0,69.0,17.3556,1829451
SIMS,2014-11-01,North Coast,1,30.2713,29.0,26.0,33.0,7.0863,1712068
SIMS,2014-12-01,North Coast,1,27.2608,24.0,20.0,32.0,8.6476,1792471
SIMS,2015-01-01,North Coast,1,34.8544,34.0,20.0,43.0,16.8512,1832446
SIMS,2015-02-01,North Coast,1,47.133,46.0,38.0,54.0,12.2804,1821098
SIMS,2015-03-01,North Coast,1,67.5018,69.0,54.0,83.0,18.4859,1821147
SIMS,2015-04-01,North Coast,1,85.5757,92.0,68.0,110.0,30.4439,1820494
SIMS,2015-05-01,North Coast,1,106.9665,111.0,80.0,134.0,32.018,1820940
SIMS,2015-06-01,North Coast,1,128.1595,133.0,88.0,169.0,48.7929,1803123
SIMS,2015-07-01,North Coast,1,125.0235,129.0,86.0,166.0,47.715,1820560
SIMS,2015-08-01,North Coast,1,99.9046,95.0,62.0,142.0,46.4462,1821164
SIMS,2015-09-01,North Coast,1,70.2576,65.0,45.0,99.0,34.2854,1820812
SIMS,2015-10-01,North Coast,1,50.5039,45.0,33.0,67.0,22.4225,1821198
SIMS,2015-11-01,North Coast,1,32.8471,33.0,25.0,41.0,10.4244,1821079
SIMS,2015-12-01,North Coast,1,21.5443,21.0,19.0,23.0,2.9576,1654448
SIMS,2016-01-01,North Coast,1,26.4169,29.0,22.0,31.0,4.6091,1229317
SIMS,2016-02-01,North Coast,1,38.5725,38.0,28.0,49.0,12.2185,1481699
SIMS,2016-03-01,North Coast,1,65.2261,67.0,58.0,75.0,11.6604,1849767
SIMS,2016-04-01,North Coast,1,89.5442,97.0,76.0,111.0,26.1951,1850144
SIMS,2016-05-01,North Coast,1,108.1646,117.0,84.0,136.0,32.5727,1848280
SIMS,2016-06-01,North Coast,1,127.958,136.0,97.0,161.0,38.8551,1843708
SIMS,2016-07-01,North Coast,1,126.9798,137.0,85.0,171.0,51.2171,1836401
SIMS,2016-08-01,North Coast,1,104.1964,100.0,61.0,152.0,51.3031,1840887
SIMS,2016-09-01,North Coast,1,68.8727,61.0,41.0,100.0,35.0681,1850206
SIMS,2016-10-01,North Coast,1,52.1979,52.0,43.0,60.0,10.0048,1850206
SIMS,2016-11-01,North Coast,1,31.0238,32.0,24.0,35.0,8.0427,1844533
SIMS,2016-12-01,North Coast,1,19.5368,18.0,17.0,22.0,4.0409,1682290
SIMS,2017-01-01,North Coast,1,27.0029,28.0,25.0,30.0,3.6181,836612
SIMS,2017-02-01,North Coast,1,40.4241,41.0,39.0,42.0,2.7088,1805525
SIMS,2017-03-01,North Coast,1,61.9712,66.0,53.0,72.0,13.5969,1808449
SIMS,2017-04-01,North Coast,1,81.8959,86.0,75.0,94.0,17.1307,1845518
SIMS,2017-05-01,North Coast,1,109.9143,120.0,79.0,146.0,39.7313,1749554
SIMS,2017-06-01,North Coast,1,122.5918,128.0,94.0,155.0,38.0979,1731135
SIMS,2017-07-01,North Coast,1,131.4351,138.0,89.0,178.0,52.5565,1850059
SIMS,2017-08-01,North Coast,1,101.9516,101.0,63.0,145.0,45.2653,1850228
SIMS,2017-09-01,North Coast,1,70.2479,67.0,46.0,99.0,30.236,1851138
SIMS,2017-10-01,North Coast,1,49.4407,46.0,34.0,62.0,20.369,1851137
SIMS,2017-11-01,North Coast,1,32.9449,32.0,30.0,34.0,4.4303,1850655
SIMS,2017-12-01,North Coast,1,20.543,18.0,14.0,27.0,8.5525,1660409
SIMS,2018-01-01,North Coast,1,25.9814,26.0,22.0,29.0,6.0556,1685991
SIMS,2018-02-01,North Coast,1,33.8439,35.0,20.0,47.0,15.317,1658205
SIMS,2018-03-01,North Coast,1,62.7536,64.0,51.0,72.0,13.4369,1832986
SIMS,2018-04-01,North Coast,1,79.4526,82.0,67.0,95.0,18.6415,1846064
SIMS,2018-05-01,North Coast,1,110.2054,120.0,80.0,140.0,34.7186,1847823
SIMS,2018-06-01,North Coast,1,122.9222,130.0,90.0,159.0,42.7907,1860132
SIMS,2018-07-01,North Coast,1,124.7338,132.0,81.0,171.0,51.7849,1859921
SIMS,2018-08-01,North Coast,1,94.4081,89.0,58.0,137.0,45.5444,1859066
SIMS,2018-09-01,North Coast,1,66.3231,59.0,39.0,98.0,34.8315,1860064
SIMS,2018-10-01,North Coast,1,49.415,48.0,37.0,61.0,18.3441,1860144
SIMS,2018-11-01,North Coast,1,25.3515,24.0,18.0,31.0,10.993,1859576
SIMS,2018-12-01,North Coast,1,24.7077,20.0,19.0,31.0,8.5536,1773899
SIMS,2019-01-01,North Coast,1,30.1176,30.0,24.0,34.0,7.8315,1834794
SIMS,2019-02-01,North Coast,1,37.2503,38.0,31.0,43.0,7.0325,1667771
SIMS,2019-03-01,North Coast,1,56.6978,60.0,38.0,73.0,18.8458,1842284
SIMS,2019-04-01,North Coast,1,89.4946,93.0,74.0,105.0,20.9503,1849759
SIMS,2019-05-01,North Coast,1,106.6436,113.0,83.0,132.0,29.7776,1849722
SIMS,2019-06-01,North Coast,1,126.7483,134.0,98.0,161.0,43.1734,1849306
SIMS,2019-07-01,North Coast,1,126.7291,135.0,94.0,164.0,46.132,1849342
SIMS,2019-08-01,North Coast,1,108.0169,109.0,74.0,147.0,41.9681,1847140
SIMS,2019-09-01,North Coast,1,75.3559,71.0,54.0,100.0,26.2581,1787758
SIMS,2019-10-01,North Coast,1,45.4688,45.0,32.0,58.0,17.1273,1849335
SIMS,2019-11-01,North Coast,1,20.0126,19.0,14.0,26.0,8.9845,1849358
SIMS,2019-12-01,North Coast,1,23.3846,20.0,18.0,27.0,6.8017,1691228
SIMS,2020-01-01,North Coast,1,27.5783,25.0,22.0,33.0,6.0261,1695553
SIMS,2020-02-01,North Coast,1,29.7628,28.0,17.0,39.0,15.0834,1849845
SIMS,2020-03-01,North Coast,1,49.9527,52.0,34.0,63.0,17.5331,1856984
SIMS,2020-04-01,North Coast,1,71.6944,76.0,58.0,92.0,26.7819,1866894
SIMS,2020-05-01,North Coast,1,100.5954,102.0,85.0,123.0,27.1955,1865735
SIMS,2020-06-01,North Coast,1,107.6422,109.0,84.0,136.0,37.5825,1866746
SIMS,2020-07-01,North Coast,1,114.8035,110.0,78.0,161.0,50.9392,1866788
SIMS,2020-08-01,North Coast,1,97.3856,90.0,65.0,136.0,43.9959,1866654
SIMS,2020-09-01,North Coast,1,68.5115,61.0,41.0,98.0,35.2661,1866909
SIMS,2020-10-01,North Coast,1,41.1656,39.0,27.0,55.0,19.4234,1866909
SIMS,2020-11-01,North Coast,1,28.0185,28.0,24.0,32.0,6.126,1866888
SIMS,2020-12-01,North Coast,1,19.6067,17.0,15.0,23.0,6.155,1865135
SIMS,2021-01-01,North Coast,1,25.5702,24.0,19.0,33.0,8.8245,1836028
SIMS,2021-02-01,North Coast,1,37.5736,36.0,28.0,48.0,12.21,1871232
SIMS,2021-03-01,North Coast,1,52.8662,61.0,30.0,69.0,23.4314,1872121
SIMS,2021-04-01,North Coast,1,72.1053,75.0,54.0,92.0,27.8595,1872582
SIMS,2021-05-01,North Coast,1,96.7991,95.0,70.0,134.0,42.1737,1872279
SIMS,2021-06-01,North Coast,1,108.586,105.0,72.0,153.0,50.7349,1857614
SIMS,2021-07-01,North Coast,1,108.7707,97.0,68.0,158.0,56.3096,1821477
SIMS,2021-08-01,North Coast,1,84.8088,74.0,51.0,123.0,46.9549,1868631
SIMS,2021-09-01,North Coast,1,70.2059,63.0,49.0,92.0,29.136,1872499
SIMS,2021-10-01,North Coast,1,45.6453,44.0,37.0,55.0,12.7902,1856034
SIMS,2021-11-01,North Coast,1,29.9706,30.0,26.0,34.0,7.4932,1869412
SIMS,2021-12-01,North Coast,1,17.4281,17.0,15.0,19.0,4.0843,1842825
SIMS,2022-01-01,North Coast,1,24.9768,26.0,17.0,31.0,9.842,1890190
SIMS,2022-02-01,North Coast,1,31.4435,32.0,18.0,43.0,16.5245,1892335
SIMS,2022-03-01,North Coast,1,56.6486,61.0,43.0,71.0,21.103,1893019
SIMS,2022-04-01,North Coast,1,76.3408,77.0,67.0,87.0,18.5994,1893004
SIMS,2022-05-01,North Coast,1,91.6632,95.0,73.0,116.0,32.1647,1893002
SIMS,2022-06-01,North Coast,1,112.1759,111.0,89.0,141.0,35.4499,1893019
SIMS,2022-07-01,North Coast,1,115.1691,111.0,77.0,160.0,52.2631,1892785
SIMS,2022-08-01,North Coast,1,99.4264,88.0,63.0,142.0,50.6889,1892808
SIMS,2022-09-01,North Coast,1,74.192,67.0,52.0,97.0,32.3965,1893019
SIMS,2022-10-01,North Coast,1,42.8728,40.0,28.0,59.0,20.3504,1893015
SIMS,2022-11-01,North Coast,1,29.9267,28.0,25.0,32.0,7.0909,1803212
SIMS,2022-12-01,North Coast,1,21.1843,17.0,15.0,25.0,8.4268,1608476
SIMS,2023-01-01,North Coast,1,31.589,29.0,26.0,37.0,7.4134,1700436
SIMS,2023-02-01,North Coast,1,32.0919,36.0,19.0,42.0,12.2323,1750157
SIMS,2023-03-01,North Coast,1,57.8617,57.0,50.0,67.0,10.3975,1685941
SIMS,2023-04-01,North Coast,1,71.3467,74.0,54.0,95.0,27.2524,1897959
SIMS,2023-05-01,North Coast,1,108.6328,110.0,87.0,135.0,29.1539,1898710
SIMS,2023-06-01,North Coast,1,112.8602,113.0,87.0,142.0,34.3965,1899205
SIMS,2023-07-01,North Coast,1,121.6171,117.0,87.0,164.0,48.0258,1898836
SIMS,2023-08-01,North Coast,1,99.1574,92.0,69.0,135.0,38.694,1898409
SIMS,2023-09-01,North Coast,1,66.7717,63.0,46.0,90.0,25.9598,1894321
SIMS,2023-10-01,North Coast,1,50.1439,49.0,37.0,64.0,18.9045,1899230
SIMS,2023-11-01,North Coast,1,34.6539,32.0,27.0,37.0,11.7998,1899280
SIMS,2023-12-01,North Coast,1,25.698,21.0,19.0,27.0,11.4893,1893206
SIMS,2024-01-01,North Coast,1,31.9404,28.0,27.0,33.0,9.6117,1649587
SIMS,2024-02-01,North Coast,1,42.6921,40.0,35.0,46.0,11.4168,1898509
SIMS,2024-03-01,North Coast,1,62.1453,66.0,54.0,72.0,13.8137,1870260
SIMS,2024-04-01,North Coast,1,79.6825,83.0,70.0,95.0,20.5717,1884159
SIMS,2024-05-01,North Coast,1,110.6934,117.0,92.0,138.0,33.8821,1904730
SIMS,2024-06-01,North Coast,1,115.4313,115.0,90.0,145.0,38.1747,1904707
SIMS,2024-07-01,North Coast,1,121.1622,117.0,85.0,165.0,49.3127,1904674
SIMS,2024-08-01,North Coast,1,98.634,91.0,69.0,132.0,38.2102,1904730
SIMS,2024-09-01,North Coast,1,71.1561,64.0,45.0,102.0,32.4495,1904711
SIMS,2024-10-01,North Coast,1,45.7873,44.0,35.0,57.0,15.1956,1904730
SIMS,2024-11-01,North Coast,1,30.0441,28.0,27.0,33.0,5.5972,1904729
SIMS,2024-12-01,North Coast,1,20.0281,19.0,17.0,22.0,4.0413,1735856
SIMS,2025-01-01,North Coast,1,26.843,26.0,21.0,31.0,7.7099,1902063
SIMS,2025-02-01,North Coast,1,35.6608,35.0,28.0,43.0,8.5425,1902128
SIMS,2025-03-01,North Coast,1,54.7976,60.0,45.0,65.0,14.4913,1899168
SIMS,2025-04-01,North Coast,1,77.3477,79.0,66.0,95.0,23.0142,1885111
SIMS,2025-05-01,North Coast,1,103.7143,103.0,81.0,136.0,36.6531,1903670
SIMS,2025-06-01,North Coast,1,110.9856,106.0,82.0,145.0,40.0203,1903658
SIMS,2025-07-01,North Coast,1,116.9293,107.0,79.0,161.0,46.3721,1903709
SIMS,2025-08-01,North Coast,1,101.9624,93.0,69.0,142.0,40.6141,1903708
SIMS,2025-09-01,North Coast,1,71.7204,64.0,50.0,98.0,28.0763,1878950
SIMS,2025-10-01,North Coast,1,50.8041,52.0,43.0,60.0,11.822,1902080
SIMS,2025-11-01,North Coast,1,30.2066,31.0,26.0,34.0,5.5659,1903696
SIMS,2025-12-01,North Coast,1,18.3274,17.0,15.0,21.0,4.2622,1889169
SIMS,2003-10-01,North Lahontan,8,42.3579,42.0,22.0,61.0,23.7579,585350
SIMS,2003-11-01,North Lahontan,8,27.7088,28.0,24.0,31.0,5.2495,538587
SIMS,2003-12-01,North Lahontan,8,24.6733,23.0,21.0,29.0,4.3127,290571
SIMS,2004-01-01,North Lahontan,8,21.232,22.0,18.0,24.0,4.1105,226553
SIMS,2004-02-01,North Lahontan,8,30.954,31.0,29.0,33.0,3.52,491890
SIMS,2004-03-01,North Lahontan,8,41.9094,43.0,28.0,55.0,17.4067,583203
SIMS,2004-04-01,North Lahontan,8,67.6723,72.0,48.0,88.0,26.2707,585150
SIMS,2004-05-01,North Lahontan,8,106.3295,114.0,90.0,127.0,28.882,585354
SIMS,2004-06-01,North Lahontan,8,122.2616,134.0,104.0,151.0,39.1129,585372
SIMS,2004-07-01,North Lahontan,8,130.0943,146.0,95.0,172.0,52.1002,585371
SIMS,2004-08-01,North Lahontan,8,105.3025,117.0,69.0,142.0,44.9142,585370
SIMS,2004-09-01,North Lahontan,8,70.7281,75.0,40.0,100.0,35.4579,585371
SIMS,2004-10-01,North Lahontan,8,45.0336,45.0,33.0,56.0,14.2748,581748
SIMS,2004-11-01,North Lahontan,8,27.7811,28.0,25.0,31.0,4.329,576672
SIMS,2004-12-01,North Lahontan,8,16.8666,18.0,14.0,21.0,4.7,403328
SIMS,2005-01-01,North Lahontan,8,27.3355,29.0,27.0,30.0,5.0673,1681
SIMS,2005-02-01,North Lahontan,8,21.116,21.0,17.0,26.0,6.0712,173522
SIMS,2005-03-01,North Lahontan,8,46.695,47.0,40.0,54.0,10.5836,518656
SIMS,2005-04-01,North Lahontan,8,62.4394,67.0,52.0,76.0,18.2486,570661
SIMS,2005-05-01,North Lahontan,8,105.6188,109.0,98.0,116.0,17.9658,585352
SIMS,2005-06-01,North Lahontan,8,118.4447,126.0,105.0,139.0,28.0126,585365
SIMS,2005-07-01,North Lahontan,8,134.8116,150.0,105.0,174.0,49.4903,585366
SIMS,2005-08-01,North Lahontan,8,108.7842,123.0,72.0,148.0,47.2998,585306
SIMS,2005-09-01,North Lahontan,8,67.9077,72.0,45.0,92.0,29.2824,585310
SIMS,2005-10-01,North Lahontan,8,39.974,40.0,28.0,51.0,14.6534,585329
SIMS,2005-11-01,North Lahontan,8,25.8067,27.0,23.0,30.0,6.0938,584242
SIMS,2005-12-01,North Lahontan,8,26.7966,27.0,24.0,28.0,3.2442,496755
SIMS,2006-01-01,North Lahontan,8,29.8713,30.0,27.0,32.0,2.9993,464799
SIMS,2006-02-01,North Lahontan,8,21.2211,22.0,17.0,25.0,6.1531,548958
SIMS,2006-03-01,North Lahontan,8,46.9057,49.0,41.0,54.0,10.2469,549292
SIMS,2006-04-01,North Lahontan,8,73.3961,76.0,66.0,83.0,12.4487,583769
SIMS,2006-05-01,North Lahontan,8,104.8042,112.0,89.0,127.0,28.5019,585285
SIMS,2006-06-01,North Lahontan,8,125.7634,135.0,112.0,151.0,33.9404,585375
SIMS,2006-07-01,North Lahontan,8,142.4241,158.0,120.0,177.0,47.3005,585371
SIMS,2006-08-01,North Lahontan,8,106.8139,119.0,79.0,139.0,42.4079,585367
SIMS,2006-09-01,North Lahontan,8,70.7173,76.0,46.0,97.0,32.4494,585372
SIMS,2006-10-01,North Lahontan,8,40.8411,41.0,30.0,52.0,15.0281,585365
SIMS,2006-11-01,North Lahontan,8,28.7166,31.0,25.0,34.0,8.0067,585235
SIMS,2006-12-01,North Lahontan,8,19.614,22.0,17.0,23.0,5.5404,582580
SIMS,2007-01-01,North Lahontan,8,13.5763,14.0,11.0,16.0,3.5289,569860
SIMS,2007-02-01,North Lahontan,8,27.168,27.0,25.0,30.0,3.7181,579935
SIMS,2007-03-01,North Lahontan,8,33.468,33.0,23.0,43.0,13.2332,584926
SIMS,2007-04-01,North Lahontan,8,63.986,67.0,49.0,80.0,20.0104,585258
SIMS,2007-05-01,North Lahontan,8,100.2474,110.0,77.0,130.0,36.9922,585339
SIMS,2007-06-01,North Lahontan,8,114.5875,126.0,90.0,147.0,41.3343,585370
SIMS,2007-07-01,North Lahontan,8,126.0812,140.0,88.0,168.0,52.3747,585375
SIMS,2007-08-01,North Lahontan,8,101.4781,108.0,61.0,143.0,48.7445,585381
SIMS,2007-09-01,North Lahontan,8,66.9681,67.0,42.0,91.0,29.7062,585369
SIMS,2007-10-01,North Lahontan,8,43.4348,45.0,34.0,53.0,13.1807,584127
SIMS,2007-11-01,North Lahontan,8,21.6572,22.0,16.0,27.0,6.8713,538443
SIMS,2007-12-01,North Lahontan,8,17.6338,18.0,16.0,20.0,2.9468,262223
SIMS,2008-01-01,North Lahontan,8,26.1453,25.0,24.0,29.0,3.357,71545
SIMS,2008-02-01,North Lahontan,8,28.9482,29.0,26.0,32.0,4.5789,321094
SIMS,2008-03-01,North Lahontan,8,30.6079,32.0,21.0,41.0,13.9833,566701
SIMS,2008-04-01,North Lahontan,8,49.888,53.0,32.0,68.0,22.9745,585230
SIMS,2008-05-01,North Lahontan,8,89.5948,94.0,70.0,111.0,27.5518,585276
SIMS,2008-06-01,North Lahontan,8,124.2118,135.0,105.0,154.0,39.2747,585318
SIMS,2008-07-01,North Lahontan,8,132.5133,147.0,104.0,169.0,47.4096,585342
SIMS,2008-08-01,North Lahontan,8,108.2915,118.0,71.0,147.0,47.6612,585353
SIMS,2008-09-01,North Lahontan,8,68.9642,70.0,40.0,97.0,35.1383,585328
SIMS,2008-10-01,North Lahontan,8,37.5404,37.0,24.0,50.0,17.0726,585319
SIMS,2008-11-01,North Lahontan,8,29.2225,30.0,26.0,32.0,4.5759,585246
SIMS,2008-12-01,North Lahontan,8,15.7045,16.0,13.0,17.0,3.1146,567313
SIMS,2009-01-01,North Lahontan,8,17.9386,17.0,15.0,21.0,4.4531,570491
SIMS,2009-02-01,North Lahontan,8,26.6269,27.0,21.0,31.0,7.011,600429
SIMS,2009-03-01,North Lahontan,8,44.8246,44.0,39.0,51.0,9.6052,631836
SIMS,2009-04-01,North Lahontan,8,58.685,61.0,44.0,75.0,21.3582,632570
SIMS,2009-05-01,North Lahontan,8,109.843,119.0,88.0,136.0,33.3074,632579
SIMS,2009-06-01,North Lahontan,8,117.828,125.0,102.0,140.0,27.3668,632577
SIMS,2009-07-01,North Lahontan,8,125.3648,142.0,85.0,168.0,52.8505,632579
SIMS,2009-08-01,North Lahontan,8,103.4482,114.0,61.0,143.0,46.6655,632564
SIMS,2009-09-01,North Lahontan,8,72.6399,76.0,37.0,104.0,38.9226,632573
SIMS,2009-10-01,North Lahontan,8,44.1477,44.0,34.0,54.0,12.9065,632569
SIMS,2009-11-01,North Lahontan,8,28.3736,29.0,22.0,35.0,8.0436,632569
SIMS,2009-12-01,North Lahontan,8,16.5429,16.0,15.0,18.0,3.6091,514416
SIMS,2010-01-01,North Lahontan,8,25.0372,25.0,23.0,27.0,2.5996,186469
SIMS,2010-02-01,North Lahontan,8,24.62,25.0,19.0,31.0,7.2839,561955
SIMS,2010-03-01,North Lahontan,8,39.8762,40.0,32.0,48.0,11.8162,578064
SIMS,2010-04-01,North Lahontan,8,58.7988,60.0,48.0,70.0,15.0348,632809
SIMS,2010-05-01,North Lahontan,8,80.97,84.0,67.0,99.0,22.5521,632921
SIMS,2010-06-01,North Lahontan,8,114.945,126.0,96.0,142.0,35.6876,633185
SIMS,2010-07-01,North Lahontan,8,128.1732,145.0,91.0,168.0,50.945,633194
SIMS,2010-08-01,North Lahontan,8,102.0662,112.0,64.0,139.0,44.6945,633197
SIMS,2010-09-01,North Lahontan,8,72.1193,75.0,41.0,101.0,34.7074,633202
SIMS,2010-10-01,North Lahontan,8,58.5923,60.0,50.0,68.0,11.8454,633159
SIMS,2010-11-01,North Lahontan,8,26.7241,27.0,22.0,32.0,6.147,530805
SIMS,2010-12-01,North Lahontan,8,27.1622,27.0,26.0,29.0,2.2405,465947
SIMS,2011-01-01,North Lahontan,8,18.3709,19.0,16.0,21.0,4.3197,545236
SIMS,2011-02-01,North Lahontan,8,22.6509,22.0,20.0,26.0,4.6568,547098
SIMS,2011-03-01,North Lahontan,8,59.0317,62.0,56.0,64.0,8.2533,539846
SIMS,2011-04-01,North Lahontan,8,59.6026,62.0,53.0,69.0,14.1276,609273
SIMS,2011-05-01,North Lahontan,8,88.0822,93.0,77.0,103.0,19.8836,609627
SIMS,2011-06-01,North Lahontan,8,121.9309,130.0,112.0,140.0,24.8872,609690
SIMS,2011-07-01,North Lahontan,8,131.5243,145.0,110.0,162.0,42.3929,609689
SIMS,2011-08-01,North Lahontan,8,115.1201,131.0,86.0,150.0,45.6218,609681
SIMS,2011-09-01,North Lahontan,8,82.4889,89.0,57.0,110.0,34.5516,609689
SIMS,2011-10-01,North Lahontan,8,48.5023,50.0,37.0,60.0,14.7606,609688
SIMS,2011-11-01,North Lahontan,8,24.5963,25.0,20.0,29.0,6.882,607222
SIMS,2011-12-01,North Lahontan,8,9.9621,10.0,7.0,13.0,4.1688,603048
SIMS,2012-01-01,North Lahontan,8,20.1259,20.0,18.0,22.0,3.5552,592238
SIMS,2012-02-01,North Lahontan,8,19.3549,19.0,16.0,23.0,5.5859,548007
SIMS,2012-03-01,North Lahontan,8,43.8183,45.0,37.0,51.0,10.4352,559708
SIMS,2012-04-01,North Lahontan,8,65.4846,66.0,50.0,83.0,22.5437,561620
SIMS,2012-05-01,North Lahontan,8,98.1837,104.0,77.0,126.0,34.7282,594254
SIMS,2012-06-01,North Lahontan,8,119.2346,131.0,96.0,152.0,42.3858,599585
SIMS,2012-07-01,North Lahontan,8,123.101,136.0,88.0,163.0,52.437,599579
SIMS,2012-08-01,North Lahontan,8,105.8868,113.0,62.0,149.0,51.881,599123
SIMS,2012-09-01,North Lahontan,8,69.9997,69.0,37.0,102.0,38.7078,597298
SIMS,2012-10-01,North Lahontan,8,46.3435,45.0,30.0,61.0,19.6166,591053
SIMS,2012-11-01,North Lahontan,8,32.9658,36.0,28.0,40.0,9.0637,584657
SIMS,2012-12-01,North Lahontan,8,26.1578,25.0,23.0,29.0,3.4111,316384
SIMS,2013-01-01,North Lahontan,8,15.1308,15.0,14.0,17.0,3.6997,103261
SIMS,2013-02-01,North Lahontan,8,14.011,15.0,10.0,18.0,5.1371,291425
SIMS,2013-03-01,North Lahontan,8,34.2401,34.0,24.0,43.0,13.5872,533455
SIMS,2013-04-01,North Lahontan,8,73.2197,77.0,57.0,91.0,23.5198,588282
SIMS,2013-05-01,North Lahontan,8,112.2485,119.0,97.0,134.0,28.4547,588452
SIMS,2013-06-01,North Lahontan,8,131.4566,141.0,112.0,159.0,35.8653,588457
SIMS,2013-07-01,North Lahontan,8,143.8798,156.0,109.0,183.0,51.3498,588453
SIMS,2013-08-01,North Lahontan,8,110.3622,117.0,73.0,148.0,45.5111,588469
SIMS,2013-09-01,North Lahontan,8,82.5313,83.0,60.0,107.0,28.1112,588486
SIMS,2013-10-01,North Lahontan,8,42.6248,42.0,30.0,55.0,16.5349,588471
SIMS,2013-11-01,North Lahontan,8,23.6175,24.0,18.0,28.0,7.3511,587002
SIMS,2013-12-01,North Lahontan,8,14.9089,14.0,12.0,17.0,5.4456,583091
SIMS,2014-01-01,North Lahontan,8,14.1932,14.0,11.0,17.0,4.9274,626542
SIMS,2014-02-01,North Lahontan,8,34.4972,37.0,31.0,40.0,8.3074,604875
SIMS,2014-03-01,North Lahontan,8,54.1397,56.0,46.0,65.0,13.6147,604914
SIMS,2014-04-01,North Lahontan,8,70.9071,74.0,52.0,91.0,25.3548,604933
SIMS,2014-05-01,North Lahontan,8,109.3541,116.0,86.0,138.0,35.27,604939
SIMS,2014-06-01,North Lahontan,8,119.9882,132.0,86.0,158.0,46.843,604962
SIMS,2014-07-01,North Lahontan,8,128.587,140.0,84.0,171.0,52.4296,604964
SIMS,2014-08-01,North Lahontan,8,109.5725,115.0,70.0,149.0,44.9723,604971
SIMS,2014-09-01,North Lahontan,8,78.868,78.0,49.0,109.0,35.5668,604975
SIMS,2014-10-01,North Lahontan,8,56.2295,55.0,42.0,73.0,20.7698,604970
SIMS,2014-11-01,North Lahontan,8,30.3564,32.0,24.0,37.0,8.3421,602990
SIMS,2014-12-01,North Lahontan,8,28.0421,30.0,26.0,31.0,4.5604,581762
SIMS,2015-01-01,North Lahontan,8,15.2743,15.0,10.0,20.0,6.8774,579031
SIMS,2015-02-01,North Lahontan,8,38.407,40.0,33.0,44.0,8.5137,569727
SIMS,2015-03-01,North Lahontan,8,52.8023,55.0,39.0,68.0,19.8998,569741
SIMS,2015-04-01,North Lahontan,8,77.0365,82.0,60.0,96.0,25.2827,569718
SIMS,2015-05-01,North Lahontan,8,109.2607,114.0,97.0,125.0,20.8353,569763
SIMS,2015-06-01,North Lahontan,8,138.5192,147.0,116.0,168.0,37.9745,569752
SIMS,2015-07-01,North Lahontan,8,134.0321,145.0,105.0,165.0,39.1417,569755
SIMS,2015-08-01,North Lahontan,8,110.0528,118.0,70.0,150.0,47.7805,569759
SIMS,2015-09-01,North Lahontan,8,73.2996,74.0,44.0,103.0,35.2884,569747
SIMS,2015-10-01,North Lahontan,8,53.8959,55.0,41.0,68.0,17.7387,559146
SIMS,2015-11-01,North Lahontan,8,31.1774,32.0,27.0,35.0,6.1337,555630
SIMS,2015-12-01,North Lahontan,8,26.4598,27.0,23.0,29.0,3.6346,400519
SIMS,2016-01-01,North Lahontan,8,28.6642,28.0,27.0,30.0,3.0128,487737
SIMS,2016-02-01,North Lahontan,8,31.3539,31.0,25.0,38.0,8.574,661599
SIMS,2016-03-01,North Lahontan,8,63.6944,65.0,55.0,72.0,11.2291,663140
SIMS,2016-04-01,North Lahontan,8,84.3489,88.0,71.0,101.0,21.5263,663175
SIMS,2016-05-01,North Lahontan,8,114.5311,120.0,105.0,129.0,20.9394,663181
SIMS,2016-06-01,North Lahontan,8,138.4243,151.0,119.0,168.0,42.3864,663181
SIMS,2016-07-01,North Lahontan,8,131.7684,151.0,97.0,175.0,55.1396,663182
SIMS,2016-08-01,North Lahontan,8,112.5744,124.0,72.0,157.0,53.8764,663182
SIMS,2016-09-01,North Lahontan,8,74.66,76.0,47.0,104.0,36.9134,663186
SIMS,2016-10-01,North Lahontan,8,59.1089,59.0,50.0,68.0,12.9608,663190
SIMS,2016-11-01,North Lahontan,8,29.8005,29.0,24.0,35.0,8.5529,662602
SIMS,2016-12-01,North Lahontan,8,24.6533,23.0,21.0,27.0,4.9834,625048
SIMS,2017-01-01,North Lahontan,8,25.4207,25.0,23.0,27.0,2.8811,517764
SIMS,2017-02-01,North Lahontan,8,43.6811,44.0,42.0,46.0,3.9461,496479
SIMS,2017-03-01,North Lahontan,8,57.0607,59.0,50.0,67.0,14.1589,648847
SIMS,2017-04-01,North Lahontan,8,79.7499,82.0,71.0,91.0,15.5702,652262
SIMS,2017-05-01,North Lahontan,8,112.0156,121.0,96.0,136.0,32.1452,666856
SIMS,2017-06-01,North Lahontan,8,133.8564,146.0,115.0,163.0,39.5677,666871
SIMS,2017-07-01,North Lahontan,8,147.1665,165.0,119.0,188.0,53.4538,666870
SIMS,2017-08-01,North Lahontan,8,122.1234,138.0,89.0,159.0,47.7904,666863
SIMS,2017-09-01,North Lahontan,8,81.5603,89.0,58.0,107.0,31.6037,666866
SIMS,2017-10-01,North Lahontan,8,46.9275,48.0,33.0,60.0,18.0999,666880
SIMS,2017-11-01,North Lahontan,8,42.2626,43.0,40.0,45.0,5.1775,666831
SIMS,2017-12-01,North Lahontan,8,16.9726,17.0,13.0,20.0,5.3368,684162
SIMS,2018-01-01,North Lahontan,8,31.4776,32.0,29.0,34.0,4.3473,681924
SIMS,2018-02-01,North Lahontan,8,19.6516,19.0,15.0,23.0,6.697,679905
SIMS,2018-03-01,North Lahontan,8,61.9771,62.0,58.0,67.0,8.1242,658425
SIMS,2018-04-01,North Lahontan,8,75.7282,79.0,63.0,89.0,17.666,686511
SIMS,2018-05-01,North Lahontan,8,113.5977,119.0,102.0,129.0,20.4036,686530
SIMS,2018-06-01,North Lahontan,8,134.9602,146.0,117.0,164.0,41.0238,686533
SIMS,2018-07-01,North Lahontan,8,134.6478,153.0,102.0,176.0,53.737,686533
SIMS,2018-08-01,North Lahontan,8,109.8779,121.0,73.0,151.0,50.7518,686537
SIMS,2018-09-01,North Lahontan,8,76.4024,80.0,47.0,108.0,38.756,686540
SIMS,2018-10-01,North Lahontan,8,43.5695,44.0,32.0,55.0,16.0953,686530
SIMS,2018-11-01,North Lahontan,8,24.7461,25.0,19.0,30.0,8.2406,686482
SIMS,2018-12-01,North Lahontan,8,24.2439,24.0,21.0,27.0,4.4525,583146
SIMS,2019-01-01,North Lahontan,8,27.3675,26.0,25.0,28.0,5.4125,483330
SIMS,2019-02-01,North Lahontan,8,35.6946,36.0,31.0,39.0,5.2019,473549
SIMS,2019-03-01,North Lahontan,8,55.5846,58.0,49.0,63.0,13.0992,628817
SIMS,2019-04-01,North Lahontan,8,75.1738,78.0,57.0,94.0,24.0627,701359
SIMS,2019-05-01,North Lahontan,8,101.8739,107.0,85.0,122.0,24.5596,702417
SIMS,2019-06-01,North Lahontan,8,127.1086,137.0,113.0,154.0,38.1639,703038
SIMS,2019-07-01,North Lahontan,8,135.6567,152.0,113.0,170.0,48.8029,703042
SIMS,2019-08-01,North Lahontan,8,120.2885,135.0,91.0,157.0,49.4535,703049
SIMS,2019-09-01,North Lahontan,8,85.6226,92.0,70.0,103.0,23.3761,703046
SIMS,2019-10-01,North Lahontan,8,43.4781,45.0,33.0,55.0,16.0784,703046
SIMS,2019-11-01,North Lahontan,8,21.3165,21.0,15.0,27.0,9.393,702923
SIMS,2019-12-01,North Lahontan,8,26.5164,26.0,24.0,29.0,4.0346,682283
SIMS,2020-01-01,North Lahontan,8,26.4062,27.0,24.0,29.0,3.9341,708867
SIMS,2020-02-01,North Lahontan,8,18.8977,19.0,14.0,24.0,7.5688,722141
SIMS,2020-03-01,North Lahontan,8,45.4242,45.0,39.0,52.0,9.8246,722627
SIMS,2020-04-01,North Lahontan,8,67.0319,68.0,52.0,84.0,22.4361,722786
SIMS,2020-05-01,North Lahontan,8,106.0302,114.0,86.0,131.0,32.9885,722897
SIMS,2020-06-01,North Lahontan,8,120.1126,132.0,96.0,152.0,43.1161,722899
SIMS,2020-07-01,North Lahontan,8,125.1382,142.0,87.0,169.0,54.9349,722899
SIMS,2020-08-01,North Lahontan,8,107.9004,117.0,70.0,149.0,50.9515,722898
SIMS,2020-09-01,North Lahontan,8,76.4667,77.0,46.0,111.0,40.4671,722893
SIMS,2020-10-01,North Lahontan,8,45.6426,45.0,30.0,62.0,23.5182,722894
SIMS,2020-11-01,North Lahontan,8,34.3738,35.0,30.0,39.0,6.5956,722891
SIMS,2020-12-01,North Lahontan,8,21.849,21.0,18.0,25.0,5.1104,720209
SIMS,2021-01-01,North Lahontan,8,25.3654,25.0,21.0,30.0,5.4402,729395
SIMS,2021-02-01,North Lahontan,8,28.8625,30.0,24.0,35.0,7.5671,703158
SIMS,2021-03-01,North Lahontan,8,37.8483,38.0,29.0,47.0,12.2843,728595
SIMS,2021-04-01,North Lahontan,8,55.2733,55.0,36.0,75.0,26.8679,741477
SIMS,2021-05-01,North Lahontan,8,95.8509,101.0,71.0,128.0,39.5197,741627
SIMS,2021-06-01,North Lahontan,8,122.4862,136.0,83.0,170.0,56.6728,741627
SIMS,2021-07-01,North Lahontan,8,115.7061,126.0,71.0,166.0,59.6782,741631
SIMS,2021-08-01,North Lahontan,8,90.3804,93.0,50.0,135.0,51.6553,741627
SIMS,2021-09-01,North Lahontan,8,78.8695,75.0,51.0,111.0,36.7341,741627
SIMS,2021-10-01,North Lahontan,8,48.1387,49.0,37.0,59.0,14.8341,741624
SIMS,2021-11-01,North Lahontan,8,25.7827,26.0,21.0,31.0,8.2467,741622
SIMS,2021-12-01,North Lahontan,8,19.6284,17.0,16.0,21.0,6.2966,741411
SIMS,2022-01-01,North Lahontan,8,16.3871,16.0,12.0,20.0,6.1336,557141
SIMS,2022-02-01,North Lahontan,8,22.5531,22.0,18.0,27.0,7.1906,626708
SIMS,2022-03-01,North Lahontan,8,45.5595,45.0,36.0,55.0,13.2482,748368
SIMS,2022-04-01,North Lahontan,8,74.4352,76.0,62.0,89.0,18.6398,754320
SIMS,2022-05-01,North Lahontan,8,94.9371,98.0,78.0,115.0,27.0246,754324
SIMS,2022-06-01,North Lahontan,8,117.2006,125.0,95.0,144.0,34.7782,754324
SIMS,2022-07-01,North Lahontan,8,123.2826,132.0,85.0,166.0,50.0103,754325
SIMS,2022-08-01,North Lahontan,8,118.0117,125.0,80.0,158.0,47.8421,754325
SIMS,2022-09-01,North Lahontan,8,90.5744,90.0,64.0,118.0,33.0247,754325
SIMS,2022-10-01,North Lahontan,8,49.6329,49.0,32.0,67.0,22.7589,754321
SIMS,2022-11-01,North Lahontan,8,27.115,26.0,24.0,29.0,4.9582,733155
SIMS,2022-12-01,North Lahontan,8,19.2939,15.0,15.0,16.0,8.5367,348600
SIMS,2023-01-01,North Lahontan,8,21.5687,22.0,19.0,23.0,2.681,238859
SIMS,2023-02-01,North Lahontan,8,25.7366,26.0,23.0,29.0,3.9707,455526
SIMS,2023-03-01,North Lahontan,8,60.3354,60.0,55.0,67.0,8.0239,529232
SIMS,2023-04-01,North Lahontan,8,53.5662,53.0,39.0,69.0,20.74,687498
SIMS,2023-05-01,North Lahontan,8,111.6595,116.0,97.0,131.0,23.733,755651
SIMS,2023-06-01,North Lahontan,8,132.7426,141.0,124.0,150.0,24.7716,757797
SIMS,2023-07-01,North Lahontan,8,153.4839,170.0,126.0,191.0,49.797,757799
SIMS,2023-08-01,North Lahontan,8,118.8725,128.0,91.0,151.0,41.4183,757799
SIMS,2023-09-01,North Lahontan,8,83.961,87.0,63.0,105.0,28.3366,757801
SIMS,2023-10-01,North Lahontan,8,53.3592,52.0,40.0,65.0,18.5962,757801
SIMS,2023-11-01,North Lahontan,8,34.0559,34.0,31.0,37.0,6.6278,757796
SIMS,2023-12-01,North Lahontan,8,23.5763,23.0,19.0,27.0,5.6716,740243
SIMS,2024-01-01,North Lahontan,8,29.2843,29.0,25.0,34.0,5.437,633207
SIMS,2024-02-01,North Lahontan,8,41.5699,40.0,38.0,44.0,6.9592,711155
SIMS,2024-03-01,North Lahontan,8,53.3994,54.0,48.0,60.0,9.6127,746531
SIMS,2024-04-01,North Lahontan,8,73.751,76.0,60.0,88.0,18.3798,761962
SIMS,2024-05-01,North Lahontan,8,104.1076,109.0,84.0,128.0,29.283,762613
SIMS,2024-06-01,North Lahontan,8,125.5767,136.0,98.0,158.0,42.3662,762613
SIMS,2024-07-01,North Lahontan,8,128.015,141.0,88.0,169.0,51.3867,762613
SIMS,2024-08-01,North Lahontan,8,106.785,113.0,68.0,145.0,46.3116,762613
SIMS,2024-09-01,North Lahontan,8,76.8198,77.0,49.0,106.0,35.2351,762613
SIMS,2024-10-01,North Lahontan,8,54.1176,54.0,38.0,69.0,20.0687,762613
SIMS,2024-11-01,North Lahontan,8,32.35,31.0,28.0,36.0,6.6172,760685
SIMS,2024-12-01,North Lahontan,8,22.6354,22.0,16.0,27.0,8.0533,758863
SIMS,2025-01-01,North Lahontan,8,23.315,23.0,21.0,26.0,4.4141,755998
SIMS,2025-02-01,North Lahontan,8,37.5545,37.0,34.0,41.0,5.8103,754687
SIMS,2025-03-01,North Lahontan,8,48.9351,48.0,41.0,58.0,11.5225,757177
SIMS,2025-04-01,North Lahontan,8,72.4224,73.0,58.0,89.0,21.4754,760367
SIMS,2025-05-01,North Lahontan,8,114.135,121.0,96.0,137.0,31.1061,762526
SIMS,2025-06-01,North Lahontan,8,135.6415,148.0,111.0,168.0,43.7523,762527
SIMS,2025-07-01,North Lahontan,8,133.0903,146.0,102.0,171.0,47.0395,762526
SIMS,2025-08-01,North Lahontan,8,114.3942,124.0,83.0,148.0,42.6133,762526
SIMS,2025-09-01,North Lahontan,8,80.5773,86.0,55.0,108.0,32.2898,762526
SIMS,2025-10-01,North Lahontan,8,55.4023,56.0,47.0,64.0,12.4805,758429
SIMS,2025-11-01,North Lahontan,8,37.2915,37.0,33.0,41.0,6.2694,761953
SIMS,2025-12-01,North Lahontan,8,24.8742,24.0,21.0,27.0,5.7986,762435
SIMS,2003-10-01,Sacramento River,5,45.9096,42.0,20.0,67.0,28.7716,9660021
SIMS,2003-11-01,Sacramento River,5,35.645,36.0,31.0,41.0,5.7955,9118352
SIMS,2003-12-01,Sacramento River,5,24.7507,25.0,24.0,26.0,1.6125,3629547
SIMS,2004-01-01,Sacramento River,5,27.9783,28.0,28.0,29.0,2.1835,3535087
SIMS,2004-02-01,Sacramento River,5,48.2523,50.0,47.0,52.0,4.9911,9518877
SIMS,2004-03-01,Sacramento River,5,75.3843,77.0,52.0,100.0,25.6708,9636512
SIMS,2004-04-01,Sacramento River,5,83.9668,90.0,47.0,117.0,37.2787,9659510
SIMS,2004-05-01,Sacramento River,5,99.908,105.0,65.0,135.0,43.0337,9659073
SIMS,2004-06-01,Sacramento River,5,128.0463,146.0,78.0,176.0,58.6935,9660044
SIMS,2004-07-01,Sacramento River,5,140.738,161.0,84.0,202.0,68.0614,9660071
SIMS,2004-08-01,Sacramento River,5,117.9669,135.0,61.0,173.0,60.7213,9660082
SIMS,2004-09-01,Sacramento River,5,78.1259,83.0,38.0,115.0,41.4949,9660105
SIMS,2004-10-01,Sacramento River,5,52.7048,49.0,39.0,64.0,17.4198,9660012
SIMS,2004-11-01,Sacramento River,5,38.7914,39.0,35.0,43.0,6.6309,9657532
SIMS,2004-12-01,Sacramento River,5,26.3423,26.0,23.0,30.0,5.2742,9561577
SIMS,2005-01-01,Sacramento River,5,26.3177,26.0,25.0,27.0,2.0431,8884832
SIMS,2005-02-01,Sacramento River,5,40.6826,41.0,35.0,46.0,7.1182,8949938
SIMS,2005-03-01,Sacramento River,5,75.1436,78.0,62.0,90.0,15.7467,9640038
SIMS,2005-04-01,Sacramento River,5,83.0321,86.0,58.0,108.0,26.7792,9654189
SIMS,2005-05-01,Sacramento River,5,111.8836,115.0,92.0,134.0,27.4446,9659865
SIMS,2005-06-01,Sacramento River,5,119.0961,127.0,83.0,155.0,44.2593,9660067
SIMS,2005-07-01,Sacramento River,5,146.9594,166.5048,90.4941,206.5062,68.4897,9660106
SIMS,2005-08-01,Sacramento River,5,124.5889,140.0,67.0,184.0,63.3242,9660152
SIMS,2005-09-01,Sacramento River,5,75.9326,83.0,37.0,111.0,39.798,9660142
SIMS,2005-10-01,Sacramento River,5,47.2207,45.0,28.0,64.0,22.747,9655749
SIMS,2005-11-01,Sacramento River,5,37.4167,36.0,30.0,45.0,10.7564,9628435
SIMS,2005-12-01,Sacramento River,5,27.2771,27.0,25.0,30.0,3.4893,9467039
SIMS,2006-01-01,Sacramento River,5,35.8808,37.0,34.0,38.0,3.8105,9484563
SIMS,2006-02-01,Sacramento River,5,39.4331,39.0,28.0,51.0,13.0089,9652466
SIMS,2006-03-01,Sacramento River,5,70.7887,72.0,70.0,75.0,6.2067,9645490
SIMS,2006-04-01,Sacramento River,5,88.4623,90.0,78.0,101.0,13.8742,9656573
SIMS,2006-05-01,Sacramento River,5,109.6529,114.0,79.0,141.0,38.9658,9658530
SIMS,2006-06-01,Sacramento River,5,121.0979,132.0,79.0,162.0,51.6851,9660102
SIMS,2006-07-01,Sacramento River,5,149.1786,168.5025,94.5005,208.5066,68.7529,9660075
SIMS,2006-08-01,Sacramento River,5,121.5368,137.0,70.0,176.0,59.6792,9660086
SIMS,2006-09-01,Sacramento River,5,82.0194,91.0,42.0,120.0,42.7636,9660118
SIMS,2006-10-01,Sacramento River,5,42.5979,40.0,24.0,59.0,22.5487,9660136
SIMS,2006-11-01,Sacramento River,5,37.8665,38.0,35.0,42.0,5.0288,9659526
SIMS,2006-12-01,Sacramento River,5,30.8776,30.0,28.0,34.0,5.1481,9595068
SIMS,2007-01-01,Sacramento River,5,27.6782,26.0,15.0,38.0,15.0002,9608533
SIMS,2007-02-01,Sacramento River,5,43.3493,44.0,39.0,49.0,7.8901,9647581
SIMS,2007-03-01,Sacramento River,5,63.6243,63.0,35.0,91.0,29.288,9659625
SIMS,2007-04-01,Sacramento River,5,93.4022,91.0,68.0,121.0,28.3036,9660100
SIMS,2007-05-01,Sacramento River,5,112.1258,115.0,73.0,150.0,47.0932,9660201
SIMS,2007-06-01,Sacramento River,5,128.5685,145.0,75.0,179.0,60.4242,9660195
SIMS,2007-07-01,Sacramento River,5,143.7124,167.0,84.0,205.0,68.67,9660095
SIMS,2007-08-01,Sacramento River,5,122.73,143.0,60.0,181.0,65.3627,9660108
SIMS,2007-09-01,Sacramento River,5,79.4986,87.0,44.0,112.0,37.1395,9660071
SIMS,2007-10-01,Sacramento River,5,56.1119,55.0,43.0,68.0,16.4674,9617868
SIMS,2007-11-01,Sacramento River,5,34.5473,32.0,24.0,43.0,13.642,9350415
SIMS,2007-12-01,Sacramento River,5,37.8274,38.0,36.0,41.0,4.5116,7177323
SIMS,2008-01-01,Sacramento River,5,32.317,33.0,31.0,34.0,2.7133,7456412
SIMS,2008-02-01,Sacramento River,5,48.414,49.0,43.0,54.0,7.7923,8858512
SIMS,2008-03-01,Sacramento River,5,59.7579,60.0,33.0,86.0,28.2086,9644171
SIMS,2008-04-01,Sacramento River,5,82.2316,86.0,49.0,115.0,37.2287,9659842
SIMS,2008-05-01,Sacramento River,5,115.9609,120.0,79.0,155.0,48.6332,9660098
SIMS,2008-06-01,Sacramento River,5,130.7988,144.0,81.0,179.0,59.2063,9660138
SIMS,2008-07-01,Sacramento River,5,138.1271,157.0,83.0,194.0,64.4781,9660157
SIMS,2008-08-01,Sacramento River,5,128.3335,147.0,65.0,190.0,66.8127,9660202
SIMS,2008-09-01,Sacramento River,5,78.891,87.0,37.0,117.0,43.1974,9660221
SIMS,2008-10-01,Sacramento River,5,49.4711,47.0,28.0,67.0,24.0013,9656155
SIMS,2008-11-01,Sacramento River,5,34.4454,33.0,29.0,40.0,8.4761,9462388
SIMS,2008-12-01,Sacramento River,5,20.8559,20.0,18.0,24.0,4.2642,7874829
SIMS,2009-01-01,Sacramento River,5,32.0181,32.0,24.0,39.0,10.1062,9440230
SIMS,2009-02-01,Sacramento River,5,44.6264,45.0,42.0,48.0,4.9869,9534971
SIMS,2009-03-01,Sacramento River,5,69.6115,71.0,51.0,91.0,22.4828,9831687
SIMS,2009-04-01,Sacramento River,5,82.2341,85.0,52.0,114.0,34.7478,9837012
SIMS,2009-05-01,Sacramento River,5,113.7026,118.0,80.0,149.0,42.6934,9837398
SIMS,2009-06-01,Sacramento River,5,123.6566,138.0,84.0,165.0,50.8058,9837394
SIMS,2009-07-01,Sacramento River,5,144.6458,166.0,89.0,207.0,70.1912,9837380
SIMS,2009-08-01,Sacramento River,5,118.2331,137.0,67.0,170.0,58.2578,9837370
SIMS,2009-09-01,Sacramento River,5,84.4913,94.0,43.0,124.0,43.6672,9837372
SIMS,2009-10-01,Sacramento River,5,53.5966,52.0,41.0,65.0,17.0359,9837178
SIMS,2009-11-01,Sacramento River,5,33.2967,33.0,24.0,41.0,10.884,9836965
SIMS,2009-12-01,Sacramento River,5,22.5384,22.0,20.0,25.0,3.985,9782157
SIMS,2010-01-01,Sacramento River,5,26.4436,27.0,25.0,28.0,2.1602,3842685
SIMS,2010-02-01,Sacramento River,5,39.2928,42.0,36.0,45.0,7.6138,5108507
SIMS,2010-03-01,Sacramento River,5,65.3624,66.0,51.0,82.0,17.6478,9823272
SIMS,2010-04-01,Sacramento River,5,90.7087,94.0,77.0,107.0,18.1111,9834871
SIMS,2010-05-01,Sacramento River,5,99.1451,102.0,69.0,130.0,36.8345,9834752
SIMS,2010-06-01,Sacramento River,5,113.2894,121.0,74.0,153.0,50.6624,9837229
SIMS,2010-07-01,Sacramento River,5,142.525,164.0,91.0,199.0,66.5507,9837264
SIMS,2010-08-01,Sacramento River,5,123.3039,141.0,72.0,179.0,61.1704,9837261
SIMS,2010-09-01,Sacramento River,5,86.6205,99.0,46.0,125.0,43.3556,9837325
SIMS,2010-10-01,Sacramento River,5,51.0489,52.0,35.0,66.0,18.7712,9837342
SIMS,2010-11-01,Sacramento River,5,36.3691,36.0,31.0,41.0,7.704,8742196
SIMS,2010-12-01,Sacramento River,5,25.3855,25.0,25.0,26.0,1.5149,8598153
SIMS,2011-01-01,Sacramento River,5,28.7162,29.0,25.0,33.0,5.8607,9702187
SIMS,2011-02-01,Sacramento River,5,42.0018,43.0,33.0,51.0,11.2527,7929911
SIMS,2011-03-01,Sacramento River,5,62.1926,68.0,62.0,73.0,18.0104,9498567
SIMS,2011-04-01,Sacramento River,5,69.8741,72.0,41.0,100.0,33.3305,9732340
SIMS,2011-05-01,Sacramento River,5,105.5428,109.0,81.0,134.0,33.3772,9805224
SIMS,2011-06-01,Sacramento River,5,118.0711,125.0,89.0,148.0,37.7993,9805315
SIMS,2011-07-01,Sacramento River,5,142.2175,164.0,105.0,192.0,60.5141,9805320
SIMS,2011-08-01,Sacramento River,5,128.6385,149.0,87.0,180.0,59.0389,9805313
SIMS,2011-09-01,Sacramento River,5,91.0448,106.0,55.0,128.0,43.1758,9805307
SIMS,2011-10-01,Sacramento River,5,56.7092,57.0,46.0,67.0,14.6736,9805263
SIMS,2011-11-01,Sacramento River,5,32.151,31.0,28.0,36.0,6.5143,9672072
SIMS,2011-12-01,Sacramento River,5,23.085,19.0,12.0,32.0,14.6507,9533170
SIMS,2012-01-01,Sacramento River,5,29.1913,27.0,21.0,35.0,10.2466,9681826
SIMS,2012-02-01,Sacramento River,5,42.6421,43.0,29.0,55.0,15.4694,9617333
SIMS,2012-03-01,Sacramento River,5,62.0369,61.0,51.0,74.0,13.1857,9571990
SIMS,2012-04-01,Sacramento River,5,90.9588,94.0,70.0,114.0,25.4625,9719585
SIMS,2012-05-01,Sacramento River,5,107.8301,113.0,67.0,150.0,51.5543,9780571
SIMS,2012-06-01,Sacramento River,5,123.8806,135.0,78.0,170.0,57.6747,9792379
SIMS,2012-07-01,Sacramento River,5,140.432,163.0,91.0,197.0,66.3286,9792267
SIMS,2012-08-01,Sacramento River,5,129.274,149.0,76.0,189.0,65.1007,9792589
SIMS,2012-09-01,Sacramento River,5,81.8184,93.0,41.0,121.0,44.1353,9789149
SIMS,2012-10-01,Sacramento River,5,50.1895,50.0,32.0,66.0,20.7597,9780621
SIMS,2012-11-01,Sacramento River,5,36.3734,36.0,32.0,41.0,6.4007,8203324
SIMS,2012-12-01,Sacramento River,5,31.054,32.0,31.0,32.0,2.0263,8611723
SIMS,2013-01-01,Sacramento River,5,30.8401,31.0,26.0,36.0,6.9242,8748102
SIMS,2013-02-01,Sacramento River,5,40.3696,42.0,26.0,53.0,16.4832,8206577
SIMS,2013-03-01,Sacramento River,5,67.7704,66.0,47.0,91.0,24.0208,9584824
SIMS,2013-04-01,Sacramento River,5,97.4305,101.0,58.0,138.0,42.5133,9799516
SIMS,2013-05-01,Sacramento River,5,112.9049,121.0,72.0,154.0,50.2628,9799622
SIMS,2013-06-01,Sacramento River,5,138.3435,156.0,99.0,182.0,54.9829,9799668
SIMS,2013-07-01,Sacramento River,5,157.4566,182.5046,110.5046,216.5144,69.7762,9799645
SIMS,2013-08-01,Sacramento River,5,125.0927,147.0,77.0,176.0,59.1831,9799652
SIMS,2013-09-01,Sacramento River,5,89.3746,100.0,56.0,122.0,37.5622,9799654
SIMS,2013-10-01,Sacramento River,5,43.5683,42.0,22.0,63.0,25.1635,9799646
SIMS,2013-11-01,Sacramento River,5,34.6481,32.0,24.0,43.0,13.5303,9799460
SIMS,2013-12-01,Sacramento River,5,21.703,19.0,14.0,27.0,10.8143,9762484
SIMS,2014-01-01,Sacramento River,5,24.4615,21.0,13.0,32.0,15.0748,9839716
SIMS,2014-02-01,Sacramento River,5,37.3559,37.0,31.0,43.0,8.715,9752717
SIMS,2014-03-01,Sacramento River,5,73.2707,71.0,60.0,89.0,16.9465,9755681
SIMS,2014-04-01,Sacramento River,5,89.5887,92.0,60.0,121.0,32.2113,9756169
SIMS,2014-05-01,Sacramento River,5,116.2544,122.0,77.0,159.0,51.4992,9756186
SIMS,2014-06-01,Sacramento River,5,127.148,146.0,71.0,181.0,65.5272,9756165
SIMS,2014-07-01,Sacramento River,5,139.8701,164.4971,74.4989,204.5096,73.8416,9756171
SIMS,2014-08-01,Sacramento River,5,116.3764,137.0,59.0,174.0,62.362,9756156
SIMS,2014-09-01,Sacramento River,5,87.5041,99.0,47.0,126.0,42.4753,9756124
SIMS,2014-10-01,Sacramento River,5,49.5462,50.0,29.0,68.0,24.6705,9756125
SIMS,2014-11-01,Sacramento River,5,32.863,32.0,28.0,37.0,6.9777,9751383
SIMS,2014-12-01,Sacramento River,5,31.4088,32.0,29.0,34.0,3.9179,9655612
SIMS,2015-01-01,Sacramento River,5,23.403,23.0,14.0,32.0,11.8645,9684874
SIMS,2015-02-01,Sacramento River,5,44.7073,45.0,36.0,55.0,12.15,9698836
SIMS,2015-03-01,Sacramento River,5,65.5988,66.0,37.0,95.0,30.1413,9699034
SIMS,2015-04-01,Sacramento River,5,96.8914,98.0,68.0,128.0,33.2671,9699098
SIMS,2015-05-01,Sacramento River,5,100.9285,108.0,63.0,140.0,47.7275,9699067
SIMS,2015-06-01,Sacramento River,5,134.4946,153.0,82.0,187.0,63.8732,9699033
SIMS,2015-07-01,Sacramento River,5,142.5048,165.0,81.0,207.0,70.6089,9699040
SIMS,2015-08-01,Sacramento River,5,117.1864,135.0,60.0,172.0,61.3964,9699049
SIMS,2015-09-01,Sacramento River,5,77.8765,84.0,37.0,116.0,42.3952,9699022
SIMS,2015-10-01,Sacramento River,5,47.889,45.0,29.0,66.0,24.8811,9692463
SIMS,2015-11-01,Sacramento River,5,42.7868,44.0,38.0,48.0,7.4054,9615937
SIMS,2015-12-01,Sacramento River,5,30.7477,31.0,30.0,33.0,3.0332,8989213
SIMS,2016-01-01,Sacramento River,5,32.4131,33.0,31.0,35.0,3.3453,8756139
SIMS,2016-02-01,Sacramento River,5,43.4891,43.0,33.0,54.0,12.6042,8880798
SIMS,2016-03-01,Sacramento River,5,70.8584,73.0,61.0,82.0,13.0553,9755173
SIMS,2016-04-01,Sacramento River,5,92.2935,97.0,58.0,125.0,34.6039,9761328
SIMS,2016-05-01,Sacramento River,5,114.2904,120.0,86.0,144.0,38.4761,9761383
SIMS,2016-06-01,Sacramento River,5,138.6493,156.0,101.0,180.0,54.0694,9761400
SIMS,2016-07-01,Sacramento River,5,152.82,174.5018,104.5037,210.5299,66.9993,9761389
SIMS,2016-08-01,Sacramento River,5,124.5454,144.0,78.0,173.0,57.3549,9761400
SIMS,2016-09-01,Sacramento River,5,82.0278,90.0,46.0,117.0,40.5517,9761395
SIMS,2016-10-01,Sacramento River,5,54.5016,54.0,44.0,64.0,13.5698,9761385
SIMS,2016-11-01,Sacramento River,5,29.3425,28.0,23.0,34.0,7.2022,9729117
SIMS,2016-12-01,Sacramento River,5,27.7993,28.0,25.0,31.0,3.8949,9557932
SIMS,2017-01-01,Sacramento River,5,33.7045,34.0,33.0,36.0,3.4577,9372346
SIMS,2017-02-01,Sacramento River,5,48.5472,50.0,46.0,52.0,4.3378,9352008
SIMS,2017-03-01,Sacramento River,5,67.2527,68.0,54.0,81.0,16.8715,9735137
SIMS,2017-04-01,Sacramento River,5,89.5395,90.0,73.0,108.0,19.8061,9750556
SIMS,2017-05-01,Sacramento River,5,113.5471,116.0,80.0,149.0,45.3392,9760810
SIMS,2017-06-01,Sacramento River,5,134.6889,147.0,93.0,177.0,52.5475,9760826
SIMS,2017-07-01,Sacramento River,5,153.0155,174.5019,96.4937,212.5141,67.2754,9760844
SIMS,2017-08-01,Sacramento River,5,128.3952,145.0,81.0,177.0,57.32,9760834
SIMS,2017-09-01,Sacramento River,5,85.8699,95.0,52.0,119.0,38.7704,9760823
SIMS,2017-10-01,Sacramento River,5,53.643,53.0,34.0,72.0,23.9741,9760835
SIMS,2017-11-01,Sacramento River,5,36.4819,37.0,34.0,39.0,4.1048,9759469
SIMS,2017-12-01,Sacramento River,5,22.5643,20.0,13.0,29.0,11.8401,9729473
SIMS,2018-01-01,Sacramento River,5,29.2939,29.0,28.0,31.0,3.0449,8789058
SIMS,2018-02-01,Sacramento River,5,39.7745,38.0,24.0,54.0,17.633,9813251
SIMS,2018-03-01,Sacramento River,5,75.1016,77.0,67.0,84.0,11.1848,9712191
SIMS,2018-04-01,Sacramento River,5,85.223,87.0,63.0,109.0,24.7772,9768580
SIMS,2018-05-01,Sacramento River,5,114.521,120.0,84.0,150.0,42.4955,9845967
SIMS,2018-06-01,Sacramento River,5,137.7711,153.0,97.0,182.0,55.9553,9845979
SIMS,2018-07-01,Sacramento River,5,148.2684,168.5034,100.5022,200.5076,62.9089,9845975
SIMS,2018-08-01,Sacramento River,5,116.4737,132.0,74.0,159.0,51.2567,9845980
SIMS,2018-09-01,Sacramento River,5,81.6687,90.0,47.0,116.0,39.1927,9845953
SIMS,2018-10-01,Sacramento River,5,52.666,52.0,34.0,68.0,22.6644,9845965
SIMS,2018-11-01,Sacramento River,5,28.3175,26.0,20.0,35.0,11.8201,9844622
SIMS,2018-12-01,Sacramento River,5,29.7893,29.0,27.0,33.0,4.7036,9502508
SIMS,2019-01-01,Sacramento River,5,32.831,33.0,30.0,36.0,4.4339,9033612
SIMS,2019-02-01,Sacramento River,5,45.3113,47.0,43.0,49.0,4.973,8969561
SIMS,2019-03-01,Sacramento River,5,74.4935,75.0,69.0,82.0,9.1919,9715128
SIMS,2019-04-01,Sacramento River,5,87.9055,93.0,58.0,119.0,33.1548,9809250
SIMS,2019-05-01,Sacramento River,5,115.4359,119.0,94.0,139.0,28.7506,9809972
SIMS,2019-06-01,Sacramento River,5,139.0577,150.5032,106.5085,180.5168,51.6069,9810588
SIMS,2019-07-01,Sacramento River,5,145.2421,166.0,107.0,192.0,56.7849,9810593
SIMS,2019-08-01,Sacramento River,5,129.3817,148.0,88.0,174.0,54.0454,9810592
SIMS,2019-09-01,Sacramento River,5,92.8712,103.0,64.0,123.0,35.5018,9810590
SIMS,2019-10-01,Sacramento River,5,52.0115,52.0,33.0,70.0,24.7977,9810589
SIMS,2019-11-01,Sacramento River,5,24.9941,22.0,14.0,32.0,13.546,9796068
SIMS,2019-12-01,Sacramento River,5,33.6785,32.0,30.0,38.0,5.8449,8703841
SIMS,2020-01-01,Sacramento River,5,29.4783,30.0,27.0,32.0,3.7363,9235457
SIMS,2020-02-01,Sacramento River,5,43.6063,43.0,26.0,59.0,20.1372,9948182
SIMS,2020-03-01,Sacramento River,5,64.8792,64.0,47.0,84.0,20.4046,9954233
SIMS,2020-04-01,Sacramento River,5,84.1057,86.0,55.0,113.0,30.7908,9954913
SIMS,2020-05-01,Sacramento River,5,118.6321,124.0,92.0,151.0,38.4523,9954819
SIMS,2020-06-01,Sacramento River,5,139.3183,156.0,100.0,185.0,56.9824,9955106
SIMS,2020-07-01,Sacramento River,5,145.9703,168.5121,100.5047,200.5361,62.8871,9955109
SIMS,2020-08-01,Sacramento River,5,124.7074,142.0,83.0,168.0,51.7714,9955105
SIMS,2020-09-01,Sacramento River,5,79.763,86.0,51.0,109.0,35.6975,9955046
SIMS,2020-10-01,Sacramento River,5,48.9389,46.0,29.0,67.0,25.2852,9955111
SIMS,2020-11-01,Sacramento River,5,30.9189,30.0,23.0,37.0,11.3438,9955086
SIMS,2020-12-01,Sacramento River,5,28.5412,27.0,23.0,32.0,7.5205,9943314
SIMS,2021-01-01,Sacramento River,5,32.6832,32.0,26.0,38.0,7.8758,9720588
SIMS,2021-02-01,Sacramento River,5,45.7067,46.0,35.0,56.0,13.3182,9920418
SIMS,2021-03-01,Sacramento River,5,72.3069,73.0,52.0,94.0,22.8524,9940287
SIMS,2021-04-01,Sacramento River,5,81.0731,81.0,44.0,119.0,40.8479,9964172
SIMS,2021-05-01,Sacramento River,5,115.8719,121.0,70.0,166.0,58.682,9964268
SIMS,2021-06-01,Sacramento River,5,131.4279,150.5027,76.4973,186.5067,65.7374,9964270
SIMS,2021-07-01,Sacramento River,5,139.9068,160.5025,74.5003,206.5182,72.76,9964272
SIMS,2021-08-01,Sacramento River,5,109.8417,121.0,60.0,160.0,57.6185,9964271
SIMS,2021-09-01,Sacramento River,5,83.2139,88.0,48.0,122.0,42.0718,9964273
SIMS,2021-10-01,Sacramento River,5,51.6166,50.0,39.0,63.0,16.8664,9964264
SIMS,2021-11-01,Sacramento River,5,30.9103,31.0,26.0,36.0,6.9544,9962254
SIMS,2021-12-01,Sacramento River,5,20.4776,20.0,19.0,22.0,2.2393,9951321
SIMS,2022-01-01,Sacramento River,5,26.1365,27.0,17.0,36.0,11.7635,9705212
SIMS,2022-02-01,Sacramento River,5,39.3629,40.0,22.0,57.0,20.5985,9913224
SIMS,2022-03-01,Sacramento River,5,69.3224,70.0,44.0,96.0,28.6868,9971213
SIMS,2022-04-01,Sacramento River,5,89.9654,91.0,60.0,126.0,37.9017,9976141
SIMS,2022-05-01,Sacramento River,5,110.2768,114.0,63.0,163.0,58.7438,9976375
SIMS,2022-06-01,Sacramento River,5,129.1144,140.502,72.0,190.5083,67.0029,9976394
SIMS,2022-07-01,Sacramento River,5,130.154,146.5023,58.5033,198.4838,76.0376,9976394
SIMS,2022-08-01,Sacramento River,5,115.474,124.0,52.0,180.0,68.7996,9976393
SIMS,2022-09-01,Sacramento River,5,90.3222,92.0,53.0,130.0,41.0541,9976393
SIMS,2022-10-01,Sacramento River,5,45.8438,46.0,25.0,65.0,26.3909,9976365
SIMS,2022-11-01,Sacramento River,5,34.7147,34.0,28.0,40.0,8.8549,9776794
SIMS,2022-12-01,Sacramento River,5,24.6747,25.0,24.0,27.0,2.8672,9464957
SIMS,2023-01-01,Sacramento River,5,42.4934,43.0,38.0,47.0,6.0037,9323188
SIMS,2023-02-01,Sacramento River,5,38.7838,38.0,33.0,45.0,8.9845,9647024
SIMS,2023-03-01,Sacramento River,5,76.2936,78.0,75.0,81.0,6.836,9450592
SIMS,2023-04-01,Sacramento River,5,82.2311,84.0,49.0,116.0,35.1752,9969302
SIMS,2023-05-01,Sacramento River,5,114.8782,119.0,89.0,145.0,35.3811,9982891
SIMS,2023-06-01,Sacramento River,5,130.4563,143.0,99.0,167.0,46.2488,9985066
SIMS,2023-07-01,Sacramento River,5,156.5671,180.5095,114.5049,206.5483,60.5465,9985066
SIMS,2023-08-01,Sacramento River,5,134.7132,154.0,95.0,179.0,53.2681,9985065
SIMS,2023-09-01,Sacramento River,5,85.4002,96.0,59.0,113.0,34.2835,9985065
SIMS,2023-10-01,Sacramento River,5,57.1871,59.0,43.0,70.0,18.7257,9984995
SIMS,2023-11-01,Sacramento River,5,35.221,35.0,28.0,41.0,9.7495,9984831
SIMS,2023-12-01,Sacramento River,5,26.0688,25.0,23.0,28.0,4.2085,9967067
SIMS,2024-01-01,Sacramento River,5,32.663,33.0,31.0,35.0,3.3499,9742558
SIMS,2024-02-01,Sacramento River,5,49.9562,52.0,47.0,54.0,5.7342,9913062
SIMS,2024-03-01,Sacramento River,5,71.5891,72.0,59.0,86.0,15.1374,9944262
SIMS,2024-04-01,Sacramento River,5,88.9226,93.0,59.0,118.0,30.3357,9988504
SIMS,2024-05-01,Sacramento River,5,129.9069,133.0,101.0,167.0,44.6596,9991323
SIMS,2024-06-01,Sacramento River,5,139.2892,154.0,97.0,185.0,57.3715,9991333
SIMS,2024-07-01,Sacramento River,5,155.442,176.5002,102.4959,214.5228,67.0337,9991333
SIMS,2024-08-01,Sacramento River,5,126.6992,144.0,80.0,175.0,55.8655,9991333
SIMS,2024-09-01,Sacramento River,5,88.1016,97.0,54.0,123.0,40.1631,9991333
SIMS,2024-10-01,Sacramento River,5,51.7286,51.0,35.0,67.0,23.093,9991333
SIMS,2024-11-01,Sacramento River,5,37.9676,37.0,33.0,42.0,7.4618,9987843
SIMS,2024-12-01,Sacramento River,5,21.9371,21.0,19.0,24.0,4.0116,9980107
SIMS,2025-01-01,Sacramento River,5,37.6892,37.0,29.0,45.0,11.1239,9955124
SIMS,2025-02-01,Sacramento River,5,49.8165,52.0,46.0,55.0,7.0209,9980555
SIMS,2025-03-01,Sacramento River,5,66.7338,67.0,55.0,80.0,14.3792,9981576
SIMS,2025-04-01,Sacramento River,5,85.0068,91.0,53.0,115.0,32.4994,9985496
SIMS,2025-05-01,Sacramento River,5,123.7132,128.0,91.0,163.0,46.5037,9989327
SIMS,2025-06-01,Sacramento River,5,137.5669,152.0,101.0,177.0,50.8451,9989329
SIMS,2025-07-01,Sacramento River,5,144.8724,166.0,102.0,193.0,56.3893,9989329
SIMS,2025-08-01,Sacramento River,5,131.6268,149.0,88.0,179.0,54.0599,9989329
SIMS,2025-09-01,Sacramento River,5,86.6123,95.0,58.0,118.0,35.6088,9989329
SIMS,2025-10-01,Sacramento River,5,58.8267,59.0,50.0,68.0,13.1588,9987377
SIMS,2025-11-01,Sacramento River,5,34.8672,35.0,32.0,38.0,4.4201,9986392
SIMS,2025-12-01,Sacramento River,5,17.9659,18.0,15.0,20.0,3.6229,8265202
SIMS,2003-10-01,San Francisco Bay,2,27.8567,25.0,14.0,38.0,17.4304,520255
SIMS,2003-11-01,San Francisco Bay,2,31.5619,33.0,29.0,36.0,5.9133,503818
SIMS,2003-12-01,San Francisco Bay,2,24.9989,25.0,23.0,26.0,2.772,416974
SIMS,2004-01-01,San Francisco Bay,2,27.4009,28.0,26.0,29.0,3.912,424148
SIMS,2004-02-01,San Francisco Bay,2,44.9892,46.0,44.0,47.0,4.9902,514285
SIMS,2004-03-01,San Francisco Bay,2,75.7209,78.0,66.0,90.0,17.8449,520367
SIMS,2004-04-01,San Francisco Bay,2,80.577,82.0,59.0,102.0,25.7079,520255
SIMS,2004-05-01,San Francisco Bay,2,71.9403,71.0,54.0,90.0,26.4263,520246
SIMS,2004-06-01,San Francisco Bay,2,63.3583,62.0,37.0,86.0,32.5722,520037
SIMS,2004-07-01,San Francisco Bay,2,54.5124,49.0,26.0,78.0,33.7092,512828
SIMS,2004-08-01,San Francisco Bay,2,47.5721,42.0,23.0,67.0,30.1189,512974
SIMS,2004-09-01,San Francisco Bay,2,40.4194,36.0,22.0,53.0,23.667,520402
SIMS,2004-10-01,San Francisco Bay,2,38.4644,38.0,31.0,44.0,11.2166,520402
SIMS,2004-11-01,San Francisco Bay,2,33.2135,34.0,30.0,39.0,7.0132,520399
SIMS,2004-12-01,San Francisco Bay,2,24.2013,25.0,21.0,28.0,5.1398,520323
SIMS,2005-01-01,San Francisco Bay,2,26.7931,27.0,25.0,28.0,3.721,518802
SIMS,2005-02-01,San Francisco Bay,2,38.7641,40.0,36.0,42.0,5.2639,519611
SIMS,2005-03-01,San Francisco Bay,2,76.7505,78.0,74.0,82.0,9.0356,520373
SIMS,2005-04-01,San Francisco Bay,2,87.3306,90.0,76.0,100.0,16.2473,520308
SIMS,2005-05-01,San Francisco Bay,2,100.8263,103.0,92.0,112.0,16.6648,520281
SIMS,2005-06-01,San Francisco Bay,2,84.3515,88.0,65.0,105.0,28.1652,520290
SIMS,2005-07-01,San Francisco Bay,2,76.1591,78.0,43.0,107.0,39.1259,518851
SIMS,2005-08-01,San Francisco Bay,2,57.2663,56.0,28.0,83.0,33.2127,516452
SIMS,2005-09-01,San Francisco Bay,2,38.973,37.0,19.0,54.0,23.0126,520340
SIMS,2005-10-01,San Francisco Bay,2,33.641,33.0,20.0,44.0,16.3202,520382
SIMS,2005-11-01,San Francisco Bay,2,30.3574,32.0,25.0,36.0,8.4905,520402
SIMS,2005-12-01,San Francisco Bay,2,24.3728,25.0,22.0,27.0,3.9964,520234
SIMS,2006-01-01,San Francisco Bay,2,33.2925,34.0,32.0,35.0,3.8105,520238
SIMS,2006-02-01,San Francisco Bay,2,41.3746,43.0,39.0,47.0,7.8298,520399
SIMS,2006-03-01,San Francisco Bay,2,65.2264,66.0,64.0,69.0,8.0644,517905
SIMS,2006-04-01,San Francisco Bay,2,79.7097,81.0,74.0,88.0,12.5614,517771
SIMS,2006-05-01,San Francisco Bay,2,92.0671,93.0,73.0,113.0,26.3743,520290
SIMS,2006-06-01,San Francisco Bay,2,76.3555,78.0,57.0,97.0,28.9249,520280
SIMS,2006-07-01,San Francisco Bay,2,73.8868,75.0,40.0,103.0,37.9145,520355
SIMS,2006-08-01,San Francisco Bay,2,52.9663,51.0,25.0,76.0,30.9032,520249
SIMS,2006-09-01,San Francisco Bay,2,39.6263,37.0,19.0,54.0,23.9671,520259
SIMS,2006-10-01,San Francisco Bay,2,30.375,29.0,20.0,37.0,14.0778,520224
SIMS,2006-11-01,San Francisco Bay,2,33.3872,36.0,30.0,38.0,6.385,520373
SIMS,2006-12-01,San Francisco Bay,2,27.464,28.0,25.0,30.0,4.0681,520399
SIMS,2007-01-01,San Francisco Bay,2,30.1116,32.0,26.0,35.0,7.2601,520369
SIMS,2007-02-01,San Francisco Bay,2,40.4155,42.0,39.0,44.0,5.7519,520402
SIMS,2007-03-01,San Francisco Bay,2,68.4519,70.0,58.0,82.0,16.7726,520370
SIMS,2007-04-01,San Francisco Bay,2,87.0329,88.0,72.0,103.0,19.2568,520277
SIMS,2007-05-01,San Francisco Bay,2,78.8742,78.0,62.0,97.0,25.7774,520226
SIMS,2007-06-01,San Francisco Bay,2,63.4224,63.0,36.0,87.0,32.5148,520169
SIMS,2007-07-01,San Francisco Bay,2,61.0609,57.0,30.0,88.0,35.5553,520119
SIMS,2007-08-01,San Francisco Bay,2,50.5182,45.0,23.0,73.0,32.2787,520084
SIMS,2007-09-01,San Francisco Bay,2,37.8265,35.0,20.0,50.0,21.8282,520286
SIMS,2007-10-01,San Francisco Bay,2,45.7471,47.0,39.0,51.0,12.056,519249
SIMS,2007-11-01,San Francisco Bay,2,29.2551,29.0,24.0,36.0,9.1968,500598
SIMS,2007-12-01,San Francisco Bay,2,29.2189,30.0,25.0,34.0,5.8251,463099
SIMS,2008-01-01,San Francisco Bay,2,30.3137,31.0,28.0,33.0,3.7834,470450
SIMS,2008-02-01,San Francisco Bay,2,46.1978,48.0,44.0,51.0,7.9328,520387
SIMS,2008-03-01,San Francisco Bay,2,63.5445,66.0,52.0,78.0,18.7493,520334
SIMS,2008-04-01,San Francisco Bay,2,72.9357,73.0,48.0,98.0,28.4425,520332
SIMS,2008-05-01,San Francisco Bay,2,71.7825,71.0,55.0,89.0,25.4023,520227
SIMS,2008-06-01,San Francisco Bay,2,67.2912,68.0,42.0,90.0,31.7356,519996
SIMS,2008-07-01,San Francisco Bay,2,58.9233,56.0,29.0,85.0,34.0129,520248
SIMS,2008-08-01,San Francisco Bay,2,50.7488,45.0,24.0,72.0,32.0609,520306
SIMS,2008-09-01,San Francisco Bay,2,37.2634,34.0,18.0,51.0,23.4735,520292
SIMS,2008-10-01,San Francisco Bay,2,32.5285,31.0,20.0,42.0,15.7696,520320
SIMS,2008-11-01,San Francisco Bay,2,28.6452,29.0,25.0,33.0,7.1571,485235
SIMS,2008-12-01,San Francisco Bay,2,20.2618,20.0,17.0,23.0,4.01,424511
SIMS,2009-01-01,San Francisco Bay,2,31.5038,32.0,30.0,35.0,6.7401,575540
SIMS,2009-02-01,San Francisco Bay,2,40.2133,40.0,38.0,43.0,4.0053,575559
SIMS,2009-03-01,San Francisco Bay,2,71.8171,70.0,65.0,82.0,12.291,575187
SIMS,2009-04-01,San Francisco Bay,2,78.1702,76.0,59.0,99.0,22.9809,575092
SIMS,2009-05-01,San Francisco Bay,2,83.6185,83.0,71.0,98.0,22.1155,574914
SIMS,2009-06-01,San Francisco Bay,2,66.4534,68.0,48.0,85.0,27.5244,567902
SIMS,2009-07-01,San Francisco Bay,2,63.6142,64.0,36.0,88.0,33.9974,571609
SIMS,2009-08-01,San Francisco Bay,2,53.2264,54.0,32.0,71.0,27.6816,572917
SIMS,2009-09-01,San Francisco Bay,2,44.2885,44.0,29.0,55.0,21.0827,572912
SIMS,2009-10-01,San Francisco Bay,2,42.6892,43.0,39.0,47.0,10.5367,575449
SIMS,2009-11-01,San Francisco Bay,2,29.9782,28.0,26.0,36.0,8.3322,575521
SIMS,2009-12-01,San Francisco Bay,2,21.8318,21.0,18.0,25.0,4.2681,573520
SIMS,2010-01-01,San Francisco Bay,2,27.0765,27.0,25.0,29.0,3.9305,135675
SIMS,2010-02-01,San Francisco Bay,2,41.7811,43.0,40.0,44.0,3.4304,142348
SIMS,2010-03-01,San Francisco Bay,2,70.7907,71.0,66.0,78.0,10.9227,579781
SIMS,2010-04-01,San Francisco Bay,2,87.621,89.0,81.0,98.0,14.2889,579341
SIMS,2010-05-01,San Francisco Bay,2,93.5758,95.0,83.0,105.0,17.8178,579244
SIMS,2010-06-01,San Francisco Bay,2,76.2838,78.0,58.0,96.0,30.347,579292
SIMS,2010-07-01,San Francisco Bay,2,65.3641,67.0,42.0,88.0,32.5004,578911
SIMS,2010-08-01,San Francisco Bay,2,52.004,53.0,30.0,70.0,27.8189,576958
SIMS,2010-09-01,San Francisco Bay,2,38.9367,39.0,23.0,51.0,21.0991,579285
SIMS,2010-10-01,San Francisco Bay,2,35.5753,37.0,29.0,40.0,10.7568,579649
SIMS,2010-11-01,San Francisco Bay,2,32.2196,32.0,29.0,36.0,6.1235,576460
SIMS,2010-12-01,San Francisco Bay,2,24.6,25.0,23.0,26.0,2.5714,568901
SIMS,2011-01-01,San Francisco Bay,2,27.5772,28.0,25.0,30.0,5.2724,574379
SIMS,2011-02-01,San Francisco Bay,2,41.8525,42.0,40.0,46.0,7.1414,539303
SIMS,2011-03-01,San Francisco Bay,2,65.2348,68.0,63.0,70.0,9.3157,546449
SIMS,2011-04-01,San Francisco Bay,2,75.891,74.0,61.0,94.0,20.6884,574189
SIMS,2011-05-01,San Francisco Bay,2,87.9363,86.0,73.0,105.0,21.3126,574154
SIMS,2011-06-01,San Francisco Bay,2,87.2958,89.0,75.0,102.0,20.9878,573814
SIMS,2011-07-01,San Francisco Bay,2,74.9767,80.0,50.0,101.0,34.2186,570309
SIMS,2011-08-01,San Francisco Bay,2,57.9,60.0,34.0,79.0,29.7354,570719
SIMS,2011-09-01,San Francisco Bay,2,44.0002,45.0,28.0,57.0,21.6967,573280
SIMS,2011-10-01,San Francisco Bay,2,43.8231,44.0,40.0,48.0,11.4737,574013
SIMS,2011-11-01,San Francisco Bay,2,30.3206,31.0,27.0,34.0,6.3578,573326
SIMS,2011-12-01,San Francisco Bay,2,19.7279,20.0,16.0,22.0,7.3999,560835
SIMS,2012-01-01,San Francisco Bay,2,25.7821,27.0,23.0,30.0,6.2054,570209
SIMS,2012-02-01,San Francisco Bay,2,44.4093,47.0,42.0,50.0,9.4994,570488
SIMS,2012-03-01,San Francisco Bay,2,62.3823,62.0,59.0,67.0,8.6354,570444
SIMS,2012-04-01,San Francisco Bay,2,89.1285,87.0,78.0,102.0,15.6491,573212
SIMS,2012-05-01,San Francisco Bay,2,86.7983,85.0,70.0,104.0,26.2595,573078
SIMS,2012-06-01,San Francisco Bay,2,71.0564,73.0,51.0,91.0,29.3535,572539
SIMS,2012-07-01,San Francisco Bay,2,61.6164,63.0,36.0,84.0,32.1449,566752
SIMS,2012-08-01,San Francisco Bay,2,52.2627,53.0,28.0,71.0,29.5465,569170
SIMS,2012-09-01,San Francisco Bay,2,35.9591,36.0,20.0,47.0,20.6609,570171
SIMS,2012-10-01,San Francisco Bay,2,34.5857,35.0,27.0,40.0,11.6874,563184
SIMS,2012-11-01,San Francisco Bay,2,32.9746,34.0,30.0,36.0,5.3306,489143
SIMS,2012-12-01,San Francisco Bay,2,26.7001,27.0,24.0,30.0,3.633,560960
SIMS,2013-01-01,San Francisco Bay,2,30.7136,31.0,29.0,34.0,5.3791,569328
SIMS,2013-02-01,San Francisco Bay,2,41.5877,42.0,37.0,48.0,8.8681,494586
SIMS,2013-03-01,San Francisco Bay,2,63.7279,63.0,55.0,74.0,14.3045,553335
SIMS,2013-04-01,San Francisco Bay,2,91.7721,90.0,73.0,113.0,24.4472,573589
SIMS,2013-05-01,San Francisco Bay,2,77.0771,77.0,63.0,93.0,26.0492,572653
SIMS,2013-06-01,San Francisco Bay,2,74.1893,77.0,52.0,96.0,30.1958,572877
SIMS,2013-07-01,San Francisco Bay,2,66.3076,67.0,37.0,92.0,34.8537,572738
SIMS,2013-08-01,San Francisco Bay,2,54.5881,55.0,31.0,73.0,28.4205,573114
SIMS,2013-09-01,San Francisco Bay,2,48.4318,49.0,34.0,59.0,19.5842,573895
SIMS,2013-10-01,San Francisco Bay,2,26.9325,27.0,17.0,34.0,13.8852,573652
SIMS,2013-11-01,San Francisco Bay,2,24.0338,25.0,20.0,28.0,7.254,573847
SIMS,2013-12-01,San Francisco Bay,2,18.8842,20.0,15.0,22.0,5.6062,573928
SIMS,2014-01-01,San Francisco Bay,2,19.0505,19.0,14.0,23.0,7.205,576851
SIMS,2014-02-01,San Francisco Bay,2,36.9612,38.0,34.0,41.0,6.3696,570378
SIMS,2014-03-01,San Francisco Bay,2,70.8125,70.0,64.0,78.0,11.4714,570585
SIMS,2014-04-01,San Francisco Bay,2,91.9825,90.0,79.0,108.0,18.5917,570563
SIMS,2014-05-01,San Francisco Bay,2,90.9468,92.0,75.0,109.0,29.8134,570469
SIMS,2014-06-01,San Francisco Bay,2,73.8002,77.0,52.0,96.0,32.0452,569974
SIMS,2014-07-01,San Francisco Bay,2,70.4356,73.0,44.0,94.0,33.6319,570204
SIMS,2014-08-01,San Francisco Bay,2,53.9668,55.0,33.0,71.0,27.3344,569571
SIMS,2014-09-01,San Francisco Bay,2,49.0122,50.0,36.0,59.0,18.6629,570499
SIMS,2014-10-01,San Francisco Bay,2,36.2126,37.0,26.0,45.0,14.6243,570617
SIMS,2014-11-01,San Francisco Bay,2,27.5744,28.0,25.0,29.0,5.8907,570439
SIMS,2014-12-01,San Francisco Bay,2,28.726,29.0,24.0,34.0,5.0703,570604
SIMS,2015-01-01,San Francisco Bay,2,26.6687,27.0,22.0,31.0,8.1733,571581
SIMS,2015-02-01,San Francisco Bay,2,44.9819,44.0,41.0,53.0,9.2799,567417
SIMS,2015-03-01,San Francisco Bay,2,67.138,64.0,51.0,87.0,20.8783,567421
SIMS,2015-04-01,San Francisco Bay,2,86.8506,85.0,72.0,104.0,21.2032,567296
SIMS,2015-05-01,San Francisco Bay,2,67.7292,68.0,55.0,82.0,23.173,565444
SIMS,2015-06-01,San Francisco Bay,2,75.354,77.0,54.0,97.0,31.0775,564649
SIMS,2015-07-01,San Francisco Bay,2,71.1212,73.0,43.0,97.0,34.678,567135
SIMS,2015-08-01,San Francisco Bay,2,59.4858,61.0,36.0,79.0,29.8124,567270
SIMS,2015-09-01,San Francisco Bay,2,44.2876,46.0,27.0,57.0,21.9343,567002
SIMS,2015-10-01,San Francisco Bay,2,30.2379,31.0,20.0,38.0,14.7282,566966
SIMS,2015-11-01,San Francisco Bay,2,36.3431,37.0,32.0,41.0,8.2244,567388
SIMS,2015-12-01,San Francisco Bay,2,26.8139,26.0,24.0,30.0,3.8181,558051
SIMS,2016-01-01,San Francisco Bay,2,30.9407,31.0,29.0,33.0,2.6702,571080
SIMS,2016-02-01,San Francisco Bay,2,46.3,45.0,42.0,52.0,7.4505,574480
SIMS,2016-03-01,San Francisco Bay,2,67.6859,67.0,62.0,74.0,9.6231,578788
SIMS,2016-04-01,San Francisco Bay,2,90.4668,88.0,78.0,107.0,19.4395,578864
SIMS,2016-05-01,San Francisco Bay,2,79.5298,80.0,66.0,94.0,23.0805,578820
SIMS,2016-06-01,San Francisco Bay,2,76.7057,80.0,56.0,99.0,30.8531,579065
SIMS,2016-07-01,San Francisco Bay,2,70.0283,72.0,46.0,94.0,33.7765,578156
SIMS,2016-08-01,San Francisco Bay,2,54.3104,56.0,36.0,71.0,26.1216,578499
SIMS,2016-09-01,San Francisco Bay,2,40.4503,42.0,28.0,51.0,19.5397,579123
SIMS,2016-10-01,San Francisco Bay,2,41.7469,42.0,38.0,45.0,7.6824,579236
SIMS,2016-11-01,San Francisco Bay,2,26.7667,24.0,22.0,32.0,6.3751,579221
SIMS,2016-12-01,San Francisco Bay,2,23.2782,22.0,19.0,27.0,5.4069,579174
SIMS,2017-01-01,San Francisco Bay,2,29.1095,29.0,27.0,31.0,3.7614,580004
SIMS,2017-02-01,San Francisco Bay,2,41.3957,42.0,39.0,44.0,5.0609,570334
SIMS,2017-03-01,San Francisco Bay,2,71.8934,72.0,67.0,79.0,11.7954,578459
SIMS,2017-04-01,San Francisco Bay,2,85.608,84.0,76.0,99.0,15.4255,578873
SIMS,2017-05-01,San Francisco Bay,2,85.1878,85.0,70.0,100.0,24.4602,578744
SIMS,2017-06-01,San Francisco Bay,2,83.5478,88.0,66.0,105.0,30.2526,578767
SIMS,2017-07-01,San Francisco Bay,2,75.6369,78.0,52.0,101.0,34.2563,578865
SIMS,2017-08-01,San Francisco Bay,2,57.4953,60.0,40.0,75.0,26.3059,579320
SIMS,2017-09-01,San Francisco Bay,2,44.4588,46.0,33.0,55.0,19.979,579327
SIMS,2017-10-01,San Francisco Bay,2,33.3794,34.0,25.0,40.0,13.5416,579232
SIMS,2017-11-01,San Francisco Bay,2,31.2112,32.0,29.0,33.0,4.8487,579312
SIMS,2017-12-01,San Francisco Bay,2,18.9315,18.0,15.0,22.0,7.6837,579181
SIMS,2018-01-01,San Francisco Bay,2,27.1415,27.0,24.0,29.0,4.3693,586706
SIMS,2018-02-01,San Francisco Bay,2,43.3486,43.0,40.0,50.0,10.0188,587453
SIMS,2018-03-01,San Francisco Bay,2,70.3825,71.0,66.0,75.0,7.9501,587449
SIMS,2018-04-01,San Francisco Bay,2,83.4261,80.0,72.0,97.0,15.616,587427
SIMS,2018-05-01,San Francisco Bay,2,80.8109,79.0,64.0,98.0,23.8779,587347
SIMS,2018-06-01,San Francisco Bay,2,76.6751,78.0,58.0,95.0,26.4657,587250
SIMS,2018-07-01,San Francisco Bay,2,73.5191,74.0,51.0,95.0,29.9308,583514
SIMS,2018-08-01,San Francisco Bay,2,55.9232,56.0,39.0,70.0,23.3674,583738
SIMS,2018-09-01,San Francisco Bay,2,40.976,41.0,30.0,50.0,17.4034,587293
SIMS,2018-10-01,San Francisco Bay,2,38.2552,40.0,28.0,47.0,13.9347,587458
SIMS,2018-11-01,San Francisco Bay,2,22.9911,23.0,20.0,25.0,5.6274,587454
SIMS,2018-12-01,San Francisco Bay,2,29.151,30.0,26.0,32.0,4.8743,586716
SIMS,2019-01-01,San Francisco Bay,2,31.8573,32.0,30.0,34.0,4.0079,551992
SIMS,2019-02-01,San Francisco Bay,2,42.3872,43.0,40.0,45.0,5.1694,534768
SIMS,2019-03-01,San Francisco Bay,2,72.213,74.0,69.0,78.0,10.3535,580768
SIMS,2019-04-01,San Francisco Bay,2,85.057,83.0,71.0,105.0,22.2619,580722
SIMS,2019-05-01,San Francisco Bay,2,87.8327,87.0,77.0,100.0,18.4979,580693
SIMS,2019-06-01,San Francisco Bay,2,92.5621,95.0,76.0,112.0,28.9974,580699
SIMS,2019-07-01,San Francisco Bay,2,82.5352,85.0,63.0,104.0,30.0588,580579
SIMS,2019-08-01,San Francisco Bay,2,67.1985,69.0,50.0,84.0,27.0587,580769
SIMS,2019-09-01,San Francisco Bay,2,49.2787,50.0,38.0,59.0,19.318,580786
SIMS,2019-10-01,San Francisco Bay,2,34.0376,34.0,26.0,41.0,14.1278,580786
SIMS,2019-11-01,San Francisco Bay,2,16.652,17.0,14.0,19.0,5.8456,579146
SIMS,2019-12-01,San Francisco Bay,2,27.9435,28.0,26.0,29.0,2.6057,566235
SIMS,2020-01-01,San Francisco Bay,2,30.4396,31.0,30.0,32.0,3.0211,574764
SIMS,2020-02-01,San Francisco Bay,2,47.7367,48.0,40.0,58.0,13.3683,586180
SIMS,2020-03-01,San Francisco Bay,2,67.5946,67.0,62.0,76.0,10.7822,586170
SIMS,2020-04-01,San Francisco Bay,2,80.3365,79.0,66.0,97.0,19.5461,585665
SIMS,2020-05-01,San Francisco Bay,2,89.63,92.0,77.0,104.0,22.4049,585495
SIMS,2020-06-01,San Francisco Bay,2,73.9616,77.0,50.0,97.0,32.6745,585047
SIMS,2020-07-01,San Francisco Bay,2,65.2575,67.0,40.0,87.0,31.9001,585041
SIMS,2020-08-01,San Francisco Bay,2,60.0355,62.0,40.0,76.0,26.5355,579714
SIMS,2020-09-01,San Francisco Bay,2,39.688,40.0,27.0,49.0,18.4763,585927
SIMS,2020-10-01,San Francisco Bay,2,29.6114,30.0,20.0,36.0,14.044,586046
SIMS,2020-11-01,San Francisco Bay,2,24.4141,26.0,20.0,30.0,7.4698,586113
SIMS,2020-12-01,San Francisco Bay,2,23.1168,24.0,21.0,25.0,4.2545,586263
SIMS,2021-01-01,San Francisco Bay,2,33.6395,35.0,31.0,38.0,5.9439,587898
SIMS,2021-02-01,San Francisco Bay,2,50.1529,52.0,48.0,55.0,8.9826,586789
SIMS,2021-03-01,San Francisco Bay,2,75.4596,76.0,71.0,82.0,12.6332,586797
SIMS,2021-04-01,San Francisco Bay,2,68.2511,68.0,52.0,85.0,24.3449,586462
SIMS,2021-05-01,San Francisco Bay,2,68.1888,69.0,53.0,85.0,28.1684,586416
SIMS,2021-06-01,San Francisco Bay,2,62.757,64.0,41.0,82.0,30.7634,586372
SIMS,2021-07-01,San Francisco Bay,2,60.1892,61.0,36.0,81.0,31.1952,586361
SIMS,2021-08-01,San Francisco Bay,2,49.7686,51.0,31.0,64.0,24.9795,586719
SIMS,2021-09-01,San Francisco Bay,2,40.3516,41.0,27.0,50.0,20.097,586719
SIMS,2021-10-01,San Francisco Bay,2,38.8626,39.0,34.0,43.0,9.5073,586519
SIMS,2021-11-01,San Francisco Bay,2,31.0849,31.0,26.0,36.0,6.4664,586509
SIMS,2021-12-01,San Francisco Bay,2,19.8157,19.0,16.0,24.0,4.7093,590076
SIMS,2022-01-01,San Francisco Bay,2,30.9207,30.0,28.0,36.0,5.8484,590617
SIMS,2022-02-01,San Francisco Bay,2,48.1026,46.0,42.0,59.0,12.1612,590620
SIMS,2022-03-01,San Francisco Bay,2,71.335,70.0,58.0,86.0,18.4274,590616
SIMS,2022-04-01,San Francisco Bay,2,90.4552,89.0,76.0,106.0,19.4866,590360
SIMS,2022-05-01,San Francisco Bay,2,85.9553,86.0,69.0,103.0,26.9393,590346
SIMS,2022-06-01,San Francisco Bay,2,84.2734,86.0,60.0,108.0,32.2498,590518
SIMS,2022-07-01,San Francisco Bay,2,71.5808,71.0,47.0,94.0,32.0293,590492
SIMS,2022-08-01,San Francisco Bay,2,64.3808,63.0,44.0,82.0,28.437,590624
SIMS,2022-09-01,San Francisco Bay,2,56.1626,56.0,46.0,66.0,18.7333,590633
SIMS,2022-10-01,San Francisco Bay,2,29.6352,29.0,22.0,36.0,12.6152,590623
SIMS,2022-11-01,San Francisco Bay,2,28.4776,29.0,25.0,32.0,6.768,590624
SIMS,2022-12-01,San Francisco Bay,2,22.3377,23.0,19.0,25.0,3.5023,590615
SIMS,2023-01-01,San Francisco Bay,2,36.5916,37.0,34.0,40.0,4.7813,592269
SIMS,2023-02-01,San Francisco Bay,2,41.18,42.0,39.0,45.0,6.9811,592215
SIMS,2023-03-01,San Francisco Bay,2,70.8791,72.0,69.0,75.0,8.7205,592221
SIMS,2023-04-01,San Francisco Bay,2,85.2604,84.0,72.0,103.0,22.7371,592220
SIMS,2023-05-01,San Francisco Bay,2,87.1421,86.0,74.0,102.0,21.0135,589786
SIMS,2023-06-01,San Francisco Bay,2,78.6471,80.0,66.0,93.0,23.2247,591959
SIMS,2023-07-01,San Francisco Bay,2,84.1577,86.0,65.0,105.0,31.3746,592121
SIMS,2023-08-01,San Francisco Bay,2,68.4006,69.0,53.0,85.0,26.9499,591914
SIMS,2023-09-01,San Francisco Bay,2,45.1421,45.0,35.0,54.0,17.9462,592221
SIMS,2023-10-01,San Francisco Bay,2,39.4514,41.0,33.0,46.0,12.8186,592221
SIMS,2023-11-01,San Francisco Bay,2,31.9952,33.0,29.0,36.0,6.994,592221
SIMS,2023-12-01,San Francisco Bay,2,25.245,25.0,22.0,28.0,3.5585,594644
SIMS,2024-01-01,San Francisco Bay,2,32.5482,33.0,31.0,35.0,3.0299,594611
SIMS,2024-02-01,San Francisco Bay,2,45.5932,46.0,42.0,49.0,5.3474,594618
SIMS,2024-03-01,San Francisco Bay,2,75.4019,75.0,71.0,81.0,9.369,594631
SIMS,2024-04-01,San Francisco Bay,2,86.2347,83.0,73.0,103.0,19.1131,594632
SIMS,2024-05-01,San Francisco Bay,2,99.3441,99.0,86.0,114.0,23.2717,594597
SIMS,2024-06-01,San Francisco Bay,2,84.2974,86.0,67.0,103.0,28.4732,594614
SIMS,2024-07-01,San Francisco Bay,2,80.9884,82.0,61.0,102.0,31.8303,594632
SIMS,2024-08-01,San Francisco Bay,2,64.1651,64.0,49.0,79.0,25.7348,594620
SIMS,2024-09-01,San Francisco Bay,2,45.6379,45.0,36.0,55.0,18.6367,594587
SIMS,2024-10-01,San Francisco Bay,2,35.4184,36.0,28.0,41.0,13.3847,594614
SIMS,2024-11-01,San Francisco Bay,2,34.9444,37.0,31.0,40.0,6.172,594632
SIMS,2024-12-01,San Francisco Bay,2,21.1676,20.0,19.0,22.0,3.0369,594620
SIMS,2025-01-01,San Francisco Bay,2,34.1887,35.0,31.0,38.0,7.5545,593945
SIMS,2025-02-01,San Francisco Bay,2,45.4551,47.0,43.0,50.0,6.9793,593957
SIMS,2025-03-01,San Francisco Bay,2,68.7424,67.0,64.0,77.0,11.1365,593919
SIMS,2025-04-01,San Francisco Bay,2,82.2431,80.0,71.0,97.0,18.6924,593769
SIMS,2025-05-01,San Francisco Bay,2,93.9836,93.0,78.0,110.0,26.1038,593736
SIMS,2025-06-01,San Francisco Bay,2,77.8188,80.0,62.0,95.0,27.0243,592086
SIMS,2025-07-01,San Francisco Bay,2,70.6977,71.0,53.0,89.0,27.7989,591715
SIMS,2025-08-01,San Francisco Bay,2,64.8969,65.0,49.0,80.0,26.3061,593916
SIMS,2025-09-01,San Francisco Bay,2,46.979,47.0,37.0,56.0,18.1784,593916
SIMS,2025-10-01,San Francisco Bay,2,43.2341,44.0,39.0,48.0,9.8083,593942
SIMS,2025-11-01,San Francisco Bay,2,29.5569,29.0,25.0,34.0,5.7875,574449
SIMS,2025-12-01,San Francisco Bay,2,18.3501,16.0,13.0,23.0,5.8533,593457
SIMS,2003-10-01,San Joaquin River,6,47.5212,44.0,24.0,68.0,26.6539,9201397
SIMS,2003-11-01,San Joaquin River,6,31.3842,32.0,26.0,36.0,7.2535,9040409
SIMS,2003-12-01,San Joaquin River,6,31.8848,32.0,31.0,33.0,2.6273,8850010
SIMS,2004-01-01,San Joaquin River,6,28.6822,30.0,27.0,32.0,3.7561,8680562
SIMS,2004-02-01,San Joaquin River,6,50.0893,51.0,47.0,54.0,4.645,9170853
SIMS,2004-03-01,San Joaquin River,6,77.3561,86.0,55.0,100.0,27.0323,9201361
SIMS,2004-04-01,San Joaquin River,6,85.8944,90.0,48.0,122.0,39.6171,9201397
SIMS,2004-05-01,San Joaquin River,6,92.5393,86.0,47.0,137.0,48.5775,9201381
SIMS,2004-06-01,San Joaquin River,6,116.0838,126.0,62.4905,163.0,56.8821,9201375
SIMS,2004-07-01,San Joaquin River,6,135.7956,152.5064,86.4985,188.0,63.2071,9201392
SIMS,2004-08-01,San Joaquin River,6,116.1698,126.5053,72.5107,162.4976,55.4058,9201394
SIMS,2004-09-01,San Joaquin River,6,80.2318,80.0,45.0,116.0,39.5744,9201398
SIMS,2004-10-01,San Joaquin River,6,55.2925,53.0,43.0,66.0,14.9896,9189014
SIMS,2004-11-01,San Joaquin River,6,35.1563,36.0,32.0,39.0,5.3741,9200355
SIMS,2004-12-01,San Joaquin River,6,23.3392,23.0,21.0,26.0,3.3849,9037719
SIMS,2005-01-01,San Joaquin River,6,29.4042,30.0,28.0,31.0,2.1387,8370767
SIMS,2005-02-01,San Joaquin River,6,44.0687,45.0,40.0,49.0,5.8802,8494705
SIMS,2005-03-01,San Joaquin River,6,77.7674,81.0,72.0,86.0,10.9114,8714325
SIMS,2005-04-01,San Joaquin River,6,86.6629,95.0,64.0,109.0,25.7,9201308
SIMS,2005-05-01,San Joaquin River,6,103.3244,104.0,68.0,138.0,37.4632,9201361
SIMS,2005-06-01,San Joaquin River,6,106.0856,111.0,56.0,151.0,52.1709,9201385
SIMS,2005-07-01,San Joaquin River,6,142.2354,158.5002,88.4974,194.5021,64.5249,9201397
SIMS,2005-08-01,San Joaquin River,6,128.1901,142.5059,84.5066,176.5052,57.3763,9201403
SIMS,2005-09-01,San Joaquin River,6,79.9023,83.0,48.0,113.0,36.6014,9201407
SIMS,2005-10-01,San Joaquin River,6,45.568,43.0,26.0,63.0,23.0186,9201403
SIMS,2005-11-01,San Joaquin River,6,23.6889,21.0,14.0,30.0,11.5288,9201094
SIMS,2005-12-01,San Joaquin River,6,28.7384,29.0,27.0,31.0,2.7488,9080189
SIMS,2006-01-01,San Joaquin River,6,36.5485,38.0,35.0,39.0,3.3591,9192240
SIMS,2006-02-01,San Joaquin River,6,39.1672,40.0,30.0,50.0,12.274,9196757
SIMS,2006-03-01,San Joaquin River,6,75.6225,77.0,75.0,78.0,4.2577,9133180
SIMS,2006-04-01,San Joaquin River,6,88.9119,93.0,77.0,102.0,15.5493,9169296
SIMS,2006-05-01,San Joaquin River,6,109.8942,111.0,72.0,148.0,41.5529,9201395
SIMS,2006-06-01,San Joaquin River,6,114.5257,121.0,58.0,165.0,58.2613,9201396
SIMS,2006-07-01,San Joaquin River,6,142.2368,158.5032,90.5014,196.4997,64.6272,9201397
SIMS,2006-08-01,San Joaquin River,6,119.6137,132.5045,78.5048,166.5069,54.7564,9201397
SIMS,2006-09-01,San Joaquin River,6,82.9173,88.0,48.0,119.0,40.5114,9201399
SIMS,2006-10-01,San Joaquin River,6,45.3055,43.0,28.0,60.0,20.2029,9201402
SIMS,2006-11-01,San Joaquin River,6,29.6734,30.0,23.0,35.0,8.1383,9201321
SIMS,2006-12-01,San Joaquin River,6,30.8611,31.0,28.0,33.0,3.9678,9200582
SIMS,2007-01-01,San Joaquin River,6,25.929,25.0,19.0,32.0,8.4579,9200182
SIMS,2007-02-01,San Joaquin River,6,42.0876,43.0,38.0,47.0,6.5208,9201261
SIMS,2007-03-01,San Joaquin River,6,71.4881,76.0,45.0,97.0,27.9894,9201352
SIMS,2007-04-01,San Joaquin River,6,89.9264,96.0,60.0,121.0,33.9407,9201391
SIMS,2007-05-01,San Joaquin River,6,98.9917,95.0,50.0,147.0,52.3871,9201397
SIMS,2007-06-01,San Joaquin River,6,119.4153,127.0,62.4936,170.4988,60.6046,9201396
SIMS,2007-07-01,San Joaquin River,6,137.6408,154.5026,92.5015,188.5008,62.238,9201397
SIMS,2007-08-01,San Joaquin River,6,125.139,138.0,81.0,173.0,57.9564,9201400
SIMS,2007-09-01,San Joaquin River,6,80.0676,82.0,49.0,113.0,36.4828,9201401
SIMS,2007-10-01,San Joaquin River,6,52.2835,49.0,36.0,68.0,19.8967,9186803
SIMS,2007-11-01,San Joaquin River,6,28.3153,27.0,19.0,36.0,11.8179,8313337
SIMS,2007-12-01,San Joaquin River,6,33.5785,34.0,31.0,36.0,3.909,8510522
SIMS,2008-01-01,San Joaquin River,6,35.3401,36.0,34.0,37.0,2.4872,9158679
SIMS,2008-02-01,San Joaquin River,6,47.6985,49.0,43.0,54.0,8.1855,9200761
SIMS,2008-03-01,San Joaquin River,6,66.6464,72.0,41.0,93.0,28.7914,9201328
SIMS,2008-04-01,San Joaquin River,6,82.3018,88.0,44.0,118.0,38.6404,9201407
SIMS,2008-05-01,San Joaquin River,6,96.7889,92.0,50.0,142.0,49.3814,9201407
SIMS,2008-06-01,San Joaquin River,6,119.9528,125.0,65.0,172.0,60.1667,9201407
SIMS,2008-07-01,San Joaquin River,6,137.3959,152.5035,94.5019,186.4993,60.0023,9201404
SIMS,2008-08-01,San Joaquin River,6,125.0757,138.0,81.0,173.0,58.1633,9201407
SIMS,2008-09-01,San Joaquin River,6,78.948,80.0,46.0,114.0,39.831,9201415
SIMS,2008-10-01,San Joaquin River,6,48.5685,45.0,28.0,67.0,23.9141,9201402
SIMS,2008-11-01,San Joaquin River,6,31.6475,32.0,25.0,37.0,8.7334,9198070
SIMS,2008-12-01,San Joaquin River,6,22.8372,22.0,21.0,25.0,2.9318,7986053
SIMS,2009-01-01,San Joaquin River,6,27.3511,27.0,23.0,32.0,5.8217,9219968
SIMS,2009-02-01,San Joaquin River,6,49.0297,50.0,47.0,52.0,3.8925,9287600
SIMS,2009-03-01,San Joaquin River,6,75.7455,81.0,60.0,94.0,20.8732,9288462
SIMS,2009-04-01,San Joaquin River,6,87.4006,94.0,55.0,119.0,34.8053,9288639
SIMS,2009-05-01,San Joaquin River,6,109.8583,109.0,62.0,157.0,52.8894,9288626
SIMS,2009-06-01,San Joaquin River,6,114.2509,124.0,64.0,160.0,54.1682,9288627
SIMS,2009-07-01,San Joaquin River,6,142.7617,158.5021,90.5052,198.5004,67.4326,9288625
SIMS,2009-08-01,San Joaquin River,6,120.6598,132.5044,78.5019,166.4999,56.3542,9288633
SIMS,2009-09-01,San Joaquin River,6,87.7448,90.0,51.0,125.0,42.4992,9288635
SIMS,2009-10-01,San Joaquin River,6,53.0241,50.0,39.0,66.0,17.6495,9288638
SIMS,2009-11-01,San Joaquin River,6,26.4049,25.0,18.0,34.0,11.03,9288294
SIMS,2009-12-01,San Joaquin River,6,26.5421,26.0,25.0,28.0,2.3936,9180659
SIMS,2010-01-01,San Joaquin River,6,28.6599,29.0,27.0,31.0,2.843,8714403
SIMS,2010-02-01,San Joaquin River,6,42.8514,44.0,40.0,46.0,4.0128,9277547
SIMS,2010-03-01,San Joaquin River,6,71.0271,75.0,60.0,85.0,17.0344,9288022
SIMS,2010-04-01,San Joaquin River,6,93.9361,101.0,80.0,108.0,17.7017,9288198
SIMS,2010-05-01,San Joaquin River,6,99.4175,103.0,64.0,137.0,40.8607,9288248
SIMS,2010-06-01,San Joaquin River,6,116.1816,121.0,62.0,167.0,59.2461,9288254
SIMS,2010-07-01,San Joaquin River,6,138.6486,154.5001,90.5004,190.4999,63.6295,9288221
SIMS,2010-08-01,San Joaquin River,6,120.7753,135.0,82.0,166.0,54.5391,9288233
SIMS,2010-09-01,San Joaquin River,6,83.9905,89.0,51.0,120.0,40.7029,9288255
SIMS,2010-10-01,San Joaquin River,6,55.5701,54.0,40.0,70.0,19.4046,9288254
SIMS,2010-11-01,San Joaquin River,6,33.9324,34.0,29.0,38.0,6.6828,9286302
SIMS,2010-12-01,San Joaquin River,6,27.5875,28.0,27.0,29.0,1.6849,8192529
SIMS,2011-01-01,San Joaquin River,6,24.0676,24.0,22.0,27.0,3.7748,8167756
SIMS,2011-02-01,San Joaquin River,6,42.2889,43.0,36.0,49.0,8.2049,9157287
SIMS,2011-03-01,San Joaquin River,6,68.5753,71.0,63.0,77.0,10.8788,9252969
SIMS,2011-04-01,San Joaquin River,6,80.7743,89.0,52.0,110.0,32.9084,9266361
SIMS,2011-05-01,San Joaquin River,6,97.8027,96.0,63.0,134.0,38.5769,9286659
SIMS,2011-06-01,San Joaquin River,6,119.5515,126.0,77.0,161.0,46.3107,9286673
SIMS,2011-07-01,San Joaquin River,6,137.8712,152.5028,98.5071,186.5072,60.1485,9286653
SIMS,2011-08-01,San Joaquin River,6,128.8007,144.0,95.0,173.0,55.1178,9286656
SIMS,2011-09-01,San Joaquin River,6,89.856,95.0,59.0,125.0,41.8911,9286674
SIMS,2011-10-01,San Joaquin River,6,53.427,52.0,41.0,64.0,16.9977,9286674
SIMS,2011-11-01,San Joaquin River,6,31.5548,31.0,27.0,35.0,6.2714,9286251
SIMS,2011-12-01,San Joaquin River,6,15.0567,14.0,9.0,19.0,7.8106,9195969
SIMS,2012-01-01,San Joaquin River,6,26.142,25.0,21.0,30.0,6.6719,9258350
SIMS,2012-02-01,San Joaquin River,6,38.2754,38.0,27.0,49.0,14.5214,9274520
SIMS,2012-03-01,San Joaquin River,6,65.4538,66.0,54.0,78.0,15.7304,9041638
SIMS,2012-04-01,San Joaquin River,6,93.6049,100.0,70.0,117.0,26.4938,9138278
SIMS,2012-05-01,San Joaquin River,6,111.707,111.0,66.0,162.0,53.9986,9283873
SIMS,2012-06-01,San Joaquin River,6,122.1542,128.4986,66.4933,174.4995,60.2981,9283852
SIMS,2012-07-01,San Joaquin River,6,136.7713,150.5018,94.5004,188.5079,61.6552,9283851
SIMS,2012-08-01,San Joaquin River,6,133.0753,148.5069,90.5063,182.5056,59.8261,9228796
SIMS,2012-09-01,San Joaquin River,6,85.0754,90.0,54.0,118.0,40.8574,9156435
SIMS,2012-10-01,San Joaquin River,6,47.8006,46.0,30.0,62.0,21.4852,8985983
SIMS,2012-11-01,San Joaquin River,6,32.6252,33.0,27.0,37.0,7.4375,9001629
SIMS,2012-12-01,San Joaquin River,6,30.7608,31.0,31.0,32.0,1.6214,8999192
SIMS,2013-01-01,San Joaquin River,6,29.2941,30.0,25.0,34.0,5.7268,9058569
SIMS,2013-02-01,San Joaquin River,6,37.5309,37.0,28.0,48.0,12.637,9172388
SIMS,2013-03-01,San Joaquin River,6,70.3431,74.0,48.0,93.0,26.018,9282858
SIMS,2013-04-01,San Joaquin River,6,100.1624,110.0,61.0,138.0,41.7653,9283272
SIMS,2013-05-01,San Joaquin River,6,107.8364,109.0,58.0,158.0,53.8098,9283276
SIMS,2013-06-01,San Joaquin River,6,129.8629,141.0,78.0,181.0,59.1679,9283276
SIMS,2013-07-01,San Joaquin River,6,152.4138,170.5022,110.5042,204.508,63.4213,9283274
SIMS,2013-08-01,San Joaquin River,6,130.7129,145.0,91.0,177.0,55.6868,9283272
SIMS,2013-09-01,San Joaquin River,6,87.3703,91.0,56.0,122.0,38.7994,9283271
SIMS,2013-10-01,San Joaquin River,6,45.7102,42.0,26.0,63.0,24.172,9283270
SIMS,2013-11-01,San Joaquin River,6,29.8339,28.0,23.0,35.0,9.8886,9283091
SIMS,2013-12-01,San Joaquin River,6,19.2996,18.0,14.0,23.0,7.5155,9282904
SIMS,2014-01-01,San Joaquin River,6,22.3463,21.0,14.0,28.0,10.3971,9287511
SIMS,2014-02-01,San Joaquin River,6,42.4568,42.0,35.0,49.0,9.5297,9265090
SIMS,2014-03-01,San Joaquin River,6,78.371,84.0,58.0,99.0,23.5387,9265446
SIMS,2014-04-01,San Joaquin River,6,98.2438,107.0,68.0,129.0,34.0907,9265615
SIMS,2014-05-01,San Joaquin River,6,112.8447,113.0,59.0,168.0,58.5624,9265635
SIMS,2014-06-01,San Joaquin River,6,128.9507,138.5032,72.4955,184.4994,64.9868,9265632
SIMS,2014-07-01,San Joaquin River,6,146.0172,162.4994,100.5052,200.5059,66.8178,9265628
SIMS,2014-08-01,San Joaquin River,6,124.2163,137.0,83.0,172.0,58.0117,9265628
SIMS,2014-09-01,San Joaquin River,6,88.4767,92.0,57.0,124.0,40.6539,9265628
SIMS,2014-10-01,San Joaquin River,6,52.2271,50.0,30.0,74.0,27.1526,9265628
SIMS,2014-11-01,San Joaquin River,6,32.431,32.0,28.0,36.0,7.1104,9104318
SIMS,2014-12-01,San Joaquin River,6,35.4413,36.0,34.0,37.0,2.7746,9175418
SIMS,2015-01-01,San Joaquin River,6,19.8585,20.0,13.0,27.0,8.3221,9135100
SIMS,2015-02-01,San Joaquin River,6,45.1676,45.0,37.0,55.0,10.6521,9263147
SIMS,2015-03-01,San Joaquin River,6,75.7971,86.0,47.0,102.0,30.9922,9263543
SIMS,2015-04-01,San Joaquin River,6,99.2294,103.0,68.0,134.0,35.9223,9263695
SIMS,2015-05-01,San Joaquin River,6,97.7319,100.0,52.0,144.0,48.5016,9263700
SIMS,2015-06-01,San Joaquin River,6,134.5543,146.5044,82.4997,188.5087,62.9288,9263694
SIMS,2015-07-01,San Joaquin River,6,148.3594,166.5016,102.5018,202.5143,65.7898,9263694
SIMS,2015-08-01,San Joaquin River,6,127.8692,139.0,85.0,176.0,58.1716,9263694
SIMS,2015-09-01,San Joaquin River,6,84.5018,86.0,49.0,122.0,42.1477,9263700
SIMS,2015-10-01,San Joaquin River,6,53.4304,50.0,33.0,72.0,24.7417,9259968
SIMS,2015-11-01,San Joaquin River,6,43.5594,44.0,41.0,47.0,5.093,9253237
SIMS,2015-12-01,San Joaquin River,6,31.1315,31.0,29.0,33.0,3.1578,8925793
SIMS,2016-01-01,San Joaquin River,6,37.1037,37.0,36.0,38.0,2.2111,8877657
SIMS,2016-02-01,San Joaquin River,6,46.6233,47.0,37.0,59.0,14.0295,9277387
SIMS,2016-03-01,San Joaquin River,6,78.3237,85.0,65.0,91.0,15.6724,9282187
SIMS,2016-04-01,San Joaquin River,6,104.812,115.0,78.0,131.0,30.8573,9282246
SIMS,2016-05-01,San Joaquin River,6,109.2185,112.0,64.0,155.0,47.7255,9282265
SIMS,2016-06-01,San Joaquin River,6,138.4626,148.5013,84.4967,194.5075,62.6708,9282265
SIMS,2016-07-01,San Joaquin River,6,153.6779,168.4988,108.5038,208.503,65.9026,9282265
SIMS,2016-08-01,San Joaquin River,6,131.3009,142.5046,90.5027,178.497,57.1018,9282265
SIMS,2016-09-01,San Joaquin River,6,84.03,85.0,52.0,118.0,39.6834,9282268
SIMS,2016-10-01,San Joaquin River,6,55.1064,54.0,43.0,67.0,17.6347,9282267
SIMS,2016-11-01,San Joaquin River,6,30.7235,30.0,24.0,36.0,8.2153,9282145
SIMS,2016-12-01,San Joaquin River,6,29.0162,29.0,28.0,31.0,2.8747,9281538
SIMS,2017-01-01,San Joaquin River,6,35.1454,35.0,35.0,36.0,1.4639,9280033
SIMS,2017-02-01,San Joaquin River,6,51.8415,53.0,51.0,54.0,3.0139,9251640
SIMS,2017-03-01,San Joaquin River,6,72.771,76.0,61.0,87.0,17.506,9281480
SIMS,2017-04-01,San Joaquin River,6,93.2446,102.0,74.0,114.0,25.9548,9282494
SIMS,2017-05-01,San Joaquin River,6,108.8219,112.0,62.0,158.0,50.727,9282558
SIMS,2017-06-01,San Joaquin River,6,133.411,144.5046,82.5017,184.5066,58.9964,9282558
SIMS,2017-07-01,San Joaquin River,6,158.5248,174.5035,114.5031,212.5032,65.9151,9282557
SIMS,2017-08-01,San Joaquin River,6,134.7319,146.5041,96.5037,180.5061,55.5286,9282558
SIMS,2017-09-01,San Joaquin River,6,88.4191,92.0,57.0,122.0,38.8099,9282558
SIMS,2017-10-01,San Joaquin River,6,50.9486,50.0,32.0,68.0,22.9099,9282559
SIMS,2017-11-01,San Joaquin River,6,31.8076,33.0,26.0,37.0,8.1748,9282539
SIMS,2017-12-01,San Joaquin River,6,18.2509,17.0,11.0,23.0,8.5077,9284834
SIMS,2018-01-01,San Joaquin River,6,33.1297,34.0,32.0,35.0,3.3702,9294794
SIMS,2018-02-01,San Joaquin River,6,39.4611,39.0,27.0,51.0,15.5715,9296015
SIMS,2018-03-01,San Joaquin River,6,77.4953,79.0,72.0,85.0,9.7011,9293356
SIMS,2018-04-01,San Joaquin River,6,94.5246,104.0,69.0,119.0,29.055,9296111
SIMS,2018-05-01,San Joaquin River,6,106.7004,110.0,61.0,155.0,49.3457,9296130
SIMS,2018-06-01,San Joaquin River,6,131.4145,142.5042,78.498,184.5096,59.6162,9296130
SIMS,2018-07-01,San Joaquin River,6,161.3728,176.4953,118.5066,214.5041,64.6746,9296130
SIMS,2018-08-01,San Joaquin River,6,132.0,144.5043,94.5036,176.5062,53.8457,9296130
SIMS,2018-09-01,San Joaquin River,6,88.3352,91.0,57.0,123.0,39.6357,9296130
SIMS,2018-10-01,San Joaquin River,6,54.2122,54.0,36.0,70.0,22.7569,9296131
SIMS,2018-11-01,San Joaquin River,6,27.4123,26.0,21.0,32.0,8.5692,9295714
SIMS,2018-12-01,San Joaquin River,6,33.3829,34.0,29.0,38.0,6.1581,9286078
SIMS,2019-01-01,San Joaquin River,6,36.7851,37.0,35.0,39.0,3.5793,8886574
SIMS,2019-02-01,San Joaquin River,6,50.995,51.0,50.0,53.0,2.9214,8564236
SIMS,2019-03-01,San Joaquin River,6,79.5522,81.0,73.0,87.0,10.3291,9168810
SIMS,2019-04-01,San Joaquin River,6,93.5253,105.0,67.0,120.0,33.4839,9294775
SIMS,2019-05-01,San Joaquin River,6,109.7569,112.0,82.0,139.0,31.2021,9294775
SIMS,2019-06-01,San Joaquin River,6,135.8313,148.4988,86.4973,186.5051,57.5378,9294775
SIMS,2019-07-01,San Joaquin River,6,154.9275,170.5038,114.504,202.4777,59.6698,9294776
SIMS,2019-08-01,San Joaquin River,6,138.4834,152.5045,100.504,182.4819,55.1498,9294776
SIMS,2019-09-01,San Joaquin River,6,89.5589,94.0,61.0,121.0,36.3612,9294775
SIMS,2019-10-01,San Joaquin River,6,48.4469,47.0,31.0,63.0,21.669,9294776
SIMS,2019-11-01,San Joaquin River,6,22.9767,21.0,16.0,28.0,9.1817,9294765
SIMS,2019-12-01,San Joaquin River,6,32.226,33.0,31.0,34.0,2.5899,9290744
SIMS,2020-01-01,San Joaquin River,6,27.4094,28.0,24.0,31.0,4.9044,9294629
SIMS,2020-02-01,San Joaquin River,6,43.4188,42.0,30.0,58.0,18.3301,9300037
SIMS,2020-03-01,San Joaquin River,6,70.062,73.0,59.0,82.0,14.4801,9300330
SIMS,2020-04-01,San Joaquin River,6,95.0676,104.0,70.0,118.0,28.2656,9300346
SIMS,2020-05-01,San Joaquin River,6,111.0486,115.0,70.0,153.0,45.8444,9300351
SIMS,2020-06-01,San Joaquin River,6,132.4198,144.5045,80.4994,186.5149,61.1647,9300351
SIMS,2020-07-01,San Joaquin River,6,149.1383,166.5033,106.501,198.5061,62.8698,9300351
SIMS,2020-08-01,San Joaquin River,6,127.738,137.0,91.0,171.0,52.7208,9300351
SIMS,2020-09-01,San Joaquin River,6,80.5142,81.0,54.0,110.0,34.9143,9300351
SIMS,2020-10-01,San Joaquin River,6,45.2966,44.0,29.0,58.0,21.7365,9300350
SIMS,2020-11-01,San Joaquin River,6,26.4867,26.0,21.0,32.0,8.8358,9300343
SIMS,2020-12-01,San Joaquin River,6,23.945,23.0,22.0,26.0,3.8464,9301291
SIMS,2021-01-01,San Joaquin River,6,27.7072,27.0,23.0,32.0,6.5763,9300090
SIMS,2021-02-01,San Joaquin River,6,42.4575,44.0,33.0,53.0,14.3895,9301047
SIMS,2021-03-01,San Joaquin River,6,70.9048,76.0,55.0,86.0,20.3217,9301094
SIMS,2021-04-01,San Joaquin River,6,94.5209,104.0,59.0,131.0,40.1356,9301131
SIMS,2021-05-01,San Joaquin River,6,120.3424,124.4995,68.4975,174.516,57.4625,9301131
SIMS,2021-06-01,San Joaquin River,6,137.7721,150.5037,86.496,192.5097,62.3162,9301131
SIMS,2021-07-01,San Joaquin River,6,157.4487,172.503,112.4987,210.4963,65.676,9301131
SIMS,2021-08-01,San Joaquin River,6,127.9572,137.0,91.0,170.0,52.215,9301131
SIMS,2021-09-01,San Joaquin River,6,88.195,90.0,58.0,122.0,39.6618,9301131
SIMS,2021-10-01,San Joaquin River,6,56.4819,56.0,43.0,70.0,17.7003,9301131
SIMS,2021-11-01,San Joaquin River,6,24.3024,24.0,20.0,28.0,6.8851,9247152
SIMS,2021-12-01,San Joaquin River,6,24.4089,25.0,23.0,26.0,2.2316,9240687
SIMS,2022-01-01,San Joaquin River,6,22.8376,23.0,17.0,29.0,8.5619,9299425
SIMS,2022-02-01,San Joaquin River,6,39.4977,39.0,28.0,51.0,16.248,9302089
SIMS,2022-03-01,San Joaquin River,6,75.6561,81.0,53.0,96.0,24.9984,9302050
SIMS,2022-04-01,San Joaquin River,6,100.2818,110.0,71.0,128.0,33.7416,9302050
SIMS,2022-05-01,San Joaquin River,6,117.8891,122.501,68.4951,168.5081,54.595,9302198
SIMS,2022-06-01,San Joaquin River,6,139.1074,150.4996,90.5018,188.5049,60.7769,9302198
SIMS,2022-07-01,San Joaquin River,6,154.5174,170.4979,112.5028,204.4848,63.3047,9302198
SIMS,2022-08-01,San Joaquin River,6,137.824,148.5026,100.5066,182.4865,56.246,9302198
SIMS,2022-09-01,San Joaquin River,6,97.4068,101.0,68.0,131.0,38.4577,9302198
SIMS,2022-10-01,San Joaquin River,6,52.5757,53.0,34.0,70.0,23.5384,9302198
SIMS,2022-11-01,San Joaquin River,6,33.4966,34.0,30.0,37.0,5.721,9302190
SIMS,2022-12-01,San Joaquin River,6,24.3934,25.0,24.0,25.0,1.4387,9301991
SIMS,2023-01-01,San Joaquin River,6,38.4745,38.0,37.0,40.0,3.166,9303972
SIMS,2023-02-01,San Joaquin River,6,39.5693,40.0,35.0,45.0,7.9202,9303854
SIMS,2023-03-01,San Joaquin River,6,76.1836,78.0,74.0,79.0,4.5511,9303753
SIMS,2023-04-01,San Joaquin River,6,92.4305,104.0,69.0,117.0,32.002,9304362
SIMS,2023-05-01,San Joaquin River,6,109.4948,116.0,77.0,143.0,38.6928,9304428
SIMS,2023-06-01,San Joaquin River,6,119.2336,128.4928,76.4965,162.5111,48.6048,9304428
SIMS,2023-07-01,San Joaquin River,6,153.0334,168.4974,114.5023,198.4931,58.2111,9304428
SIMS,2023-08-01,San Joaquin River,6,135.2726,148.504,102.503,174.4763,50.1843,9304428
SIMS,2023-09-01,San Joaquin River,6,87.8689,94.0,62.0,118.0,35.0802,9304428
SIMS,2023-10-01,San Joaquin River,6,51.1496,52.0,36.0,65.0,20.4656,9304428
SIMS,2023-11-01,San Joaquin River,6,30.6747,30.0,25.0,35.0,8.3618,9304408
SIMS,2023-12-01,San Joaquin River,6,23.8003,23.0,21.0,26.0,4.0222,9153300
SIMS,2024-01-01,San Joaquin River,6,35.2081,35.0,34.0,36.0,1.8199,8069199
SIMS,2024-02-01,San Joaquin River,6,51.2405,52.0,50.0,53.0,3.1923,9306122
SIMS,2024-03-01,San Joaquin River,6,77.8083,82.0,70.0,88.0,13.3082,9306492
SIMS,2024-04-01,San Joaquin River,6,100.3634,111.0,86.0,117.0,23.2106,9306555
SIMS,2024-05-01,San Joaquin River,6,124.8722,133.0,86.0,165.0,45.5443,9306560
SIMS,2024-06-01,San Joaquin River,6,139.9471,152.4991,90.4965,190.5171,58.569,9306560
SIMS,2024-07-01,San Joaquin River,6,159.633,176.499,118.5038,208.4947,62.6149,9306560
SIMS,2024-08-01,San Joaquin River,6,132.5802,144.503,94.5054,176.492,54.5698,9306560
SIMS,2024-09-01,San Joaquin River,6,88.3046,90.0,59.0,122.0,38.4921,9306560
SIMS,2024-10-01,San Joaquin River,6,52.0292,52.0,35.0,67.0,22.8408,9306560
SIMS,2024-11-01,San Joaquin River,6,33.6593,34.0,29.0,38.0,6.9466,9306410
SIMS,2024-12-01,San Joaquin River,6,23.2656,23.0,21.0,25.0,2.8059,9305750
SIMS,2025-01-01,San Joaquin River,6,34.3772,35.0,31.0,39.0,6.1855,9304770
SIMS,2025-02-01,San Joaquin River,6,50.4421,51.0,47.0,54.0,6.6536,9305152
SIMS,2025-03-01,San Joaquin River,6,76.8725,81.0,68.0,87.0,13.8327,9305188
SIMS,2025-04-01,San Joaquin River,6,91.995,102.0,71.0,114.0,29.0418,9305242
SIMS,2025-05-01,San Joaquin River,6,120.4065,128.4949,72.4952,166.5172,52.1101,9305249
SIMS,2025-06-01,San Joaquin River,6,138.217,152.5023,88.5001,188.5057,58.9194,9305249
SIMS,2025-07-01,San Joaquin River,6,146.1502,164.5046,106.5006,191.0,58.7987,9305248
SIMS,2025-08-01,San Joaquin River,6,136.0872,148.5047,96.5029,180.4907,55.7207,9305248
SIMS,2025-09-01,San Joaquin River,6,91.1694,96.0,61.0,124.0,36.9595,9305248
SIMS,2025-10-01,San Joaquin River,6,55.6552,56.0,46.0,66.0,14.1865,9305244
SIMS,2025-11-01,San Joaquin River,6,31.1529,31.0,27.0,34.0,4.7867,9305241
SIMS,2025-12-01,San Joaquin River,6,19.6542,20.0,18.0,22.0,2.8194,5021265
SIMS,2003-10-01,South Coast,4,46.7666,42.0,20.0,71.0,29.2289,593397
SIMS,2003-11-01,South Coast,4,44.3717,44.0,32.0,57.0,14.2344,593397
SIMS,2003-12-01,South Coast,4,35.9311,38.0,23.0,48.0,14.2283,593397
SIMS,2004-01-01,South Coast,4,38.7795,41.0,23.0,52.0,15.5498,593397
SIMS,2004-02-01,South Coast,4,56.4478,58.0,46.0,65.0,10.7821,593397
SIMS,2004-03-01,South Coast,4,74.6294,77.0,58.0,93.0,26.1969,593375
SIMS,2004-04-01,South Coast,4,73.1147,76.0,50.0,94.0,29.2636,593393
SIMS,2004-05-01,South Coast,4,71.081,67.0,34.0,104.0,41.4764,593394
SIMS,2004-06-01,South Coast,4,61.1613,53.0,29.0,87.0,39.9158,592874
SIMS,2004-07-01,South Coast,4,71.7732,59.0,33.0,106.0,48.0839,592044
SIMS,2004-08-01,South Coast,4,64.0572,51.0,29.0,95.0,43.8589,593386
SIMS,2004-09-01,South Coast,4,57.9861,48.0,24.0,88.0,38.9521,593367
SIMS,2004-10-01,South Coast,4,54.2654,51.0,40.0,67.0,17.3906,593231
SIMS,2004-11-01,South Coast,4,43.4503,46.0,32.0,55.0,13.9465,590679
SIMS,2004-12-01,South Coast,4,45.2457,49.0,33.0,57.0,14.006,593396
SIMS,2005-01-01,South Coast,4,50.4267,52.0,46.0,56.0,6.9597,593237
SIMS,2005-02-01,South Coast,4,54.8537,57.0,50.0,61.0,7.9234,593237
SIMS,2005-03-01,South Coast,4,75.983,78.0,67.0,87.0,16.6893,593282
SIMS,2005-04-01,South Coast,4,77.958,82.0,59.0,99.0,28.0919,593397
SIMS,2005-05-01,South Coast,4,80.2655,82.0,51.0,105.0,33.7437,593397
SIMS,2005-06-01,South Coast,4,68.6862,66.0,35.0,96.0,38.5291,593380
SIMS,2005-07-01,South Coast,4,79.5893,73.0,43.0,109.0,46.1878,593105
SIMS,2005-08-01,South Coast,4,71.8391,67.0,34.0,102.0,43.6607,593388
SIMS,2005-09-01,South Coast,4,57.2078,51.0,30.0,80.0,32.743,593397
SIMS,2005-10-01,South Coast,4,52.2382,48.0,34.0,69.0,21.6241,593397
SIMS,2005-11-01,South Coast,4,41.3757,43.0,23.0,58.0,20.2533,593397
SIMS,2005-12-01,South Coast,4,30.4243,32.0,16.0,43.0,14.7998,580249
SIMS,2006-01-01,South Coast,4,42.4213,43.0,29.0,54.0,14.594,581556
SIMS,2006-02-01,South Coast,4,45.8984,49.0,27.0,62.0,19.0493,593397
SIMS,2006-03-01,South Coast,4,72.8108,74.0,67.0,79.0,9.2039,592666
SIMS,2006-04-01,South Coast,4,78.117,79.0,66.0,91.0,18.6054,592650
SIMS,2006-05-01,South Coast,4,77.982,81.0,54.0,97.0,29.2694,592874
SIMS,2006-06-01,South Coast,4,72.6495,69.0,37.0,102.0,41.4342,592962
SIMS,2006-07-01,South Coast,4,81.3823,74.0,38.0,119.0,48.6319,593229
SIMS,2006-08-01,South Coast,4,69.8958,61.0,30.0,105.0,45.4369,593377
SIMS,2006-09-01,South Coast,4,57.3671,50.0,26.0,83.0,36.6784,593384
SIMS,2006-10-01,South Coast,4,43.7863,40.0,20.0,66.0,25.683,593397
SIMS,2006-11-01,South Coast,4,34.8264,32.0,16.0,53.0,20.544,593397
SIMS,2006-12-01,South Coast,4,41.7693,42.0,27.0,55.0,15.333,593384
SIMS,2007-01-01,South Coast,4,36.5979,33.0,19.0,54.0,19.7937,593376
SIMS,2007-02-01,South Coast,4,47.212,48.0,33.0,59.0,14.8806,593397
SIMS,2007-03-01,South Coast,4,56.8048,58.0,32.0,78.0,28.1283,593372
SIMS,2007-04-01,South Coast,4,62.5426,64.0,36.0,85.0,27.9322,593394
SIMS,2007-05-01,South Coast,4,62.5624,60.0,27.0,92.0,38.6892,593364
SIMS,2007-06-01,South Coast,4,66.8443,59.0,29.0,100.0,44.8245,593140
SIMS,2007-07-01,South Coast,4,70.4937,62.0,30.0,105.0,47.4536,593139
SIMS,2007-08-01,South Coast,4,66.2571,55.0,29.0,99.0,45.5344,593397
SIMS,2007-09-01,South Coast,4,58.4104,52.0,28.0,84.0,33.8678,593397
SIMS,2007-10-01,South Coast,4,49.0707,46.0,22.0,75.0,29.3685,592009
SIMS,2007-11-01,South Coast,4,37.0137,35.0,23.0,51.0,17.0346,590322
SIMS,2007-12-01,South Coast,4,43.1676,45.0,32.0,55.0,13.0151,588043
SIMS,2008-01-01,South Coast,4,45.9223,47.0,38.0,54.0,9.5344,593395
SIMS,2008-02-01,South Coast,4,58.2558,60.0,52.0,66.0,10.0657,593397
SIMS,2008-03-01,South Coast,4,74.1588,79.0,55.0,98.0,29.2139,593397
SIMS,2008-04-01,South Coast,4,73.6123,79.0,49.0,98.0,32.5972,593397
SIMS,2008-05-01,South Coast,4,68.6252,67.0,41.0,93.0,32.7156,593397
SIMS,2008-06-01,South Coast,4,74.201,68.0,36.0,107.0,43.9358,593373
SIMS,2008-07-01,South Coast,4,74.7346,68.0,37.0,106.0,45.0731,593224
SIMS,2008-08-01,South Coast,4,67.3262,57.0,28.0,102.0,44.3924,593148
SIMS,2008-09-01,South Coast,4,55.5013,48.0,24.0,83.0,35.9472,593322
SIMS,2008-10-01,South Coast,4,50.9306,45.0,20.0,79.0,32.7942,593392
SIMS,2008-11-01,South Coast,4,45.8846,45.0,27.0,64.0,19.6504,593397
SIMS,2008-12-01,South Coast,4,39.6283,42.0,31.0,49.0,10.4118,623926
SIMS,2009-01-01,South Coast,4,52.2814,58.0,36.0,68.0,19.3332,869249
SIMS,2009-02-01,South Coast,4,56.1654,58.0,51.0,63.0,8.41,869358
SIMS,2009-03-01,South Coast,4,71.7459,77.0,59.0,88.0,22.1737,869358
SIMS,2009-04-01,South Coast,4,75.4555,80.0,57.0,98.0,28.2245,869367
SIMS,2009-05-01,South Coast,4,74.5102,76.0,45.0,104.0,36.5162,834601
SIMS,2009-06-01,South Coast,4,72.4328,74.0,39.0,105.0,37.692,853196
SIMS,2009-07-01,South Coast,4,87.7128,87.0,40.0,133.0,51.1743,868389
SIMS,2009-08-01,South Coast,4,78.6498,78.0,34.0,119.0,46.6718,869084
SIMS,2009-09-01,South Coast,4,68.1258,68.0,31.0,103.0,39.3176,869367
SIMS,2009-10-01,South Coast,4,54.5758,58.0,32.0,78.0,25.9084,869367
SIMS,2009-11-01,South Coast,4,41.641,45.0,23.0,59.0,19.4027,869349
SIMS,2009-12-01,South Coast,4,40.5957,43.0,34.0,48.0,9.1986,868893
SIMS,2010-01-01,South Coast,4,45.8587,49.0,37.0,55.0,11.7793,875005
SIMS,2010-02-01,South Coast,4,56.4596,58.0,51.0,63.0,8.9887,875166
SIMS,2010-03-01,South Coast,4,76.3896,82.0,63.0,94.0,22.8858,875166
SIMS,2010-04-01,South Coast,4,88.6113,93.0,75.0,104.0,21.0382,875166
SIMS,2010-05-01,South Coast,4,84.0235,88.0,56.0,115.0,35.9786,875132
SIMS,2010-06-01,South Coast,4,77.9273,79.0,42.0,112.0,41.2401,875129
SIMS,2010-07-01,South Coast,4,79.7011,78.0,39.0,117.0,45.0762,870096
SIMS,2010-08-01,South Coast,4,77.7998,78.0,34.0,117.0,45.8572,871947
SIMS,2010-09-01,South Coast,4,64.0597,64.0,29.0,96.0,37.336,874755
SIMS,2010-10-01,South Coast,4,61.5465,65.0,47.0,77.0,18.3365,875005
SIMS,2010-11-01,South Coast,4,50.0116,55.0,36.0,64.0,16.195,875166
SIMS,2010-12-01,South Coast,4,39.7988,42.0,35.0,44.0,5.9905,883077
SIMS,2011-01-01,South Coast,4,49.1724,53.0,39.0,61.0,14.8645,874187
SIMS,2011-02-01,South Coast,4,54.0445,57.0,47.0,62.0,10.9018,869091
SIMS,2011-03-01,South Coast,4,74.5763,77.0,64.0,86.0,16.3683,869040
SIMS,2011-04-01,South Coast,4,78.3088,83.0,61.0,99.0,27.3282,869019
SIMS,2011-05-01,South Coast,4,89.1176,93.0,64.0,117.0,33.0231,869060
SIMS,2011-06-01,South Coast,4,76.9509,76.0,43.0,107.0,41.0709,869003
SIMS,2011-07-01,South Coast,4,86.1557,86.0,46.0,125.0,46.978,868404
SIMS,2011-08-01,South Coast,4,81.6963,80.0,39.0,120.0,46.6909,868446
SIMS,2011-09-01,South Coast,4,63.7151,63.0,31.0,94.0,36.3759,868926
SIMS,2011-10-01,South Coast,4,60.4754,64.0,36.0,82.0,25.4502,869093
SIMS,2011-11-01,South Coast,4,53.1648,56.0,46.0,62.0,10.8812,869039
SIMS,2011-12-01,South Coast,4,42.847,47.0,32.0,54.0,13.9482,834350
SIMS,2012-01-01,South Coast,4,52.4175,57.0,39.0,66.0,16.5844,857789
SIMS,2012-02-01,South Coast,4,51.6377,55.0,38.0,67.0,17.8859,864804
SIMS,2012-03-01,South Coast,4,72.8761,75.0,59.0,88.0,19.4969,857614
SIMS,2012-04-01,South Coast,4,89.1123,92.0,72.0,108.0,24.7253,851734
SIMS,2012-05-01,South Coast,4,82.4045,86.0,47.0,117.0,40.5413,817437
SIMS,2012-06-01,South Coast,4,81.1117,81.0,39.0,119.0,46.7911,820455
SIMS,2012-07-01,South Coast,4,83.6325,83.0,40.0,125.0,48.0432,825879
SIMS,2012-08-01,South Coast,4,83.8017,85.0,37.0,127.0,48.4028,864733
SIMS,2012-09-01,South Coast,4,70.3718,71.0,30.0,108.0,41.9659,865346
SIMS,2012-10-01,South Coast,4,56.6257,59.0,28.0,83.0,28.5117,868019
SIMS,2012-11-01,South Coast,4,41.6445,44.0,27.0,57.0,16.837,867202
SIMS,2012-12-01,South Coast,4,43.648,45.0,41.0,48.0,6.2442,862804
SIMS,2013-01-01,South Coast,4,51.4397,57.0,37.0,65.0,16.7384,870389
SIMS,2013-02-01,South Coast,4,53.9303,58.0,43.0,67.0,16.1168,866871
SIMS,2013-03-01,South Coast,4,73.4179,76.0,58.0,90.0,22.7591,871878
SIMS,2013-04-01,South Coast,4,76.2625,81.0,51.0,102.0,32.1798,872740
SIMS,2013-05-01,South Coast,4,88.1192,92.0,51.0,124.0,40.6965,872961
SIMS,2013-06-01,South Coast,4,82.4868,82.0,39.0,122.0,47.1341,872943
SIMS,2013-07-01,South Coast,4,85.4389,86.0,41.0,127.0,47.4414,872728
SIMS,2013-08-01,South Coast,4,82.8275,83.0,37.0,126.0,48.5221,871183
SIMS,2013-09-01,South Coast,4,73.0776,73.0,36.0,109.0,40.324,873049
SIMS,2013-10-01,South Coast,4,58.5064,60.0,34.0,83.0,26.2508,873055
SIMS,2013-11-01,South Coast,4,46.3224,49.0,31.0,62.0,17.7553,873055
SIMS,2013-12-01,South Coast,4,44.8352,50.0,28.0,60.0,17.4189,880222
SIMS,2014-01-01,South Coast,4,44.7845,50.0,23.0,64.0,23.2074,867948
SIMS,2014-02-01,South Coast,4,46.1421,51.0,29.0,62.0,18.7039,864944
SIMS,2014-03-01,South Coast,4,70.4992,75.0,49.0,92.0,26.531,864909
SIMS,2014-04-01,South Coast,4,88.7761,94.0,65.0,116.0,32.6501,864944
SIMS,2014-05-01,South Coast,4,93.3414,99.0,52.0,134.0,46.7142,864853
SIMS,2014-06-01,South Coast,4,85.0383,88.0,42.0,124.0,47.1098,864191
SIMS,2014-07-01,South Coast,4,91.1226,92.0,44.0,135.0,50.6945,863268
SIMS,2014-08-01,South Coast,4,90.5508,92.0,49.0,132.0,46.6427,864825
SIMS,2014-09-01,South Coast,4,73.6701,75.0,35.0,110.0,40.4121,864944
SIMS,2014-10-01,South Coast,4,55.3337,58.0,26.0,83.0,30.9128,864944
SIMS,2014-11-01,South Coast,4,47.1731,50.0,28.0,66.0,21.1468,864944
SIMS,2014-12-01,South Coast,4,46.1823,48.0,43.0,51.0,7.5091,865469
SIMS,2015-01-01,South Coast,4,51.4436,55.0,42.0,62.0,13.3847,846064
SIMS,2015-02-01,South Coast,4,58.4023,62.0,49.0,70.0,16.8025,846141
SIMS,2015-03-01,South Coast,4,87.7807,94.0,71.0,108.0,27.5638,846189
SIMS,2015-04-01,South Coast,4,84.149,90.0,57.0,113.0,33.9665,846189
SIMS,2015-05-01,South Coast,4,84.5557,88.0,57.0,112.0,31.4237,845977
SIMS,2015-06-01,South Coast,4,85.5802,89.0,43.0,124.0,46.2255,845818
SIMS,2015-07-01,South Coast,4,99.1059,101.0,60.0,135.0,42.7116,845997
SIMS,2015-08-01,South Coast,4,88.1167,92.0,39.0,132.0,50.0679,846189
SIMS,2015-09-01,South Coast,4,82.7456,86.0,48.0,115.0,36.3652,846189
SIMS,2015-10-01,South Coast,4,66.2483,72.0,38.0,92.0,29.16,846186
SIMS,2015-11-01,South Coast,4,48.3887,53.0,28.0,67.0,21.6516,846189
SIMS,2015-12-01,South Coast,4,41.1614,45.0,28.0,53.0,14.6533,846081
SIMS,2016-01-01,South Coast,4,40.4215,44.0,32.0,49.0,11.5227,855119
SIMS,2016-02-01,South Coast,4,69.0867,76.0,52.0,87.0,22.9374,889135
SIMS,2016-03-01,South Coast,4,81.5054,85.0,68.0,96.0,20.675,889137
SIMS,2016-04-01,South Coast,4,86.1088,93.0,62.0,112.0,31.3208,889073
SIMS,2016-05-01,South Coast,4,78.0859,81.0,49.0,107.0,34.6124,887894
SIMS,2016-06-01,South Coast,4,88.0558,90.0,46.0,126.0,47.03,889074
SIMS,2016-07-01,South Coast,4,92.811,94.0,45.0,137.0,51.9612,889134
SIMS,2016-08-01,South Coast,4,82.5952,83.0,37.0,124.0,48.4907,889137
SIMS,2016-09-01,South Coast,4,69.6162,70.0,35.0,103.0,37.7302,889137
SIMS,2016-10-01,South Coast,4,56.8361,59.0,33.0,80.0,25.7351,889137
SIMS,2016-11-01,South Coast,4,52.9105,56.0,37.0,69.0,18.7128,889124
SIMS,2016-12-01,South Coast,4,46.0153,48.0,39.0,53.0,9.0917,890392
SIMS,2017-01-01,South Coast,4,50.2546,51.0,49.0,53.0,4.345,888841
SIMS,2017-02-01,South Coast,4,51.6377,52.0,49.0,55.0,6.5448,888870
SIMS,2017-03-01,South Coast,4,80.1021,85.0,63.0,99.0,27.1233,886748
SIMS,2017-04-01,South Coast,4,83.5555,89.0,61.0,109.0,31.8496,888911
SIMS,2017-05-01,South Coast,4,84.1873,88.0,55.0,114.0,35.9593,888911
SIMS,2017-06-01,South Coast,4,88.6628,90.0,51.0,124.0,45.1548,888909
SIMS,2017-07-01,South Coast,4,94.4671,96.0,50.0,137.0,50.0351,888729
SIMS,2017-08-01,South Coast,4,85.9678,86.0,44.0,125.0,45.7935,888706
SIMS,2017-09-01,South Coast,4,71.5482,73.0,40.0,102.0,35.3307,888900
SIMS,2017-10-01,South Coast,4,61.5903,65.0,30.0,91.0,33.3038,888911
SIMS,2017-11-01,South Coast,4,38.1661,41.0,21.0,55.0,18.7884,888898
SIMS,2017-12-01,South Coast,4,41.2035,45.0,20.0,61.0,22.4355,888898
SIMS,2018-01-01,South Coast,4,48.1165,51.0,33.0,63.0,17.3392,898626
SIMS,2018-02-01,South Coast,4,50.2897,54.0,35.0,66.0,19.544,898607
SIMS,2018-03-01,South Coast,4,83.0692,85.0,75.0,93.0,14.2007,898592
SIMS,2018-04-01,South Coast,4,80.2457,86.0,55.0,107.0,34.0138,898611
SIMS,2018-05-01,South Coast,4,75.2343,78.0,47.0,104.0,35.466,898610
SIMS,2018-06-01,South Coast,4,82.8106,83.0,42.0,121.0,46.2233,898598
SIMS,2018-07-01,South Coast,4,93.6681,92.0,48.0,138.0,52.5363,898469
SIMS,2018-08-01,South Coast,4,84.1937,83.0,40.0,125.0,48.5388,898611
SIMS,2018-09-01,South Coast,4,65.5492,65.0,31.0,97.0,38.0847,898611
SIMS,2018-10-01,South Coast,4,59.6124,62.0,35.0,83.0,26.9419,898611
SIMS,2018-11-01,South Coast,4,45.6257,48.0,27.0,64.0,20.4,898611
SIMS,2018-12-01,South Coast,4,41.9516,45.0,32.0,52.0,12.4368,898522
SIMS,2019-01-01,South Coast,4,53.2072,56.0,47.0,61.0,9.5311,903610
SIMS,2019-02-01,South Coast,4,56.4447,57.0,54.0,60.0,4.6125,898338
SIMS,2019-03-01,South Coast,4,80.485,85.0,70.0,93.0,16.6353,894488
SIMS,2019-04-01,South Coast,4,85.2541,91.0,64.0,108.0,31.8875,891451
SIMS,2019-05-01,South Coast,4,90.2388,93.0,73.0,109.0,24.1732,893273
SIMS,2019-06-01,South Coast,4,83.0604,85.0,51.0,113.0,39.2127,898334
SIMS,2019-07-01,South Coast,4,95.6732,96.0,52.0,135.0,48.3553,898508
SIMS,2019-08-01,South Coast,4,90.0507,89.0,47.0,130.0,47.4319,898508
SIMS,2019-09-01,South Coast,4,71.7869,72.0,39.0,102.0,35.9726,898488
SIMS,2019-10-01,South Coast,4,64.2928,67.0,32.0,94.0,33.302,898490
SIMS,2019-11-01,South Coast,4,46.9212,49.0,31.0,63.0,17.4335,898507
SIMS,2019-12-01,South Coast,4,46.8581,48.0,42.0,52.0,7.7384,908008
SIMS,2020-01-01,South Coast,4,46.1294,50.0,37.0,56.0,13.1354,907912
SIMS,2020-02-01,South Coast,4,59.2624,65.0,47.0,74.0,18.9467,907221
SIMS,2020-03-01,South Coast,4,78.2716,81.0,71.0,87.0,12.2755,907248
SIMS,2020-04-01,South Coast,4,87.977,92.0,74.0,104.0,22.4176,907258
SIMS,2020-05-01,South Coast,4,92.7099,98.0,66.0,121.0,35.9873,907258
SIMS,2020-06-01,South Coast,4,88.153,90.0,53.0,122.0,41.9959,907258
SIMS,2020-07-01,South Coast,4,90.4454,90.0,48.0,130.0,48.3751,906905
SIMS,2020-08-01,South Coast,4,86.3895,85.0,45.0,125.0,46.8221,907258
SIMS,2020-09-01,South Coast,4,67.9535,66.0,36.0,97.0,36.6723,907258
SIMS,2020-10-01,South Coast,4,57.2686,59.0,30.0,83.0,29.79,907175
SIMS,2020-11-01,South Coast,4,43.8692,46.0,27.0,60.0,18.6031,907256
SIMS,2020-12-01,South Coast,4,43.6622,46.0,26.0,61.0,19.075,909029
SIMS,2021-01-01,South Coast,4,48.3022,50.0,31.0,64.0,18.5522,910586
SIMS,2021-02-01,South Coast,4,51.4045,56.0,36.0,67.0,20.1986,910590
SIMS,2021-03-01,South Coast,4,78.276,84.0,65.0,94.0,20.8418,910573
SIMS,2021-04-01,South Coast,4,77.692,82.0,54.0,102.0,31.392,910588
SIMS,2021-05-01,South Coast,4,76.6339,77.0,44.0,109.0,39.3528,909635
SIMS,2021-06-01,South Coast,4,82.8555,81.0,40.0,124.0,48.3642,910283
SIMS,2021-07-01,South Coast,4,90.9749,87.0,47.0,133.0,50.8788,910489
SIMS,2021-08-01,South Coast,4,79.8782,79.0,36.0,120.0,47.3087,901753
SIMS,2021-09-01,South Coast,4,65.0308,64.0,32.0,96.0,37.6704,909838
SIMS,2021-10-01,South Coast,4,64.2436,67.0,43.0,86.0,24.6026,910597
SIMS,2021-11-01,South Coast,4,41.8937,45.0,21.0,62.0,22.8937,910589
SIMS,2021-12-01,South Coast,4,36.3199,38.0,31.0,42.0,6.8887,910518
SIMS,2022-01-01,South Coast,4,48.9979,53.0,34.0,64.0,19.7926,915930
SIMS,2022-02-01,South Coast,4,65.2617,72.0,50.0,82.0,22.559,915382
SIMS,2022-03-01,South Coast,4,83.8281,91.0,66.0,104.0,26.4333,915382
SIMS,2022-04-01,South Coast,4,86.4675,93.0,61.0,113.0,33.2768,915345
SIMS,2022-05-01,South Coast,4,81.5003,85.0,45.0,117.0,41.9598,915384
SIMS,2022-06-01,South Coast,4,91.5795,94.0,45.0,134.0,51.3871,915281
SIMS,2022-07-01,South Coast,4,89.6104,90.0,40.0,134.0,53.264,915170
SIMS,2022-08-01,South Coast,4,88.4153,89.0,40.0,133.0,52.203,915366
SIMS,2022-09-01,South Coast,4,79.2055,80.0,44.0,112.0,37.7668,915384
SIMS,2022-10-01,South Coast,4,56.9443,59.0,31.0,81.0,27.6904,915384
SIMS,2022-11-01,South Coast,4,48.8596,51.0,34.0,65.0,18.3451,915383
SIMS,2022-12-01,South Coast,4,38.1693,41.0,34.0,44.0,9.0036,918710
SIMS,2023-01-01,South Coast,4,52.8553,54.0,50.0,56.0,5.2442,922990
SIMS,2023-02-01,South Coast,4,56.5143,60.0,50.0,67.0,13.2883,922995
SIMS,2023-03-01,South Coast,4,78.0992,79.0,74.0,84.0,8.395,922982
SIMS,2023-04-01,South Coast,4,83.485,88.0,65.0,103.0,29.0961,922520
SIMS,2023-05-01,South Coast,4,85.1017,89.0,67.0,104.0,26.7908,835898
SIMS,2023-06-01,South Coast,4,81.5031,83.0,55.0,107.0,33.9545,922484
SIMS,2023-07-01,South Coast,4,103.2973,103.0,63.0,143.0,49.1514,923009
SIMS,2023-08-01,South Coast,4,102.3446,103.0,68.0,135.0,40.8051,923009
SIMS,2023-09-01,South Coast,4,72.5834,76.0,50.0,95.0,28.0874,923009
SIMS,2023-10-01,South Coast,4,69.1624,75.0,47.0,92.0,27.3321,922994
SIMS,2023-11-01,South Coast,4,54.8021,59.0,39.0,70.0,18.0622,922984
SIMS,2023-12-01,South Coast,4,45.614,48.0,35.0,55.0,12.9317,923761
SIMS,2024-01-01,South Coast,4,51.3565,52.0,45.0,59.0,10.9596,932450
SIMS,2024-02-01,South Coast,4,61.6404,61.0,56.0,70.0,8.8199,932129
SIMS,2024-03-01,South Coast,4,83.3737,86.0,77.0,92.0,12.8937,932130
SIMS,2024-04-01,South Coast,4,92.1953,96.0,79.0,108.0,23.2998,932130
SIMS,2024-05-01,South Coast,4,83.9663,88.0,63.0,106.0,31.2848,931218
SIMS,2024-06-01,South Coast,4,91.5909,95.0,58.0,124.0,41.9818,931686
SIMS,2024-07-01,South Coast,4,98.2661,100.0,56.0,138.0,48.9092,932132
SIMS,2024-08-01,South Coast,4,89.678,91.0,46.0,129.0,46.5049,932132
SIMS,2024-09-01,South Coast,4,71.7423,72.0,42.0,101.0,34.9042,932124
SIMS,2024-10-01,South Coast,4,54.886,57.0,30.0,78.0,27.254,932132
SIMS,2024-11-01,South Coast,4,40.7172,43.0,25.0,57.0,18.2798,932132
SIMS,2024-12-01,South Coast,4,30.2228,32.0,16.0,44.0,15.5665,932132
SIMS,2025-01-01,South Coast,4,44.8616,46.0,27.0,63.0,19.9338,932212
SIMS,2025-02-01,South Coast,4,52.6835,54.0,41.0,65.0,15.1144,930836
SIMS,2025-03-01,South Coast,4,75.696,79.0,67.0,87.0,15.7228,930836
SIMS,2025-04-01,South Coast,4,83.8191,90.0,68.0,103.0,25.8791,930836
SIMS,2025-05-01,South Coast,4,89.8624,95.0,62.0,119.0,35.6199,930836
SIMS,2025-06-01,South Coast,4,88.2939,90.0,50.0,123.0,43.3672,930836
SIMS,2025-07-01,South Coast,4,89.4122,90.0,47.0,128.0,47.3972,930836
SIMS,2025-08-01,South Coast,4,87.4019,88.0,44.0,126.0,46.4248,930836
SIMS,2025-09-01,South Coast,4,74.4673,75.0,46.0,102.0,33.1146,930836
SIMS,2025-10-01,South Coast,4,59.7264,62.0,39.0,81.0,24.0026,930834
SIMS,2025-11-01,South Coast,4,46.2818,48.0,37.0,55.0,11.1208,930836
SIMS,2025-12-01,South Coast,4,43.7041,47.0,36.0,51.0,10.6236,930836
SIMS,2003-10-01,South Lahontan,9,55.934,54.0,19.0,89.0,37.8262,229302
SIMS,2003-11-01,South Lahontan,9,30.0214,26.0,23.0,36.0,11.1286,229160
SIMS,2003-12-01,South Lahontan,9,21.1697,19.0,16.0,24.0,8.2528,215231
SIMS,2004-01-01,South Lahontan,9,14.2078,12.0,8.0,16.0,9.1464,212341
SIMS,2004-02-01,South Lahontan,9,37.4906,36.0,31.0,41.0,9.0517,212439
SIMS,2004-03-01,South Lahontan,9,53.073,45.0,26.0,72.0,33.803,220417
SIMS,2004-04-01,South Lahontan,9,72.0319,66.0,28.0,112.0,45.4083,229302
SIMS,2004-05-01,South Lahontan,9,97.4099,106.0,31.0,151.0,61.8974,229302
SIMS,2004-06-01,South Lahontan,9,108.4448,129.0,34.0,163.0,66.1158,229302
SIMS,2004-07-01,South Lahontan,9,122.4926,149.0,44.0,178.0,70.3397,229302
SIMS,2004-08-01,South Lahontan,9,110.7916,136.0,36.0,162.0,64.0062,229302
SIMS,2004-09-01,South Lahontan,9,80.9611,93.0,25.0,124.0,50.2097,229302
SIMS,2004-10-01,South Lahontan,9,56.1728,53.0,37.0,73.0,24.1224,229302
SIMS,2004-11-01,South Lahontan,9,29.1036,26.0,19.0,37.0,13.5265,229302
SIMS,2004-12-01,South Lahontan,9,18.362,15.0,12.0,22.0,10.098,229280
SIMS,2005-01-01,South Lahontan,9,32.6515,31.0,28.0,36.0,5.7028,210828
SIMS,2005-02-01,South Lahontan,9,37.8771,36.0,31.0,43.0,8.8449,211757
SIMS,2005-03-01,South Lahontan,9,60.704,59.0,35.0,80.0,27.9114,212477
SIMS,2005-04-01,South Lahontan,9,75.7217,76.0,36.0,108.0,39.2628,228949
SIMS,2005-05-01,South Lahontan,9,106.4616,114.0,52.0,149.0,55.4314,229302
SIMS,2005-06-01,South Lahontan,9,112.7099,135.0,45.0,162.0,63.5487,229302
SIMS,2005-07-01,South Lahontan,9,133.0555,160.0,61.0,183.0,67.5411,229302
SIMS,2005-08-01,South Lahontan,9,122.8481,148.0,55.0,169.0,60.593,229302
SIMS,2005-09-01,South Lahontan,9,90.08,102.0,40.0,127.0,44.478,229302
SIMS,2005-10-01,South Lahontan,9,58.2571,58.0,29.0,81.0,29.7422,229302
SIMS,2005-11-01,South Lahontan,9,32.7667,31.0,15.0,46.0,19.8442,229302
SIMS,2005-12-01,South Lahontan,9,25.8061,27.0,17.0,33.0,11.5396,221389
SIMS,2006-01-01,South Lahontan,9,27.5667,24.0,19.0,34.0,12.0083,210034
SIMS,2006-02-01,South Lahontan,9,28.2956,21.0,16.0,36.0,17.985,212421
SIMS,2006-03-01,South Lahontan,9,53.0666,49.0,39.0,65.0,19.5674,212417
SIMS,2006-04-01,South Lahontan,9,75.6536,73.0,46.0,101.0,35.0575,229272
SIMS,2006-05-01,South Lahontan,9,104.2054,114.0,48.0,150.0,55.8469,229302
SIMS,2006-06-01,South Lahontan,9,122.7015,146.0,50.0,174.0,67.4868,229302
SIMS,2006-07-01,South Lahontan,9,135.5059,164.0,55.0,187.0,70.4488,229302
SIMS,2006-08-01,South Lahontan,9,116.0592,139.0,40.0,167.0,66.1199,229302
SIMS,2006-09-01,South Lahontan,9,81.9572,92.0,26.0,124.0,50.392,229302
SIMS,2006-10-01,South Lahontan,9,54.1666,54.0,25.0,77.0,30.7425,229302
SIMS,2006-11-01,South Lahontan,9,28.5536,23.0,11.0,42.0,20.6153,229302
SIMS,2006-12-01,South Lahontan,9,22.8462,22.0,16.0,26.0,10.5178,229282
SIMS,2007-01-01,South Lahontan,9,17.8142,16.0,12.0,21.0,9.5548,227870
SIMS,2007-02-01,South Lahontan,9,25.2106,22.0,20.0,27.0,11.1025,229278
SIMS,2007-03-01,South Lahontan,9,46.5433,35.0,21.0,61.0,35.2821,229302
SIMS,2007-04-01,South Lahontan,9,71.8409,67.0,30.0,110.0,46.3166,229302
SIMS,2007-05-01,South Lahontan,9,99.3601,112.0,36.0,150.0,59.1508,229302
SIMS,2007-06-01,South Lahontan,9,118.8876,139.0,44.0,171.0,68.9234,229302
SIMS,2007-07-01,South Lahontan,9,133.7243,160.0,50.0,191.0,75.1885,229302
SIMS,2007-08-01,South Lahontan,9,112.5536,133.0,41.0,163.0,64.0263,229302
SIMS,2007-09-01,South Lahontan,9,84.0108,92.0,34.0,123.0,48.1292,229302
SIMS,2007-10-01,South Lahontan,9,51.5028,51.0,21.0,76.0,33.1516,229256
SIMS,2007-11-01,South Lahontan,9,31.5515,25.0,18.0,42.0,19.3256,227443
SIMS,2007-12-01,South Lahontan,9,24.6175,23.0,17.0,29.0,9.8512,208306
SIMS,2008-01-01,South Lahontan,9,31.3199,30.0,26.0,33.0,7.324,209392
SIMS,2008-02-01,South Lahontan,9,31.3361,29.0,23.0,35.0,12.7016,212232
SIMS,2008-03-01,South Lahontan,9,46.7965,36.0,19.0,61.0,36.439,212766
SIMS,2008-04-01,South Lahontan,9,78.1951,77.0,26.0,123.0,50.9551,229302
SIMS,2008-05-01,South Lahontan,9,98.8478,106.0,48.0,142.0,52.7065,229302
SIMS,2008-06-01,South Lahontan,9,125.03,143.0,68.0,174.0,64.3047,229302
SIMS,2008-07-01,South Lahontan,9,143.2348,163.0,98.0,188.0,63.6416,229302
SIMS,2008-08-01,South Lahontan,9,131.1615,153.0,73.0,181.0,66.7255,229302
SIMS,2008-09-01,South Lahontan,9,89.9586,102.0,38.0,130.0,48.9328,229302
SIMS,2008-10-01,South Lahontan,9,56.3091,57.0,22.0,82.0,34.3126,229302
SIMS,2008-11-01,South Lahontan,9,40.0905,38.0,26.0,50.0,16.3606,229302
SIMS,2008-12-01,South Lahontan,9,26.4607,23.0,21.0,30.0,9.1599,260099
SIMS,2009-01-01,South Lahontan,9,23.6998,19.0,14.0,30.0,14.7909,284370
SIMS,2009-02-01,South Lahontan,9,39.6011,36.0,31.0,47.0,11.897,284740
SIMS,2009-03-01,South Lahontan,9,53.1086,43.0,26.0,77.0,34.1664,284916
SIMS,2009-04-01,South Lahontan,9,74.1713,66.0,31.0,113.0,48.8832,284938
SIMS,2009-05-01,South Lahontan,9,102.7524,101.0,39.0,157.0,65.6042,284938
SIMS,2009-06-01,South Lahontan,9,101.2459,111.0,40.0,152.0,60.918,284938
SIMS,2009-07-01,South Lahontan,9,128.7091,148.0,47.0,193.0,79.2364,284938
SIMS,2009-08-01,South Lahontan,9,109.6399,125.0,39.0,169.0,68.9438,284938
SIMS,2009-09-01,South Lahontan,9,84.0167,91.0,30.0,131.0,55.0204,284938
SIMS,2009-10-01,South Lahontan,9,52.9691,50.0,25.0,77.0,32.6059,284938
SIMS,2009-11-01,South Lahontan,9,28.2771,24.0,13.0,38.0,20.0611,284938
SIMS,2009-12-01,South Lahontan,9,23.9969,23.0,19.0,26.0,7.2995,280783
SIMS,2010-01-01,South Lahontan,9,25.4338,24.0,20.0,27.0,7.789,257826
SIMS,2010-02-01,South Lahontan,9,31.2177,29.0,22.0,38.0,12.9928,284097
SIMS,2010-03-01,South Lahontan,9,49.3585,41.0,22.0,69.0,33.9176,284629
SIMS,2010-04-01,South Lahontan,9,73.5617,71.0,38.0,102.0,40.0142,310744
SIMS,2010-05-01,South Lahontan,9,91.0614,86.0,40.0,138.0,55.54,310744
SIMS,2010-06-01,South Lahontan,9,111.541,122.0,43.0,167.0,68.3755,310744
SIMS,2010-07-01,South Lahontan,9,121.5752,145.0,45.0,183.0,72.6533,310744
SIMS,2010-08-01,South Lahontan,9,110.0763,125.0,40.0,168.0,69.9212,310744
SIMS,2010-09-01,South Lahontan,9,80.745,85.0,29.0,126.0,54.06,310744
SIMS,2010-10-01,South Lahontan,9,55.3866,52.0,32.0,77.0,26.606,310744
SIMS,2010-11-01,South Lahontan,9,30.1276,26.0,17.0,40.0,18.5572,310744
SIMS,2010-12-01,South Lahontan,9,29.6856,28.0,25.0,34.0,7.3574,284612
SIMS,2011-01-01,South Lahontan,9,21.6127,17.0,12.0,29.0,12.7519,288542
SIMS,2011-02-01,South Lahontan,9,35.9955,33.0,26.0,45.0,13.5375,274397
SIMS,2011-03-01,South Lahontan,9,56.5504,51.0,37.0,72.0,26.0689,274497
SIMS,2011-04-01,South Lahontan,9,79.1999,77.0,38.0,110.0,46.951,283170
SIMS,2011-05-01,South Lahontan,9,97.2316,95.0,48.0,139.0,55.5766,283172
SIMS,2011-06-01,South Lahontan,9,110.6395,126.0,40.0,166.0,69.0082,283172
SIMS,2011-07-01,South Lahontan,9,124.6252,150.0,47.0,184.0,73.8504,283172
SIMS,2011-08-01,South Lahontan,9,115.8086,138.0,41.0,177.0,74.023,283172
SIMS,2011-09-01,South Lahontan,9,86.0599,94.0,36.0,131.0,51.0081,283172
SIMS,2011-10-01,South Lahontan,9,56.7352,56.0,23.0,85.0,35.8238,283172
SIMS,2011-11-01,South Lahontan,9,29.9282,26.0,21.0,36.0,14.3847,283172
SIMS,2011-12-01,South Lahontan,9,18.2805,16.0,11.0,21.0,10.7828,266884
SIMS,2012-01-01,South Lahontan,9,21.743,20.0,14.0,25.0,12.02,248296
SIMS,2012-02-01,South Lahontan,9,25.9611,21.0,16.0,30.0,16.7722,264938
SIMS,2012-03-01,South Lahontan,9,52.535,42.0,30.0,68.0,32.5692,268897
SIMS,2012-04-01,South Lahontan,9,79.7785,71.0,37.0,115.0,48.1943,279246
SIMS,2012-05-01,South Lahontan,9,105.5963,108.0,39.0,161.0,70.0461,279578
SIMS,2012-06-01,South Lahontan,9,116.717,129.0,36.0,180.0,79.8804,279932
SIMS,2012-07-01,South Lahontan,9,123.5474,142.0,39.0,193.0,81.2995,279918
SIMS,2012-08-01,South Lahontan,9,116.6336,129.0,44.0,177.0,72.1353,279930
SIMS,2012-09-01,South Lahontan,9,83.7728,86.0,32.0,133.0,55.8426,279652
SIMS,2012-10-01,South Lahontan,9,55.6963,52.0,23.0,85.0,38.7572,279142
SIMS,2012-11-01,South Lahontan,9,27.7747,22.0,13.0,41.0,20.1469,271436
SIMS,2012-12-01,South Lahontan,9,25.8389,25.0,17.0,30.0,11.3382,269896
SIMS,2013-01-01,South Lahontan,9,20.0203,17.0,12.0,23.0,11.3617,276127
SIMS,2013-02-01,South Lahontan,9,20.8555,17.0,14.0,24.0,13.5741,279565
SIMS,2013-03-01,South Lahontan,9,49.5451,37.0,25.0,68.0,36.8906,282701
SIMS,2013-04-01,South Lahontan,9,82.1636,74.0,28.0,132.0,59.3276,284354
SIMS,2013-05-01,South Lahontan,9,111.6342,119.0,43.0,167.0,68.5044,284354
SIMS,2013-06-01,South Lahontan,9,125.3058,140.0,44.0,188.0,81.5872,284354
SIMS,2013-07-01,South Lahontan,9,133.1791,156.0,55.0,195.0,77.5066,284354
SIMS,2013-08-01,South Lahontan,9,119.5996,135.0,45.0,181.0,72.5122,284354
SIMS,2013-09-01,South Lahontan,9,87.7058,93.0,30.0,140.0,58.8395,284354
SIMS,2013-10-01,South Lahontan,9,49.4992,46.0,19.0,73.0,36.3733,284354
SIMS,2013-11-01,South Lahontan,9,30.3632,25.0,18.0,41.0,16.8137,284354
SIMS,2013-12-01,South Lahontan,9,19.3192,17.0,12.0,25.0,11.6128,284423
SIMS,2014-01-01,South Lahontan,9,17.8903,15.0,11.0,23.0,13.2936,292177
SIMS,2014-02-01,South Lahontan,9,28.3674,22.0,16.0,34.0,19.9776,288726
SIMS,2014-03-01,South Lahontan,9,56.2098,41.0,26.0,82.0,41.4139,288726
SIMS,2014-04-01,South Lahontan,9,84.4814,76.5,35.0,132.0,55.5561,288726
SIMS,2014-05-01,South Lahontan,9,109.6872,114.0,42.0,169.0,69.5445,288726
SIMS,2014-06-01,South Lahontan,9,127.683,146.0,50.0,188.0,78.8161,288726
SIMS,2014-07-01,South Lahontan,9,136.4574,158.0,56.0,198.0,81.1879,288726
SIMS,2014-08-01,South Lahontan,9,123.0617,136.0,51.0,178.0,70.9104,288726
SIMS,2014-09-01,South Lahontan,9,93.3021,96.0,32.0,147.0,60.3773,288726
SIMS,2014-10-01,South Lahontan,9,58.244,53.0,19.0,93.0,42.5396,288726
SIMS,2014-11-01,South Lahontan,9,30.5736,24.0,14.0,46.0,23.0772,288726
SIMS,2014-12-01,South Lahontan,9,29.2693,27.0,23.0,33.0,10.4146,292382
SIMS,2015-01-01,South Lahontan,9,26.2566,23.0,19.0,33.0,11.9767,279979
SIMS,2015-02-01,South Lahontan,9,39.6019,32.0,21.0,55.0,23.641,280014
SIMS,2015-03-01,South Lahontan,9,67.0132,56.0,27.0,102.0,46.9346,280036
SIMS,2015-04-01,South Lahontan,9,83.2714,75.0,31.0,133.0,55.688,280036
SIMS,2015-05-01,South Lahontan,9,98.4325,99.0,40.0,146.0,61.6627,280036
SIMS,2015-06-01,South Lahontan,9,126.8074,139.0,54.0,184.0,74.6077,280036
SIMS,2015-07-01,South Lahontan,9,136.0388,154.0,64.0,191.0,69.2566,280036
SIMS,2015-08-01,South Lahontan,9,125.2734,142.0,44.0,187.0,78.2566,280036
SIMS,2015-09-01,South Lahontan,9,96.7053,95.0,41.0,145.0,55.9413,280036
SIMS,2015-10-01,South Lahontan,9,67.0793,67.0,32.0,101.0,36.9389,279809
SIMS,2015-11-01,South Lahontan,9,34.1119,30.0,18.0,47.0,20.2153,280025
SIMS,2015-12-01,South Lahontan,9,27.3165,25.0,19.0,34.0,12.2136,279823
SIMS,2016-01-01,South Lahontan,9,26.0492,25.0,19.0,30.0,9.2363,285435
SIMS,2016-02-01,South Lahontan,9,34.9728,29.0,19.0,43.0,22.5322,291206
SIMS,2016-03-01,South Lahontan,9,67.1667,56.0,38.0,94.0,40.2794,291209
SIMS,2016-04-01,South Lahontan,9,86.945,82.0,42.0,131.0,53.0604,291209
SIMS,2016-05-01,South Lahontan,9,103.0698,114.0,39.0,154.0,66.298,291209
SIMS,2016-06-01,South Lahontan,9,132.7559,159.0,47.0,200.0,84.8749,291209
SIMS,2016-07-01,South Lahontan,9,139.8879,172.0,50.0,209.0,89.6776,291209
SIMS,2016-08-01,South Lahontan,9,118.6334,140.0,40.0,184.0,80.4683,291209
SIMS,2016-09-01,South Lahontan,9,85.4102,87.0,27.0,141.0,60.8654,291209
SIMS,2016-10-01,South Lahontan,9,63.8424,59.0,25.0,97.0,44.0459,291209
SIMS,2016-11-01,South Lahontan,9,35.6413,29.0,18.0,53.0,23.5532,291209
SIMS,2016-12-01,South Lahontan,9,28.4639,25.0,21.0,33.0,11.3869,291247
SIMS,2017-01-01,South Lahontan,9,40.3366,40.0,36.0,45.0,6.6018,285651
SIMS,2017-02-01,South Lahontan,9,41.1172,41.0,31.0,48.0,13.6986,284852
SIMS,2017-03-01,South Lahontan,9,64.3871,56.0,30.0,90.0,42.4598,280981
SIMS,2017-04-01,South Lahontan,9,94.0695,94.0,46.0,136.0,54.6055,292714
SIMS,2017-05-01,South Lahontan,9,108.2449,114.0,47.0,159.0,65.7133,292714
SIMS,2017-06-01,South Lahontan,9,130.235,154.0,52.0,191.0,78.4779,292714
SIMS,2017-07-01,South Lahontan,9,136.2967,168.0,54.0,198.0,80.6244,292714
SIMS,2017-08-01,South Lahontan,9,115.5479,137.0,45.0,169.0,67.6483,292714
SIMS,2017-09-01,South Lahontan,9,90.1078,99.0,41.0,131.0,49.3643,292714
SIMS,2017-10-01,South Lahontan,9,56.1201,53.0,20.0,80.0,40.733,292714
SIMS,2017-11-01,South Lahontan,9,33.3147,31.0,13.0,47.0,24.7542,292714
SIMS,2017-12-01,South Lahontan,9,23.2579,19.0,12.0,31.0,18.0515,293335
SIMS,2018-01-01,South Lahontan,9,25.1442,21.0,18.0,28.0,13.0707,302617
SIMS,2018-02-01,South Lahontan,9,27.0417,22.0,15.0,32.0,19.4916,302638
SIMS,2018-03-01,South Lahontan,9,60.8729,54.0,43.0,73.0,26.5783,301781
SIMS,2018-04-01,South Lahontan,9,84.859,75.0,32.0,132.0,60.1921,303603
SIMS,2018-05-01,South Lahontan,9,100.4725,105.0,32.0,160.0,70.7576,303603
SIMS,2018-06-01,South Lahontan,9,121.4592,142.0,37.0,192.0,84.2038,303603
SIMS,2018-07-01,South Lahontan,9,128.1346,157.0,42.0,196.0,84.7029,303603
SIMS,2018-08-01,South Lahontan,9,111.3705,127.0,37.0,176.0,77.5293,303603
SIMS,2018-09-01,South Lahontan,9,87.8814,89.0,28.0,143.0,64.5272,303603
SIMS,2018-10-01,South Lahontan,9,54.4779,49.0,20.0,84.0,39.6445,303603
SIMS,2018-11-01,South Lahontan,9,30.237,26.0,15.0,42.0,20.9937,303603
SIMS,2018-12-01,South Lahontan,9,22.6797,20.0,15.0,28.0,11.1477,288717
SIMS,2019-01-01,South Lahontan,9,30.2701,30.0,23.0,35.0,9.6187,291557
SIMS,2019-02-01,South Lahontan,9,46.7168,46.0,39.0,56.0,12.0518,286177
SIMS,2019-03-01,South Lahontan,9,68.8039,66.0,46.0,88.0,27.6059,288097
SIMS,2019-04-01,South Lahontan,9,91.2252,87.0,47.0,134.0,54.2314,301344
SIMS,2019-05-01,South Lahontan,9,102.018,101.0,56.0,143.0,51.5214,301355
SIMS,2019-06-01,South Lahontan,9,118.7627,134.0,42.0,181.0,78.6878,301355
SIMS,2019-07-01,South Lahontan,9,131.2105,154.0,44.0,200.0,86.1401,301355
SIMS,2019-08-01,South Lahontan,9,119.3684,138.0,38.0,185.0,79.3935,301355
SIMS,2019-09-01,South Lahontan,9,87.3289,90.0,30.0,137.0,59.5108,301355
SIMS,2019-10-01,South Lahontan,9,50.6771,48.0,20.0,73.0,36.7209,301355
SIMS,2019-11-01,South Lahontan,9,33.2917,31.0,19.0,43.0,17.7849,301355
SIMS,2019-12-01,South Lahontan,9,29.1862,27.0,25.0,32.0,6.9763,297140
SIMS,2020-01-01,South Lahontan,9,21.3464,19.0,12.0,26.0,13.7916,313627
SIMS,2020-02-01,South Lahontan,9,31.0951,25.0,17.0,41.0,20.9181,314531
SIMS,2020-03-01,South Lahontan,9,60.4299,55.0,43.0,77.0,23.2725,314517
SIMS,2020-04-01,South Lahontan,9,95.7404,97.0,66.0,127.0,38.7718,314535
SIMS,2020-05-01,South Lahontan,9,111.3993,111.0,62.0,159.0,60.343,314542
SIMS,2020-06-01,South Lahontan,9,120.6541,131.0,47.0,184.0,74.0013,314542
SIMS,2020-07-01,South Lahontan,9,130.6633,141.0,48.0,200.0,82.6812,314542
SIMS,2020-08-01,South Lahontan,9,116.477,124.0,47.0,177.0,71.2896,314542
SIMS,2020-09-01,South Lahontan,9,78.8262,77.0,30.0,125.0,52.1004,314542
SIMS,2020-10-01,South Lahontan,9,53.2487,46.0,20.0,83.0,38.2047,314542
SIMS,2020-11-01,South Lahontan,9,31.1292,28.0,16.0,43.0,19.5229,314542
SIMS,2020-12-01,South Lahontan,9,23.6378,22.0,16.0,29.0,11.2702,314918
SIMS,2021-01-01,South Lahontan,9,26.2586,24.0,20.0,28.0,11.9513,318689
SIMS,2021-02-01,South Lahontan,9,24.9853,23.0,14.0,32.0,17.8463,300909
SIMS,2021-03-01,South Lahontan,9,38.4076,34.0,18.0,51.0,28.1012,316257
SIMS,2021-04-01,South Lahontan,9,64.3258,50.0,15.0,106.0,55.436,318938
SIMS,2021-05-01,South Lahontan,9,93.9367,92.0,12.0,163.0,74.7142,318938
SIMS,2021-06-01,South Lahontan,9,108.8229,117.0,11.0,185.0,84.0269,318938
SIMS,2021-07-01,South Lahontan,9,116.467,135.0,20.0,186.0,82.9595,318938
SIMS,2021-08-01,South Lahontan,9,97.885,105.0,18.0,160.0,72.968,318938
SIMS,2021-09-01,South Lahontan,9,73.6568,69.0,13.0,127.0,57.3171,318938
SIMS,2021-10-01,South Lahontan,9,50.0549,47.0,18.0,76.0,33.5362,318938
SIMS,2021-11-01,South Lahontan,9,26.3585,21.0,6.0,37.0,23.6707,318938
SIMS,2021-12-01,South Lahontan,9,28.1994,26.0,23.0,32.0,9.2864,318702
SIMS,2022-01-01,South Lahontan,9,17.5665,14.0,8.0,21.0,15.5463,297817
SIMS,2022-02-01,South Lahontan,9,26.5658,22.0,14.0,34.0,19.9,297828
SIMS,2022-03-01,South Lahontan,9,50.2233,44.0,26.0,70.0,33.3969,313535
SIMS,2022-04-01,South Lahontan,9,77.8509,69.0,29.0,121.0,57.0573,325860
SIMS,2022-05-01,South Lahontan,9,94.3393,86.0,24.0,157.0,72.737,325860
SIMS,2022-06-01,South Lahontan,9,109.1066,109.0,35.0,173.0,75.042,325860
SIMS,2022-07-01,South Lahontan,9,116.6355,122.0,27.0,191.0,84.9188,325860
SIMS,2022-08-01,South Lahontan,9,110.8684,122.0,33.0,179.0,75.3989,325860
SIMS,2022-09-01,South Lahontan,9,81.7248,81.0,34.0,130.0,51.0686,325860
SIMS,2022-10-01,South Lahontan,9,49.6374,46.0,17.0,83.0,37.0285,325860
SIMS,2022-11-01,South Lahontan,9,29.7769,28.0,17.0,40.0,16.6237,325828
SIMS,2022-12-01,South Lahontan,9,21.0794,22.0,11.0,30.0,11.027,298542
SIMS,2023-01-01,South Lahontan,9,34.6632,33.0,30.0,38.0,9.0439,302406
SIMS,2023-02-01,South Lahontan,9,31.0761,27.0,22.0,36.0,15.2532,302403
SIMS,2023-03-01,South Lahontan,9,58.9076,57.0,47.0,70.0,18.8911,302896
SIMS,2023-04-01,South Lahontan,9,75.4391,78.0,34.0,111.0,46.2133,312944
SIMS,2023-05-01,South Lahontan,9,104.2967,102.0,51.0,160.0,61.5893,333321
SIMS,2023-06-01,South Lahontan,9,116.3027,139.0,39.0,179.0,72.3249,333323
SIMS,2023-07-01,South Lahontan,9,136.5316,169.0,44.0,211.0,86.2284,333323
SIMS,2023-08-01,South Lahontan,9,124.3366,145.0,55.0,183.0,67.0815,333323
SIMS,2023-09-01,South Lahontan,9,102.0951,112.0,59.0,145.0,52.6981,333323
SIMS,2023-10-01,South Lahontan,9,64.4106,68.0,33.0,93.0,34.969,333323
SIMS,2023-11-01,South Lahontan,9,35.2146,36.0,17.0,49.0,19.9888,333323
SIMS,2023-12-01,South Lahontan,9,22.4384,21.0,17.0,26.0,9.1556,333676
SIMS,2024-01-01,South Lahontan,9,30.2096,28.0,22.0,37.0,11.4172,304078
SIMS,2024-02-01,South Lahontan,9,44.4439,45.0,36.0,52.0,11.6675,308064
SIMS,2024-03-01,South Lahontan,9,63.5899,61.0,43.0,85.0,27.4001,321114
SIMS,2024-04-01,South Lahontan,9,88.4963,91.0,57.0,119.0,42.7373,335317
SIMS,2024-05-01,South Lahontan,9,109.2636,107.0,50.0,166.0,64.4307,335317
SIMS,2024-06-01,South Lahontan,9,122.1405,137.0,40.0,191.0,77.0098,335317
SIMS,2024-07-01,South Lahontan,9,126.0622,146.0,42.0,194.0,78.4051,335317
SIMS,2024-08-01,South Lahontan,9,110.8752,119.0,36.0,176.0,73.0496,335317
SIMS,2024-09-01,South Lahontan,9,80.1014,79.0,27.0,130.0,53.372,335317
SIMS,2024-10-01,South Lahontan,9,53.8354,51.0,19.0,85.0,36.6895,335317
SIMS,2024-11-01,South Lahontan,9,28.5176,29.0,11.0,41.0,18.7865,335309
SIMS,2024-12-01,South Lahontan,9,19.2585,18.0,10.0,26.0,12.7551,335277
SIMS,2025-01-01,South Lahontan,9,26.2893,24.0,19.0,32.0,12.5463,335383
SIMS,2025-02-01,South Lahontan,9,33.3338,31.0,25.0,40.0,14.6807,335188
SIMS,2025-03-01,South Lahontan,9,49.8896,43.0,32.0,64.0,26.5716,335271
SIMS,2025-04-01,South Lahontan,9,67.0768,59.0,25.0,104.0,48.1656,335289
SIMS,2025-05-01,South Lahontan,9,102.7061,101.0,35.0,167.0,68.4784,335289
SIMS,2025-06-01,South Lahontan,9,114.0087,125.0,33.0,187.0,79.8712,335289
SIMS,2025-07-01,South Lahontan,9,120.8006,136.0,35.0,197.0,84.9253,335289
SIMS,2025-08-01,South Lahontan,9,106.5602,115.0,34.0,173.0,72.798,335289
SIMS,2025-09-01,South Lahontan,9,81.7068,85.0,29.0,125.0,51.3776,335289
SIMS,2025-10-01,South Lahontan,9,55.5121,53.0,25.0,82.0,33.5031,335289
SIMS,2025-11-01,South Lahontan,9,37.0465,34.0,27.0,45.0,14.036,335278
SIMS,2025-12-01,South Lahontan,9,29.2455,27.0,20.0,37.0,12.8375,335246
SIMS,2003-10-01,Tulare Lake,7,42.3907,39.0,18.0,63.0,27.0851,14157458
SIMS,2003-11-01,Tulare Lake,7,22.4477,21.0,16.0,28.0,9.4177,14039856
SIMS,2003-12-01,Tulare Lake,7,27.7244,29.0,24.0,32.0,7.0682,13315813
SIMS,2004-01-01,Tulare Lake,7,21.5508,21.0,18.0,26.0,6.5025,12771199
SIMS,2004-02-01,Tulare Lake,7,42.0519,42.0,36.0,50.0,10.4415,13360533
SIMS,2004-03-01,Tulare Lake,7,61.325,58.0,32.0,91.0,31.6423,14155315
SIMS,2004-04-01,Tulare Lake,7,71.0167,63.0,28.0,114.0,45.4099,14157464
SIMS,2004-05-01,Tulare Lake,7,86.1982,74.0,38.0,136.0,55.5344,14157472
SIMS,2004-06-01,Tulare Lake,7,112.5908,124.5019,48.4989,164.4962,63.6374,14157469
SIMS,2004-07-01,Tulare Lake,7,131.7441,148.5016,52.4884,198.5021,74.8238,14157473
SIMS,2004-08-01,Tulare Lake,7,105.0525,110.5014,38.4888,164.4973,64.0172,14157473
SIMS,2004-09-01,Tulare Lake,7,70.4513,69.0,26.0,110.0,44.2959,14157465
SIMS,2004-10-01,Tulare Lake,7,47.2123,45.0,35.0,59.0,17.6499,14157260
SIMS,2004-11-01,Tulare Lake,7,23.4764,23.0,17.0,29.0,9.0186,11752361
SIMS,2004-12-01,Tulare Lake,7,18.9576,18.0,14.0,23.0,6.4917,7625486
SIMS,2005-01-01,Tulare Lake,7,29.128,30.0,28.0,32.0,5.6211,12262347
SIMS,2005-02-01,Tulare Lake,7,39.9916,41.0,34.0,48.0,10.22,13869205
SIMS,2005-03-01,Tulare Lake,7,64.8426,69.0,50.0,81.0,19.206,13738541
SIMS,2005-04-01,Tulare Lake,7,71.2607,69.0,41.0,102.0,32.4566,14156625
SIMS,2005-05-01,Tulare Lake,7,93.4351,89.0,51.0,137.0,46.8406,14157364
SIMS,2005-06-01,Tulare Lake,7,101.251,101.0,45.0,153.0,60.0372,14157461
SIMS,2005-07-01,Tulare Lake,7,138.1209,158.5051,60.4957,204.5005,75.9397,14157456
SIMS,2005-08-01,Tulare Lake,7,117.659,126.5045,44.4883,180.5031,68.9773,14157447
SIMS,2005-09-01,Tulare Lake,7,74.4655,73.0,30.0,116.0,44.3485,14157447
SIMS,2005-10-01,Tulare Lake,7,43.473,42.0,21.0,63.0,24.6428,14157463
SIMS,2005-11-01,Tulare Lake,7,20.653,18.0,12.0,27.0,12.1762,14131567
SIMS,2005-12-01,Tulare Lake,7,21.8784,22.0,17.0,27.0,7.3232,13965576
SIMS,2006-01-01,Tulare Lake,7,27.128,28.0,22.0,34.0,8.9432,14145209
SIMS,2006-02-01,Tulare Lake,7,30.5288,27.0,16.0,45.0,16.3205,14154376
SIMS,2006-03-01,Tulare Lake,7,64.8078,68.0,57.0,76.0,14.7405,13882658
SIMS,2006-04-01,Tulare Lake,7,77.8636,82.0,57.0,101.0,26.4165,14149733
SIMS,2006-05-01,Tulare Lake,7,95.092,93.0,49.0,139.0,49.0906,14157474
SIMS,2006-06-01,Tulare Lake,7,110.1134,115.0,50.3457,164.3461,63.6091,14157469
SIMS,2006-07-01,Tulare Lake,7,137.3984,156.5041,60.4971,204.5084,75.9677,14157462
SIMS,2006-08-01,Tulare Lake,7,108.7078,116.5035,42.4903,166.5027,64.2066,14157461
SIMS,2006-09-01,Tulare Lake,7,74.5489,73.0,30.0,118.0,45.94,14157459
SIMS,2006-10-01,Tulare Lake,7,41.2587,39.0,23.0,57.0,20.9643,14157391
SIMS,2006-11-01,Tulare Lake,7,19.6374,17.0,12.0,25.0,11.235,14157282
SIMS,2006-12-01,Tulare Lake,7,22.8056,23.0,16.0,28.0,8.8632,14156773
SIMS,2007-01-01,Tulare Lake,7,18.3516,16.0,13.0,22.0,8.5222,14155460
SIMS,2007-02-01,Tulare Lake,7,33.6322,32.0,26.0,42.0,11.8178,14156976
SIMS,2007-03-01,Tulare Lake,7,53.0557,42.0,26.0,82.0,32.2868,14157303
SIMS,2007-04-01,Tulare Lake,7,72.6217,65.0,34.0,113.0,41.5193,14157289
SIMS,2007-05-01,Tulare Lake,7,97.1576,95.0,41.0,151.0,60.4397,14157348
SIMS,2007-06-01,Tulare Lake,7,115.276,122.5,50.497,172.4973,67.9461,14157450
SIMS,2007-07-01,Tulare Lake,7,126.3422,140.503,54.4899,188.504,71.8618,14157461
SIMS,2007-08-01,Tulare Lake,7,105.8186,108.5017,42.4907,162.5011,63.6238,14157469
SIMS,2007-09-01,Tulare Lake,7,75.0554,73.0,34.0,114.0,42.465,14157390
SIMS,2007-10-01,Tulare Lake,7,45.4872,43.0,25.0,63.0,23.9478,13902406
SIMS,2007-11-01,Tulare Lake,7,21.5617,18.0,11.0,30.0,13.6534,11855582
SIMS,2007-12-01,Tulare Lake,7,24.2729,26.0,20.0,29.0,7.7679,11178673
SIMS,2008-01-01,Tulare Lake,7,33.1038,34.0,30.0,38.0,7.9979,12950675
SIMS,2008-02-01,Tulare Lake,7,37.8294,38.0,25.0,51.0,14.8405,14157073
SIMS,2008-03-01,Tulare Lake,7,53.9544,48.0,21.0,86.0,34.7205,14157289
SIMS,2008-04-01,Tulare Lake,7,73.3048,69.0,32.0,116.0,45.1397,14157375
SIMS,2008-05-01,Tulare Lake,7,92.3587,94.0,46.0,135.0,51.447,14157427
SIMS,2008-06-01,Tulare Lake,7,110.9673,114.4994,48.5023,168.4996,67.881,14157450
SIMS,2008-07-01,Tulare Lake,7,122.1411,134.5016,52.4939,182.4986,70.5545,14157453
SIMS,2008-08-01,Tulare Lake,7,105.5409,108.0,37.0,164.0,66.7718,14157452
SIMS,2008-09-01,Tulare Lake,7,69.0104,64.0,26.0,108.0,45.1029,14157450
SIMS,2008-10-01,Tulare Lake,7,41.4383,37.0,18.0,61.0,26.9116,14157450
SIMS,2008-11-01,Tulare Lake,7,27.0896,26.0,18.0,34.0,11.6898,14157192
SIMS,2008-12-01,Tulare Lake,7,20.1789,20.0,18.0,23.0,5.6917,13564219
SIMS,2009-01-01,Tulare Lake,7,22.6117,21.0,17.0,28.0,8.6063,13968076
SIMS,2009-02-01,Tulare Lake,7,43.5404,45.0,38.0,52.0,10.8218,14195040
SIMS,2009-03-01,Tulare Lake,7,56.2228,53.0,30.0,83.0,29.9184,14196103
SIMS,2009-04-01,Tulare Lake,7,74.7152,69.0,33.0,119.0,45.8946,14196147
SIMS,2009-05-01,Tulare Lake,7,104.5149,108.0,48.0,159.0,62.0336,14196168
SIMS,2009-06-01,Tulare Lake,7,107.4673,116.5039,46.4929,162.4982,64.204,14196271
SIMS,2009-07-01,Tulare Lake,7,128.3053,142.4996,42.479,200.5037,81.4697,14196275
SIMS,2009-08-01,Tulare Lake,7,98.2239,102.0,33.0,155.0,65.469,14196276
SIMS,2009-09-01,Tulare Lake,7,71.01,66.0,28.0,113.0,48.4041,14196275
SIMS,2009-10-01,Tulare Lake,7,43.4604,41.0,26.0,60.0,22.4648,14196189
SIMS,2009-11-01,Tulare Lake,7,21.753,19.0,13.0,31.0,13.069,14195914
SIMS,2009-12-01,Tulare Lake,7,24.0348,25.0,22.0,28.0,6.366,14189493
SIMS,2010-01-01,Tulare Lake,7,27.5621,28.0,24.0,32.0,6.9755,11179475
SIMS,2010-02-01,Tulare Lake,7,38.8291,40.0,34.0,45.0,9.1315,13712079
SIMS,2010-03-01,Tulare Lake,7,59.337,63.0,36.0,82.0,25.911,13302945
SIMS,2010-04-01,Tulare Lake,7,78.7755,82.0,55.0,106.0,29.9505,14184937
SIMS,2010-05-01,Tulare Lake,7,88.7602,89.0,41.0,135.0,50.7374,14185501
SIMS,2010-06-01,Tulare Lake,7,109.3793,110.5004,44.4962,170.4966,69.1638,14185676
SIMS,2010-07-01,Tulare Lake,7,127.9697,146.504,48.49,192.5049,76.274,14185678
SIMS,2010-08-01,Tulare Lake,7,107.6482,116.5017,38.4898,168.5047,67.3065,14185676
SIMS,2010-09-01,Tulare Lake,7,72.6217,71.0,26.0,115.0,47.9169,14185675
SIMS,2010-10-01,Tulare Lake,7,48.5334,48.0,29.0,67.0,23.632,14182181
SIMS,2010-11-01,Tulare Lake,7,30.6773,31.0,24.0,37.0,10.2075,14182110
SIMS,2010-12-01,Tulare Lake,7,26.7135,27.0,25.0,29.0,5.3796,14184368
SIMS,2011-01-01,Tulare Lake,7,19.6729,20.0,16.0,24.0,6.5439,14169461
SIMS,2011-02-01,Tulare Lake,7,38.0129,38.0,29.0,49.0,12.6559,14173113
SIMS,2011-03-01,Tulare Lake,7,59.25,61.0,44.0,77.0,19.5039,14157753
SIMS,2011-04-01,Tulare Lake,7,72.991,75.0,37.0,110.0,38.8018,14191660
SIMS,2011-05-01,Tulare Lake,7,92.9327,94.0,48.0,137.0,48.527,14192563
SIMS,2011-06-01,Tulare Lake,7,110.2694,115.0,57.0,163.0,59.001,14193109
SIMS,2011-07-01,Tulare Lake,7,132.8175,154.5039,58.4938,194.4997,74.4514,14193111
SIMS,2011-08-01,Tulare Lake,7,116.6542,130.504,48.4882,176.5002,67.9344,14193111
SIMS,2011-09-01,Tulare Lake,7,81.989,85.0,34.0,127.0,50.2159,14193111
SIMS,2011-10-01,Tulare Lake,7,47.4459,47.0,29.0,64.0,22.9722,14192480
SIMS,2011-11-01,Tulare Lake,7,30.3394,30.0,26.0,35.0,8.6412,14190326
SIMS,2011-12-01,Tulare Lake,7,13.2105,11.0,7.0,18.0,9.1415,14170334
SIMS,2012-01-01,Tulare Lake,7,23.3817,22.0,18.0,28.0,9.9938,14048168
SIMS,2012-02-01,Tulare Lake,7,31.4128,28.0,18.0,43.0,17.5979,12608801
SIMS,2012-03-01,Tulare Lake,7,58.2793,53.0,36.0,84.0,27.5568,11474438
SIMS,2012-04-01,Tulare Lake,7,82.0862,82.0,48.0,120.0,38.4991,14089316
SIMS,2012-05-01,Tulare Lake,7,103.2042,107.0,46.0,157.0,62.1819,14187918
SIMS,2012-06-01,Tulare Lake,7,114.7598,120.5053,48.494,176.4908,70.695,14192229
SIMS,2012-07-01,Tulare Lake,7,128.1877,142.5015,54.4843,194.5094,75.1198,14125265
SIMS,2012-08-01,Tulare Lake,7,118.1214,126.5031,44.4996,184.5066,72.4986,14127557
SIMS,2012-09-01,Tulare Lake,7,78.684,79.0,30.0,123.0,50.5457,13993918
SIMS,2012-10-01,Tulare Lake,7,44.4493,42.0,21.0,65.0,27.137,14031204
SIMS,2012-11-01,Tulare Lake,7,26.0925,25.0,17.0,34.0,12.4764,13331057
SIMS,2012-12-01,Tulare Lake,7,28.8568,30.0,26.0,33.0,7.027,13642758
SIMS,2013-01-01,Tulare Lake,7,25.4128,25.0,19.0,32.0,10.2901,13825893
SIMS,2013-02-01,Tulare Lake,7,33.4614,32.0,20.0,47.0,16.2086,13280521
SIMS,2013-03-01,Tulare Lake,7,58.11,54.0,30.0,86.0,31.9309,13471965
SIMS,2013-04-01,Tulare Lake,7,85.9678,85.0,36.0,137.0,52.7836,14191107
SIMS,2013-05-01,Tulare Lake,7,106.9775,110.5008,52.499,162.4976,62.3879,14191201
SIMS,2013-06-01,Tulare Lake,7,120.5165,132.5052,54.5031,182.5002,72.5942,14191202
SIMS,2013-07-01,Tulare Lake,7,135.8881,152.5039,56.4935,206.5094,80.3508,14191201
SIMS,2013-08-01,Tulare Lake,7,112.9983,120.5003,42.4834,176.5048,70.6768,14191204
SIMS,2013-09-01,Tulare Lake,7,75.2238,74.0,31.0,118.0,48.1292,14190829
SIMS,2013-10-01,Tulare Lake,7,40.4778,37.0,18.0,61.0,27.0368,14185655
SIMS,2013-11-01,Tulare Lake,7,26.155,25.0,16.0,35.0,13.525,14187785
SIMS,2013-12-01,Tulare Lake,7,16.3703,15.0,9.0,22.0,10.1426,14190841
SIMS,2014-01-01,Tulare Lake,7,20.2835,17.0,11.0,27.0,13.871,14195953
SIMS,2014-02-01,Tulare Lake,7,34.5511,32.0,23.0,44.0,16.1515,14117435
SIMS,2014-03-01,Tulare Lake,7,58.2304,50.0,32.0,88.0,32.2965,14145109
SIMS,2014-04-01,Tulare Lake,7,81.9027,82.0,40.0,125.0,45.8327,14151945
SIMS,2014-05-01,Tulare Lake,7,103.5092,105.0,44.0,164.0,67.011,14151971
SIMS,2014-06-01,Tulare Lake,7,119.8919,128.5023,48.496,186.4949,77.5312,14151973
SIMS,2014-07-01,Tulare Lake,7,126.2153,140.503,46.4877,196.5015,81.0102,14151972
SIMS,2014-08-01,Tulare Lake,7,108.7999,114.5043,40.5072,172.5028,71.5857,14151974
SIMS,2014-09-01,Tulare Lake,7,74.0949,71.0,28.0,118.0,50.3051,14151979
SIMS,2014-10-01,Tulare Lake,7,43.556,39.0,18.0,67.0,30.5349,14151761
SIMS,2014-11-01,Tulare Lake,7,26.5098,27.0,18.0,35.0,12.387,14149273
SIMS,2014-12-01,Tulare Lake,7,29.6671,31.0,27.0,34.0,7.68,14156752
SIMS,2015-01-01,Tulare Lake,7,18.5773,18.0,11.0,26.0,9.7178,14097004
SIMS,2015-02-01,Tulare Lake,7,38.5286,38.0,25.0,53.0,16.3045,14155911
SIMS,2015-03-01,Tulare Lake,7,62.4176,56.0,30.0,98.0,37.3974,14156970
SIMS,2015-04-01,Tulare Lake,7,83.5041,84.0,40.0,127.0,46.8514,14156975
SIMS,2015-05-01,Tulare Lake,7,99.4677,99.0,49.0,153.0,57.2228,14157025
SIMS,2015-06-01,Tulare Lake,7,119.1753,128.504,44.4982,186.5055,76.1898,14157067
SIMS,2015-07-01,Tulare Lake,7,132.548,146.503,54.4867,202.5058,78.7899,14157067
SIMS,2015-08-01,Tulare Lake,7,104.4259,106.4996,38.4916,166.5054,69.5803,14157069
SIMS,2015-09-01,Tulare Lake,7,72.6544,67.0,30.0,115.0,49.3041,14155583
SIMS,2015-10-01,Tulare Lake,7,52.0673,49.0,32.0,73.0,26.7396,14148654
SIMS,2015-11-01,Tulare Lake,7,35.5508,37.0,30.0,42.0,10.6598,14155804
SIMS,2015-12-01,Tulare Lake,7,26.0157,27.0,23.0,30.0,7.1264,13906997
SIMS,2016-01-01,Tulare Lake,7,31.4443,34.0,29.0,36.0,7.4028,13811231
SIMS,2016-02-01,Tulare Lake,7,38.0606,36.0,24.0,52.0,17.4197,14196958
SIMS,2016-03-01,Tulare Lake,7,67.4711,67.0,44.0,93.0,27.4546,14197312
SIMS,2016-04-01,Tulare Lake,7,86.3216,87.0,48.0,126.0,42.381,14197285
SIMS,2016-05-01,Tulare Lake,7,102.6874,101.0,51.0,157.0,58.9449,14197426
SIMS,2016-06-01,Tulare Lake,7,125.1615,136.5014,52.4937,194.5074,77.2933,14197426
SIMS,2016-07-01,Tulare Lake,7,131.6058,144.5025,48.4818,204.5048,83.1402,14197426
SIMS,2016-08-01,Tulare Lake,7,105.0721,106.5033,38.4807,164.5005,68.7763,14197427
SIMS,2016-09-01,Tulare Lake,7,70.533,65.0,28.0,110.0,47.6811,14197252
SIMS,2016-10-01,Tulare Lake,7,46.3412,43.0,27.0,65.0,24.9668,14197250
SIMS,2016-11-01,Tulare Lake,7,27.9718,26.0,19.0,36.0,12.5851,14191415
SIMS,2016-12-01,Tulare Lake,7,22.9149,23.0,19.0,27.0,7.2027,13320458
SIMS,2017-01-01,Tulare Lake,7,35.737,37.0,35.0,39.0,7.9762,11618576
SIMS,2017-02-01,Tulare Lake,7,46.6166,49.0,44.0,53.0,9.835,14196399
SIMS,2017-03-01,Tulare Lake,7,64.5307,67.0,41.0,88.0,26.4032,14194957
SIMS,2017-04-01,Tulare Lake,7,85.146,88.0,51.0,121.0,39.1719,14197353
SIMS,2017-05-01,Tulare Lake,7,99.7409,96.0,48.0,153.0,57.7464,14197463
SIMS,2017-06-01,Tulare Lake,7,124.1997,134.5002,54.497,188.5108,72.548,14197504
SIMS,2017-07-01,Tulare Lake,7,142.5246,160.5048,60.4904,214.4991,81.7962,14197504
SIMS,2017-08-01,Tulare Lake,7,112.496,118.5014,44.4871,172.5035,68.7938,14197504
SIMS,2017-09-01,Tulare Lake,7,80.4411,79.0,39.0,121.0,46.8206,14197227
SIMS,2017-10-01,Tulare Lake,7,47.1733,45.0,21.0,71.0,28.7208,14196108
SIMS,2017-11-01,Tulare Lake,7,26.4248,25.0,16.0,36.0,13.4729,14197160
SIMS,2017-12-01,Tulare Lake,7,15.7455,13.0,8.0,21.0,11.0947,14197632
SIMS,2018-01-01,Tulare Lake,7,29.9848,30.0,26.0,35.0,8.1479,14202491
SIMS,2018-02-01,Tulare Lake,7,30.2482,26.0,16.0,41.0,18.003,14202670
SIMS,2018-03-01,Tulare Lake,7,67.0059,69.0,54.0,84.0,20.4819,13994630
SIMS,2018-04-01,Tulare Lake,7,79.6863,79.0,39.0,122.0,44.2514,14202711
SIMS,2018-05-01,Tulare Lake,7,99.3319,102.0,45.0,156.0,60.8388,14202809
SIMS,2018-06-01,Tulare Lake,7,120.8412,132.5068,50.0,188.5083,74.94,14202830
SIMS,2018-07-01,Tulare Lake,7,137.3283,152.501,58.4947,210.5094,82.0361,14202830
SIMS,2018-08-01,Tulare Lake,7,111.8794,118.5014,46.4915,174.5047,69.1222,14202830
SIMS,2018-09-01,Tulare Lake,7,75.363,74.0,30.0,118.0,49.2426,14202696
SIMS,2018-10-01,Tulare Lake,7,45.5463,44.0,22.0,68.0,27.1899,14202100
SIMS,2018-11-01,Tulare Lake,7,26.2102,25.0,19.0,33.0,11.6057,14202203
SIMS,2018-12-01,Tulare Lake,7,19.7596,19.0,16.0,23.0,6.3203,14175574
SIMS,2019-01-01,Tulare Lake,7,34.5369,37.0,31.0,40.0,8.2306,14082303
SIMS,2019-02-01,Tulare Lake,7,48.4359,51.0,47.0,53.0,9.3549,13964174
SIMS,2019-03-01,Tulare Lake,7,66.4649,69.0,50.0,84.0,21.0986,14169704
SIMS,2019-04-01,Tulare Lake,7,83.3797,83.0,45.0,123.0,42.8792,14200152
SIMS,2019-05-01,Tulare Lake,7,106.2325,110.0,74.0,142.0,39.9271,14201615
SIMS,2019-06-01,Tulare Lake,7,126.4049,138.5043,56.4985,194.5171,72.6468,14201627
SIMS,2019-07-01,Tulare Lake,7,139.2237,156.5032,62.4966,208.5023,78.6407,14201629
SIMS,2019-08-01,Tulare Lake,7,118.5408,126.5031,50.4879,180.5047,70.3393,14201629
SIMS,2019-09-01,Tulare Lake,7,76.7398,78.0,33.0,115.0,46.6627,14201195
SIMS,2019-10-01,Tulare Lake,7,43.937,42.0,21.0,65.0,26.9845,14200917
SIMS,2019-11-01,Tulare Lake,7,25.8585,24.0,15.0,35.0,13.7573,14201172
SIMS,2019-12-01,Tulare Lake,7,29.6055,30.0,28.0,33.0,6.0737,14195856
SIMS,2020-01-01,Tulare Lake,7,23.1976,24.0,18.0,28.0,7.3197,14204882
SIMS,2020-02-01,Tulare Lake,7,34.6953,33.0,18.0,50.0,19.869,14204954
SIMS,2020-03-01,Tulare Lake,7,64.8221,66.0,52.0,81.0,19.6527,14204263
SIMS,2020-04-01,Tulare Lake,7,85.0692,90.0,57.0,115.0,33.2235,14202662
SIMS,2020-05-01,Tulare Lake,7,102.2108,105.0,51.0,157.0,57.5963,14205128
SIMS,2020-06-01,Tulare Lake,7,114.7483,124.5038,46.4978,182.5163,71.9228,14205147
SIMS,2020-07-01,Tulare Lake,7,128.1005,144.5039,48.4902,200.509,78.7648,14205148
SIMS,2020-08-01,Tulare Lake,7,104.8346,112.0,44.0,160.0,64.6466,14205148
SIMS,2020-09-01,Tulare Lake,7,63.7205,64.0,28.0,95.0,40.7286,14205146
SIMS,2020-10-01,Tulare Lake,7,40.4231,39.0,20.0,59.0,25.6074,14204983
SIMS,2020-11-01,Tulare Lake,7,24.1124,23.0,15.0,32.0,12.294,14204228
SIMS,2020-12-01,Tulare Lake,7,20.5512,20.0,14.0,25.0,9.0064,14203548
SIMS,2021-01-01,Tulare Lake,7,24.8724,24.0,18.0,30.0,10.6092,14198504
SIMS,2021-02-01,Tulare Lake,7,27.3529,25.0,13.0,37.0,18.0634,14203663
SIMS,2021-03-01,Tulare Lake,7,59.6835,56.0,39.0,83.0,27.0381,14203493
SIMS,2021-04-01,Tulare Lake,7,78.8768,79.0,33.0,126.0,49.4451,14203501
SIMS,2021-05-01,Tulare Lake,7,107.6566,114.5018,40.5032,174.5136,70.525,14203801
SIMS,2021-06-01,Tulare Lake,7,118.3787,128.4993,44.5026,192.5071,79.3372,14203804
SIMS,2021-07-01,Tulare Lake,7,130.62,144.5016,50.4966,208.5063,83.8521,14203806
SIMS,2021-08-01,Tulare Lake,7,103.0489,108.5016,40.488,160.4965,67.845,14203805
SIMS,2021-09-01,Tulare Lake,7,67.2809,67.0,27.0,103.0,45.4896,14203804
SIMS,2021-10-01,Tulare Lake,7,49.0947,50.0,30.0,68.0,23.8801,14203792
SIMS,2021-11-01,Tulare Lake,7,19.4692,19.0,10.0,27.0,11.8776,14203459
SIMS,2021-12-01,Tulare Lake,7,23.727,24.0,22.0,26.0,5.7353,13074981
SIMS,2022-01-01,Tulare Lake,7,18.4895,17.0,10.0,26.0,11.3671,13199645
SIMS,2022-02-01,Tulare Lake,7,33.064,31.0,18.0,47.0,18.9374,14201586
SIMS,2022-03-01,Tulare Lake,7,65.2591,62.0,42.0,91.0,29.1782,14204759
SIMS,2022-04-01,Tulare Lake,7,82.0555,87.0,41.0,126.0,46.7764,14207292
SIMS,2022-05-01,Tulare Lake,7,105.6395,112.0,45.0,169.0,67.2097,14207324
SIMS,2022-06-01,Tulare Lake,7,122.942,132.5033,50.4928,194.5137,78.3066,14207326
SIMS,2022-07-01,Tulare Lake,7,130.8347,146.5017,50.5019,204.5062,82.6194,14207328
SIMS,2022-08-01,Tulare Lake,7,112.4253,120.5035,46.4987,172.4923,71.6337,14207325
SIMS,2022-09-01,Tulare Lake,7,80.0917,82.0,38.0,118.0,48.1864,14207326
SIMS,2022-10-01,Tulare Lake,7,45.3799,46.0,20.0,69.0,29.7301,14205895
SIMS,2022-11-01,Tulare Lake,7,28.108,29.0,20.0,36.0,11.4965,14207085
SIMS,2022-12-01,Tulare Lake,7,23.8097,25.0,23.0,26.0,5.4918,14203519
SIMS,2023-01-01,Tulare Lake,7,36.0158,37.0,34.0,40.0,7.8913,14206299
SIMS,2023-02-01,Tulare Lake,7,37.7407,39.0,29.0,47.0,12.6369,14207123
SIMS,2023-03-01,Tulare Lake,7,71.2967,76.0,67.0,81.0,14.998,14208277
SIMS,2023-04-01,Tulare Lake,7,82.9663,91.0,49.0,119.0,40.1819,14208461
SIMS,2023-05-01,Tulare Lake,7,104.4246,111.0,57.0,154.0,53.6643,14208253
SIMS,2023-06-01,Tulare Lake,7,106.6258,115.0,51.0,164.0,61.4117,14208512
SIMS,2023-07-01,Tulare Lake,7,132.4147,146.5013,56.4947,202.5069,77.7062,14208512
SIMS,2023-08-01,Tulare Lake,7,115.8544,126.5024,58.5025,170.506,62.1983,14208514
SIMS,2023-09-01,Tulare Lake,7,71.4478,74.0,31.0,107.0,43.728,14208513
SIMS,2023-10-01,Tulare Lake,7,44.8454,45.0,22.0,66.0,26.8268,14208512
SIMS,2023-11-01,Tulare Lake,7,26.4066,26.0,16.0,36.0,14.2602,14208123
SIMS,2023-12-01,Tulare Lake,7,23.4604,23.0,19.0,28.0,7.9757,14187295
SIMS,2024-01-01,Tulare Lake,7,33.6547,35.0,32.0,37.0,6.9197,14157957
SIMS,2024-02-01,Tulare Lake,7,49.6469,52.0,46.0,56.0,9.8851,14208759
SIMS,2024-03-01,Tulare Lake,7,73.768,81.0,58.0,91.0,21.4507,14208861
SIMS,2024-04-01,Tulare Lake,7,89.9736,97.0,63.0,120.0,34.3667,14208871
SIMS,2024-05-01,Tulare Lake,7,109.5415,116.0,57.0,166.0,58.8598,14208918
SIMS,2024-06-01,Tulare Lake,7,125.0113,136.5032,56.4985,194.5121,73.2422,14208922
SIMS,2024-07-01,Tulare Lake,7,141.2421,158.5053,62.498,214.5068,81.5724,14208922
SIMS,2024-08-01,Tulare Lake,7,111.9945,120.5041,46.4983,170.5046,67.9374,14208921
SIMS,2024-09-01,Tulare Lake,7,77.4467,77.0,34.0,115.0,47.7108,14208923
SIMS,2024-10-01,Tulare Lake,7,48.1256,47.0,23.0,72.0,29.1399,14208923
SIMS,2024-11-01,Tulare Lake,7,29.3241,29.0,21.0,38.0,11.4407,14207911
SIMS,2024-12-01,Tulare Lake,7,20.8548,21.0,17.0,25.0,7.2217,14205799
SIMS,2025-01-01,Tulare Lake,7,30.8747,31.0,23.0,39.0,11.4211,14207012
SIMS,2025-02-01,Tulare Lake,7,43.804,45.0,35.0,54.0,14.1386,14207258
SIMS,2025-03-01,Tulare Lake,7,70.2504,73.0,53.0,91.0,23.5023,14207334
SIMS,2025-04-01,Tulare Lake,7,80.0043,86.0,41.0,119.0,41.228,14207326
SIMS,2025-05-01,Tulare Lake,7,108.5212,114.4937,46.4946,172.5207,65.2846,14207477
SIMS,2025-06-01,Tulare Lake,7,124.0559,134.5001,48.5016,198.5185,77.6786,14207479
SIMS,2025-07-01,Tulare Lake,7,127.1522,144.5011,44.4981,200.508,78.7622,14207478
SIMS,2025-08-01,Tulare Lake,7,110.1477,116.4995,42.4995,168.4849,69.3707,14207478
SIMS,2025-09-01,Tulare Lake,7,80.4404,82.0,40.0,117.0,44.0941,14205502
SIMS,2025-10-01,Tulare Lake,7,48.6312,49.0,31.0,66.0,21.394,14202427
SIMS,2025-11-01,Tulare Lake,7,29.7527,30.0,23.0,36.0,9.4572,13821055
SIMS,2025-12-01,Tulare Lake,7,18.89,18.0,15.0,21.0,6.1913,6902781
