MODEL,DATE,HR_NAME,HR_ID,ET_MEAN,ET_MEDIAN,ET_PCT25,ET_PCT75,ET_STDDEV,PIXEL_COUNT
DISALEXI,2003-10-01,California Islands,0,8.2131,5.0,2.0,11.0,9.3688,61
DISALEXI,2003-11-01,California Islands,0,22.913,17.0,6.0,41.0,18.7758,115
DISALEXI,2003-12-01,California Islands,0,19.1043,14.0,3.0,34.0,16.6532,115
DISALEXI,2004-01-01,California Islands,0,27.9826,22.0,12.0,48.0,19.1779,115
DISALEXI,2004-02-01,California Islands,0,31.6087,27.0,19.0,43.0,16.0286,115
DISALEXI,2004-03-01,California Islands,0,83.4609,80.0,62.0,102.0,24.0226,115
DISALEXI,2004-04-01,California Islands,0,90.6,82.0,57.0,120.0,35.8768,115
DISALEXI,2004-05-01,California Islands,0,79.7304,64.0,36.0,118.0,53.6347,115
DISALEXI,2004-06-01,California Islands,0,87.8435,78.0,53.0,127.0,50.1529,115
DISALEXI,2004-07-01,California Islands,0,67.1565,67.0,34.0,99.0,43.4986,115
DISALEXI,2004-08-01,California Islands,0,19.7541,14.0,2.0,28.0,19.734,61
DISALEXI,2004-09-01,California Islands,0,37.1652,30.0,9.0,60.0,33.7366,115
DISALEXI,2004-10-01,California Islands,0,36.3304,32.0,20.0,45.0,20.0767,115
DISALEXI,2004-11-01,California Islands,0,38.1565,35.0,27.0,48.0,14.257,115
DISALEXI,2004-12-01,California Islands,0,24.713,19.0,14.0,35.0,15.0972,115
DISALEXI,2005-01-01,California Islands,0,33.6957,29.0,23.0,46.0,13.8734,115
DISALEXI,2005-02-01,California Islands,0,33.3652,28.0,21.0,46.0,14.4248,115
DISALEXI,2005-03-01,California Islands,0,57.2697,51.0,43.0,69.0,18.1398,89
DISALEXI,2005-04-01,California Islands,0,103.8957,98.0,77.0,138.0,30.6116,115
DISALEXI,2005-05-01,California Islands,0,131.313,119.0,93.0,177.0,44.6656,115
DISALEXI,2005-06-01,California Islands,0,125.5913,99.0,74.0,179.0,56.8311,115
DISALEXI,2005-07-01,California Islands,0,83.7816,72.0,53.0,106.0,41.1511,87
DISALEXI,2005-08-01,California Islands,0,39.7478,15.0,6.0,65.0,44.8884,115
DISALEXI,2005-09-01,California Islands,0,50.3652,38.0,18.0,83.0,38.6078,115
DISALEXI,2005-10-01,California Islands,0,31.087,21.0,9.0,49.0,27.4966,115
DISALEXI,2005-11-01,California Islands,0,17.4435,8.0,3.0,31.0,18.6399,115
DISALEXI,2005-12-01,California Islands,0,22.6435,16.0,9.0,39.0,16.6107,115
DISALEXI,2006-01-01,California Islands,0,31.8,27.0,20.0,48.0,15.896,115
DISALEXI,2006-02-01,California Islands,0,37.9043,33.0,21.0,52.0,20.003,115
DISALEXI,2006-03-01,California Islands,0,58.1652,58.0,29.0,84.0,30.633,115
DISALEXI,2006-04-01,California Islands,0,92.0,91.5,72.0,106.0,21.5555,106
DISALEXI,2006-05-01,California Islands,0,158.0696,155.0,142.0,174.0,27.9692,115
DISALEXI,2006-06-01,California Islands,0,154.9826,144.0,122.0,189.0,40.3118,115
DISALEXI,2006-07-01,California Islands,0,144.7217,129.0,104.0,189.0,48.4546,115
DISALEXI,2006-08-01,California Islands,0,96.9913,93.0,75.0,117.0,38.3282,115
DISALEXI,2006-09-01,California Islands,0,60.1826,58.0,38.0,78.0,28.9364,115
DISALEXI,2006-10-01,California Islands,0,46.4174,45.0,30.0,60.0,22.3848,115
DISALEXI,2006-11-01,California Islands,0,27.7478,24.0,12.0,41.0,19.7162,115
DISALEXI,2006-12-01,California Islands,0,27.8435,24.0,18.0,38.0,14.8667,115
DISALEXI,2007-01-01,California Islands,0,29.2174,23.0,14.0,43.0,19.3084,115
DISALEXI,2007-02-01,California Islands,0,38.6087,35.0,26.0,51.0,17.4315,115
DISALEXI,2007-03-01,California Islands,0,78.2957,76.0,66.0,94.0,22.9953,115
DISALEXI,2007-04-01,California Islands,0,88.6261,91.0,66.0,113.0,35.302,115
DISALEXI,2007-05-01,California Islands,0,113.887,117.0,64.0,159.0,57.9167,115
DISALEXI,2007-06-01,California Islands,0,108.7217,111.0,70.0,151.0,52.0297,115
DISALEXI,2007-07-01,California Islands,0,108.6609,109.0,82.0,140.0,42.8352,115
DISALEXI,2007-08-01,California Islands,0,77.7391,76.0,59.0,101.0,40.2911,115
DISALEXI,2007-09-01,California Islands,0,52.8696,50.0,33.0,68.0,28.9268,115
DISALEXI,2007-10-01,California Islands,0,46.5179,43.5,32.0,57.0,22.932,112
DISALEXI,2007-11-01,California Islands,0,24.25,20.5,13.5,33.5,13.1696,8
DISALEXI,2007-12-01,California Islands,0,17.75,14.5,12.5,22.5,8.9965,8
DISALEXI,2008-01-01,California Islands,0,21.0,18.0,15.0,26.5,7.8262,8
DISALEXI,2008-02-01,California Islands,0,47.0261,45.0,38.0,54.0,12.8777,115
DISALEXI,2008-03-01,California Islands,0,94.1565,94.0,76.0,111.0,22.1381,115
DISALEXI,2008-04-01,California Islands,0,110.2783,106.0,96.0,127.0,25.3931,115
DISALEXI,2008-05-01,California Islands,0,114.687,114.0,93.0,134.0,31.9569,115
DISALEXI,2008-06-01,California Islands,0,115.1826,116.0,90.0,137.0,36.651,115
DISALEXI,2008-07-01,California Islands,0,79.0984,83.0,55.0,106.0,31.6299,61
DISALEXI,2008-08-01,California Islands,0,66.2,67.0,36.0,83.0,34.0532,115
DISALEXI,2008-09-01,California Islands,0,60.2522,61.0,37.0,80.0,28.6462,115
DISALEXI,2008-10-01,California Islands,0,34.7565,32.0,19.0,49.0,22.3481,115
DISALEXI,2008-11-01,California Islands,0,27.9913,26.0,17.0,41.0,16.6527,115
DISALEXI,2008-12-01,California Islands,0,31.3478,30.0,21.0,40.0,13.0091,115
DISALEXI,2009-01-01,California Islands,0,41.6783,40.0,29.0,53.0,14.8468,115
DISALEXI,2009-02-01,California Islands,0,36.8435,35.0,28.0,45.0,12.6509,115
DISALEXI,2009-03-01,California Islands,0,77.6696,75.0,59.0,91.0,24.6389,115
DISALEXI,2009-04-01,California Islands,0,79.8,73.0,60.0,99.0,31.2708,115
DISALEXI,2009-05-01,California Islands,0,87.402,86.0,71.0,107.0,28.6792,102
DISALEXI,2009-06-01,California Islands,0,92.5574,94.0,74.0,115.0,27.4922,61
DISALEXI,2009-07-01,California Islands,0,93.4609,95.0,74.0,108.0,26.1777,115
DISALEXI,2009-08-01,California Islands,0,60.6174,57.0,37.0,80.0,30.6386,115
DISALEXI,2009-09-01,California Islands,0,56.3478,53.0,41.0,69.0,24.0821,115
DISALEXI,2009-10-01,California Islands,0,42.913,38.0,28.0,54.0,19.794,115
DISALEXI,2009-11-01,California Islands,0,25.4261,20.0,12.0,37.0,18.0435,115
DISALEXI,2009-12-01,California Islands,0,19.3391,15.0,6.0,31.0,14.8751,115
DISALEXI,2010-01-01,California Islands,0,32.1043,28.0,21.0,41.0,13.8629,115
DISALEXI,2010-02-01,California Islands,0,40.9913,38.0,32.0,48.0,10.9326,115
DISALEXI,2010-03-01,California Islands,0,83.3478,82.0,68.0,99.0,19.0587,115
DISALEXI,2010-04-01,California Islands,0,112.5478,111.0,103.0,118.0,14.6378,115
DISALEXI,2010-05-01,California Islands,0,115.4261,114.0,95.0,129.0,30.7724,115
DISALEXI,2010-06-01,California Islands,0,110.3565,108.0,82.0,130.0,35.0285,115
DISALEXI,2010-07-01,California Islands,0,106.6174,102.0,83.0,124.0,32.3249,115
DISALEXI,2010-08-01,California Islands,0,92.2957,87.0,73.0,107.0,29.0385,115
DISALEXI,2010-09-01,California Islands,0,56.3043,52.0,33.0,72.0,29.8792,115
DISALEXI,2010-10-01,California Islands,0,39.8696,39.0,25.0,55.0,20.5505,115
DISALEXI,2010-11-01,California Islands,0,30.0087,29.0,19.0,41.0,16.028,115
DISALEXI,2010-12-01,California Islands,0,19.3391,17.0,11.0,27.0,10.3688,115
DISALEXI,2011-01-01,California Islands,0,35.8174,30.0,24.0,45.0,14.9646,115
DISALEXI,2011-02-01,California Islands,0,40.287,38.0,28.0,48.0,14.1149,115
DISALEXI,2011-03-01,California Islands,0,71.6957,68.0,57.0,85.0,20.0873,115
DISALEXI,2011-04-01,California Islands,0,115.6348,114.0,96.0,141.0,27.3465,115
DISALEXI,2011-05-01,California Islands,0,110.0522,111.0,74.0,141.0,41.3958,115
DISALEXI,2011-06-01,California Islands,0,120.2609,117.0,104.0,133.0,26.1504,115
DISALEXI,2011-07-01,California Islands,0,112.8957,110.0,89.0,129.0,34.1481,115
DISALEXI,2011-08-01,California Islands,0,93.1391,85.0,64.0,118.0,34.5331,115
DISALEXI,2011-09-01,California Islands,0,64.1304,58.0,41.0,79.0,27.975,115
DISALEXI,2011-10-01,California Islands,0,45.1043,41.0,29.0,58.0,21.6182,115
DISALEXI,2011-11-01,California Islands,0,29.0435,27.0,18.0,41.0,18.1086,115
DISALEXI,2011-12-01,California Islands,0,38.2551,35.0,28.0,48.0,14.0816,98
DISALEXI,2012-01-01,California Islands,0,48.513,46.0,40.0,56.0,12.7172,115
DISALEXI,2012-02-01,California Islands,0,54.313,50.0,41.0,65.0,17.1998,115
DISALEXI,2012-03-01,California Islands,0,69.0619,66.0,46.0,84.0,27.1222,113
DISALEXI,2012-04-01,California Islands,0,88.2743,86.0,64.0,112.0,31.0259,113
DISALEXI,2012-05-01,California Islands,0,83.541,88.0,63.0,103.0,26.2638,61
DISALEXI,2012-06-01,California Islands,0,83.3478,80.0,46.0,98.0,47.036,115
DISALEXI,2012-07-01,California Islands,0,74.4845,71.0,31.0,95.0,48.4481,97
DISALEXI,2012-08-01,California Islands,0,59.0309,49.0,29.0,71.0,38.7959,97
DISALEXI,2012-09-01,California Islands,0,32.0619,21.0,9.0,45.0,30.9379,97
DISALEXI,2012-10-01,California Islands,0,43.578,38.0,27.0,55.0,22.9584,109
DISALEXI,2012-11-01,California Islands,0,33.0808,32.0,24.0,42.0,13.1446,99
DISALEXI,2012-12-01,California Islands,0,26.3535,23.0,18.0,34.0,12.6916,99
DISALEXI,2013-01-01,California Islands,0,41.7478,36.0,31.0,52.0,15.1088,115
DISALEXI,2013-02-01,California Islands,0,48.6957,42.5,31.5,66.0,21.1623,92
DISALEXI,2013-03-01,California Islands,0,67.9891,57.5,44.0,92.0,29.9345,92
DISALEXI,2013-04-01,California Islands,0,63.513,49.0,31.0,95.0,39.3261,115
DISALEXI,2013-05-01,California Islands,0,63.0783,60.0,21.0,95.0,45.3733,115
DISALEXI,2013-06-01,California Islands,0,70.2696,71.0,36.0,93.0,37.0432,115
DISALEXI,2013-07-01,California Islands,0,50.9565,45.0,20.0,74.0,38.3114,115
DISALEXI,2013-08-01,California Islands,0,38.7565,29.0,1.0,69.0,42.7973,115
DISALEXI,2013-09-01,California Islands,0,38.0261,21.0,4.0,65.0,37.4979,115
DISALEXI,2013-10-01,California Islands,0,37.0348,31.0,19.0,50.0,23.4695,115
DISALEXI,2013-11-01,California Islands,0,22.7478,17.0,4.0,37.0,20.0421,115
DISALEXI,2013-12-01,California Islands,0,20.5913,13.0,6.0,31.0,17.8666,115
DISALEXI,2014-01-01,California Islands,0,19.8,16.0,7.0,30.0,15.8878,115
DISALEXI,2014-02-01,California Islands,0,27.3652,25.0,15.0,36.0,15.8303,115
DISALEXI,2014-03-01,California Islands,0,61.2261,58.0,50.0,74.0,19.1756,115
DISALEXI,2014-04-01,California Islands,0,66.6522,59.0,43.0,90.0,31.1331,115
DISALEXI,2014-05-01,California Islands,0,59.887,48.0,25.0,84.0,41.8764,115
DISALEXI,2014-06-01,California Islands,0,56.2391,37.5,12.5,92.0,50.9169,92
DISALEXI,2014-07-01,California Islands,0,15.807,3.0,1.0,27.0,20.7241,57
DISALEXI,2014-08-01,California Islands,0,38.0783,18.0,1.0,66.0,41.0887,115
DISALEXI,2014-09-01,California Islands,0,49.7304,46.0,20.0,70.0,33.6866,115
DISALEXI,2014-10-01,California Islands,0,38.4522,31.0,17.0,53.0,26.7017,115
DISALEXI,2014-11-01,California Islands,0,28.487,23.0,13.0,43.0,19.9017,115
DISALEXI,2014-12-01,California Islands,0,29.7391,27.0,19.0,42.0,13.4262,115
DISALEXI,2015-01-01,California Islands,0,34.1826,28.0,21.0,43.0,16.7496,115
DISALEXI,2015-02-01,California Islands,0,56.6348,52.0,37.0,79.0,21.8251,115
DISALEXI,2015-03-01,California Islands,0,98.4,94.0,81.0,121.0,22.303,115
DISALEXI,2015-04-01,California Islands,0,91.6609,90.0,79.0,103.0,21.4751,115
DISALEXI,2015-05-01,California Islands,0,105.8,102.0,84.0,124.0,27.4341,115
DISALEXI,2015-06-01,California Islands,0,105.6957,100.0,88.0,120.0,25.5074,115
DISALEXI,2015-07-01,California Islands,0,90.287,86.0,72.0,103.0,25.7954,115
DISALEXI,2015-08-01,California Islands,0,85.0696,83.0,64.0,97.0,29.2696,115
DISALEXI,2015-09-01,California Islands,0,61.3565,57.0,44.0,80.0,23.4736,115
DISALEXI,2015-10-01,California Islands,0,43.1217,40.0,24.0,57.0,21.7824,115
DISALEXI,2015-11-01,California Islands,0,28.7652,22.0,10.0,43.0,22.2247,115
DISALEXI,2015-12-01,California Islands,0,22.2957,16.0,4.0,34.0,19.7559,115
DISALEXI,2016-01-01,California Islands,0,35.0261,32.0,24.0,48.0,13.4096,115
DISALEXI,2016-02-01,California Islands,0,58.5304,53.0,43.0,76.0,18.3826,115
DISALEXI,2016-03-01,California Islands,0,90.7304,90.0,76.0,102.0,17.1709,115
DISALEXI,2016-04-01,California Islands,0,100.9391,98.0,86.0,115.0,20.3744,115
DISALEXI,2016-05-01,California Islands,0,84.8197,89.0,71.0,97.0,20.2319,61
DISALEXI,2016-06-01,California Islands,0,120.0,121.0,109.0,131.0,16.0501,61
DISALEXI,2016-07-01,California Islands,0,95.2435,91.0,74.0,114.0,27.3106,115
DISALEXI,2016-08-01,California Islands,0,80.4174,79.0,61.0,94.0,27.4121,115
DISALEXI,2016-09-01,California Islands,0,52.5565,48.0,35.0,66.0,24.9623,115
DISALEXI,2016-10-01,California Islands,0,43.4957,39.0,28.0,53.0,18.5085,115
DISALEXI,2016-11-01,California Islands,0,36.0696,36.0,26.0,44.0,12.4863,115
DISALEXI,2016-12-01,California Islands,0,24.2174,21.0,14.0,34.0,12.526,115
DISALEXI,2017-01-01,California Islands,0,37.2435,36.0,30.0,42.0,10.4604,115
DISALEXI,2017-02-01,California Islands,0,35.1739,34.0,29.0,39.0,7.8033,115
DISALEXI,2017-03-01,California Islands,0,86.6174,87.0,77.0,96.0,12.729,115
DISALEXI,2017-04-01,California Islands,0,120.4435,116.0,102.0,143.0,22.5015,115
DISALEXI,2017-05-01,California Islands,0,117.0609,114.0,101.0,132.0,22.0597,115
DISALEXI,2017-06-01,California Islands,0,133.1217,130.0,107.0,158.0,29.7515,115
DISALEXI,2017-07-01,California Islands,0,86.377,85.0,72.0,104.0,19.9279,61
DISALEXI,2017-08-01,California Islands,0,63.2623,62.0,49.0,78.0,16.049,61
DISALEXI,2017-09-01,California Islands,0,34.1967,33.0,22.0,47.0,14.5386,61
DISALEXI,2017-10-01,California Islands,0,37.2522,30.0,19.0,53.0,21.435,115
DISALEXI,2017-11-01,California Islands,0,17.2,12.0,7.0,24.0,14.58,115
DISALEXI,2017-12-01,California Islands,0,18.1391,14.0,5.0,30.0,15.0054,115
DISALEXI,2018-01-01,California Islands,0,20.6174,17.0,6.0,37.0,16.1566,115
DISALEXI,2018-02-01,California Islands,0,33.9043,29.0,13.0,51.0,22.9775,115
DISALEXI,2018-03-01,California Islands,0,54.5043,52.0,40.0,66.0,17.9688,115
DISALEXI,2018-04-01,California Islands,0,76.2435,73.0,62.0,86.0,20.5387,115
DISALEXI,2018-05-01,California Islands,0,91.5304,86.0,73.0,105.0,28.2361,115
DISALEXI,2018-06-01,California Islands,0,94.1304,93.0,76.0,106.0,28.2266,115
DISALEXI,2018-07-01,California Islands,0,94.9478,92.0,66.0,120.0,36.5358,115
DISALEXI,2018-08-01,California Islands,0,77.0087,71.0,48.0,99.0,35.514,115
DISALEXI,2018-09-01,California Islands,0,59.1217,54.0,36.0,77.0,30.4748,115
DISALEXI,2018-10-01,California Islands,0,39.7826,34.0,16.0,53.0,24.974,115
DISALEXI,2018-11-01,California Islands,0,25.0609,19.0,10.0,40.0,19.1435,115
DISALEXI,2018-12-01,California Islands,0,28.2261,25.0,14.0,43.0,16.5367,115
DISALEXI,2019-01-01,California Islands,0,26.3304,21.0,14.0,36.0,14.6214,115
DISALEXI,2019-02-01,California Islands,0,32.887,29.0,19.0,43.0,15.8503,115
DISALEXI,2019-03-01,California Islands,0,67.3826,64.0,52.0,80.0,18.2759,115
DISALEXI,2019-04-01,California Islands,0,61.5574,61.0,55.0,67.0,9.2869,61
DISALEXI,2019-05-01,California Islands,0,68.918,64.0,56.0,86.0,20.2487,61
DISALEXI,2019-06-01,California Islands,0,95.1798,88.0,65.0,119.0,34.5958,89
DISALEXI,2019-07-01,California Islands,0,89.8,83.0,51.0,119.0,41.2307,115
DISALEXI,2019-08-01,California Islands,0,70.5146,62.0,46.0,88.0,30.3798,103
DISALEXI,2019-09-01,California Islands,0,39.7391,29.0,14.0,56.0,32.1964,115
DISALEXI,2019-10-01,California Islands,0,25.6,14.0,3.0,43.0,25.9963,115
DISALEXI,2019-11-01,California Islands,0,21.8783,14.0,4.0,36.0,19.3454,115
DISALEXI,2019-12-01,California Islands,0,23.6522,20.0,11.0,33.0,14.3206,115
DISALEXI,2020-01-01,California Islands,0,35.0609,29.0,22.0,46.0,17.8054,115
DISALEXI,2020-02-01,California Islands,0,44.7304,42.0,29.0,57.0,20.4418,115
DISALEXI,2020-03-01,California Islands,0,46.7217,41.0,28.0,67.0,23.7584,115
DISALEXI,2020-04-01,California Islands,0,78.7652,75.0,59.0,101.0,22.5201,115
DISALEXI,2020-05-01,California Islands,0,89.5826,89.0,63.0,106.0,29.1664,115
DISALEXI,2020-06-01,California Islands,0,62.0174,63.0,25.0,91.0,38.4536,115
DISALEXI,2020-07-01,California Islands,0,74.8609,68.0,22.0,125.0,53.587,115
DISALEXI,2020-08-01,California Islands,0,67.1913,61.0,24.0,110.0,45.2512,115
DISALEXI,2020-09-01,California Islands,0,40.9652,29.0,3.0,75.0,38.2575,115
DISALEXI,2020-10-01,California Islands,0,20.0522,12.0,2.0,32.0,20.8597,115
DISALEXI,2020-11-01,California Islands,0,15.1391,6.0,1.0,27.0,17.8174,115
DISALEXI,2020-12-01,California Islands,0,10.8087,3.0,1.0,20.0,13.882,115
DISALEXI,2021-01-01,California Islands,0,21.9826,16.0,11.0,35.0,13.9627,115
DISALEXI,2021-02-01,California Islands,0,33.6,30.0,13.0,53.0,23.0133,115
DISALEXI,2021-03-01,California Islands,0,39.4348,28.0,18.0,61.0,27.5119,115
DISALEXI,2021-04-01,California Islands,0,34.9217,23.0,1.0,67.0,36.7244,115
DISALEXI,2021-05-01,California Islands,0,42.287,34.0,5.0,75.0,38.3906,115
DISALEXI,2021-06-01,California Islands,0,44.2957,39.0,13.0,71.0,35.7666,115
DISALEXI,2021-07-01,California Islands,0,37.5913,29.0,13.0,55.0,31.5663,115
DISALEXI,2021-08-01,California Islands,0,29.687,11.0,1.0,56.0,33.01,115
DISALEXI,2021-09-01,California Islands,0,20.0522,7.0,0.0,35.0,26.0878,115
DISALEXI,2021-10-01,California Islands,0,12.7652,5.0,0.0,20.0,16.3134,115
DISALEXI,2021-11-01,California Islands,0,5.2623,0.0,0.0,3.0,12.1195,61
DISALEXI,2021-12-01,California Islands,0,3.7377,1.0,0.0,3.0,7.5854,61
DISALEXI,2022-01-01,California Islands,0,25.3304,20.0,9.0,42.0,18.5691,115
DISALEXI,2022-02-01,California Islands,0,35.3043,33.0,17.0,49.0,21.3713,115
DISALEXI,2022-03-01,California Islands,0,45.4435,41.0,20.0,68.0,29.8183,115
DISALEXI,2022-04-01,California Islands,0,67.4261,59.0,41.0,89.0,31.1789,115
DISALEXI,2022-05-01,California Islands,0,73.6174,68.0,36.0,112.0,43.2527,115
DISALEXI,2022-06-01,California Islands,0,56.9391,55.0,29.0,77.0,37.2088,115
DISALEXI,2022-07-01,California Islands,0,43.3043,36.0,13.0,65.0,36.5114,115
DISALEXI,2022-08-01,California Islands,0,36.113,26.0,8.0,60.0,35.0703,115
DISALEXI,2022-09-01,California Islands,0,31.5043,25.0,8.0,48.0,27.9995,115
DISALEXI,2022-10-01,California Islands,0,27.2087,18.0,8.0,39.0,24.0819,115
DISALEXI,2022-11-01,California Islands,0,16.4957,10.0,1.0,26.0,17.8727,115
DISALEXI,2022-12-01,California Islands,0,7.0656,3.0,1.0,8.0,9.4225,61
DISALEXI,2023-01-01,California Islands,0,23.8609,20.0,13.0,36.0,14.7801,115
DISALEXI,2023-02-01,California Islands,0,39.4522,35.0,29.0,50.0,15.6384,115
DISALEXI,2023-03-01,California Islands,0,63.5565,62.0,48.0,78.0,18.0907,115
DISALEXI,2023-04-01,California Islands,0,106.2957,104.0,93.0,120.0,19.6858,115
DISALEXI,2023-05-01,California Islands,0,109.1913,108.0,88.0,132.0,26.6536,115
DISALEXI,2023-06-01,California Islands,0,99.5304,95.0,67.0,138.0,39.3657,115
DISALEXI,2023-07-01,California Islands,0,96.8087,91.0,75.0,120.0,34.787,115
DISALEXI,2023-08-01,California Islands,0,49.8261,43.0,25.0,67.0,32.4024,115
DISALEXI,2023-09-01,California Islands,0,28.4609,21.0,8.0,43.0,25.4976,115
DISALEXI,2023-10-01,California Islands,0,28.6696,20.0,7.0,46.0,24.5989,115
DISALEXI,2023-11-01,California Islands,0,22.4957,14.0,9.0,39.0,17.175,115
DISALEXI,2023-12-01,California Islands,0,26.287,23.0,17.0,38.0,13.0189,115
DISALEXI,2024-01-01,California Islands,0,32.687,30.0,22.0,46.0,13.8773,115
DISALEXI,2024-02-01,California Islands,0,47.7913,47.0,34.0,57.0,14.2582,115
DISALEXI,2024-03-01,California Islands,0,83.913,84.0,65.0,103.0,22.1684,115
DISALEXI,2024-04-01,California Islands,0,117.8783,110.0,89.0,149.0,32.0592,115
DISALEXI,2024-05-01,California Islands,0,147.5565,148.0,116.0,179.0,33.6951,115
DISALEXI,2024-06-01,California Islands,0,135.1043,132.0,105.0,156.0,33.7792,115
DISALEXI,2024-07-01,California Islands,0,129.3565,131.0,96.0,157.0,40.1439,115
DISALEXI,2024-08-01,California Islands,0,103.6348,106.0,65.0,138.0,43.9411,115
DISALEXI,2024-09-01,California Islands,0,64.9826,60.0,43.0,83.0,30.114,115
DISALEXI,2024-10-01,California Islands,0,52.6,49.0,23.0,79.0,30.1289,115
DISALEXI,2024-11-01,California Islands,0,31.6261,29.0,13.0,48.0,20.6804,115
DISALEXI,2024-12-01,California Islands,0,24.1826,21.0,12.0,37.0,15.7019,115
DISALEXI,2025-01-01,California Islands,0,29.4609,26.0,15.0,42.0,18.1411,115
DISALEXI,2025-02-01,California Islands,0,41.8,41.0,32.0,49.0,12.2703,115
DISALEXI,2025-03-01,California Islands,0,67.2609,65.0,52.0,83.0,21.0891,115
DISALEXI,2025-04-01,California Islands,0,109.113,109.0,80.0,133.0,29.9747,115
DISALEXI,2025-05-01,California Islands,0,125.8522,129.0,90.0,159.0,38.9448,115
DISALEXI,2025-06-01,California Islands,0,115.9913,118.0,88.0,138.0,37.7245,115
DISALEXI,2025-07-01,California Islands,0,94.9043,92.0,66.0,119.0,41.6035,115
DISALEXI,2025-08-01,California Islands,0,79.2522,76.0,41.0,105.0,45.6733,115
DISALEXI,2025-09-01,California Islands,0,53.5652,47.0,31.0,67.0,29.0412,115
DISALEXI,2025-10-01,California Islands,0,40.5478,39.0,13.0,60.0,29.1662,115
DISALEXI,2025-11-01,California Islands,0,29.3652,29.0,9.0,48.0,20.2168,115
DISALEXI,2025-12-01,California Islands,0,28.5043,25.0,14.0,41.0,16.4043,115
DISALEXI,2003-10-01,Central Coast,3,35.0206,33.0,13.0,53.0,24.7313,2700306
DISALEXI,2003-11-01,Central Coast,3,17.7224,18.0,9.0,25.0,10.9351,2658044
DISALEXI,2003-12-01,Central Coast,3,12.9099,13.0,8.0,17.0,6.9368,2671043
DISALEXI,2004-01-01,Central Coast,3,20.6853,21.0,15.0,26.0,8.762,2681225
DISALEXI,2004-02-01,Central Coast,3,28.4205,29.0,23.0,35.0,9.4843,2697970
DISALEXI,2004-03-01,Central Coast,3,64.1413,64.0,50.0,78.0,21.2066,2699786
DISALEXI,2004-04-01,Central Coast,3,65.9242,66.0,44.0,87.0,31.0397,2702577
DISALEXI,2004-05-01,Central Coast,3,78.3161,80.5,44.4982,110.4988,44.1613,2702504
DISALEXI,2004-06-01,Central Coast,3,86.8991,88.5002,50.5068,124.4939,48.8013,2697434
DISALEXI,2004-07-01,Central Coast,3,84.4754,88.4996,42.5022,122.4956,50.7269,2697175
DISALEXI,2004-08-01,Central Coast,3,71.1354,73.0,32.0,106.0,45.3572,2700674
DISALEXI,2004-09-01,Central Coast,3,44.2612,43.0,12.0,70.0,34.2618,2702341
DISALEXI,2004-10-01,Central Coast,3,31.7712,31.0,15.0,46.0,19.746,2702026
DISALEXI,2004-11-01,Central Coast,3,23.1935,23.0,16.0,31.0,10.8576,2697297
DISALEXI,2004-12-01,Central Coast,3,17.2062,18.0,11.0,24.0,9.1764,2701439
DISALEXI,2005-01-01,Central Coast,3,25.6741,26.0,20.0,32.0,9.0895,2685523
DISALEXI,2005-02-01,Central Coast,3,30.1928,30.0,23.0,36.0,10.2251,2676177
DISALEXI,2005-03-01,Central Coast,3,63.669,64.0,54.0,74.0,15.1349,2651836
DISALEXI,2005-04-01,Central Coast,3,78.4161,78.0,64.0,94.0,22.9986,2700384
DISALEXI,2005-05-01,Central Coast,3,93.3828,94.0,73.0,114.0,32.1352,2702385
DISALEXI,2005-06-01,Central Coast,3,94.3699,95.0,68.0,122.0,38.5596,2701739
DISALEXI,2005-07-01,Central Coast,3,108.4808,112.503,74.5,144.497,47.8642,2692366
DISALEXI,2005-08-01,Central Coast,3,85.1653,86.4983,50.503,117.0,45.2357,2698092
DISALEXI,2005-09-01,Central Coast,3,50.7758,51.0,26.0,73.0,30.2596,2701261
DISALEXI,2005-10-01,Central Coast,3,32.6685,30.0,15.0,48.0,21.8419,2702712
DISALEXI,2005-11-01,Central Coast,3,16.9494,15.0,7.0,25.0,11.995,2702711
DISALEXI,2005-12-01,Central Coast,3,13.1117,13.0,8.0,18.0,7.2999,2696948
DISALEXI,2006-01-01,Central Coast,3,22.3002,22.0,17.0,27.0,8.333,2700708
DISALEXI,2006-02-01,Central Coast,3,31.0026,31.0,23.0,39.0,12.8299,2701999
DISALEXI,2006-03-01,Central Coast,3,49.6239,51.0,41.0,59.0,15.0004,2680447
DISALEXI,2006-04-01,Central Coast,3,70.3968,71.0,59.0,82.0,17.3916,2687933
DISALEXI,2006-05-01,Central Coast,3,105.4743,107.0,85.0,129.0,34.1778,2697416
DISALEXI,2006-06-01,Central Coast,3,98.9286,100.5029,69.0,128.4977,42.9265,2701868
DISALEXI,2006-07-01,Central Coast,3,104.8917,108.4993,68.0,141.0,50.9421,2697270
DISALEXI,2006-08-01,Central Coast,3,77.7314,80.0,43.0,109.0,43.9707,2692582
DISALEXI,2006-09-01,Central Coast,3,50.9403,51.0,22.0,75.0,33.2422,2701613
DISALEXI,2006-10-01,Central Coast,3,27.3989,25.0,9.0,42.0,20.8799,2702233
DISALEXI,2006-11-01,Central Coast,3,14.7263,13.0,5.0,22.0,11.5905,2702708
DISALEXI,2006-12-01,Central Coast,3,10.4288,10.0,4.0,15.0,7.5786,2702623
DISALEXI,2007-01-01,Central Coast,3,16.1081,16.0,7.0,23.0,10.5474,2702273
DISALEXI,2007-02-01,Central Coast,3,23.9942,24.0,17.0,31.0,10.8958,2698530
DISALEXI,2007-03-01,Central Coast,3,49.7507,49.0,34.0,64.0,22.288,2702614
DISALEXI,2007-04-01,Central Coast,3,60.9149,61.0,36.0,84.0,32.724,2702649
DISALEXI,2007-05-01,Central Coast,3,73.8367,75.0,38.0,108.0,43.5412,2702240
DISALEXI,2007-06-01,Central Coast,3,79.8121,80.5064,34.4997,120.5022,52.1671,2702082
DISALEXI,2007-07-01,Central Coast,3,86.5545,90.5032,40.5,128.5016,53.8617,2701720
DISALEXI,2007-08-01,Central Coast,3,76.263,78.5047,30.5011,116.4945,50.115,2701186
DISALEXI,2007-09-01,Central Coast,3,47.6175,47.0,18.0,73.0,33.1508,2702046
DISALEXI,2007-10-01,Central Coast,3,26.3164,24.0,6.0,42.0,21.5663,2686562
DISALEXI,2007-11-01,Central Coast,3,16.6807,15.0,5.0,26.0,13.3402,2390131
DISALEXI,2007-12-01,Central Coast,3,11.9882,11.0,5.0,17.0,8.3363,2399328
DISALEXI,2008-01-01,Central Coast,3,17.0343,17.0,12.0,21.0,7.4719,2563424
DISALEXI,2008-02-01,Central Coast,3,30.5972,30.0,23.0,38.0,11.6129,2700096
DISALEXI,2008-03-01,Central Coast,3,57.2362,57.0,43.0,71.0,22.3715,2700465
DISALEXI,2008-04-01,Central Coast,3,65.9774,66.0,45.0,87.0,30.2896,2702038
DISALEXI,2008-05-01,Central Coast,3,75.9301,76.0,48.0,103.0,38.5966,2701923
DISALEXI,2008-06-01,Central Coast,3,80.5955,80.501,40.4988,118.499,49.1293,2701139
DISALEXI,2008-07-01,Central Coast,3,93.1486,98.505,52.5032,132.4986,51.3108,2701874
DISALEXI,2008-08-01,Central Coast,3,75.3146,76.4992,36.4998,108.4967,45.9717,2702067
DISALEXI,2008-09-01,Central Coast,3,46.2426,46.0,16.0,71.0,33.1178,2702113
DISALEXI,2008-10-01,Central Coast,3,20.6807,16.0,3.0,34.0,19.2844,2700473
DISALEXI,2008-11-01,Central Coast,3,15.2249,13.0,4.0,23.0,12.591,2694294
DISALEXI,2008-12-01,Central Coast,3,15.5614,16.0,8.0,22.0,9.4062,2619514
DISALEXI,2009-01-01,Central Coast,3,18.4786,18.0,11.0,25.0,10.5535,2702080
DISALEXI,2009-02-01,Central Coast,3,25.9135,26.0,20.0,32.0,9.2519,2702436
DISALEXI,2009-03-01,Central Coast,3,54.9652,54.0,43.0,67.0,18.583,2702468
DISALEXI,2009-04-01,Central Coast,3,62.2713,61.0,38.0,84.0,32.0837,2702562
DISALEXI,2009-05-01,Central Coast,3,72.2017,70.5002,38.5073,104.4969,42.9102,2690712
DISALEXI,2009-06-01,Central Coast,3,71.7652,72.0,36.0,105.0,44.8487,2692568
DISALEXI,2009-07-01,Central Coast,3,87.3675,90.4958,42.5074,130.4937,55.2481,2701167
DISALEXI,2009-08-01,Central Coast,3,64.2983,66.0,21.0,100.0,46.2731,2702171
DISALEXI,2009-09-01,Central Coast,3,42.7733,41.0,11.0,69.0,33.4078,2702192
DISALEXI,2009-10-01,Central Coast,3,31.4085,31.0,16.0,46.0,19.4334,2702621
DISALEXI,2009-11-01,Central Coast,3,15.8845,15.0,5.0,24.0,12.2823,2702542
DISALEXI,2009-12-01,Central Coast,3,13.1224,13.0,8.0,18.0,7.4716,2611170
DISALEXI,2010-01-01,Central Coast,3,21.6631,22.0,17.0,27.0,8.3673,2586699
DISALEXI,2010-02-01,Central Coast,3,33.2829,34.0,28.0,39.0,9.18,2655606
DISALEXI,2010-03-01,Central Coast,3,64.2054,64.0,53.0,75.0,17.3437,2697987
DISALEXI,2010-04-01,Central Coast,3,74.8584,74.0,61.0,89.0,22.1839,2702351
DISALEXI,2010-05-01,Central Coast,3,84.5095,86.0,63.0,107.0,33.2243,2702515
DISALEXI,2010-06-01,Central Coast,3,89.063,90.0,59.0,120.0,42.8313,2701582
DISALEXI,2010-07-01,Central Coast,3,95.2568,98.0,60.0,130.0,47.63,2701288
DISALEXI,2010-08-01,Central Coast,3,71.8413,72.4971,38.5015,102.4964,41.9586,2698391
DISALEXI,2010-09-01,Central Coast,3,48.307,47.0,21.0,72.0,32.259,2698584
DISALEXI,2010-10-01,Central Coast,3,33.1139,33.0,17.0,48.0,20.0818,2701833
DISALEXI,2010-11-01,Central Coast,3,19.9871,19.0,11.0,28.0,12.3293,2702084
DISALEXI,2010-12-01,Central Coast,3,13.2616,12.0,7.0,18.0,9.0723,2607880
DISALEXI,2011-01-01,Central Coast,3,23.3487,23.0,17.0,30.0,10.0297,2691345
DISALEXI,2011-02-01,Central Coast,3,26.8271,26.0,18.0,35.0,12.1405,2647380
DISALEXI,2011-03-01,Central Coast,3,47.7992,47.0,37.0,59.0,16.156,2673406
DISALEXI,2011-04-01,Central Coast,3,69.7986,69.0,53.0,86.0,25.7131,2702487
DISALEXI,2011-05-01,Central Coast,3,81.4537,83.0,60.0,103.0,31.9435,2702705
DISALEXI,2011-06-01,Central Coast,3,84.708,87.0,57.0,112.0,39.3971,2702496
DISALEXI,2011-07-01,Central Coast,3,91.9658,96.5029,58.4998,126.4927,46.5603,2701887
DISALEXI,2011-08-01,Central Coast,3,68.0666,71.0,35.0,98.0,41.3877,2694154
DISALEXI,2011-09-01,Central Coast,3,48.9046,50.0,22.0,72.0,31.3298,2701461
DISALEXI,2011-10-01,Central Coast,3,33.0311,33.0,17.0,47.0,20.4257,2702639
DISALEXI,2011-11-01,Central Coast,3,18.4582,18.0,11.0,26.0,10.7147,2702450
DISALEXI,2011-12-01,Central Coast,3,13.6775,12.0,5.0,20.0,10.7067,2673514
DISALEXI,2012-01-01,Central Coast,3,17.8142,17.0,10.0,24.0,10.8543,2671019
DISALEXI,2012-02-01,Central Coast,3,26.4471,26.0,17.0,35.0,13.8185,2683021
DISALEXI,2012-03-01,Central Coast,3,39.3832,37.0,25.0,52.0,21.1121,2525598
DISALEXI,2012-04-01,Central Coast,3,70.3279,70.0,50.0,90.0,29.6247,2498151
DISALEXI,2012-05-01,Central Coast,3,85.826,87.0,54.5008,116.4925,43.4723,2605910
DISALEXI,2012-06-01,Central Coast,3,77.5002,78.4997,38.5019,112.4959,48.3431,2678348
DISALEXI,2012-07-01,Central Coast,3,77.1076,80.502,32.4955,116.4998,51.5249,2620915
DISALEXI,2012-08-01,Central Coast,3,71.8722,74.4989,30.5001,106.4965,47.6846,2535711
DISALEXI,2012-09-01,Central Coast,3,50.2887,51.0,19.0,76.0,35.0575,2437650
DISALEXI,2012-10-01,Central Coast,3,30.7559,29.0,9.0,47.0,24.1797,2533330
DISALEXI,2012-11-01,Central Coast,3,16.6242,16.0,7.0,25.0,11.9547,2640030
DISALEXI,2012-12-01,Central Coast,3,14.2725,15.0,10.0,19.0,6.8782,2640426
DISALEXI,2013-01-01,Central Coast,3,22.7147,23.0,16.0,30.0,10.5988,2537921
DISALEXI,2013-02-01,Central Coast,3,29.2957,29.0,19.0,39.0,14.7408,2537141
DISALEXI,2013-03-01,Central Coast,3,44.7684,44.0,28.0,60.0,22.8784,2630934
DISALEXI,2013-04-01,Central Coast,3,57.4821,57.0,31.0,81.0,33.5336,2702417
DISALEXI,2013-05-01,Central Coast,3,69.8502,69.0,34.0,103.0,43.9564,2701955
DISALEXI,2013-06-01,Central Coast,3,75.654,78.4977,36.502,112.4994,46.7807,2702401
DISALEXI,2013-07-01,Central Coast,3,72.3122,74.4978,26.4941,110.5,49.5017,2702034
DISALEXI,2013-08-01,Central Coast,3,60.7833,63.0,20.0,94.0,42.8205,2701472
DISALEXI,2013-09-01,Central Coast,3,43.0006,41.0,12.0,68.0,33.2409,2702667
DISALEXI,2013-10-01,Central Coast,3,21.3413,17.0,2.0,35.0,20.6898,2702502
DISALEXI,2013-11-01,Central Coast,3,13.2657,10.0,1.0,22.0,13.2593,2702328
DISALEXI,2013-12-01,Central Coast,3,9.5109,7.0,1.0,15.0,9.6346,2702704
DISALEXI,2014-01-01,Central Coast,3,12.699,10.0,2.0,20.0,11.8032,2702628
DISALEXI,2014-02-01,Central Coast,3,18.1169,17.0,8.0,26.0,12.6245,2700376
DISALEXI,2014-03-01,Central Coast,3,41.5017,40.0,27.0,54.0,20.5247,2702137
DISALEXI,2014-04-01,Central Coast,3,61.3376,61.0,42.0,80.0,27.7066,2702216
DISALEXI,2014-05-01,Central Coast,3,68.7176,69.0,33.0,100.0,43.2105,2702490
DISALEXI,2014-06-01,Central Coast,3,73.3477,75.0,28.0,113.0,49.7375,2694204
DISALEXI,2014-07-01,Central Coast,3,99.642,105.0,60.0,137.0,49.0238,2687041
DISALEXI,2014-08-01,Central Coast,3,56.3896,57.0,19.0,87.0,40.1981,2701728
DISALEXI,2014-09-01,Central Coast,3,37.2477,34.0,6.0,61.0,31.6942,2701821
DISALEXI,2014-10-01,Central Coast,3,26.5226,21.0,4.0,43.0,24.4078,2702683
DISALEXI,2014-11-01,Central Coast,3,20.5214,20.0,10.0,29.0,13.0065,2702147
DISALEXI,2014-12-01,Central Coast,3,14.4125,14.0,10.0,19.0,7.2636,2699921
DISALEXI,2015-01-01,Central Coast,3,26.7382,27.0,19.0,34.0,10.6783,2701753
DISALEXI,2015-02-01,Central Coast,3,33.9145,34.0,24.0,44.0,14.3223,2702257
DISALEXI,2015-03-01,Central Coast,3,50.7357,51.0,35.0,66.0,22.5191,2702507
DISALEXI,2015-04-01,Central Coast,3,50.8689,50.0,30.0,70.0,27.6936,2702520
DISALEXI,2015-05-01,Central Coast,3,60.888,61.0,31.0,87.0,36.8013,2698180
DISALEXI,2015-06-01,Central Coast,3,70.1383,70.0,34.0,104.0,43.26,2700593
DISALEXI,2015-07-01,Central Coast,3,69.1942,70.0,32.0,104.0,43.7449,2702625
DISALEXI,2015-08-01,Central Coast,3,54.8738,56.0,21.0,83.0,37.7004,2702147
DISALEXI,2015-09-01,Central Coast,3,35.5235,34.0,11.0,55.0,27.1201,2702218
DISALEXI,2015-10-01,Central Coast,3,26.6246,25.0,7.0,42.0,20.7357,2702080
DISALEXI,2015-11-01,Central Coast,3,18.3505,19.0,10.0,26.0,11.055,2702695
DISALEXI,2015-12-01,Central Coast,3,14.3804,15.0,9.0,19.0,7.5077,2680890
DISALEXI,2016-01-01,Central Coast,3,19.4608,20.0,16.0,23.0,6.2908,2683750
DISALEXI,2016-02-01,Central Coast,3,42.3983,43.0,35.0,50.0,12.4597,2702112
DISALEXI,2016-03-01,Central Coast,3,57.7147,57.0,47.0,69.0,17.3381,2701308
DISALEXI,2016-04-01,Central Coast,3,59.1962,59.0,42.0,75.0,24.5492,2698202
DISALEXI,2016-05-01,Central Coast,3,68.137,69.0,44.0,91.0,33.1824,2694023
DISALEXI,2016-06-01,Central Coast,3,77.7074,79.0,45.0,110.0,43.4592,2700493
DISALEXI,2016-07-01,Central Coast,3,80.4653,83.0,41.0,119.0,48.4401,2699693
DISALEXI,2016-08-01,Central Coast,3,73.1006,77.0,40.0,106.0,41.7499,2701557
DISALEXI,2016-09-01,Central Coast,3,38.2613,38.0,14.0,59.0,27.3798,2702318
DISALEXI,2016-10-01,Central Coast,3,23.9465,23.0,9.0,36.0,17.0112,2702319
DISALEXI,2016-11-01,Central Coast,3,21.4918,22.0,13.0,29.0,11.9806,2702418
DISALEXI,2016-12-01,Central Coast,3,15.6807,16.0,11.0,20.0,7.0638,2702590
DISALEXI,2017-01-01,Central Coast,3,24.1072,25.0,20.0,28.0,7.0415,2700437
DISALEXI,2017-02-01,Central Coast,3,28.7664,29.0,24.0,33.0,7.2973,2698741
DISALEXI,2017-03-01,Central Coast,3,62.6065,63.0,51.0,74.0,17.9764,2691156
DISALEXI,2017-04-01,Central Coast,3,64.773,64.0,51.0,78.0,21.9397,2690352
DISALEXI,2017-05-01,Central Coast,3,76.972,76.0,52.0,99.0,35.6847,2701490
DISALEXI,2017-06-01,Central Coast,3,92.0137,94.0,63.0,121.0,41.3225,2701940
DISALEXI,2017-07-01,Central Coast,3,91.4168,94.5006,56.5034,126.4979,46.1238,2697603
DISALEXI,2017-08-01,Central Coast,3,73.6831,77.0,42.0,104.0,39.9709,2694513
DISALEXI,2017-09-01,Central Coast,3,39.9264,38.0,16.0,60.0,27.9924,2698538
DISALEXI,2017-10-01,Central Coast,3,22.7008,19.0,5.0,36.0,19.2466,2702667
DISALEXI,2017-11-01,Central Coast,3,15.0408,14.0,6.0,22.0,10.5694,2702483
DISALEXI,2017-12-01,Central Coast,3,11.1212,9.0,4.0,17.0,9.2146,2702553
DISALEXI,2018-01-01,Central Coast,3,16.8958,17.0,11.0,23.0,8.4906,2699039
DISALEXI,2018-02-01,Central Coast,3,25.4757,25.0,15.0,34.0,13.6586,2702595
DISALEXI,2018-03-01,Central Coast,3,41.5219,42.0,34.0,50.0,13.3031,2701800
DISALEXI,2018-04-01,Central Coast,3,67.3788,68.0,51.0,84.0,25.4884,2702222
DISALEXI,2018-05-01,Central Coast,3,74.6227,76.0,50.0,99.0,35.5514,2701517
DISALEXI,2018-06-01,Central Coast,3,81.9948,84.0,48.0,116.0,45.8556,2700219
DISALEXI,2018-07-01,Central Coast,3,83.2754,86.5015,42.5011,122.4981,50.2734,2698398
DISALEXI,2018-08-01,Central Coast,3,68.7802,72.0,32.0,102.0,43.016,2702158
DISALEXI,2018-09-01,Central Coast,3,41.6384,42.0,16.0,64.0,29.074,2702010
DISALEXI,2018-10-01,Central Coast,3,21.5336,19.0,4.0,35.0,18.3223,2702057
DISALEXI,2018-11-01,Central Coast,3,12.4286,10.0,4.0,19.0,9.6783,2702708
DISALEXI,2018-12-01,Central Coast,3,16.4218,17.0,12.0,21.0,7.2219,2700717
DISALEXI,2019-01-01,Central Coast,3,17.8779,18.0,13.0,23.0,7.6379,2673929
DISALEXI,2019-02-01,Central Coast,3,27.2404,27.0,21.0,33.0,8.7118,2130896
DISALEXI,2019-03-01,Central Coast,3,51.997,52.0,42.0,62.0,15.639,2684706
DISALEXI,2019-04-01,Central Coast,3,60.2131,60.0,45.0,75.0,22.9709,2680268
DISALEXI,2019-05-01,Central Coast,3,68.5672,69.0,51.0,86.0,26.9188,2679509
DISALEXI,2019-06-01,Central Coast,3,84.393,86.5032,58.5026,112.4997,37.9047,2693399
DISALEXI,2019-07-01,Central Coast,3,85.2343,88.0,53.0,118.0,44.1977,2695714
DISALEXI,2019-08-01,Central Coast,3,70.5258,74.0,39.0,101.0,39.8602,2700371
DISALEXI,2019-09-01,Central Coast,3,39.841,37.0,16.0,60.0,27.7926,2702330
DISALEXI,2019-10-01,Central Coast,3,21.1709,17.0,4.0,34.0,18.4523,2702641
DISALEXI,2019-11-01,Central Coast,3,15.6137,14.0,6.0,23.0,11.1236,2702715
DISALEXI,2019-12-01,Central Coast,3,14.2408,15.0,11.0,18.0,5.8273,2695634
DISALEXI,2020-01-01,Central Coast,3,21.6108,21.0,16.0,27.0,8.6417,2698224
DISALEXI,2020-02-01,Central Coast,3,31.2354,31.0,22.0,40.0,13.5968,2702182
DISALEXI,2020-03-01,Central Coast,3,42.163,43.0,33.0,51.0,13.9145,2702276
DISALEXI,2020-04-01,Central Coast,3,69.8716,70.0,54.0,85.0,23.3497,2702361
DISALEXI,2020-05-01,Central Coast,3,77.5495,78.0,56.0,99.0,31.8699,2702340
DISALEXI,2020-06-01,Central Coast,3,77.3006,78.0,48.0,105.0,39.51,2702611
DISALEXI,2020-07-01,Central Coast,3,86.3915,90.5038,50.5009,122.5013,46.7233,2685102
DISALEXI,2020-08-01,Central Coast,3,75.2633,78.0,42.0,107.0,42.0912,2694292
DISALEXI,2020-09-01,Central Coast,3,51.5985,53.0,26.0,75.0,31.1096,2701216
DISALEXI,2020-10-01,Central Coast,3,29.9703,28.0,11.0,46.0,21.3679,2702115
DISALEXI,2020-11-01,Central Coast,3,13.5567,11.0,4.0,21.0,11.4236,2702711
DISALEXI,2020-12-01,Central Coast,3,12.4578,12.0,5.0,18.0,8.3809,2702485
DISALEXI,2021-01-01,Central Coast,3,16.2637,16.0,10.0,22.0,8.4884,2702606
DISALEXI,2021-02-01,Central Coast,3,26.896,26.0,19.0,33.0,11.1927,2702524
DISALEXI,2021-03-01,Central Coast,3,42.7879,43.0,32.0,53.0,16.6705,2702498
DISALEXI,2021-04-01,Central Coast,3,59.2505,58.0,39.0,78.0,28.2651,2701787
DISALEXI,2021-05-01,Central Coast,3,76.1884,77.0,47.0,106.0,41.0052,2700613
DISALEXI,2021-06-01,Central Coast,3,84.3232,88.0,49.0,119.0,46.1922,2700447
DISALEXI,2021-07-01,Central Coast,3,83.5876,88.5001,42.5036,124.4986,49.9089,2692086
DISALEXI,2021-08-01,Central Coast,3,71.7209,76.0,35.0,106.0,43.0497,2689109
DISALEXI,2021-09-01,Central Coast,3,42.9553,44.0,15.0,67.0,30.614,2701549
DISALEXI,2021-10-01,Central Coast,3,22.7513,21.0,7.0,35.0,17.2071,2702482
DISALEXI,2021-11-01,Central Coast,3,16.7021,16.0,8.0,24.0,10.5727,2700914
DISALEXI,2021-12-01,Central Coast,3,13.0732,14.0,9.0,17.0,6.5617,2701010
DISALEXI,2022-01-01,Central Coast,3,24.3824,25.0,19.0,30.0,8.9038,2701624
DISALEXI,2022-02-01,Central Coast,3,29.4195,29.0,21.0,38.0,12.8889,2702300
DISALEXI,2022-03-01,Central Coast,3,44.0248,44.0,30.0,57.0,19.5382,2702019
DISALEXI,2022-04-01,Central Coast,3,59.4418,59.0,42.0,76.0,26.1255,2702031
DISALEXI,2022-05-01,Central Coast,3,68.1391,68.5,36.5014,98.5003,40.3547,2702094
DISALEXI,2022-06-01,Central Coast,3,68.8784,67.0,28.0,105.0,47.4187,2701301
DISALEXI,2022-07-01,Central Coast,3,78.3991,82.0,39.0,117.0,48.2596,2701294
DISALEXI,2022-08-01,Central Coast,3,67.7818,71.0,30.0,102.0,43.2535,2701607
DISALEXI,2022-09-01,Central Coast,3,41.0694,40.0,15.0,62.0,29.8802,2702451
DISALEXI,2022-10-01,Central Coast,3,23.9625,22.0,6.0,38.0,19.3673,2702452
DISALEXI,2022-11-01,Central Coast,3,13.489,13.0,5.0,20.0,9.719,2702713
DISALEXI,2022-12-01,Central Coast,3,12.7689,13.0,9.0,16.0,5.8557,2702635
DISALEXI,2023-01-01,Central Coast,3,22.1667,23.0,18.0,26.0,6.9341,2698414
DISALEXI,2023-02-01,Central Coast,3,33.3918,33.0,27.0,40.0,10.0372,2698017
DISALEXI,2023-03-01,Central Coast,3,47.1861,47.0,38.0,56.0,14.2412,2698440
DISALEXI,2023-04-01,Central Coast,3,85.8692,86.0,70.0,101.0,23.9997,2699823
DISALEXI,2023-05-01,Central Coast,3,87.8067,90.0,71.0,107.0,29.0003,2671179
DISALEXI,2023-06-01,Central Coast,3,86.4763,90.0,65.0,110.0,33.5208,2695567
DISALEXI,2023-07-01,Central Coast,3,97.112,100.4982,68.4966,130.4994,43.486,2701561
DISALEXI,2023-08-01,Central Coast,3,75.3445,78.5023,48.5074,102.4973,36.131,2702043
DISALEXI,2023-09-01,Central Coast,3,42.1104,43.0,24.0,59.0,22.9789,2702062
DISALEXI,2023-10-01,Central Coast,3,28.3509,27.0,12.0,42.0,19.6058,2702708
DISALEXI,2023-11-01,Central Coast,3,14.1093,13.0,6.0,21.0,10.1521,2702713
DISALEXI,2023-12-01,Central Coast,3,13.4698,13.0,9.0,18.0,6.8165,2702266
DISALEXI,2024-01-01,Central Coast,3,20.7776,20.0,16.0,25.0,7.1887,2701761
DISALEXI,2024-02-01,Central Coast,3,33.9356,34.0,29.0,39.0,8.1236,2702092
DISALEXI,2024-03-01,Central Coast,3,57.5688,57.0,46.0,69.0,16.5601,2701903
DISALEXI,2024-04-01,Central Coast,3,86.6265,87.0,73.0,99.0,19.9096,2702324
DISALEXI,2024-05-01,Central Coast,3,94.7424,94.5,76.5086,114.4956,30.4044,2683739
DISALEXI,2024-06-01,Central Coast,3,96.8357,98.0,74.0,121.0,36.3052,2700204
DISALEXI,2024-07-01,Central Coast,3,101.7678,104.5005,70.5049,134.4977,43.7077,2699757
DISALEXI,2024-08-01,Central Coast,3,76.6912,80.0,50.0,104.0,36.9262,2700715
DISALEXI,2024-09-01,Central Coast,3,50.9595,52.0,29.0,71.0,28.5622,2697336
DISALEXI,2024-10-01,Central Coast,3,27.0722,26.0,11.0,41.0,18.9632,2698157
DISALEXI,2024-11-01,Central Coast,3,13.9717,13.0,6.0,20.0,9.4573,2702709
DISALEXI,2024-12-01,Central Coast,3,14.4419,15.0,10.0,19.0,7.3796,2702544
DISALEXI,2025-01-01,Central Coast,3,17.1902,17.0,11.0,23.0,9.1806,2702519
DISALEXI,2025-02-01,Central Coast,3,27.1391,27.0,22.0,32.0,8.8656,2702512
DISALEXI,2025-03-01,Central Coast,3,49.6781,50.0,41.0,58.0,13.2955,2700240
DISALEXI,2025-04-01,Central Coast,3,68.3909,69.0,52.0,85.0,25.4346,2700124
DISALEXI,2025-05-01,Central Coast,3,78.7441,81.0,52.0,106.0,38.9924,2701558
DISALEXI,2025-06-01,Central Coast,3,83.2131,86.5004,51.0,118.4993,45.2408,2697877
DISALEXI,2025-07-01,Central Coast,3,77.4668,82.0,41.0,114.0,46.0339,2695206
DISALEXI,2025-08-01,Central Coast,3,68.9404,69.0,31.0,102.0,45.4513,2701686
DISALEXI,2025-09-01,Central Coast,3,36.0102,36.0,13.0,55.0,25.3678,2702353
DISALEXI,2025-10-01,Central Coast,3,26.3769,25.0,13.0,38.0,17.1552,2702442
DISALEXI,2025-11-01,Central Coast,3,19.6846,20.0,14.0,26.0,8.8903,2702368
DISALEXI,2025-12-01,Central Coast,3,18.3435,18.0,13.0,24.0,8.2297,2700887
DISALEXI,2003-10-01,Colorado River,10,70.9637,74.0,43.0,99.0,33.501,2547378
DISALEXI,2003-11-01,Colorado River,10,35.6996,37.0,23.0,49.0,16.8561,2553839
DISALEXI,2003-12-01,Colorado River,10,27.385,28.0,14.0,41.0,15.7464,2547219
DISALEXI,2004-01-01,Colorado River,10,32.4596,35.0,18.0,47.0,17.2667,2547412
DISALEXI,2004-02-01,Colorado River,10,46.4095,50.0,28.0,64.0,22.1945,2549730
DISALEXI,2004-03-01,Colorado River,10,91.8263,97.0,62.0,123.0,39.6619,2543686
DISALEXI,2004-04-01,Colorado River,10,109.7053,122.0,78.0,146.0,47.7006,2543685
DISALEXI,2004-05-01,Colorado River,10,126.1471,142.5095,86.4969,171.0,56.2721,2547284
DISALEXI,2004-06-01,Colorado River,10,138.0859,158.5059,86.4994,188.4948,60.3032,2555074
DISALEXI,2004-07-01,Colorado River,10,134.8808,147.0,92.5006,178.5047,53.5956,2547356
DISALEXI,2004-08-01,Colorado River,10,125.8194,132.4988,93.0,164.0,47.6716,2547379
DISALEXI,2004-09-01,Colorado River,10,89.309,91.0,58.0,123.0,39.9909,2555774
DISALEXI,2004-10-01,Colorado River,10,55.3728,56.0,37.0,74.0,24.4222,2559857
DISALEXI,2004-11-01,Colorado River,10,37.6294,39.0,27.0,49.0,14.9699,2561160
DISALEXI,2004-12-01,Colorado River,10,28.1268,29.0,17.0,39.0,13.4225,2554870
DISALEXI,2005-01-01,Colorado River,10,33.4217,34.0,20.0,48.0,16.5527,2559562
DISALEXI,2005-02-01,Colorado River,10,44.1333,44.0,31.0,59.0,17.024,2558903
DISALEXI,2005-03-01,Colorado River,10,76.8702,78.0,52.0,103.0,32.0264,2553955
DISALEXI,2005-04-01,Colorado River,10,100.2415,110.0,58.5028,140.503,50.5768,2547287
DISALEXI,2005-05-01,Colorado River,10,134.0922,150.5015,89.0,180.5056,56.4458,2547253
DISALEXI,2005-06-01,Colorado River,10,130.6433,148.4987,77.0,182.0,60.4259,2547330
DISALEXI,2005-07-01,Colorado River,10,136.2945,146.5076,100.5014,174.4959,49.2432,2543713
DISALEXI,2005-08-01,Colorado River,10,122.4902,129.0,94.0,156.0,43.3459,2543751
DISALEXI,2005-09-01,Colorado River,10,79.5756,79.0,48.0,114.0,39.7359,2547270
DISALEXI,2005-10-01,Colorado River,10,59.7473,59.0,32.0,86.0,31.8524,2556504
DISALEXI,2005-11-01,Colorado River,10,36.289,37.0,21.0,52.0,19.4836,2563932
DISALEXI,2005-12-01,Colorado River,10,23.6691,23.0,9.0,37.0,16.1469,2542679
DISALEXI,2006-01-01,Colorado River,10,26.8255,27.0,9.0,43.0,18.5916,2543002
DISALEXI,2006-02-01,Colorado River,10,39.8434,42.0,17.0,61.0,24.364,2543543
DISALEXI,2006-03-01,Colorado River,10,67.7344,70.0,33.0,102.0,39.4646,2543624
DISALEXI,2006-04-01,Colorado River,10,99.6151,109.0,60.0,139.0,48.818,2543686
DISALEXI,2006-05-01,Colorado River,10,130.9679,152.0,80.4981,180.5072,61.9144,2547323
DISALEXI,2006-06-01,Colorado River,10,123.729,141.0,82.4969,164.5033,51.4752,2552988
DISALEXI,2006-07-01,Colorado River,10,134.6546,138.5067,79.0,184.503,64.2708,2547257
DISALEXI,2006-08-01,Colorado River,10,111.8707,114.4964,72.5109,156.0,51.5665,2543718
DISALEXI,2006-09-01,Colorado River,10,79.7501,76.0,42.0,117.0,44.389,2547293
DISALEXI,2006-10-01,Colorado River,10,55.3326,56.0,30.0,80.0,31.2414,2547293
DISALEXI,2006-11-01,Colorado River,10,36.2705,38.0,18.0,54.0,22.2283,2547291
DISALEXI,2006-12-01,Colorado River,10,23.002,23.0,9.0,36.0,15.3489,2547337
DISALEXI,2007-01-01,Colorado River,10,25.0942,26.0,8.0,40.0,17.5866,2547259
DISALEXI,2007-02-01,Colorado River,10,42.5932,45.0,17.0,67.0,27.357,2551056
DISALEXI,2007-03-01,Colorado River,10,73.4736,77.0,42.0,105.0,38.6826,2552889
DISALEXI,2007-04-01,Colorado River,10,101.8987,113.0,61.0,142.0,51.0984,2547272
DISALEXI,2007-05-01,Colorado River,10,130.3123,150.5071,82.4954,178.5002,61.3724,2547245
DISALEXI,2007-06-01,Colorado River,10,124.8424,142.5023,75.0,172.5018,58.4324,2543814
DISALEXI,2007-07-01,Colorado River,10,126.0629,136.0,86.0,168.0,51.514,2547265
DISALEXI,2007-08-01,Colorado River,10,120.9807,129.0,94.0,153.0,42.7544,2543751
DISALEXI,2007-09-01,Colorado River,10,86.5252,89.0,60.0,115.0,35.6358,2543764
DISALEXI,2007-10-01,Colorado River,10,55.6491,55.0,29.0,81.0,32.6642,2528741
DISALEXI,2007-11-01,Colorado River,10,37.6391,38.0,23.0,53.0,19.2408,2513316
DISALEXI,2007-12-01,Colorado River,10,27.1658,28.0,18.0,37.0,12.327,2519399
DISALEXI,2008-01-01,Colorado River,10,27.2778,29.0,13.0,40.0,15.4207,2532426
DISALEXI,2008-02-01,Colorado River,10,45.981,50.0,25.0,66.0,24.0838,2547354
DISALEXI,2008-03-01,Colorado River,10,83.3023,90.0,51.0,117.0,43.0014,2550857
DISALEXI,2008-04-01,Colorado River,10,104.5308,115.0,66.0,145.0,53.1698,2543771
DISALEXI,2008-05-01,Colorado River,10,123.2977,140.5061,86.5114,166.5014,56.3847,2543770
DISALEXI,2008-06-01,Colorado River,10,123.1521,136.5086,74.5022,174.4988,59.2091,2543784
DISALEXI,2008-07-01,Colorado River,10,123.3613,130.4995,74.4979,174.5014,58.8095,2547317
DISALEXI,2008-08-01,Colorado River,10,109.2558,115.0,74.0,147.0,45.4987,2547315
DISALEXI,2008-09-01,Colorado River,10,83.256,83.0,49.0,119.0,41.1648,2547338
DISALEXI,2008-10-01,Colorado River,10,48.9978,47.0,17.0,77.0,33.7133,2547365
DISALEXI,2008-11-01,Colorado River,10,33.3523,33.0,15.0,51.0,21.0476,2547063
DISALEXI,2008-12-01,Colorado River,10,24.7592,26.0,16.0,33.0,10.8434,2546889
DISALEXI,2009-01-01,Colorado River,10,32.5087,35.0,14.0,49.0,19.1719,2547091
DISALEXI,2009-02-01,Colorado River,10,47.1014,52.0,29.0,65.0,21.5329,2550094
DISALEXI,2009-03-01,Colorado River,10,82.2507,90.0,48.0,116.0,42.7574,2550084
DISALEXI,2009-04-01,Colorado River,10,106.5711,118.0,66.0,149.0,54.2307,2547346
DISALEXI,2009-05-01,Colorado River,10,128.9885,144.5037,78.5034,178.5022,63.4095,2547365
DISALEXI,2009-06-01,Colorado River,10,111.0596,112.4951,60.5059,164.5017,60.9005,2547397
DISALEXI,2009-07-01,Colorado River,10,116.8143,119.0,72.0,163.0,54.2904,2547382
DISALEXI,2009-08-01,Colorado River,10,101.4325,98.0,60.0,146.0,49.9859,2547374
DISALEXI,2009-09-01,Colorado River,10,80.6604,78.0,47.0,118.0,41.2194,2547395
DISALEXI,2009-10-01,Colorado River,10,49.7,47.0,20.0,77.0,33.2698,2547387
DISALEXI,2009-11-01,Colorado River,10,29.2309,28.0,8.0,47.0,21.7799,2547350
DISALEXI,2009-12-01,Colorado River,10,25.1403,26.0,12.0,38.0,15.0641,2547356
DISALEXI,2010-01-01,Colorado River,10,33.0385,35.0,21.0,45.0,14.2597,2546884
DISALEXI,2010-02-01,Colorado River,10,49.0881,51.0,32.0,67.0,20.1339,2547395
DISALEXI,2010-03-01,Colorado River,10,80.758,82.0,47.0,114.0,39.6678,2547395
DISALEXI,2010-04-01,Colorado River,10,97.8929,106.0,58.0,136.0,47.0694,2547389
DISALEXI,2010-05-01,Colorado River,10,121.5798,140.5054,60.5009,176.4945,64.8484,2547385
DISALEXI,2010-06-01,Colorado River,10,120.5386,134.5064,64.4882,174.5014,60.4603,2547388
DISALEXI,2010-07-01,Colorado River,10,128.8257,134.5117,88.0,172.499,52.5866,2549270
DISALEXI,2010-08-01,Colorado River,10,106.9484,108.0,70.0,148.0,48.3122,2547396
DISALEXI,2010-09-01,Colorado River,10,75.4337,73.0,39.0,113.0,43.253,2547326
DISALEXI,2010-10-01,Colorado River,10,54.6863,54.0,29.0,79.0,30.393,2547396
DISALEXI,2010-11-01,Colorado River,10,32.9919,33.0,14.0,51.0,21.7255,2547321
DISALEXI,2010-12-01,Colorado River,10,22.4688,23.0,12.0,33.0,12.3963,2546847
DISALEXI,2011-01-01,Colorado River,10,31.6655,34.0,17.0,45.0,17.045,2546771
DISALEXI,2011-02-01,Colorado River,10,45.1844,48.0,25.0,64.0,22.9739,2547350
DISALEXI,2011-03-01,Colorado River,10,81.9933,89.0,49.0,115.0,40.3237,2550479
DISALEXI,2011-04-01,Colorado River,10,109.9995,122.0,63.0,156.0,58.6404,2547395
DISALEXI,2011-05-01,Colorado River,10,118.9485,134.4954,72.0,167.0,60.2173,2547393
DISALEXI,2011-06-01,Colorado River,10,121.6106,134.5067,65.0,176.5016,62.9948,2547392
DISALEXI,2011-07-01,Colorado River,10,119.2632,126.5058,68.5012,170.504,59.4182,2547395
DISALEXI,2011-08-01,Colorado River,10,108.1012,113.0,64.0,152.0,50.5791,2547395
DISALEXI,2011-09-01,Colorado River,10,78.3197,78.0,46.0,112.0,38.8744,2547397
DISALEXI,2011-10-01,Colorado River,10,56.3381,57.0,24.0,87.0,36.0367,2547398
DISALEXI,2011-11-01,Colorado River,10,33.5295,34.0,13.0,51.0,22.3849,2547311
DISALEXI,2011-12-01,Colorado River,10,24.5753,25.0,12.0,36.0,14.8568,2509442
DISALEXI,2012-01-01,Colorado River,10,29.9187,33.0,15.0,44.0,17.0744,2507901
DISALEXI,2012-02-01,Colorado River,10,50.911,55.0,27.0,74.0,27.6876,2520215
DISALEXI,2012-03-01,Colorado River,10,81.4828,85.0,49.0,117.0,42.1659,2491471
DISALEXI,2012-04-01,Colorado River,10,110.9338,120.0,69.0,157.0,55.9441,2529710
DISALEXI,2012-05-01,Colorado River,10,135.4597,152.5052,96.5013,182.4937,62.1832,2524053
DISALEXI,2012-06-01,Colorado River,10,123.3317,136.5017,70.5032,174.498,62.0131,2478782
DISALEXI,2012-07-01,Colorado River,10,113.0346,120.506,66.4992,158.4992,54.5348,2479522
DISALEXI,2012-08-01,Colorado River,10,108.8402,110.4984,74.5075,144.497,45.2397,2525551
DISALEXI,2012-09-01,Colorado River,10,84.0882,79.0,48.0,123.0,45.0501,2526092
DISALEXI,2012-10-01,Colorado River,10,58.0921,59.0,30.0,84.0,33.3348,2524778
DISALEXI,2012-11-01,Colorado River,10,35.74,37.0,20.0,52.0,19.8505,2529478
DISALEXI,2012-12-01,Colorado River,10,28.6058,29.0,20.0,37.0,11.6423,2526056
DISALEXI,2013-01-01,Colorado River,10,28.2822,30.0,14.0,41.0,16.1033,2520179
DISALEXI,2013-02-01,Colorado River,10,47.0315,50.0,28.0,66.0,23.9064,2510392
DISALEXI,2013-03-01,Colorado River,10,75.654,80.0,47.0,105.0,37.563,2510422
DISALEXI,2013-04-01,Colorado River,10,108.4434,122.0,65.0,150.0,53.9223,2547397
DISALEXI,2013-05-01,Colorado River,10,129.86,144.5086,82.5027,180.5016,60.216,2547398
DISALEXI,2013-06-01,Colorado River,10,130.0179,146.5015,72.4921,184.5047,63.534,2547398
DISALEXI,2013-07-01,Colorado River,10,109.6568,114.5002,66.5014,152.4986,53.7374,2538310
DISALEXI,2013-08-01,Colorado River,10,104.292,104.502,64.5026,146.5043,49.5288,2533217
DISALEXI,2013-09-01,Colorado River,10,82.2107,83.0,48.0,116.0,40.4084,2533346
DISALEXI,2013-10-01,Colorado River,10,48.6712,49.0,22.0,72.0,30.7654,2547398
DISALEXI,2013-11-01,Colorado River,10,34.9433,37.0,19.0,50.0,19.7455,2547345
DISALEXI,2013-12-01,Colorado River,10,26.9042,28.0,16.0,38.0,13.8735,2547250
DISALEXI,2014-01-01,Colorado River,10,30.7521,34.0,14.0,46.0,18.5402,2549186
DISALEXI,2014-02-01,Colorado River,10,51.9595,55.0,31.0,73.0,25.5601,2549270
DISALEXI,2014-03-01,Colorado River,10,82.7712,89.0,48.0,117.0,43.6072,2547397
DISALEXI,2014-04-01,Colorado River,10,104.0958,121.0,58.0,146.0,54.2726,2547397
DISALEXI,2014-05-01,Colorado River,10,119.5331,139.0,67.0,169.0,60.5555,2547398
DISALEXI,2014-06-01,Colorado River,10,126.7908,143.0,80.0,173.0,56.0137,2547398
DISALEXI,2014-07-01,Colorado River,10,148.6437,156.5006,106.0,194.5002,54.5625,2547398
DISALEXI,2014-08-01,Colorado River,10,107.9856,110.0,80.0,139.0,39.1184,2547398
DISALEXI,2014-09-01,Colorado River,10,82.3203,81.0,51.0,116.0,38.6709,2550123
DISALEXI,2014-10-01,Colorado River,10,57.0891,59.0,31.0,81.0,30.6256,2553684
DISALEXI,2014-11-01,Colorado River,10,35.4714,37.0,20.0,51.0,18.6345,2547358
DISALEXI,2014-12-01,Colorado River,10,21.5402,23.0,11.0,31.0,12.5277,2549911
DISALEXI,2015-01-01,Colorado River,10,30.937,35.0,13.0,47.0,19.0614,2549914
DISALEXI,2015-02-01,Colorado River,10,55.1243,60.0,32.0,77.0,27.8947,2547356
DISALEXI,2015-03-01,Colorado River,10,84.95,92.0,55.0,115.0,39.832,2550112
DISALEXI,2015-04-01,Colorado River,10,113.2033,130.0,69.0,155.0,55.269,2550112
DISALEXI,2015-05-01,Colorado River,10,120.9531,135.0,77.0,164.0,53.7848,2550123
DISALEXI,2015-06-01,Colorado River,10,116.9873,130.0,66.0,165.0,55.3065,2550120
DISALEXI,2015-07-01,Colorado River,10,105.5445,108.0,59.0,153.0,53.574,2550065
DISALEXI,2015-08-01,Colorado River,10,110.1759,109.0,77.0,148.0,43.9026,2550123
DISALEXI,2015-09-01,Colorado River,10,78.1914,72.0,44.0,115.0,41.1023,2547398
DISALEXI,2015-10-01,Colorado River,10,54.5139,54.0,30.0,78.0,29.6545,2547398
DISALEXI,2015-11-01,Colorado River,10,29.0143,29.0,10.0,45.0,20.0224,2553340
DISALEXI,2015-12-01,Colorado River,10,24.0861,25.0,9.0,37.0,15.5455,2556435
DISALEXI,2016-01-01,Colorado River,10,28.7784,31.0,18.0,39.0,13.3325,2553656
DISALEXI,2016-02-01,Colorado River,10,51.2485,55.0,26.0,75.0,28.4736,2561636
DISALEXI,2016-03-01,Colorado River,10,76.714,82.0,43.0,109.0,40.3969,2550936
DISALEXI,2016-04-01,Colorado River,10,93.0472,104.0,49.0,132.0,48.9267,2547395
DISALEXI,2016-05-01,Colorado River,10,120.0843,136.5033,66.4915,168.4992,58.2049,2550123
DISALEXI,2016-06-01,Colorado River,10,122.8895,136.0,68.0,175.0,59.057,2550123
DISALEXI,2016-07-01,Colorado River,10,120.4778,120.4977,78.5022,166.5069,52.1394,2550123
DISALEXI,2016-08-01,Colorado River,10,109.4365,105.0,75.0,149.0,45.9295,2550123
DISALEXI,2016-09-01,Colorado River,10,65.9613,55.0,30.0,104.0,42.6357,2553687
DISALEXI,2016-10-01,Colorado River,10,53.6529,53.0,22.0,82.0,34.6233,2557139
DISALEXI,2016-11-01,Colorado River,10,32.8862,34.0,15.0,50.0,20.6128,2561204
DISALEXI,2016-12-01,Colorado River,10,23.7185,25.0,13.0,34.0,12.044,2569084
DISALEXI,2017-01-01,Colorado River,10,31.9055,34.0,22.0,42.0,11.8927,2563924
DISALEXI,2017-02-01,Colorado River,10,42.287,43.0,34.0,51.0,12.8359,2561811
DISALEXI,2017-03-01,Colorado River,10,80.2085,85.0,50.0,110.0,35.6765,2553817
DISALEXI,2017-04-01,Colorado River,10,99.6265,108.5071,52.4938,142.5024,53.1186,2550123
DISALEXI,2017-05-01,Colorado River,10,108.4649,122.4991,54.5066,157.0,58.1138,2550253
DISALEXI,2017-06-01,Colorado River,10,122.8472,136.5123,68.4943,172.4979,57.7604,2550123
DISALEXI,2017-07-01,Colorado River,10,116.2892,118.5005,78.4984,154.5035,46.6737,2553687
DISALEXI,2017-08-01,Colorado River,10,92.6476,88.0,57.0,130.0,44.4937,2553687
DISALEXI,2017-09-01,Colorado River,10,69.031,63.0,38.0,98.0,38.4035,2557153
DISALEXI,2017-10-01,Colorado River,10,46.6776,44.0,16.0,74.0,33.0901,2557139
DISALEXI,2017-11-01,Colorado River,10,32.9067,35.0,17.0,48.0,18.9361,2557093
DISALEXI,2017-12-01,Colorado River,10,23.9299,25.0,10.0,37.0,15.7018,2557076
DISALEXI,2018-01-01,Colorado River,10,32.3674,35.0,17.0,47.0,17.5858,2562796
DISALEXI,2018-02-01,Colorado River,10,43.8355,47.0,27.0,61.0,21.2128,2556958
DISALEXI,2018-03-01,Colorado River,10,71.1851,73.0,43.0,100.0,34.717,2550253
DISALEXI,2018-04-01,Colorado River,10,101.6855,114.0,60.0,141.0,50.1966,2550123
DISALEXI,2018-05-01,Colorado River,10,127.6993,146.5035,78.4883,174.4954,57.7,2559347
DISALEXI,2018-06-01,Colorado River,10,120.3506,134.0,70.4984,166.4957,56.2495,2559347
DISALEXI,2018-07-01,Colorado River,10,114.9041,118.5097,72.4958,156.4937,50.962,2553687
DISALEXI,2018-08-01,Colorado River,10,115.8054,114.0,81.0,155.0,46.2402,2557153
DISALEXI,2018-09-01,Colorado River,10,80.5341,78.0,52.0,112.0,36.3851,2557153
DISALEXI,2018-10-01,Colorado River,10,53.0559,55.0,31.0,74.0,27.2308,2557153
DISALEXI,2018-11-01,Colorado River,10,30.6918,32.0,17.0,44.0,17.2448,2557153
DISALEXI,2018-12-01,Colorado River,10,27.133,28.0,20.0,35.0,11.1811,2539154
DISALEXI,2019-01-01,Colorado River,10,30.4456,32.0,20.0,40.0,12.8313,2564140
DISALEXI,2019-02-01,Colorado River,10,39.781,41.0,24.0,55.0,18.0845,2557274
DISALEXI,2019-03-01,Colorado River,10,77.8266,80.0,49.0,108.0,35.52,2557274
DISALEXI,2019-04-01,Colorado River,10,103.223,112.0,68.0,139.0,46.1641,2553687
DISALEXI,2019-05-01,Colorado River,10,126.3834,142.506,84.5007,168.4999,53.4811,2553687
DISALEXI,2019-06-01,Colorado River,10,129.4635,146.501,76.501,178.497,59.4291,2553687
DISALEXI,2019-07-01,Colorado River,10,117.3494,126.0,80.0,157.0,47.6818,2557153
DISALEXI,2019-08-01,Colorado River,10,106.3965,109.0,70.0,144.0,44.1092,2557153
DISALEXI,2019-09-01,Colorado River,10,78.1602,78.0,45.0,113.0,39.5791,2557283
DISALEXI,2019-10-01,Colorado River,10,53.3925,54.0,27.0,78.0,30.7218,2557283
DISALEXI,2019-11-01,Colorado River,10,36.367,38.0,21.0,52.0,18.5771,2557245
DISALEXI,2019-12-01,Colorado River,10,25.2504,27.0,19.0,32.0,9.3301,2557031
DISALEXI,2020-01-01,Colorado River,10,33.461,36.0,21.0,46.0,15.5459,2556872
DISALEXI,2020-02-01,Colorado River,10,50.3071,53.0,32.0,68.0,21.4792,2557059
DISALEXI,2020-03-01,Colorado River,10,74.8974,77.0,54.0,97.0,27.1374,2557279
DISALEXI,2020-04-01,Colorado River,10,106.0386,114.0,73.0,137.0,40.5623,2557283
DISALEXI,2020-05-01,Colorado River,10,139.8479,162.5027,94.5037,184.4981,58.1716,2557153
DISALEXI,2020-06-01,Colorado River,10,129.5416,145.0,85.0,173.0,53.1443,2557153
DISALEXI,2020-07-01,Colorado River,10,125.6261,132.0,90.0,162.0,45.4933,2557153
DISALEXI,2020-08-01,Colorado River,10,114.3041,114.0,80.0,152.0,44.6367,2557153
DISALEXI,2020-09-01,Colorado River,10,83.7548,84.0,53.0,117.0,36.7721,2557153
DISALEXI,2020-10-01,Colorado River,10,60.7448,62.0,34.0,87.0,31.6997,2564494
DISALEXI,2020-11-01,Colorado River,10,31.9542,33.0,16.0,48.0,18.954,2564492
DISALEXI,2020-12-01,Colorado River,10,23.0735,25.0,11.0,34.0,13.3122,2562853
DISALEXI,2021-01-01,Colorado River,10,29.2325,32.0,17.0,41.0,14.5462,2557146
DISALEXI,2021-02-01,Colorado River,10,44.0193,47.0,26.0,62.0,21.6972,2557230
DISALEXI,2021-03-01,Colorado River,10,77.3813,81.0,51.0,106.0,35.2383,2557283
DISALEXI,2021-04-01,Colorado River,10,109.9193,124.0,70.0,149.0,51.5731,2557153
DISALEXI,2021-05-01,Colorado River,10,139.4423,156.5038,94.4982,184.4968,58.5304,2557283
DISALEXI,2021-06-01,Colorado River,10,129.9982,144.5043,88.4943,170.4973,52.6226,2557153
DISALEXI,2021-07-01,Colorado River,10,117.1178,125.0,74.0,160.0,51.8692,2557153
DISALEXI,2021-08-01,Colorado River,10,99.089,98.0,64.0,137.0,44.6549,2557283
DISALEXI,2021-09-01,Colorado River,10,85.006,83.0,53.0,120.0,39.914,2557153
DISALEXI,2021-10-01,Colorado River,10,50.0007,49.0,28.0,72.0,27.3856,2557153
DISALEXI,2021-11-01,Colorado River,10,37.7831,40.0,21.0,55.0,21.1204,2557151
DISALEXI,2021-12-01,Colorado River,10,22.6865,24.0,13.0,32.0,11.6727,2557068
DISALEXI,2022-01-01,Colorado River,10,31.0574,34.0,16.0,45.0,17.1252,2569804
DISALEXI,2022-02-01,Colorado River,10,45.238,48.0,21.0,67.0,25.9522,2557279
DISALEXI,2022-03-01,Colorado River,10,79.8226,84.0,50.0,111.0,38.4404,2557283
DISALEXI,2022-04-01,Colorado River,10,115.845,127.0,79.0,154.0,50.877,2557283
DISALEXI,2022-05-01,Colorado River,10,140.5817,161.0,99.0,187.0,57.9147,2557153
DISALEXI,2022-06-01,Colorado River,10,141.8826,156.5071,102.5008,182.497,51.7065,2557153
DISALEXI,2022-07-01,Colorado River,10,123.092,128.0,86.0,164.0,49.8237,2557153
DISALEXI,2022-08-01,Colorado River,10,113.2176,110.0,81.0,151.0,45.4618,2557283
DISALEXI,2022-09-01,Colorado River,10,79.673,77.0,54.0,107.0,33.6928,2557281
DISALEXI,2022-10-01,Colorado River,10,55.5504,56.0,36.0,75.0,25.3303,2557278
DISALEXI,2022-11-01,Colorado River,10,32.0816,33.0,17.0,47.0,18.1806,2557167
DISALEXI,2022-12-01,Colorado River,10,23.235,24.0,10.0,35.0,14.2434,2557114
DISALEXI,2023-01-01,Colorado River,10,27.5921,30.0,16.0,39.0,13.953,2566866
DISALEXI,2023-02-01,Colorado River,10,41.1414,44.0,24.0,57.0,19.9722,2562868
DISALEXI,2023-03-01,Colorado River,10,66.6782,69.0,44.0,91.0,29.0176,2557270
DISALEXI,2023-04-01,Colorado River,10,108.4386,118.0,70.0,148.0,49.8773,2557283
DISALEXI,2023-05-01,Colorado River,10,130.2746,150.0,81.0,176.0,56.9613,2557283
DISALEXI,2023-06-01,Colorado River,10,132.0922,152.0,77.0,182.0,59.9921,2557283
DISALEXI,2023-07-01,Colorado River,10,125.0938,126.5094,78.0,173.0,57.9047,2557283
DISALEXI,2023-08-01,Colorado River,10,99.7943,97.0,71.0,132.0,39.561,2557283
DISALEXI,2023-09-01,Colorado River,10,77.7247,74.0,45.0,111.0,38.2281,2557283
DISALEXI,2023-10-01,Colorado River,10,59.7468,60.0,31.0,87.0,32.9365,2557227
DISALEXI,2023-11-01,Colorado River,10,33.8813,35.0,18.0,49.0,18.805,2557127
DISALEXI,2023-12-01,Colorado River,10,25.9577,28.0,13.0,38.0,14.5243,2557087
DISALEXI,2024-01-01,Colorado River,10,30.9089,34.0,19.0,42.0,13.595,2557046
DISALEXI,2024-02-01,Colorado River,10,46.5676,47.0,33.0,60.0,17.2978,2566978
DISALEXI,2024-03-01,Colorado River,10,74.8376,78.0,49.0,100.0,31.9096,2566992
DISALEXI,2024-04-01,Colorado River,10,107.4338,118.0,68.0,144.0,47.4576,2569903
DISALEXI,2024-05-01,Colorado River,10,130.8872,148.0,80.0,178.0,57.1284,2567026
DISALEXI,2024-06-01,Colorado River,10,137.4926,150.5107,94.513,178.4972,51.4107,2567026
DISALEXI,2024-07-01,Colorado River,10,143.6728,146.5035,110.4979,180.4997,47.2212,2557283
DISALEXI,2024-08-01,Colorado River,10,95.0743,91.0,64.0,128.0,43.1573,2557280
DISALEXI,2024-09-01,Colorado River,10,65.6997,60.0,41.0,89.0,33.9104,2562940
DISALEXI,2024-10-01,Colorado River,10,54.025,52.0,31.0,77.0,28.0969,2562938
DISALEXI,2024-11-01,Colorado River,10,25.9937,26.0,11.0,40.0,17.0017,2562768
DISALEXI,2024-12-01,Colorado River,10,25.3381,27.0,11.0,39.0,15.9008,2562706
DISALEXI,2025-01-01,Colorado River,10,29.2067,30.0,13.0,44.0,18.022,2566895
DISALEXI,2025-02-01,Colorado River,10,47.0893,49.0,23.0,70.0,27.1064,2569864
DISALEXI,2025-03-01,Colorado River,10,72.3435,74.0,42.0,102.0,36.6768,2569901
DISALEXI,2025-04-01,Colorado River,10,105.6293,117.0,59.0,147.0,52.8492,2569911
DISALEXI,2025-05-01,Colorado River,10,124.1611,142.0,70.0,175.0,60.1182,2569914
DISALEXI,2025-06-01,Colorado River,10,118.4271,130.0,71.0,163.0,53.3307,2562943
DISALEXI,2025-07-01,Colorado River,10,121.0156,120.4997,80.5051,164.5023,51.4046,2562943
DISALEXI,2025-08-01,Colorado River,10,99.7341,97.0,71.0,130.0,39.3513,2562941
DISALEXI,2025-09-01,Colorado River,10,71.9532,65.0,43.0,101.0,37.1166,2565827
DISALEXI,2025-10-01,Colorado River,10,50.8974,51.0,30.0,72.0,26.5864,2565725
DISALEXI,2025-11-01,Colorado River,10,32.9333,34.0,22.0,44.0,14.2312,2562732
DISALEXI,2025-12-01,Colorado River,10,27.5098,29.0,17.0,38.0,12.7757,2562674
DISALEXI,2003-10-01,North Coast,1,29.6344,28.0,13.0,43.0,19.9603,1817289
DISALEXI,2003-11-01,North Coast,1,14.0358,14.0,10.0,18.0,6.8115,1772843
DISALEXI,2003-12-01,North Coast,1,10.4353,10.0,7.0,13.0,4.5925,913178
DISALEXI,2004-01-01,North Coast,1,16.2926,15.0,11.0,21.0,7.2156,939613
DISALEXI,2004-02-01,North Coast,1,23.3966,23.0,17.0,29.0,9.0862,1706898
DISALEXI,2004-03-01,North Coast,1,54.0261,53.0,36.0,72.0,24.1842,1775041
DISALEXI,2004-04-01,North Coast,1,70.5184,69.0,48.0,91.0,30.9747,1797804
DISALEXI,2004-05-01,North Coast,1,89.0717,87.0,56.0,119.0,42.5517,1815066
DISALEXI,2004-06-01,North Coast,1,106.5417,105.0,64.4958,148.5048,53.7603,1819951
DISALEXI,2004-07-01,North Coast,1,103.4845,104.5073,60.0,146.4968,55.0219,1816547
DISALEXI,2004-08-01,North Coast,1,77.4786,78.0,36.0,116.0,48.1558,1819538
DISALEXI,2004-09-01,North Coast,1,47.0984,46.0,20.0,71.0,31.4881,1819907
DISALEXI,2004-10-01,North Coast,1,29.9373,29.0,15.0,43.0,18.0278,1819889
DISALEXI,2004-11-01,North Coast,1,20.622,20.0,15.0,26.0,8.3993,1816621
DISALEXI,2004-12-01,North Coast,1,14.7533,14.0,10.0,19.0,6.8911,1644863
DISALEXI,2005-01-01,North Coast,1,20.0045,20.0,15.0,25.0,7.8701,790873
DISALEXI,2005-02-01,North Coast,1,30.7463,31.0,25.0,36.0,8.3546,793925
DISALEXI,2005-03-01,North Coast,1,47.2414,45.0,32.0,62.0,21.1468,1751779
DISALEXI,2005-04-01,North Coast,1,69.958,66.0,50.0,86.0,28.8259,1777073
DISALEXI,2005-05-01,North Coast,1,89.5996,89.0,66.0,110.0,36.2894,1798710
DISALEXI,2005-06-01,North Coast,1,106.8085,106.0,79.0,134.0,39.5877,1777315
DISALEXI,2005-07-01,North Coast,1,128.1077,130.5071,88.5085,168.4965,54.9565,1820062
DISALEXI,2005-08-01,North Coast,1,96.4318,98.0,58.0,134.5046,49.4175,1820053
DISALEXI,2005-09-01,North Coast,1,48.7467,48.0,27.0,68.0,28.5222,1819375
DISALEXI,2005-10-01,North Coast,1,30.6978,30.0,18.0,42.0,16.6572,1812098
DISALEXI,2005-11-01,North Coast,1,18.1805,17.0,13.0,22.0,7.3157,1592784
DISALEXI,2005-12-01,North Coast,1,11.7626,12.0,9.0,15.0,5.1067,1071207
DISALEXI,2006-01-01,North Coast,1,15.1873,14.0,11.0,19.0,6.7563,1072990
DISALEXI,2006-02-01,North Coast,1,29.8129,30.0,22.0,37.0,11.1462,1716783
DISALEXI,2006-03-01,North Coast,1,34.3003,34.0,23.0,45.0,16.6603,1585199
DISALEXI,2006-04-01,North Coast,1,62.9942,64.0,46.0,80.0,25.1896,1750262
DISALEXI,2006-05-01,North Coast,1,102.2151,101.0,70.0,136.0,43.6301,1801548
DISALEXI,2006-06-01,North Coast,1,106.1375,106.0,73.0,137.0,45.4099,1824506
DISALEXI,2006-07-01,North Coast,1,122.1812,124.5041,79.0,166.4971,57.2237,1819975
DISALEXI,2006-08-01,North Coast,1,91.6244,92.4963,54.0,128.5051,48.2018,1819735
DISALEXI,2006-09-01,North Coast,1,57.2721,56.0,30.0,84.0,34.3628,1819481
DISALEXI,2006-10-01,North Coast,1,31.0523,31.0,17.0,43.0,18.5717,1819258
DISALEXI,2006-11-01,North Coast,1,13.301,12.0,9.0,17.0,6.5483,1817607
DISALEXI,2006-12-01,North Coast,1,13.0187,13.0,9.0,17.0,6.3266,905978
DISALEXI,2007-01-01,North Coast,1,21.4921,22.0,15.0,28.0,9.3707,1415827
DISALEXI,2007-02-01,North Coast,1,22.2448,22.0,15.0,29.0,10.6238,1618187
DISALEXI,2007-03-01,North Coast,1,49.0983,47.0,33.0,64.0,21.9746,1793729
DISALEXI,2007-04-01,North Coast,1,69.5856,67.0,48.0,87.0,29.9393,1812429
DISALEXI,2007-05-01,North Coast,1,107.6347,108.5055,70.5059,145.0,46.9888,1818042
DISALEXI,2007-06-01,North Coast,1,106.387,106.4996,67.0,144.5,52.1016,1823226
DISALEXI,2007-07-01,North Coast,1,109.8165,111.0,65.0,154.5032,55.9423,1823778
DISALEXI,2007-08-01,North Coast,1,84.1991,83.0,39.0,127.0,52.4087,1819302
DISALEXI,2007-09-01,North Coast,1,52.4667,50.0,25.0,78.0,33.5009,1819172
DISALEXI,2007-10-01,North Coast,1,29.5486,29.0,19.0,39.0,14.5799,1782311
DISALEXI,2007-11-01,North Coast,1,21.1662,21.0,15.0,27.0,9.8752,1314123
DISALEXI,2007-12-01,North Coast,1,15.3387,15.0,10.0,20.0,7.5637,342043
DISALEXI,2008-01-01,North Coast,1,15.6516,15.0,10.0,20.0,7.2529,476308
DISALEXI,2008-02-01,North Coast,1,30.7596,31.0,22.0,39.0,11.4103,1000357
DISALEXI,2008-03-01,North Coast,1,46.7293,44.0,32.0,60.0,20.3214,1725955
DISALEXI,2008-04-01,North Coast,1,61.3936,58.0,38.0,81.0,31.6783,1797717
DISALEXI,2008-05-01,North Coast,1,86.3265,85.0,56.0,115.0,40.9186,1799523
DISALEXI,2008-06-01,North Coast,1,102.8901,102.0,60.5013,144.0,53.6716,1819933
DISALEXI,2008-07-01,North Coast,1,115.9705,118.5047,72.4991,161.0,56.3773,1824736
DISALEXI,2008-08-01,North Coast,1,83.9734,84.0,37.0,128.0,53.4726,1815614
DISALEXI,2008-09-01,North Coast,1,51.2406,49.0,19.0,79.0,36.5862,1818956
DISALEXI,2008-10-01,North Coast,1,25.7417,25.0,10.0,38.0,18.1015,1817525
DISALEXI,2008-11-01,North Coast,1,13.9998,14.0,9.0,19.0,7.5475,1153109
DISALEXI,2008-12-01,North Coast,1,11.255,11.0,7.0,15.0,6.3914,1088184
DISALEXI,2009-01-01,North Coast,1,21.8827,21.0,16.0,28.0,9.2777,1545796
DISALEXI,2009-02-01,North Coast,1,21.1114,21.0,15.0,27.0,9.3615,1608273
DISALEXI,2009-03-01,North Coast,1,45.5903,43.0,30.0,59.0,21.5596,1802126
DISALEXI,2009-04-01,North Coast,1,67.6519,66.0,43.0,89.0,33.8062,1806727
DISALEXI,2009-05-01,North Coast,1,96.9375,97.0,61.0,136.5064,46.1224,1816412
DISALEXI,2009-06-01,North Coast,1,94.1093,94.5075,60.4992,126.5004,44.7999,1819988
DISALEXI,2009-07-01,North Coast,1,110.7106,110.5031,64.4931,156.4973,59.5972,1819741
DISALEXI,2009-08-01,North Coast,1,77.5549,77.0,38.0,115.0,48.1948,1820068
DISALEXI,2009-09-01,North Coast,1,47.3837,43.0,16.0,74.0,35.9367,1820094
DISALEXI,2009-10-01,North Coast,1,26.373,26.0,14.0,37.0,15.8144,1816900
DISALEXI,2009-11-01,North Coast,1,18.2963,17.0,12.0,23.0,8.7535,1791938
DISALEXI,2009-12-01,North Coast,1,11.7246,11.0,7.0,16.0,6.8061,1763236
DISALEXI,2010-01-01,North Coast,1,10.9008,10.0,7.0,14.0,6.0588,199920
DISALEXI,2010-02-01,North Coast,1,20.84,20.0,14.0,26.0,10.0291,1166601
DISALEXI,2010-03-01,North Coast,1,47.6992,45.0,31.0,66.0,21.9008,1775132
DISALEXI,2010-04-01,North Coast,1,59.2665,56.0,38.0,78.0,28.4442,1818440
DISALEXI,2010-05-01,North Coast,1,81.028,79.0,56.0,103.0,35.2962,1813863
DISALEXI,2010-06-01,North Coast,1,97.2823,99.0,65.0,131.0,45.3844,1820124
DISALEXI,2010-07-01,North Coast,1,116.1676,117.0,77.0,158.0,56.4431,1819658
DISALEXI,2010-08-01,North Coast,1,78.9499,80.0,44.0,113.0,44.5547,1815790
DISALEXI,2010-09-01,North Coast,1,48.3282,47.0,23.0,71.0,30.9487,1820128
DISALEXI,2010-10-01,North Coast,1,29.1775,29.0,16.0,41.0,17.4332,1816615
DISALEXI,2010-11-01,North Coast,1,17.8109,18.0,9.0,27.0,11.8267,1646407
DISALEXI,2010-12-01,North Coast,1,10.9682,11.0,8.0,14.0,4.7759,1151490
DISALEXI,2011-01-01,North Coast,1,22.3747,22.0,17.0,28.0,8.7637,1771579
DISALEXI,2011-02-01,North Coast,1,25.2562,25.0,16.0,35.0,12.5205,1791467
DISALEXI,2011-03-01,North Coast,1,31.6582,32.0,17.0,45.0,17.7588,1583790
DISALEXI,2011-04-01,North Coast,1,59.6398,57.0,38.0,80.0,28.9727,1788442
DISALEXI,2011-05-01,North Coast,1,83.2786,82.0,56.0,108.0,36.2393,1798002
DISALEXI,2011-06-01,North Coast,1,107.5312,108.0,78.0,138.4963,44.4857,1816223
DISALEXI,2011-07-01,North Coast,1,120.0013,122.0,88.5096,152.4988,47.4856,1817770
DISALEXI,2011-08-01,North Coast,1,96.4177,98.0,59.0,134.0,48.6374,1819554
DISALEXI,2011-09-01,North Coast,1,59.1464,58.0,31.0,85.0,35.1501,1819568
DISALEXI,2011-10-01,North Coast,1,32.5207,33.0,22.0,43.0,15.2634,1817766
DISALEXI,2011-11-01,North Coast,1,14.4386,14.0,8.0,20.0,9.0014,1804906
DISALEXI,2011-12-01,North Coast,1,13.9633,13.0,7.0,20.0,9.3233,1728409
DISALEXI,2012-01-01,North Coast,1,14.1738,13.0,8.0,20.0,8.4108,1680163
DISALEXI,2012-02-01,North Coast,1,24.5816,24.0,15.0,34.0,13.1755,1608859
DISALEXI,2012-03-01,North Coast,1,34.0159,34.0,21.0,47.0,17.7681,1428098
DISALEXI,2012-04-01,North Coast,1,66.8255,66.0,44.0,88.0,32.0537,1602899
DISALEXI,2012-05-01,North Coast,1,93.7485,93.0,59.0,129.0,44.8622,1777203
DISALEXI,2012-06-01,North Coast,1,90.3995,91.0,55.0,125.0,45.5286,1805428
DISALEXI,2012-07-01,North Coast,1,92.3361,89.0,46.4995,132.496,57.2738,1737931
DISALEXI,2012-08-01,North Coast,1,78.5557,77.0,35.0,120.0,51.7083,1732089
DISALEXI,2012-09-01,North Coast,1,49.098,46.0,18.0,76.0,35.6414,1786543
DISALEXI,2012-10-01,North Coast,1,30.5851,30.0,16.0,44.0,18.2966,1695714
DISALEXI,2012-11-01,North Coast,1,18.6335,18.0,12.0,25.0,8.7545,1463981
DISALEXI,2012-12-01,North Coast,1,15.7277,16.0,11.0,20.0,6.5874,441504
DISALEXI,2013-01-01,North Coast,1,24.4501,25.0,18.0,30.0,9.1333,597995
DISALEXI,2013-02-01,North Coast,1,33.407,33.0,24.0,42.0,12.9593,1251531
DISALEXI,2013-03-01,North Coast,1,42.65,42.0,28.0,57.0,21.4686,1546646
DISALEXI,2013-04-01,North Coast,1,63.9199,60.0,39.0,83.0,33.2986,1808422
DISALEXI,2013-05-01,North Coast,1,84.5422,82.0,54.0,115.0,39.3063,1819183
DISALEXI,2013-06-01,North Coast,1,93.4009,93.0,57.0,130.0,47.9973,1818736
DISALEXI,2013-07-01,North Coast,1,99.1978,99.0,57.0,140.497,55.4885,1821113
DISALEXI,2013-08-01,North Coast,1,69.4454,71.0,35.0,102.0,41.8259,1824352
DISALEXI,2013-09-01,North Coast,1,41.9486,40.0,19.0,61.0,27.1144,1819892
DISALEXI,2013-10-01,North Coast,1,28.7144,27.0,14.0,41.0,18.635,1819496
DISALEXI,2013-11-01,North Coast,1,12.7992,12.0,6.0,18.0,8.6021,1815676
DISALEXI,2013-12-01,North Coast,1,13.9188,14.0,9.0,19.0,7.6112,1802465
DISALEXI,2014-01-01,North Coast,1,14.9945,15.0,9.0,20.0,8.5005,1801466
DISALEXI,2014-02-01,North Coast,1,19.9347,20.0,14.0,25.0,8.119,1780727
DISALEXI,2014-03-01,North Coast,1,39.2705,38.0,26.0,52.0,18.8043,1802787
DISALEXI,2014-04-01,North Coast,1,66.1236,65.0,44.0,85.0,30.0302,1817684
DISALEXI,2014-05-01,North Coast,1,84.2463,82.0,53.0,115.0,41.0831,1819363
DISALEXI,2014-06-01,North Coast,1,90.4407,90.0,54.0,125.0,48.2111,1820137
DISALEXI,2014-07-01,North Coast,1,105.0906,100.4983,53.0,158.5,60.309,1819591
DISALEXI,2014-08-01,North Coast,1,68.5827,63.0,26.4946,108.5017,47.5068,1820059
DISALEXI,2014-09-01,North Coast,1,40.328,37.0,16.0,61.0,28.3771,1820143
DISALEXI,2014-10-01,North Coast,1,29.0865,28.0,16.0,40.0,16.8378,1819734
DISALEXI,2014-11-01,North Coast,1,17.3695,17.0,11.0,23.0,9.1481,1598702
DISALEXI,2014-12-01,North Coast,1,8.7479,8.0,5.0,12.0,5.4274,1680294
DISALEXI,2015-01-01,North Coast,1,21.7395,22.0,16.0,28.0,9.099,1803935
DISALEXI,2015-02-01,North Coast,1,28.1111,27.0,19.0,37.0,12.8862,1813187
DISALEXI,2015-03-01,North Coast,1,46.3171,46.0,32.0,59.0,20.3629,1817168
DISALEXI,2015-04-01,North Coast,1,68.8588,69.0,46.0,91.0,32.0499,1814731
DISALEXI,2015-05-01,North Coast,1,82.8471,81.0,57.0,107.0,35.1804,1815759
DISALEXI,2015-06-01,North Coast,1,102.2345,102.0,69.0,136.0,46.5487,1816095
DISALEXI,2015-07-01,North Coast,1,83.3519,81.0,43.0,123.0,48.2272,1823826
DISALEXI,2015-08-01,North Coast,1,69.9925,66.0,31.0,107.0,45.1294,1820133
DISALEXI,2015-09-01,North Coast,1,40.0103,38.0,14.0,63.0,28.3911,1820140
DISALEXI,2015-10-01,North Coast,1,27.2519,27.0,13.0,40.0,16.8641,1820127
DISALEXI,2015-11-01,North Coast,1,17.0942,16.0,10.0,24.0,9.8321,1818351
DISALEXI,2015-12-01,North Coast,1,7.6163,6.0,2.0,12.0,7.4412,1502921
DISALEXI,2016-01-01,North Coast,1,11.6275,11.0,8.0,15.0,4.9475,929813
DISALEXI,2016-02-01,North Coast,1,26.4632,25.0,19.0,32.0,11.6052,1214134
DISALEXI,2016-03-01,North Coast,1,42.3243,40.0,31.0,53.0,15.4536,1792603
DISALEXI,2016-04-01,North Coast,1,73.6337,74.0,55.0,91.0,26.5726,1802312
DISALEXI,2016-05-01,North Coast,1,95.3567,96.0,71.0,123.0,34.8695,1808762
DISALEXI,2016-06-01,North Coast,1,105.8025,106.0,81.0,129.0,37.2826,1816968
DISALEXI,2016-07-01,North Coast,1,98.9742,101.0,64.0,134.493,48.25,1818415
DISALEXI,2016-08-01,North Coast,1,84.1166,85.0,48.0,120.0,47.27,1818989
DISALEXI,2016-09-01,North Coast,1,45.9864,45.0,20.0,69.0,30.3405,1819120
DISALEXI,2016-10-01,North Coast,1,22.9559,22.0,14.0,31.0,12.3194,1817771
DISALEXI,2016-11-01,North Coast,1,19.0333,18.0,12.0,25.0,9.628,1808118
DISALEXI,2016-12-01,North Coast,1,11.6774,11.0,6.0,17.0,7.274,1594019
DISALEXI,2017-01-01,North Coast,1,19.6706,20.0,15.0,25.0,7.2176,712668
DISALEXI,2017-02-01,North Coast,1,21.7015,22.0,15.0,28.0,9.2814,1673901
DISALEXI,2017-03-01,North Coast,1,43.0958,41.0,30.0,57.0,18.3292,1742591
DISALEXI,2017-04-01,North Coast,1,69.914,70.0,55.0,84.0,22.1107,1791535
DISALEXI,2017-05-01,North Coast,1,105.1224,104.4958,75.0,136.4955,44.0245,1724986
DISALEXI,2017-06-01,North Coast,1,102.3391,104.5015,78.0,128.0,38.6995,1728684
DISALEXI,2017-07-01,North Coast,1,111.8259,114.5059,75.0,150.5038,51.5336,1819847
DISALEXI,2017-08-01,North Coast,1,89.8222,92.0,55.0,126.0,44.2054,1819565
DISALEXI,2017-09-01,North Coast,1,47.7239,48.0,25.0,70.0,27.8458,1818232
DISALEXI,2017-10-01,North Coast,1,28.0077,27.0,15.0,39.0,16.4015,1817051
DISALEXI,2017-11-01,North Coast,1,14.7109,14.0,10.0,18.0,6.6031,1814848
DISALEXI,2017-12-01,North Coast,1,18.7484,18.0,13.0,24.0,8.1709,1459726
DISALEXI,2018-01-01,North Coast,1,14.9525,14.0,9.0,21.0,8.1663,1540697
DISALEXI,2018-02-01,North Coast,1,27.3931,27.0,18.0,37.0,13.4671,1521337
DISALEXI,2018-03-01,North Coast,1,43.6343,43.0,31.0,57.0,18.2173,1721872
DISALEXI,2018-04-01,North Coast,1,64.7922,63.0,46.0,83.0,25.8126,1780949
DISALEXI,2018-05-01,North Coast,1,95.8629,95.0,60.509,130.4948,43.3152,1797173
DISALEXI,2018-06-01,North Coast,1,105.3674,106.5012,73.0,136.4981,46.3928,1819941
DISALEXI,2018-07-01,North Coast,1,105.1194,108.5101,67.0,144.5,51.48,1819936
DISALEXI,2018-08-01,North Coast,1,89.2251,91.0,51.0,129.0,47.2652,1819811
DISALEXI,2018-09-01,North Coast,1,45.4358,45.0,20.0,68.0,29.2681,1820007
DISALEXI,2018-10-01,North Coast,1,25.0609,25.0,12.0,36.0,16.1074,1819982
DISALEXI,2018-11-01,North Coast,1,12.5137,11.0,4.0,19.0,9.7536,1818617
DISALEXI,2018-12-01,North Coast,1,10.5314,10.0,6.0,14.0,5.7779,1679383
DISALEXI,2019-01-01,North Coast,1,15.4605,15.0,11.0,20.0,6.8468,1756779
DISALEXI,2019-02-01,North Coast,1,19.1842,19.0,14.0,24.0,7.2653,1601352
DISALEXI,2019-03-01,North Coast,1,45.6635,45.0,34.0,58.0,17.3019,1779424
DISALEXI,2019-04-01,North Coast,1,59.2319,59.0,43.0,75.0,23.9415,1805679
DISALEXI,2019-05-01,North Coast,1,88.1644,89.0,62.0,116.0,35.5081,1810064
DISALEXI,2019-06-01,North Coast,1,112.7826,115.0,84.5099,144.0,44.8699,1817972
DISALEXI,2019-07-01,North Coast,1,105.1641,108.5094,73.0,138.5013,49.9139,1816443
DISALEXI,2019-08-01,North Coast,1,80.4305,84.0,52.0,111.0,39.1652,1817826
DISALEXI,2019-09-01,North Coast,1,41.9887,41.0,20.0,62.0,25.8888,1757494
DISALEXI,2019-10-01,North Coast,1,24.6345,24.0,14.0,34.0,15.0305,1823823
DISALEXI,2019-11-01,North Coast,1,13.6193,12.0,6.0,19.0,10.0289,1816210
DISALEXI,2019-12-01,North Coast,1,9.8994,9.0,6.0,13.0,5.0559,1559286
DISALEXI,2020-01-01,North Coast,1,11.6453,10.0,6.0,17.0,7.4627,1555194
DISALEXI,2020-02-01,North Coast,1,27.6985,26.0,15.0,39.0,16.1449,1782365
DISALEXI,2020-03-01,North Coast,1,36.2104,34.0,22.0,49.0,19.2913,1796955
DISALEXI,2020-04-01,North Coast,1,58.8408,59.0,39.0,76.0,27.8413,1813465
DISALEXI,2020-05-01,North Coast,1,80.3739,83.0,56.0,108.0,37.7989,1818175
DISALEXI,2020-06-01,North Coast,1,87.7666,89.0,57.0,119.0,44.0608,1820012
DISALEXI,2020-07-01,North Coast,1,85.0983,85.0,44.4976,126.0,51.1109,1820036
DISALEXI,2020-08-01,North Coast,1,68.1212,68.0,31.0,102.0,43.9688,1819134
DISALEXI,2020-09-01,North Coast,1,48.964,48.0,18.0,76.0,33.7001,1819761
DISALEXI,2020-10-01,North Coast,1,23.5724,22.0,8.0,36.0,17.2609,1819788
DISALEXI,2020-11-01,North Coast,1,14.0325,13.0,8.0,19.0,8.1453,1817912
DISALEXI,2020-12-01,North Coast,1,12.8379,12.0,8.0,17.0,6.3445,1813392
DISALEXI,2021-01-01,North Coast,1,14.603,14.0,9.0,20.0,7.5887,1755710
DISALEXI,2021-02-01,North Coast,1,23.0648,21.0,15.0,30.0,12.5267,1816508
DISALEXI,2021-03-01,North Coast,1,42.4019,39.0,26.0,59.0,21.8416,1819267
DISALEXI,2021-04-01,North Coast,1,60.874,61.0,40.0,80.0,28.659,1824683
DISALEXI,2021-05-01,North Coast,1,76.0657,74.0,42.0,109.0,43.0363,1824420
DISALEXI,2021-06-01,North Coast,1,74.4642,75.0,38.0,108.0,45.5035,1793560
DISALEXI,2021-07-01,North Coast,1,74.4065,73.0,27.0,114.5027,52.0703,1782143
DISALEXI,2021-08-01,North Coast,1,65.3351,63.0,25.0,102.0,44.6476,1822286
DISALEXI,2021-09-01,North Coast,1,39.144,38.0,17.0,59.0,25.6148,1824343
DISALEXI,2021-10-01,North Coast,1,17.0775,16.0,7.0,25.0,11.4567,1818111
DISALEXI,2021-11-01,North Coast,1,15.9594,14.0,9.0,22.0,9.3423,1820511
DISALEXI,2021-12-01,North Coast,1,10.8304,10.0,6.0,15.0,6.4685,1759708
DISALEXI,2022-01-01,North Coast,1,18.0336,18.0,11.0,24.0,9.8557,1813929
DISALEXI,2022-02-01,North Coast,1,24.7589,23.0,13.0,35.0,15.1104,1819070
DISALEXI,2022-03-01,North Coast,1,37.8218,36.0,20.0,52.0,22.0782,1822186
DISALEXI,2022-04-01,North Coast,1,57.7289,57.0,37.0,75.0,27.7134,1823780
DISALEXI,2022-05-01,North Coast,1,76.0736,79.0,49.0,102.0,36.1705,1820852
DISALEXI,2022-06-01,North Coast,1,78.8749,78.4955,43.0,110.0,47.5875,1824911
DISALEXI,2022-07-01,North Coast,1,68.8633,70.0,28.4956,106.0,47.2125,1824421
DISALEXI,2022-08-01,North Coast,1,55.9973,53.0,15.0,91.0,43.3166,1824862
DISALEXI,2022-09-01,North Coast,1,38.0005,34.0,11.0,60.0,29.6578,1824915
DISALEXI,2022-10-01,North Coast,1,24.6933,24.0,8.0,38.0,17.9709,1824913
DISALEXI,2022-11-01,North Coast,1,14.0401,13.0,7.0,20.0,8.6808,1687052
DISALEXI,2022-12-01,North Coast,1,9.5556,8.0,4.0,14.0,7.9906,1437820
DISALEXI,2023-01-01,North Coast,1,17.1687,17.0,13.0,21.0,6.6663,1530580
DISALEXI,2023-02-01,North Coast,1,23.7861,24.0,17.0,31.0,9.8463,1699144
DISALEXI,2023-03-01,North Coast,1,38.8696,38.0,28.0,50.0,15.0502,1635516
DISALEXI,2023-04-01,North Coast,1,65.0882,64.0,39.0,87.0,33.2049,1805012
DISALEXI,2023-05-01,North Coast,1,97.2508,100.0,67.0,130.0,41.9612,1815585
DISALEXI,2023-06-01,North Coast,1,101.4377,102.0,72.0,130.4984,42.7272,1824179
DISALEXI,2023-07-01,North Coast,1,95.9461,96.0,53.0,136.4969,57.328,1824137
DISALEXI,2023-08-01,North Coast,1,64.0241,64.0,30.0,95.0,40.0787,1824119
DISALEXI,2023-09-01,North Coast,1,38.0437,38.0,18.0,56.0,23.6847,1817108
DISALEXI,2023-10-01,North Coast,1,23.7287,24.0,12.0,34.0,14.6385,1824808
DISALEXI,2023-11-01,North Coast,1,13.9479,13.0,8.0,19.0,8.1008,1824234
DISALEXI,2023-12-01,North Coast,1,9.0553,8.0,5.0,12.0,5.2959,1809865
DISALEXI,2024-01-01,North Coast,1,10.1301,10.0,7.0,13.0,5.1211,1550232
DISALEXI,2024-02-01,North Coast,1,22.7712,22.0,17.0,29.0,8.6323,1787706
DISALEXI,2024-03-01,North Coast,1,44.3962,44.0,32.0,58.0,18.3419,1759347
DISALEXI,2024-04-01,North Coast,1,74.9244,76.0,54.0,94.0,28.4201,1785692
DISALEXI,2024-05-01,North Coast,1,107.498,110.0,80.0,137.0,39.3523,1823845
DISALEXI,2024-06-01,North Coast,1,106.0486,108.0,76.509,138.4936,45.4833,1824501
DISALEXI,2024-07-01,North Coast,1,97.2763,98.5036,62.0,134.5021,50.677,1824603
DISALEXI,2024-08-01,North Coast,1,65.8882,66.0,36.0,94.0,38.4348,1824808
DISALEXI,2024-09-01,North Coast,1,42.1423,42.0,18.0,63.0,28.2452,1820038
DISALEXI,2024-10-01,North Coast,1,25.0968,25.0,12.0,37.0,15.9368,1819951
DISALEXI,2024-11-01,North Coast,1,13.6487,13.0,9.0,17.0,6.7983,1817216
DISALEXI,2024-12-01,North Coast,1,13.3751,12.0,9.0,17.0,6.1975,1628134
DISALEXI,2025-01-01,North Coast,1,20.47,19.0,14.0,27.0,9.3752,1791015
DISALEXI,2025-02-01,North Coast,1,20.6078,20.0,14.0,27.0,9.0404,1791293
DISALEXI,2025-03-01,North Coast,1,41.9451,39.0,30.0,53.0,16.0141,1762517
DISALEXI,2025-04-01,North Coast,1,75.5378,77.0,57.0,93.0,29.0084,1770537
DISALEXI,2025-05-01,North Coast,1,104.6989,106.0,73.0,137.0,42.2125,1813832
DISALEXI,2025-06-01,North Coast,1,108.7642,110.0,76.5092,141.0,46.8628,1818310
DISALEXI,2025-07-01,North Coast,1,100.3272,99.0,63.0,138.0,49.0513,1819800
DISALEXI,2025-08-01,North Coast,1,70.7495,69.0,38.0,102.0,41.9249,1820019
DISALEXI,2025-09-01,North Coast,1,43.593,43.0,22.0,63.0,26.9132,1809428
DISALEXI,2025-10-01,North Coast,1,26.44,27.0,17.0,35.0,13.0216,1816143
DISALEXI,2025-11-01,North Coast,1,16.8073,16.0,11.0,22.0,8.2791,1815836
DISALEXI,2025-12-01,North Coast,1,12.5927,12.0,9.0,16.0,6.0381,1779320
DISALEXI,2003-10-01,North Lahontan,8,23.0018,18.0,4.0,38.0,20.4235,762923
DISALEXI,2003-11-01,North Lahontan,8,13.7433,13.0,7.0,19.0,8.6379,653052
DISALEXI,2003-12-01,North Lahontan,8,10.9462,10.0,7.0,14.0,5.5782,296014
DISALEXI,2004-01-01,North Lahontan,8,15.6782,16.0,10.0,21.0,8.1662,189269
DISALEXI,2004-02-01,North Lahontan,8,22.3473,22.0,15.0,29.0,10.4171,513142
DISALEXI,2004-03-01,North Lahontan,8,46.3992,44.0,30.0,60.0,23.2673,729911
DISALEXI,2004-04-01,North Lahontan,8,57.1952,55.0,29.0,83.0,34.4598,757155
DISALEXI,2004-05-01,North Lahontan,8,80.2734,83.0,41.0,117.0,45.7561,760465
DISALEXI,2004-06-01,North Lahontan,8,87.0613,90.0,41.0,127.0,52.7419,761655
DISALEXI,2004-07-01,North Lahontan,8,82.9252,86.0,29.0,127.0,56.8233,762921
DISALEXI,2004-08-01,North Lahontan,8,63.762,59.0,17.0,103.0,49.8378,762921
DISALEXI,2004-09-01,North Lahontan,8,32.2563,25.0,3.0,55.0,30.447,762995
DISALEXI,2004-10-01,North Lahontan,8,19.31,15.0,5.0,31.0,16.9452,751682
DISALEXI,2004-11-01,North Lahontan,8,16.092,16.0,11.0,21.0,7.729,728927
DISALEXI,2004-12-01,North Lahontan,8,12.0316,12.0,8.0,16.0,6.3569,495193
DISALEXI,2005-01-01,North Lahontan,8,,,,,,0
DISALEXI,2005-02-01,North Lahontan,8,28.8017,29.0,19.0,39.0,13.5873,153882
DISALEXI,2005-03-01,North Lahontan,8,36.9131,35.0,23.0,49.0,19.6701,647614
DISALEXI,2005-04-01,North Lahontan,8,54.8722,53.0,36.0,72.0,26.0012,689820
DISALEXI,2005-05-01,North Lahontan,8,78.7521,80.0,56.0,102.0,31.5856,762781
DISALEXI,2005-06-01,North Lahontan,8,99.8778,101.0,64.0,137.0,47.1482,762775
DISALEXI,2005-07-01,North Lahontan,8,99.2993,102.0,48.0,146.0,59.9261,762840
DISALEXI,2005-08-01,North Lahontan,8,76.6529,76.0,30.0,117.0,52.4703,763006
DISALEXI,2005-09-01,North Lahontan,8,39.3101,35.0,11.0,62.0,31.6004,763007
DISALEXI,2005-10-01,North Lahontan,8,20.2828,18.0,5.0,32.0,16.5969,762552
DISALEXI,2005-11-01,North Lahontan,8,10.5608,10.0,4.0,15.0,7.9454,754853
DISALEXI,2005-12-01,North Lahontan,8,10.419,10.0,6.0,14.0,6.0289,390491
DISALEXI,2006-01-01,North Lahontan,8,16.2312,16.0,12.0,20.0,5.9711,334268
DISALEXI,2006-02-01,North Lahontan,8,28.6262,28.0,20.0,36.0,12.3892,589959
DISALEXI,2006-03-01,North Lahontan,8,38.2785,37.0,27.0,48.0,16.6435,563871
DISALEXI,2006-04-01,North Lahontan,8,62.6402,60.0,47.0,76.0,23.7907,733047
DISALEXI,2006-05-01,North Lahontan,8,106.7265,109.0,76.0,137.0,42.0058,756658
DISALEXI,2006-06-01,North Lahontan,8,111.0307,113.0,73.0,150.0,50.7553,759429
DISALEXI,2006-07-01,North Lahontan,8,106.6805,112.0,62.0,151.0,58.2953,759857
DISALEXI,2006-08-01,North Lahontan,8,76.5091,79.0,33.0,115.0,49.1042,756726
DISALEXI,2006-09-01,North Lahontan,8,44.5581,41.0,14.0,71.0,34.1133,756957
DISALEXI,2006-10-01,North Lahontan,8,20.8757,19.0,6.0,32.0,16.4386,757008
DISALEXI,2006-11-01,North Lahontan,8,10.896,9.0,4.0,15.0,8.6517,748593
DISALEXI,2006-12-01,North Lahontan,8,9.3417,9.0,6.0,13.0,5.1439,702293
DISALEXI,2007-01-01,North Lahontan,8,17.1252,16.0,10.0,24.0,9.684,637805
DISALEXI,2007-02-01,North Lahontan,8,21.8698,20.0,13.0,28.0,12.4577,692771
DISALEXI,2007-03-01,North Lahontan,8,40.5051,38.0,26.0,53.0,21.1761,749911
DISALEXI,2007-04-01,North Lahontan,8,56.176,54.0,34.0,77.0,30.1122,754855
DISALEXI,2007-05-01,North Lahontan,8,88.1733,90.0,45.0,127.0,50.5813,753055
DISALEXI,2007-06-01,North Lahontan,8,84.487,86.0,37.0,125.0,54.2278,761959
DISALEXI,2007-07-01,North Lahontan,8,83.5996,82.0,31.0,129.0,58.3268,762925
DISALEXI,2007-08-01,North Lahontan,8,56.1534,46.0,11.0,92.0,48.795,762742
DISALEXI,2007-09-01,North Lahontan,8,35.7456,29.0,9.0,58.0,30.2232,760012
DISALEXI,2007-10-01,North Lahontan,8,16.4872,14.0,5.0,25.0,13.8076,755844
DISALEXI,2007-11-01,North Lahontan,8,11.5774,10.0,4.0,17.0,9.442,648216
DISALEXI,2007-12-01,North Lahontan,8,10.5604,11.0,7.0,14.0,5.9813,194485
DISALEXI,2008-01-01,North Lahontan,8,17.8052,18.0,14.0,21.0,4.9589,32858
DISALEXI,2008-02-01,North Lahontan,8,27.5219,28.0,15.0,38.0,17.4954,249459
DISALEXI,2008-03-01,North Lahontan,8,45.709,42.0,27.0,60.0,26.6869,671780
DISALEXI,2008-04-01,North Lahontan,8,52.4739,49.0,26.0,73.0,32.5568,754182
DISALEXI,2008-05-01,North Lahontan,8,64.8822,61.0,31.0,94.0,41.1912,758498
DISALEXI,2008-06-01,North Lahontan,8,85.3813,85.0,36.0,128.0,57.0107,763005
DISALEXI,2008-07-01,North Lahontan,8,88.2012,88.0,32.0,136.0,61.5253,763025
DISALEXI,2008-08-01,North Lahontan,8,64.2195,56.0,12.0,106.0,54.4515,763054
DISALEXI,2008-09-01,North Lahontan,8,33.3158,22.0,2.0,55.0,35.2278,763066
DISALEXI,2008-10-01,North Lahontan,8,15.2863,10.0,2.0,25.0,15.7055,762263
DISALEXI,2008-11-01,North Lahontan,8,10.9902,10.0,4.0,16.0,8.4043,761254
DISALEXI,2008-12-01,North Lahontan,8,9.5572,9.0,4.0,14.0,6.8422,705885
DISALEXI,2009-01-01,North Lahontan,8,16.8262,17.0,11.0,22.0,8.6053,551754
DISALEXI,2009-02-01,North Lahontan,8,23.2411,23.0,15.0,31.0,11.7375,602837
DISALEXI,2009-03-01,North Lahontan,8,37.5679,36.0,24.0,49.0,19.4045,747300
DISALEXI,2009-04-01,North Lahontan,8,51.6622,46.0,25.0,74.0,33.8383,756593
DISALEXI,2009-05-01,North Lahontan,8,74.7279,76.0,38.0,109.0,43.1101,760593
DISALEXI,2009-06-01,North Lahontan,8,78.9639,78.0,40.0,114.0,47.8515,762351
DISALEXI,2009-07-01,North Lahontan,8,91.5217,94.0,30.0,141.0,64.6111,763072
DISALEXI,2009-08-01,North Lahontan,8,67.2571,64.0,15.0,111.0,52.901,763136
DISALEXI,2009-09-01,North Lahontan,8,35.0313,26.0,3.0,59.0,34.0958,763140
DISALEXI,2009-10-01,North Lahontan,8,15.2373,12.0,4.0,24.0,13.3311,763178
DISALEXI,2009-11-01,North Lahontan,8,13.1987,13.0,7.0,19.0,8.4891,763170
DISALEXI,2009-12-01,North Lahontan,8,12.5765,13.0,9.0,16.0,5.4967,515483
DISALEXI,2010-01-01,North Lahontan,8,13.4233,13.0,10.0,17.0,5.0792,109733
DISALEXI,2010-02-01,North Lahontan,8,22.9844,22.0,15.0,30.0,10.6489,632152
DISALEXI,2010-03-01,North Lahontan,8,34.3322,32.0,22.0,45.0,17.48,660209
DISALEXI,2010-04-01,North Lahontan,8,42.5435,40.0,24.0,58.0,24.4346,754026
DISALEXI,2010-05-01,North Lahontan,8,65.9518,64.0,35.0,94.0,39.3107,755425
DISALEXI,2010-06-01,North Lahontan,8,79.0667,82.0,35.0,119.0,49.8854,760477
DISALEXI,2010-07-01,North Lahontan,8,85.4093,88.0,29.0,131.0,59.6789,763112
DISALEXI,2010-08-01,North Lahontan,8,62.7604,58.0,14.0,102.0,50.4827,763206
DISALEXI,2010-09-01,North Lahontan,8,36.3833,28.0,4.0,61.0,34.7363,763211
DISALEXI,2010-10-01,North Lahontan,8,21.4765,20.0,9.0,32.0,15.0815,762879
DISALEXI,2010-11-01,North Lahontan,8,14.8901,14.0,8.0,20.0,8.7833,569593
DISALEXI,2010-12-01,North Lahontan,8,9.547,9.0,6.0,12.0,4.7914,454128
DISALEXI,2011-01-01,North Lahontan,8,20.274,20.0,14.0,26.0,8.8382,605729
DISALEXI,2011-02-01,North Lahontan,8,23.2206,22.0,12.0,33.0,14.5418,648403
DISALEXI,2011-03-01,North Lahontan,8,29.6128,28.0,19.0,39.0,14.4578,573912
DISALEXI,2011-04-01,North Lahontan,8,59.0577,58.0,41.0,75.0,25.5131,726021
DISALEXI,2011-05-01,North Lahontan,8,83.4288,83.0,59.0,109.0,33.9275,751467
DISALEXI,2011-06-01,North Lahontan,8,101.3638,104.0,72.0,131.0,38.847,760874
DISALEXI,2011-07-01,North Lahontan,8,112.5788,119.0,68.0,156.0,57.4076,760510
DISALEXI,2011-08-01,North Lahontan,8,80.4397,85.0,36.0,120.0,50.4894,760908
DISALEXI,2011-09-01,North Lahontan,8,48.5765,49.0,19.0,74.0,32.9779,761124
DISALEXI,2011-10-01,North Lahontan,8,26.7648,26.0,14.0,38.0,16.5579,758632
DISALEXI,2011-11-01,North Lahontan,8,10.5378,8.0,3.0,16.0,9.4997,741199
DISALEXI,2011-12-01,North Lahontan,8,7.592,6.0,1.0,12.0,7.2347,667306
DISALEXI,2012-01-01,North Lahontan,8,9.4625,8.0,3.0,14.0,7.8888,586749
DISALEXI,2012-02-01,North Lahontan,8,25.0399,24.0,16.0,34.0,13.4078,487021
DISALEXI,2012-03-01,North Lahontan,8,32.63,31.0,21.0,43.0,16.1864,513024
DISALEXI,2012-04-01,North Lahontan,8,52.2227,49.0,30.0,71.0,28.9004,604126
DISALEXI,2012-05-01,North Lahontan,8,85.8659,85.0,46.0,123.0,48.6371,731893
DISALEXI,2012-06-01,North Lahontan,8,91.1775,95.0,37.0,139.0,59.578,752403
DISALEXI,2012-07-01,North Lahontan,8,77.2696,74.0,24.0,122.0,58.0396,760807
DISALEXI,2012-08-01,North Lahontan,8,64.6742,51.0,11.0,108.0,58.6466,761691
DISALEXI,2012-09-01,North Lahontan,8,35.5785,25.0,2.0,61.0,35.7532,757686
DISALEXI,2012-10-01,North Lahontan,8,22.0132,15.0,3.0,37.0,21.7099,745804
DISALEXI,2012-11-01,North Lahontan,8,14.4166,13.0,7.0,20.0,9.8633,637165
DISALEXI,2012-12-01,North Lahontan,8,12.0889,12.0,9.0,15.0,4.9465,288487
DISALEXI,2013-01-01,North Lahontan,8,22.8589,23.0,17.0,29.0,8.85,78315
DISALEXI,2013-02-01,North Lahontan,8,31.8645,32.0,22.0,42.0,14.8079,214358
DISALEXI,2013-03-01,North Lahontan,8,38.1869,37.0,25.0,49.0,19.0818,556750
DISALEXI,2013-04-01,North Lahontan,8,49.9418,48.0,30.0,67.0,26.3451,759823
DISALEXI,2013-05-01,North Lahontan,8,76.5769,77.0,44.0,107.0,39.6032,763182
DISALEXI,2013-06-01,North Lahontan,8,86.4261,89.0,42.0,128.0,50.9965,763206
DISALEXI,2013-07-01,North Lahontan,8,77.0339,75.0,23.0,123.0,56.6724,763210
DISALEXI,2013-08-01,North Lahontan,8,51.7784,44.0,10.0,87.0,43.6117,763211
DISALEXI,2013-09-01,North Lahontan,8,36.7864,30.0,8.0,62.0,30.8609,763211
DISALEXI,2013-10-01,North Lahontan,8,17.2707,14.0,3.0,28.0,16.057,763210
DISALEXI,2013-11-01,North Lahontan,8,9.9005,8.0,3.0,15.0,8.4644,759754
DISALEXI,2013-12-01,North Lahontan,8,11.159,11.0,6.0,15.0,6.9625,721188
DISALEXI,2014-01-01,North Lahontan,8,9.9489,8.0,4.0,15.0,7.8464,755059
DISALEXI,2014-02-01,North Lahontan,8,18.3313,17.0,10.0,25.0,11.2065,756373
DISALEXI,2014-03-01,North Lahontan,8,31.0469,29.0,18.0,41.0,17.5977,760508
DISALEXI,2014-04-01,North Lahontan,8,51.3333,48.0,28.0,71.0,30.3207,762631
DISALEXI,2014-05-01,North Lahontan,8,67.7392,66.0,29.0,102.0,44.2368,763147
DISALEXI,2014-06-01,North Lahontan,8,74.4844,74.0,22.0,118.0,54.7006,763175
DISALEXI,2014-07-01,North Lahontan,8,83.4547,77.0,25.0,135.0,62.6471,763211
DISALEXI,2014-08-01,North Lahontan,8,49.6004,43.0,11.0,83.0,40.8966,763211
DISALEXI,2014-09-01,North Lahontan,8,30.3605,21.0,3.0,53.0,30.1055,763211
DISALEXI,2014-10-01,North Lahontan,8,19.0745,14.0,4.0,31.0,17.3559,763210
DISALEXI,2014-11-01,North Lahontan,8,10.7603,9.0,4.0,16.0,8.6858,755968
DISALEXI,2014-12-01,North Lahontan,8,7.5476,7.0,4.0,10.0,5.0046,669843
DISALEXI,2015-01-01,North Lahontan,8,13.8298,13.0,6.0,20.0,9.5718,709585
DISALEXI,2015-02-01,North Lahontan,8,18.2736,17.0,10.0,25.0,11.7522,755249
DISALEXI,2015-03-01,North Lahontan,8,28.1085,25.0,13.0,40.0,19.2755,760865
DISALEXI,2015-04-01,North Lahontan,8,37.909,33.0,16.0,56.0,27.6008,763204
DISALEXI,2015-05-01,North Lahontan,8,59.6049,57.0,31.0,84.0,35.2985,763048
DISALEXI,2015-06-01,North Lahontan,8,77.5472,76.0,34.0,115.0,49.2259,763052
DISALEXI,2015-07-01,North Lahontan,8,49.7718,43.0,10.0,82.0,41.8494,763195
DISALEXI,2015-08-01,North Lahontan,8,31.3117,18.0,0.0,57.0,33.8754,763211
DISALEXI,2015-09-01,North Lahontan,8,22.5185,13.0,1.0,40.0,24.5737,763207
DISALEXI,2015-10-01,North Lahontan,8,23.9376,20.0,7.0,38.0,19.6768,744038
DISALEXI,2015-11-01,North Lahontan,8,15.5306,15.0,7.0,22.0,10.7378,723136
DISALEXI,2015-12-01,North Lahontan,8,10.8085,11.0,7.0,15.0,6.133,441020
DISALEXI,2016-01-01,North Lahontan,8,13.1459,13.0,9.0,17.0,6.234,377857
DISALEXI,2016-02-01,North Lahontan,8,28.4521,28.0,21.0,35.0,11.1972,723779
DISALEXI,2016-03-01,North Lahontan,8,36.618,36.0,28.0,44.0,14.6399,753165
DISALEXI,2016-04-01,North Lahontan,8,59.2484,58.0,41.0,76.0,25.6395,757144
DISALEXI,2016-05-01,North Lahontan,8,81.9778,84.0,59.0,105.0,30.693,760012
DISALEXI,2016-06-01,North Lahontan,8,92.7818,95.0,59.0,127.0,45.6336,760324
DISALEXI,2016-07-01,North Lahontan,8,78.245,82.0,33.0,118.0,50.9255,760566
DISALEXI,2016-08-01,North Lahontan,8,56.7538,51.0,13.0,92.0,46.5417,760963
DISALEXI,2016-09-01,North Lahontan,8,26.1747,20.0,4.0,44.0,24.4708,761303
DISALEXI,2016-10-01,North Lahontan,8,19.2798,17.0,8.0,29.0,14.1118,761484
DISALEXI,2016-11-01,North Lahontan,8,15.7358,15.0,10.0,21.0,8.0105,754908
DISALEXI,2016-12-01,North Lahontan,8,11.9911,12.0,8.0,15.0,5.7265,620127
DISALEXI,2017-01-01,North Lahontan,8,15.7176,16.0,11.0,20.0,6.4479,459206
DISALEXI,2017-02-01,North Lahontan,8,24.7629,25.0,19.0,31.0,8.9363,361272
DISALEXI,2017-03-01,North Lahontan,8,46.3353,45.0,35.0,56.0,16.6776,595832
DISALEXI,2017-04-01,North Lahontan,8,64.3465,63.0,49.0,77.0,22.223,693476
DISALEXI,2017-05-01,North Lahontan,8,97.0619,98.0,68.0,125.0,40.3537,760852
DISALEXI,2017-06-01,North Lahontan,8,103.7565,108.0,70.0,138.0,46.7587,761938
DISALEXI,2017-07-01,North Lahontan,8,96.8022,103.0,55.0,137.0,52.9185,761207
DISALEXI,2017-08-01,North Lahontan,8,79.6259,84.0,42.0,113.0,44.2995,760066
DISALEXI,2017-09-01,North Lahontan,8,48.9898,49.0,21.0,74.0,32.053,756410
DISALEXI,2017-10-01,North Lahontan,8,25.0413,24.0,11.0,36.0,17.3662,756622
DISALEXI,2017-11-01,North Lahontan,8,13.5966,13.0,9.0,17.0,7.7154,749751
DISALEXI,2017-12-01,North Lahontan,8,14.6062,15.0,10.0,18.0,6.4418,715472
DISALEXI,2018-01-01,North Lahontan,8,13.491,13.0,9.0,18.0,6.8198,707965
DISALEXI,2018-02-01,North Lahontan,8,23.8897,22.0,13.0,32.0,14.5341,696595
DISALEXI,2018-03-01,North Lahontan,8,40.6211,39.0,27.0,52.0,18.6964,624058
DISALEXI,2018-04-01,North Lahontan,8,61.2434,61.0,45.0,76.0,22.6335,745483
DISALEXI,2018-05-01,North Lahontan,8,82.2237,82.0,58.0,105.0,33.6542,751137
DISALEXI,2018-06-01,North Lahontan,8,93.2541,95.0,64.0,122.0,40.6904,761289
DISALEXI,2018-07-01,North Lahontan,8,87.382,92.0,46.0,126.0,50.3742,762841
DISALEXI,2018-08-01,North Lahontan,8,63.1039,61.0,22.0,98.0,45.8389,762846
DISALEXI,2018-09-01,North Lahontan,8,36.91,32.0,9.0,59.0,30.0562,763211
DISALEXI,2018-10-01,North Lahontan,8,14.4694,12.0,3.0,22.0,12.6846,763204
DISALEXI,2018-11-01,North Lahontan,8,7.2492,5.0,2.0,11.0,7.11,751747
DISALEXI,2018-12-01,North Lahontan,8,10.7374,10.0,7.0,14.0,5.9233,525698
DISALEXI,2019-01-01,North Lahontan,8,15.3228,15.0,10.0,20.0,7.6969,373493
DISALEXI,2019-02-01,North Lahontan,8,23.8263,23.0,17.0,30.0,9.0316,368267
DISALEXI,2019-03-01,North Lahontan,8,43.7743,42.0,32.0,54.0,15.7582,577751
DISALEXI,2019-04-01,North Lahontan,8,58.437,57.0,42.0,73.0,23.5977,750965
DISALEXI,2019-05-01,North Lahontan,8,78.4208,80.0,52.0,103.0,35.1654,748402
DISALEXI,2019-06-01,North Lahontan,8,103.7068,107.0,71.0,138.0,46.5164,758600
DISALEXI,2019-07-01,North Lahontan,8,97.7996,104.0,59.0,136.0,52.4554,761289
DISALEXI,2019-08-01,North Lahontan,8,75.3636,78.0,37.0,110.0,46.349,760746
DISALEXI,2019-09-01,North Lahontan,8,36.9659,36.0,18.0,54.0,22.0885,760830
DISALEXI,2019-10-01,North Lahontan,8,19.8383,18.0,7.0,29.0,15.2598,757563
DISALEXI,2019-11-01,North Lahontan,8,10.4138,8.0,2.0,16.0,10.1956,745434
DISALEXI,2019-12-01,North Lahontan,8,8.5877,8.0,5.0,12.0,5.4674,670710
DISALEXI,2020-01-01,North Lahontan,8,11.8968,11.0,7.0,16.0,7.2264,685236
DISALEXI,2020-02-01,North Lahontan,8,21.3407,19.0,10.0,28.0,14.8148,728836
DISALEXI,2020-03-01,North Lahontan,8,27.0905,24.0,15.0,35.0,16.6611,745456
DISALEXI,2020-04-01,North Lahontan,8,54.3622,52.0,36.0,71.0,25.3776,750584
DISALEXI,2020-05-01,North Lahontan,8,79.9025,83.0,45.0,113.0,43.4506,762596
DISALEXI,2020-06-01,North Lahontan,8,92.3552,96.0,46.0,136.0,54.7341,760472
DISALEXI,2020-07-01,North Lahontan,8,69.1091,69.0,20.0,111.0,51.1023,760290
DISALEXI,2020-08-01,North Lahontan,8,60.0021,56.0,16.0,98.0,46.1581,760291
DISALEXI,2020-09-01,North Lahontan,8,34.281,28.0,6.0,57.0,30.2715,760289
DISALEXI,2020-10-01,North Lahontan,8,17.592,13.0,2.0,29.0,17.1068,760284
DISALEXI,2020-11-01,North Lahontan,8,11.4075,11.0,6.0,16.0,7.0917,754305
DISALEXI,2020-12-01,North Lahontan,8,11.8499,12.0,7.0,16.0,6.3385,744127
DISALEXI,2021-01-01,North Lahontan,8,16.0054,16.0,11.0,21.0,6.9243,730397
DISALEXI,2021-02-01,North Lahontan,8,23.358,22.0,15.0,31.0,12.3372,663287
DISALEXI,2021-03-01,North Lahontan,8,30.1339,28.0,18.0,39.0,17.6537,731524
DISALEXI,2021-04-01,North Lahontan,8,40.6947,37.0,18.0,60.0,28.2304,758425
DISALEXI,2021-05-01,North Lahontan,8,61.6881,58.0,22.0,96.0,43.9836,762951
DISALEXI,2021-06-01,North Lahontan,8,66.4762,63.0,15.0,110.0,52.0379,763211
DISALEXI,2021-07-01,North Lahontan,8,54.0138,44.0,4.0,93.0,50.2846,763211
DISALEXI,2021-08-01,North Lahontan,8,49.0908,32.0,5.0,85.0,49.3809,763211
DISALEXI,2021-09-01,North Lahontan,8,26.539,14.0,1.0,48.0,28.7557,763210
DISALEXI,2021-10-01,North Lahontan,8,11.4763,8.0,2.0,19.0,10.9189,763210
DISALEXI,2021-11-01,North Lahontan,8,11.5318,11.0,6.0,16.0,7.4398,763061
DISALEXI,2021-12-01,North Lahontan,8,9.2487,9.0,5.0,13.0,6.0879,756824
DISALEXI,2022-01-01,North Lahontan,8,17.2764,17.0,11.0,23.0,8.8612,511346
DISALEXI,2022-02-01,North Lahontan,8,24.663,21.0,12.0,33.0,18.4982,603535
DISALEXI,2022-03-01,North Lahontan,8,33.9,32.0,20.0,45.0,19.6335,755573
DISALEXI,2022-04-01,North Lahontan,8,45.8712,44.0,26.0,63.0,25.8711,760292
DISALEXI,2022-05-01,North Lahontan,8,68.5371,68.0,35.0,99.0,39.6921,760459
DISALEXI,2022-06-01,North Lahontan,8,73.717,74.0,30.0,111.0,48.9031,760961
DISALEXI,2022-07-01,North Lahontan,8,58.9124,56.0,9.0,98.0,48.7569,763211
DISALEXI,2022-08-01,North Lahontan,8,46.1756,39.0,5.0,80.0,41.2147,763211
DISALEXI,2022-09-01,North Lahontan,8,35.1111,28.0,5.0,60.0,31.0603,763211
DISALEXI,2022-10-01,North Lahontan,8,14.1388,9.0,1.0,24.0,14.9391,763198
DISALEXI,2022-11-01,North Lahontan,8,7.418,6.0,0.0,12.0,7.0375,752326
DISALEXI,2022-12-01,North Lahontan,8,7.5405,6.0,1.0,12.0,6.8342,274338
DISALEXI,2023-01-01,North Lahontan,8,17.4004,18.0,14.0,21.0,5.016,177344
DISALEXI,2023-02-01,North Lahontan,8,28.249,28.0,23.0,33.0,7.8142,384037
DISALEXI,2023-03-01,North Lahontan,8,39.7876,39.0,31.0,48.0,13.7508,440946
DISALEXI,2023-04-01,North Lahontan,8,59.0009,54.0,36.0,79.0,30.8767,667357
DISALEXI,2023-05-01,North Lahontan,8,86.7002,89.0,58.0,115.0,39.3036,756967
DISALEXI,2023-06-01,North Lahontan,8,103.4605,106.0,73.0,138.0,46.2832,760034
DISALEXI,2023-07-01,North Lahontan,8,98.3398,103.0,54.0,140.0,56.1996,760285
DISALEXI,2023-08-01,North Lahontan,8,64.6671,68.0,32.0,95.0,38.4618,760549
DISALEXI,2023-09-01,North Lahontan,8,42.8742,44.0,24.0,61.0,23.8065,760524
DISALEXI,2023-10-01,North Lahontan,8,25.2296,25.0,12.0,37.0,15.8053,760595
DISALEXI,2023-11-01,North Lahontan,8,11.4183,10.0,5.0,16.0,7.8563,753908
DISALEXI,2023-12-01,North Lahontan,8,9.014,9.0,6.0,12.0,5.0706,698705
DISALEXI,2024-01-01,North Lahontan,8,12.2281,11.0,9.0,15.0,5.3633,489115
DISALEXI,2024-02-01,North Lahontan,8,24.685,24.0,19.0,30.0,8.3477,632760
DISALEXI,2024-03-01,North Lahontan,8,44.7222,43.0,34.0,54.0,15.3096,700620
DISALEXI,2024-04-01,North Lahontan,8,64.0001,63.0,46.0,81.0,26.8253,750880
DISALEXI,2024-05-01,North Lahontan,8,93.2401,92.0,59.0,124.0,45.202,757757
DISALEXI,2024-06-01,North Lahontan,8,88.5513,91.0,49.0,126.0,49.4224,757895
DISALEXI,2024-07-01,North Lahontan,8,78.2076,77.0,29.0,122.0,53.9846,760220
DISALEXI,2024-08-01,North Lahontan,8,47.1772,40.0,8.0,78.0,41.0886,760153
DISALEXI,2024-09-01,North Lahontan,8,32.4283,25.0,4.0,54.0,30.2699,758071
DISALEXI,2024-10-01,North Lahontan,8,18.9891,14.0,3.0,32.0,17.6638,758894
DISALEXI,2024-11-01,North Lahontan,8,10.1692,9.0,5.0,14.0,6.5663,755348
DISALEXI,2024-12-01,North Lahontan,8,10.6083,10.0,7.0,14.0,4.9188,745632
DISALEXI,2025-01-01,North Lahontan,8,13.74,13.0,8.0,18.0,7.2178,742085
DISALEXI,2025-02-01,North Lahontan,8,22.7869,23.0,17.0,28.0,8.2326,737039
DISALEXI,2025-03-01,North Lahontan,8,35.4166,33.0,23.0,46.0,17.4424,732650
DISALEXI,2025-04-01,North Lahontan,8,57.0772,55.0,35.0,75.0,29.2731,747710
DISALEXI,2025-05-01,North Lahontan,8,98.5491,99.0,66.0,129.0,43.7719,713171
DISALEXI,2025-06-01,North Lahontan,8,103.1678,105.0,62.0,143.0,53.913,710754
DISALEXI,2025-07-01,North Lahontan,8,82.1278,84.0,42.0,120.0,49.0472,758074
DISALEXI,2025-08-01,North Lahontan,8,60.5319,58.0,22.0,92.0,42.9578,759926
DISALEXI,2025-09-01,North Lahontan,8,41.6641,38.0,15.0,64.0,30.8026,757404
DISALEXI,2025-10-01,North Lahontan,8,21.3541,18.0,6.0,31.0,18.6045,751855
DISALEXI,2025-11-01,North Lahontan,8,11.1691,9.0,5.0,16.0,8.2285,755311
DISALEXI,2025-12-01,North Lahontan,8,10.4409,10.0,6.0,14.0,5.7063,754017
DISALEXI,2003-10-01,Sacramento River,5,37.8994,36.0,16.0,58.0,24.7769,9966446
DISALEXI,2003-11-01,Sacramento River,5,16.8571,16.0,10.0,22.0,8.7291,8723914
DISALEXI,2003-12-01,Sacramento River,5,12.2801,12.0,10.0,15.0,4.1628,3240645
DISALEXI,2004-01-01,Sacramento River,5,19.3401,20.0,16.0,23.0,6.1883,3148531
DISALEXI,2004-02-01,Sacramento River,5,30.768,31.0,27.0,36.0,7.2141,9388104
DISALEXI,2004-03-01,Sacramento River,5,71.6848,71.0,58.0,86.0,20.1818,9799434
DISALEXI,2004-04-01,Sacramento River,5,77.189,75.0,54.0,100.0,30.4162,9952653
DISALEXI,2004-05-01,Sacramento River,5,108.2993,110.5021,72.4984,146.4975,46.2406,9962886
DISALEXI,2004-06-01,Sacramento River,5,145.3092,148.4982,90.4991,208.5095,67.9864,9966810
DISALEXI,2004-07-01,Sacramento River,5,140.2427,148.5015,80.5021,206.5072,72.0303,9967334
DISALEXI,2004-08-01,Sacramento River,5,110.3664,118.0,56.0,167.0,61.6236,9971192
DISALEXI,2004-09-01,Sacramento River,5,67.2387,71.0,29.0,102.0,41.4586,9967846
DISALEXI,2004-10-01,Sacramento River,5,38.8504,37.0,24.0,53.0,19.5288,9968194
DISALEXI,2004-11-01,Sacramento River,5,25.6683,25.0,19.0,32.0,9.7612,9761576
DISALEXI,2004-12-01,Sacramento River,5,18.1501,18.0,14.0,22.0,7.0499,9152842
DISALEXI,2005-01-01,Sacramento River,5,25.2245,25.0,21.0,29.0,6.7012,8243804
DISALEXI,2005-02-01,Sacramento River,5,35.4725,36.0,31.0,41.0,8.2159,8856204
DISALEXI,2005-03-01,Sacramento River,5,64.9649,67.0,56.0,76.0,15.703,9856965
DISALEXI,2005-04-01,Sacramento River,5,81.3851,80.0,63.0,100.0,24.5443,9922965
DISALEXI,2005-05-01,Sacramento River,5,100.1416,101.0,79.0,121.0,28.372,9957151
DISALEXI,2005-06-01,Sacramento River,5,122.6694,123.0,85.0,164.0,47.6128,9967627
DISALEXI,2005-07-01,Sacramento River,5,153.9531,156.4993,98.4977,214.5059,66.8066,9968017
DISALEXI,2005-08-01,Sacramento River,5,115.9978,121.0,62.0,171.0,60.7685,9971099
DISALEXI,2005-09-01,Sacramento River,5,69.2129,73.0,34.0,102.0,38.6655,9967661
DISALEXI,2005-10-01,Sacramento River,5,36.0546,35.0,19.0,52.0,20.7382,9936232
DISALEXI,2005-11-01,Sacramento River,5,17.5226,16.0,10.0,24.0,10.0967,9603537
DISALEXI,2005-12-01,Sacramento River,5,11.8948,11.0,8.0,15.0,5.5458,8412608
DISALEXI,2006-01-01,Sacramento River,5,19.2099,19.0,15.0,23.0,6.2943,8539002
DISALEXI,2006-02-01,Sacramento River,5,33.8372,34.0,27.0,41.0,10.1322,9848577
DISALEXI,2006-03-01,Sacramento River,5,40.2273,41.0,33.0,48.0,11.4115,9632089
DISALEXI,2006-04-01,Sacramento River,5,72.5384,73.0,62.0,84.0,16.8434,9717438
DISALEXI,2006-05-01,Sacramento River,5,113.8713,114.4999,88.5045,140.496,37.4555,9947302
DISALEXI,2006-06-01,Sacramento River,5,133.8617,136.4989,90.5016,180.5005,53.7442,9970117
DISALEXI,2006-07-01,Sacramento River,5,153.856,160.5011,98.498,214.5043,67.8368,9967965
DISALEXI,2006-08-01,Sacramento River,5,118.4958,123.0,69.0,171.0,59.889,9967345
DISALEXI,2006-09-01,Sacramento River,5,73.281,78.0,37.0,108.0,40.5314,9967431
DISALEXI,2006-10-01,Sacramento River,5,35.6938,35.0,17.0,52.0,21.7487,9970448
DISALEXI,2006-11-01,Sacramento River,5,15.3786,15.0,10.0,20.0,7.9012,9872495
DISALEXI,2006-12-01,Sacramento River,5,12.3785,12.0,8.0,15.0,6.3985,9098436
DISALEXI,2007-01-01,Sacramento River,5,21.6501,20.0,14.0,27.0,11.3402,9238479
DISALEXI,2007-02-01,Sacramento River,5,25.8938,26.0,20.0,32.0,8.8718,9742267
DISALEXI,2007-03-01,Sacramento River,5,64.4462,64.0,49.0,80.0,21.1336,9953303
DISALEXI,2007-04-01,Sacramento River,5,77.8443,74.0,57.0,97.0,28.5548,9963401
DISALEXI,2007-05-01,Sacramento River,5,117.637,122.5,80.502,156.4982,48.2338,9972125
DISALEXI,2007-06-01,Sacramento River,5,132.5871,137.0,78.5003,192.5049,67.3516,9967752
DISALEXI,2007-07-01,Sacramento River,5,135.1176,142.5005,72.4995,200.5065,73.0201,9967668
DISALEXI,2007-08-01,Sacramento River,5,104.6995,110.5008,44.5007,162.5008,64.9282,9972436
DISALEXI,2007-09-01,Sacramento River,5,68.2248,73.0,33.0,102.0,38.7398,9959092
DISALEXI,2007-10-01,Sacramento River,5,30.8124,31.0,18.0,43.0,17.0848,9778280
DISALEXI,2007-11-01,Sacramento River,5,20.4928,19.0,10.0,29.0,13.1965,8905399
DISALEXI,2007-12-01,Sacramento River,5,14.9996,15.0,12.0,18.0,5.4998,5445012
DISALEXI,2008-01-01,Sacramento River,5,16.3165,16.0,13.0,20.0,5.4155,5847275
DISALEXI,2008-02-01,Sacramento River,5,37.6826,38.0,30.0,45.0,11.3316,8643477
DISALEXI,2008-03-01,Sacramento River,5,59.7508,58.0,45.0,74.0,20.4242,9872382
DISALEXI,2008-04-01,Sacramento River,5,72.9618,69.0,48.0,96.0,32.9682,9948119
DISALEXI,2008-05-01,Sacramento River,5,108.214,109.0,71.0,147.0,48.399,9958268
DISALEXI,2008-06-01,Sacramento River,5,135.8689,140.4992,84.5025,194.5063,65.166,9965000
DISALEXI,2008-07-01,Sacramento River,5,149.0184,156.5024,88.5009,210.5055,71.046,9968352
DISALEXI,2008-08-01,Sacramento River,5,104.2332,110.0,47.0,160.0,63.2066,9968103
DISALEXI,2008-09-01,Sacramento River,5,67.142,71.0,24.0,107.0,44.9689,9968084
DISALEXI,2008-10-01,Sacramento River,5,29.7636,28.0,12.0,44.0,20.2828,9932652
DISALEXI,2008-11-01,Sacramento River,5,21.1928,21.0,14.0,27.0,10.096,8868304
DISALEXI,2008-12-01,Sacramento River,5,16.0139,15.0,10.0,22.0,8.7311,6325864
DISALEXI,2009-01-01,Sacramento River,5,22.3689,22.0,16.0,28.0,10.1625,8891735
DISALEXI,2009-02-01,Sacramento River,5,24.8514,25.0,20.0,29.0,7.4863,9233555
DISALEXI,2009-03-01,Sacramento River,5,58.6586,59.0,47.0,71.0,17.7242,9905395
DISALEXI,2009-04-01,Sacramento River,5,70.2341,67.0,46.0,93.0,31.3716,9958724
DISALEXI,2009-05-01,Sacramento River,5,103.8678,106.0,71.0,139.0,43.5716,9967964
DISALEXI,2009-06-01,Sacramento River,5,119.1511,122.4993,74.5022,168.4992,58.1043,9968752
DISALEXI,2009-07-01,Sacramento River,5,141.8603,148.5006,78.4994,210.5066,75.6816,9968976
DISALEXI,2009-08-01,Sacramento River,5,104.5371,111.0,52.0,158.0,60.0677,9968777
DISALEXI,2009-09-01,Sacramento River,5,63.0653,66.0,21.0,100.0,42.6202,9968779
DISALEXI,2009-10-01,Sacramento River,5,35.1112,34.0,22.0,48.0,17.5311,9938500
DISALEXI,2009-11-01,Sacramento River,5,19.2591,18.0,11.0,26.0,11.2241,9878929
DISALEXI,2009-12-01,Sacramento River,5,13.6919,13.0,9.0,17.0,6.6138,9003785
DISALEXI,2010-01-01,Sacramento River,5,17.5722,18.0,15.0,21.0,5.0856,2775705
DISALEXI,2010-02-01,Sacramento River,5,30.2301,31.0,25.0,36.0,8.7088,4042999
DISALEXI,2010-03-01,Sacramento River,5,64.096,65.0,53.0,76.0,16.7803,9903409
DISALEXI,2010-04-01,Sacramento River,5,73.2186,72.0,56.0,91.0,22.9294,9934397
DISALEXI,2010-05-01,Sacramento River,5,92.5558,93.0,70.0,116.0,33.1772,9934987
DISALEXI,2010-06-01,Sacramento River,5,122.5737,123.0,79.0,172.0,54.8026,9968426
DISALEXI,2010-07-01,Sacramento River,5,155.3359,160.4973,98.4947,220.5072,69.512,9968768
DISALEXI,2010-08-01,Sacramento River,5,115.3903,119.0,65.0,171.0,59.0315,9968963
DISALEXI,2010-09-01,Sacramento River,5,70.776,75.0,32.0,109.0,41.8887,9973511
DISALEXI,2010-10-01,Sacramento River,5,37.7699,39.0,24.0,52.0,18.0002,9973187
DISALEXI,2010-11-01,Sacramento River,5,22.9137,22.0,17.0,29.0,8.7353,7983206
DISALEXI,2010-12-01,Sacramento River,5,12.3202,12.0,10.0,15.0,4.2753,7563901
DISALEXI,2011-01-01,Sacramento River,5,25.2586,25.0,20.0,30.0,7.3828,8895720
DISALEXI,2011-02-01,Sacramento River,5,30.2704,31.0,22.0,39.0,13.2316,7467104
DISALEXI,2011-03-01,Sacramento River,5,42.9526,43.0,32.0,54.0,14.6137,9224647
DISALEXI,2011-04-01,Sacramento River,5,75.1549,75.0,57.0,94.0,25.2651,9671125
DISALEXI,2011-05-01,Sacramento River,5,96.9441,96.0,72.0,122.0,33.1032,9950840
DISALEXI,2011-06-01,Sacramento River,5,121.8889,125.0,90.0,158.0,42.3881,9968154
DISALEXI,2011-07-01,Sacramento River,5,149.2388,154.5021,102.4987,202.5037,60.9697,9969004
DISALEXI,2011-08-01,Sacramento River,5,123.9696,130.0,74.0,179.0,61.3442,9968955
DISALEXI,2011-09-01,Sacramento River,5,77.6821,84.0,43.0,113.0,40.0543,9968902
DISALEXI,2011-10-01,Sacramento River,5,40.8099,41.0,28.0,53.0,16.9711,9959092
DISALEXI,2011-11-01,Sacramento River,5,18.1504,17.0,10.0,25.0,10.4927,9642702
DISALEXI,2011-12-01,Sacramento River,5,13.823,13.0,7.0,19.0,8.8524,8143978
DISALEXI,2012-01-01,Sacramento River,5,16.075,15.0,9.0,21.0,9.4682,8271401
DISALEXI,2012-02-01,Sacramento River,5,32.3807,32.0,24.0,40.0,11.7254,9504889
DISALEXI,2012-03-01,Sacramento River,5,41.6068,41.0,32.0,51.0,13.501,9423416
DISALEXI,2012-04-01,Sacramento River,5,85.1116,83.0,63.0,105.0,29.7629,9760809
DISALEXI,2012-05-01,Sacramento River,5,112.1985,112.5004,78.5037,144.4967,44.055,9923121
DISALEXI,2012-06-01,Sacramento River,5,125.7973,128.4983,78.5028,182.5048,60.0653,9947845
DISALEXI,2012-07-01,Sacramento River,5,136.2326,142.4997,72.5006,206.506,75.8492,9952495
DISALEXI,2012-08-01,Sacramento River,5,111.6386,118.0,53.0,175.0,65.4311,9954818
DISALEXI,2012-09-01,Sacramento River,5,72.0126,79.0,31.0,111.0,43.8069,9934396
DISALEXI,2012-10-01,Sacramento River,5,40.9695,42.0,20.0,61.0,24.7061,9900181
DISALEXI,2012-11-01,Sacramento River,5,20.4696,19.0,12.0,28.0,10.8435,7309252
DISALEXI,2012-12-01,Sacramento River,5,15.1994,15.0,12.0,18.0,5.3389,6699376
DISALEXI,2013-01-01,Sacramento River,5,24.7361,25.0,19.0,30.0,8.7407,7678617
DISALEXI,2013-02-01,Sacramento River,5,37.798,38.0,30.0,46.0,11.7092,7193129
DISALEXI,2013-03-01,Sacramento River,5,51.576,50.0,37.0,65.0,19.4051,9429259
DISALEXI,2013-04-01,Sacramento River,5,76.4303,72.0,54.0,97.0,29.9506,9960834
DISALEXI,2013-05-01,Sacramento River,5,109.7052,112.5003,74.503,146.4971,45.7443,9968379
DISALEXI,2013-06-01,Sacramento River,5,129.127,136.4994,80.4997,184.5065,60.8356,9968420
DISALEXI,2013-07-01,Sacramento River,5,143.4559,150.5021,80.5067,212.5016,76.3429,9968863
DISALEXI,2013-08-01,Sacramento River,5,108.4088,115.0,54.0,166.0,63.1263,9973474
DISALEXI,2013-09-01,Sacramento River,5,65.3954,71.0,33.0,97.0,35.5204,9973383
DISALEXI,2013-10-01,Sacramento River,5,32.0463,30.0,14.0,47.0,21.3504,9964054
DISALEXI,2013-11-01,Sacramento River,5,16.1484,13.0,5.0,25.0,12.8301,9584279
DISALEXI,2013-12-01,Sacramento River,5,12.9641,11.0,5.0,18.0,10.3458,9096366
DISALEXI,2014-01-01,Sacramento River,5,13.2933,11.0,5.0,19.0,10.5344,9114035
DISALEXI,2014-02-01,Sacramento River,5,22.5088,22.0,16.0,29.0,8.9774,9740026
DISALEXI,2014-03-01,Sacramento River,5,49.4837,49.0,38.0,61.0,16.4256,9951528
DISALEXI,2014-04-01,Sacramento River,5,80.3727,78.0,58.0,102.0,29.639,9959596
DISALEXI,2014-05-01,Sacramento River,5,103.7252,100.4992,62.5019,144.499,50.5935,9964268
DISALEXI,2014-06-01,Sacramento River,5,124.9943,126.5021,70.5014,182.4989,66.0102,9968875
DISALEXI,2014-07-01,Sacramento River,5,133.8263,140.0,74.5019,194.5004,69.5877,9973458
DISALEXI,2014-08-01,Sacramento River,5,99.3579,102.0,47.0,152.0,58.6856,9973449
DISALEXI,2014-09-01,Sacramento River,5,64.6731,67.0,27.0,101.0,40.5254,9973349
DISALEXI,2014-10-01,Sacramento River,5,33.21,31.0,13.0,51.0,22.7774,9953764
DISALEXI,2014-11-01,Sacramento River,5,18.888,17.0,9.0,28.0,12.2195,9754637
DISALEXI,2014-12-01,Sacramento River,5,9.9671,10.0,7.0,13.0,4.9398,8857597
DISALEXI,2015-01-01,Sacramento River,5,23.2399,23.0,17.0,29.0,8.7574,9045756
DISALEXI,2015-02-01,Sacramento River,5,34.3687,35.0,27.0,42.0,11.12,9950136
DISALEXI,2015-03-01,Sacramento River,5,55.3308,54.0,39.0,71.0,20.8149,9966984
DISALEXI,2015-04-01,Sacramento River,5,79.1547,75.0,53.0,104.0,33.9295,9968607
DISALEXI,2015-05-01,Sacramento River,5,101.7441,100.5024,56.4993,144.4982,52.0322,9968050
DISALEXI,2015-06-01,Sacramento River,5,131.2311,134.5004,76.4997,188.4992,64.6847,9972842
DISALEXI,2015-07-01,Sacramento River,5,124.2321,128.5026,62.4949,182.4951,68.7278,9973039
DISALEXI,2015-08-01,Sacramento River,5,97.3465,99.0,44.0,149.0,59.5123,9973115
DISALEXI,2015-09-01,Sacramento River,5,53.8715,52.0,19.0,87.0,37.6552,9970038
DISALEXI,2015-10-01,Sacramento River,5,33.3605,30.0,13.0,51.0,23.3062,9951860
DISALEXI,2015-11-01,Sacramento River,5,21.4446,21.0,14.0,28.0,10.755,9694513
DISALEXI,2015-12-01,Sacramento River,5,12.9163,13.0,10.0,16.0,5.214,8304369
DISALEXI,2016-01-01,Sacramento River,5,14.5252,15.0,11.0,18.0,4.776,7726091
DISALEXI,2016-02-01,Sacramento River,5,39.9882,41.0,33.0,48.0,11.0553,8257655
DISALEXI,2016-03-01,Sacramento River,5,54.403,55.0,46.0,63.0,12.5629,9874756
DISALEXI,2016-04-01,Sacramento River,5,79.2189,77.0,58.0,99.0,28.4229,9951719
DISALEXI,2016-05-01,Sacramento River,5,101.2869,102.0,72.0,130.0,38.337,9967552
DISALEXI,2016-06-01,Sacramento River,5,141.0736,144.498,94.4979,192.5033,57.2224,9964899
DISALEXI,2016-07-01,Sacramento River,5,146.6275,152.5008,86.4997,212.5019,72.6577,9968661
DISALEXI,2016-08-01,Sacramento River,5,120.5319,128.0,68.0,177.0,61.2374,9968668
DISALEXI,2016-09-01,Sacramento River,5,71.1177,76.0,35.0,105.0,39.4193,9968670
DISALEXI,2016-10-01,Sacramento River,5,29.9591,29.0,17.0,42.0,15.6417,9962954
DISALEXI,2016-11-01,Sacramento River,5,22.516,22.0,17.0,28.0,8.1326,9487394
DISALEXI,2016-12-01,Sacramento River,5,17.2635,17.0,14.0,21.0,5.5384,8461691
DISALEXI,2017-01-01,Sacramento River,5,23.0269,23.0,19.0,26.0,7.4584,8099413
DISALEXI,2017-02-01,Sacramento River,5,28.0182,28.0,24.0,33.0,7.1498,8577961
DISALEXI,2017-03-01,Sacramento River,5,58.4525,58.0,47.0,70.0,16.3596,9563378
DISALEXI,2017-04-01,Sacramento River,5,78.0233,78.0,61.0,95.0,23.2305,9738684
DISALEXI,2017-05-01,Sacramento River,5,119.8011,118.5001,90.5026,148.4968,40.3567,9959585
DISALEXI,2017-06-01,Sacramento River,5,139.0001,140.5015,96.4998,184.5037,52.3212,9964896
DISALEXI,2017-07-01,Sacramento River,5,150.7376,154.5004,92.5016,214.5041,69.3138,9963611
DISALEXI,2017-08-01,Sacramento River,5,126.2045,133.0,82.0,173.0,53.7538,9967544
DISALEXI,2017-09-01,Sacramento River,5,72.0468,77.0,40.0,102.0,36.1194,9963366
DISALEXI,2017-10-01,Sacramento River,5,36.03,34.0,19.0,51.0,21.212,9957075
DISALEXI,2017-11-01,Sacramento River,5,18.6729,18.0,13.0,24.0,8.4891,9795788
DISALEXI,2017-12-01,Sacramento River,5,14.7476,14.0,9.0,19.0,8.403,8893040
DISALEXI,2018-01-01,Sacramento River,5,18.1233,18.0,13.0,23.0,7.2597,7934701
DISALEXI,2018-02-01,Sacramento River,5,33.1477,33.0,24.0,42.0,13.2076,9867108
DISALEXI,2018-03-01,Sacramento River,5,50.9372,51.0,40.0,62.0,15.5347,9742379
DISALEXI,2018-04-01,Sacramento River,5,78.8902,78.0,59.0,97.0,25.5813,9843029
DISALEXI,2018-05-01,Sacramento River,5,111.5471,110.4998,80.5043,142.4936,44.0008,9961918
DISALEXI,2018-06-01,Sacramento River,5,145.3379,148.4995,98.5009,198.502,60.3444,9964813
DISALEXI,2018-07-01,Sacramento River,5,151.551,157.0,98.5029,210.5008,66.1379,9968916
DISALEXI,2018-08-01,Sacramento River,5,128.8042,137.0,78.0,184.0,60.1025,9968938
DISALEXI,2018-09-01,Sacramento River,5,73.2745,79.0,34.0,110.0,42.4487,9973369
DISALEXI,2018-10-01,Sacramento River,5,32.6183,31.0,14.0,49.0,21.2761,9961929
DISALEXI,2018-11-01,Sacramento River,5,18.7176,17.0,9.0,27.0,12.9398,9743123
DISALEXI,2018-12-01,Sacramento River,5,15.7852,16.0,13.0,19.0,5.4207,8464851
DISALEXI,2019-01-01,Sacramento River,5,19.5223,20.0,16.0,23.0,5.6072,7756932
DISALEXI,2019-02-01,Sacramento River,5,26.9357,27.0,23.0,31.0,6.8253,7885618
DISALEXI,2019-03-01,Sacramento River,5,54.9279,56.0,47.0,64.0,12.375,9368880
DISALEXI,2019-04-01,Sacramento River,5,79.2139,78.0,60.0,98.0,25.8456,9937922
DISALEXI,2019-05-01,Sacramento River,5,107.0078,104.0,79.0,136.0,38.2474,9948603
DISALEXI,2019-06-01,Sacramento River,5,154.1769,156.4983,108.4986,204.5027,56.577,9968225
DISALEXI,2019-07-01,Sacramento River,5,158.9239,164.5025,104.4988,220.5033,69.0153,9968990
DISALEXI,2019-08-01,Sacramento River,5,131.3087,137.0,80.0,191.0,61.9807,9968861
DISALEXI,2019-09-01,Sacramento River,5,72.9846,76.0,42.0,105.0,36.9113,9973148
DISALEXI,2019-10-01,Sacramento River,5,36.3759,35.0,18.0,53.0,22.1058,9968994
DISALEXI,2019-11-01,Sacramento River,5,17.5162,14.0,5.0,29.0,14.5566,9654082
DISALEXI,2019-12-01,Sacramento River,5,11.2059,11.0,8.0,14.0,4.1522,7370028
DISALEXI,2020-01-01,Sacramento River,5,18.7529,19.0,15.0,23.0,6.0997,7817690
DISALEXI,2020-02-01,Sacramento River,5,40.0211,39.0,30.0,50.0,14.9125,9921225
DISALEXI,2020-03-01,Sacramento River,5,50.2297,49.0,34.0,65.0,21.3341,9953958
DISALEXI,2020-04-01,Sacramento River,5,76.9484,73.0,50.0,102.0,34.1514,9955229
DISALEXI,2020-05-01,Sacramento River,5,102.0608,104.5009,68.5026,136.0,42.6401,9962379
DISALEXI,2020-06-01,Sacramento River,5,135.8285,142.4992,84.5016,194.5077,63.2023,9968204
DISALEXI,2020-07-01,Sacramento River,5,148.6155,156.5028,84.4978,216.5047,75.7391,9968862
DISALEXI,2020-08-01,Sacramento River,5,117.9137,126.5021,62.5003,174.5087,62.4629,9968809
DISALEXI,2020-09-01,Sacramento River,5,81.342,88.0,47.0,115.0,40.3475,9972887
DISALEXI,2020-10-01,Sacramento River,5,36.5102,35.0,15.0,56.0,24.4834,9960884
DISALEXI,2020-11-01,Sacramento River,5,18.4348,16.0,7.0,28.0,13.2853,9827401
DISALEXI,2020-12-01,Sacramento River,5,15.9942,15.0,10.0,20.0,8.8978,9129260
DISALEXI,2021-01-01,Sacramento River,5,18.4042,18.0,14.0,23.0,6.9077,8665707
DISALEXI,2021-02-01,Sacramento River,5,32.7253,32.0,24.0,40.0,12.1469,9866989
DISALEXI,2021-03-01,Sacramento River,5,55.7689,55.0,41.0,70.0,19.9252,9904767
DISALEXI,2021-04-01,Sacramento River,5,73.4138,68.0,46.0,99.0,35.7968,9967647
DISALEXI,2021-05-01,Sacramento River,5,109.9123,108.5019,56.4967,160.4953,61.3907,9968336
DISALEXI,2021-06-01,Sacramento River,5,131.7804,134.4989,66.5006,200.5036,75.4097,9968743
DISALEXI,2021-07-01,Sacramento River,5,129.1057,136.5001,56.4986,198.4979,78.5341,9973408
DISALEXI,2021-08-01,Sacramento River,5,107.831,112.502,46.4998,166.5009,65.3869,9973654
DISALEXI,2021-09-01,Sacramento River,5,62.3768,65.0,22.0,99.0,41.7229,9973392
DISALEXI,2021-10-01,Sacramento River,5,28.3396,25.0,13.0,42.0,17.9053,9968799
DISALEXI,2021-11-01,Sacramento River,5,24.0854,24.0,18.0,30.0,8.2088,9730199
DISALEXI,2021-12-01,Sacramento River,5,16.9723,17.0,14.0,20.0,5.182,9460941
DISALEXI,2022-01-01,Sacramento River,5,26.5225,26.0,21.0,32.0,9.0192,9116641
DISALEXI,2022-02-01,Sacramento River,5,36.9209,37.0,26.0,47.0,14.8817,9821851
DISALEXI,2022-03-01,Sacramento River,5,55.1748,54.0,37.0,72.0,23.3642,9948142
DISALEXI,2022-04-01,Sacramento River,5,72.9639,68.0,49.0,96.0,31.2187,9962113
DISALEXI,2022-05-01,Sacramento River,5,98.0827,92.4986,58.4984,134.4997,47.1725,9967298
DISALEXI,2022-06-01,Sacramento River,5,100.5084,96.5005,40.499,154.5011,66.0244,9968392
DISALEXI,2022-07-01,Sacramento River,5,97.6126,94.503,28.5003,158.4987,72.5172,9968555
DISALEXI,2022-08-01,Sacramento River,5,82.0143,78.0,19.0,137.0,63.7453,9968692
DISALEXI,2022-09-01,Sacramento River,5,56.4234,55.0,24.0,89.0,35.9036,9973255
DISALEXI,2022-10-01,Sacramento River,5,36.7383,33.0,15.0,57.0,25.4584,9969969
DISALEXI,2022-11-01,Sacramento River,5,17.2433,16.0,10.0,24.0,9.3352,9574790
DISALEXI,2022-12-01,Sacramento River,5,12.4054,11.0,7.0,16.0,8.1119,8849665
DISALEXI,2023-01-01,Sacramento River,5,20.2685,20.0,17.0,24.0,5.5838,8200502
DISALEXI,2023-02-01,Sacramento River,5,33.775,33.0,27.0,40.0,9.3016,9502442
DISALEXI,2023-03-01,Sacramento River,5,51.8987,52.0,45.0,59.0,11.2429,9183093
DISALEXI,2023-04-01,Sacramento River,5,94.7619,93.0,74.0,115.0,28.7776,9915236
DISALEXI,2023-05-01,Sacramento River,5,115.2509,116.5001,84.5021,146.4968,40.7082,9953059
DISALEXI,2023-06-01,Sacramento River,5,138.4953,142.498,94.5028,188.5079,55.4922,9967757
DISALEXI,2023-07-01,Sacramento River,5,155.1588,160.4971,100.4988,218.5046,68.1968,9968630
DISALEXI,2023-08-01,Sacramento River,5,117.7676,125.0,71.0,169.0,57.1408,9968461
DISALEXI,2023-09-01,Sacramento River,5,71.1438,77.0,41.0,102.0,36.1341,9968525
DISALEXI,2023-10-01,Sacramento River,5,39.7406,40.0,24.0,55.0,20.0936,9972807
DISALEXI,2023-11-01,Sacramento River,5,19.3854,18.0,10.0,27.0,11.7544,9862613
DISALEXI,2023-12-01,Sacramento River,5,11.7303,11.0,8.0,14.0,5.1834,9040547
DISALEXI,2024-01-01,Sacramento River,5,15.7199,15.0,13.0,18.0,5.1298,8368519
DISALEXI,2024-02-01,Sacramento River,5,31.0944,31.0,26.0,35.0,8.4052,9170879
DISALEXI,2024-03-01,Sacramento River,5,58.9368,59.0,49.0,69.0,14.2948,9767124
DISALEXI,2024-04-01,Sacramento River,5,88.1833,86.0,66.0,110.0,28.4547,9951421
DISALEXI,2024-05-01,Sacramento River,5,126.0141,124.4991,92.504,160.4994,44.0386,9972402
DISALEXI,2024-06-01,Sacramento River,5,147.4382,150.4987,98.4978,204.508,60.9764,9972769
DISALEXI,2024-07-01,Sacramento River,5,151.7429,160.5018,96.5016,212.507,68.1248,9967696
DISALEXI,2024-08-01,Sacramento River,5,112.7371,119.0,62.0,166.0,59.4021,9968717
DISALEXI,2024-09-01,Sacramento River,5,71.9035,77.0,37.0,106.0,39.6761,9967908
DISALEXI,2024-10-01,Sacramento River,5,37.372,36.0,17.0,56.0,23.493,9970271
DISALEXI,2024-11-01,Sacramento River,5,18.7205,17.0,12.0,25.0,9.4517,9624776
DISALEXI,2024-12-01,Sacramento River,5,16.1529,16.0,12.0,20.0,5.9568,8939624
DISALEXI,2025-01-01,Sacramento River,5,24.2759,24.0,18.0,29.0,9.0408,8952506
DISALEXI,2025-02-01,Sacramento River,5,32.8016,33.0,28.0,38.0,8.1824,9795747
DISALEXI,2025-03-01,Sacramento River,5,56.9026,57.0,46.0,68.0,15.8437,9869837
DISALEXI,2025-04-01,Sacramento River,5,85.7643,84.4988,60.5005,108.4977,31.9258,9949830
DISALEXI,2025-05-01,Sacramento River,5,131.2112,130.5033,92.5011,168.4979,48.8318,9965647
DISALEXI,2025-06-01,Sacramento River,5,155.4151,160.4996,106.4993,212.503,62.3667,9961884
DISALEXI,2025-07-01,Sacramento River,5,153.0184,160.5017,96.4991,216.5068,69.0363,9968887
DISALEXI,2025-08-01,Sacramento River,5,118.0894,127.0,67.0,171.0,60.0425,9968831
DISALEXI,2025-09-01,Sacramento River,5,67.1335,73.0,36.0,98.0,35.9992,9968474
DISALEXI,2025-10-01,Sacramento River,5,36.8607,37.0,23.0,50.0,17.6122,9951231
DISALEXI,2025-11-01,Sacramento River,5,23.0066,22.0,14.0,31.0,11.9938,9754876
DISALEXI,2025-12-01,Sacramento River,5,16.0464,16.0,12.0,20.0,5.6061,6846191
DISALEXI,2003-10-01,San Francisco Bay,2,25.5869,23.0,9.0,39.0,19.1825,579582
DISALEXI,2003-11-01,San Francisco Bay,2,15.2181,15.0,9.0,21.0,8.1664,556436
DISALEXI,2003-12-01,San Francisco Bay,2,12.8856,13.0,10.0,16.0,4.7399,406046
DISALEXI,2004-01-01,San Francisco Bay,2,18.9062,19.0,14.0,24.0,7.611,408308
DISALEXI,2004-02-01,San Francisco Bay,2,29.4317,30.0,24.0,35.0,8.5069,562226
DISALEXI,2004-03-01,San Francisco Bay,2,72.2314,72.0,60.0,85.0,19.3366,580111
DISALEXI,2004-04-01,San Francisco Bay,2,73.0032,70.0,54.0,90.0,26.7077,581987
DISALEXI,2004-05-01,San Francisco Bay,2,75.3389,74.0,51.0,96.0,34.1489,581858
DISALEXI,2004-06-01,San Francisco Bay,2,72.4312,69.0,44.0,96.0,38.1125,584754
DISALEXI,2004-07-01,San Francisco Bay,2,63.6,62.0,38.0,86.0,35.029,577792
DISALEXI,2004-08-01,San Francisco Bay,2,52.1258,50.0,28.0,74.0,31.9168,575407
DISALEXI,2004-09-01,San Francisco Bay,2,32.1318,29.0,12.0,48.0,24.3355,580103
DISALEXI,2004-10-01,San Francisco Bay,2,29.82,29.0,18.0,41.0,15.5047,580138
DISALEXI,2004-11-01,San Francisco Bay,2,22.9877,23.0,17.0,30.0,9.1652,580135
DISALEXI,2004-12-01,San Francisco Bay,2,16.2371,16.0,11.0,21.0,7.5256,579859
DISALEXI,2005-01-01,San Francisco Bay,2,22.7101,23.0,18.0,28.0,7.6916,571432
DISALEXI,2005-02-01,San Francisco Bay,2,30.2373,31.0,25.0,36.0,8.3592,575397
DISALEXI,2005-03-01,San Francisco Bay,2,72.3491,72.0,63.0,82.0,14.3949,581705
DISALEXI,2005-04-01,San Francisco Bay,2,94.9743,95.0,75.0,116.0,26.3981,585553
DISALEXI,2005-05-01,San Francisco Bay,2,107.1462,106.0,87.0,127.0,29.0437,582036
DISALEXI,2005-06-01,San Francisco Bay,2,88.1979,87.0,67.0,108.0,31.0893,581942
DISALEXI,2005-07-01,San Francisco Bay,2,95.2888,94.0,71.0,118.0,36.124,577955
DISALEXI,2005-08-01,San Francisco Bay,2,69.8589,70.0,46.0,93.0,33.4073,576666
DISALEXI,2005-09-01,San Francisco Bay,2,36.9598,35.0,19.0,53.0,22.7755,579875
DISALEXI,2005-10-01,San Francisco Bay,2,27.6161,26.0,15.0,39.0,16.1037,580049
DISALEXI,2005-11-01,San Francisco Bay,2,14.783,15.0,8.0,21.0,9.0353,580073
DISALEXI,2005-12-01,San Francisco Bay,2,11.0405,11.0,7.0,14.0,5.4538,574160
DISALEXI,2006-01-01,San Francisco Bay,2,20.9664,21.0,17.0,25.0,6.5986,569568
DISALEXI,2006-02-01,San Francisco Bay,2,34.3837,35.0,28.0,41.0,9.8823,575118
DISALEXI,2006-03-01,San Francisco Bay,2,44.565,45.0,37.0,52.0,11.9657,564403
DISALEXI,2006-04-01,San Francisco Bay,2,74.0485,74.0,62.0,85.0,16.8179,566735
DISALEXI,2006-05-01,San Francisco Bay,2,107.5657,105.0,83.0,133.0,37.8539,585374
DISALEXI,2006-06-01,San Francisco Bay,2,89.6161,88.0,66.0,110.0,34.9096,584709
DISALEXI,2006-07-01,San Francisco Bay,2,86.6606,85.0,60.0,110.0,38.8228,582150
DISALEXI,2006-08-01,San Francisco Bay,2,65.7919,65.0,41.0,88.0,33.2465,582393
DISALEXI,2006-09-01,San Francisco Bay,2,42.4024,40.0,22.0,61.0,26.1432,579725
DISALEXI,2006-10-01,San Francisco Bay,2,22.6857,20.0,9.0,34.0,16.0046,579651
DISALEXI,2006-11-01,San Francisco Bay,2,16.5938,17.0,12.0,21.0,6.7222,580114
DISALEXI,2006-12-01,San Francisco Bay,2,11.9285,12.0,7.0,16.0,6.6065,579525
DISALEXI,2007-01-01,San Francisco Bay,2,20.1134,20.0,13.0,26.0,9.6929,579439
DISALEXI,2007-02-01,San Francisco Bay,2,26.5857,26.0,21.0,32.0,8.2979,578465
DISALEXI,2007-03-01,San Francisco Bay,2,66.6701,66.0,55.0,78.0,17.4379,579850
DISALEXI,2007-04-01,San Francisco Bay,2,72.8536,70.0,53.0,89.0,27.3894,579829
DISALEXI,2007-05-01,San Francisco Bay,2,80.4364,80.0,55.0,102.0,36.4206,585397
DISALEXI,2007-06-01,San Francisco Bay,2,69.0198,67.0,43.0,91.0,37.0558,581937
DISALEXI,2007-07-01,San Francisco Bay,2,68.429,66.0,43.0,90.0,36.9173,581753
DISALEXI,2007-08-01,San Francisco Bay,2,49.5006,46.0,24.0,71.0,32.5882,581913
DISALEXI,2007-09-01,San Francisco Bay,2,35.1811,34.0,14.0,53.0,24.8839,579607
DISALEXI,2007-10-01,San Francisco Bay,2,23.2213,22.0,9.0,35.0,16.1792,572994
DISALEXI,2007-11-01,San Francisco Bay,2,20.0077,20.0,9.0,30.0,12.8715,515425
DISALEXI,2007-12-01,San Francisco Bay,2,12.2921,11.0,8.0,16.0,6.9338,441426
DISALEXI,2008-01-01,San Francisco Bay,2,15.5491,16.0,11.0,20.0,6.4943,442846
DISALEXI,2008-02-01,San Francisco Bay,2,35.6704,36.0,28.0,44.0,12.0181,579463
DISALEXI,2008-03-01,San Francisco Bay,2,63.7326,63.0,49.0,78.0,20.3245,579860
DISALEXI,2008-04-01,San Francisco Bay,2,60.3835,58.0,37.0,80.0,31.0989,585326
DISALEXI,2008-05-01,San Francisco Bay,2,67.9439,66.0,44.0,90.0,33.709,584968
DISALEXI,2008-06-01,San Francisco Bay,2,69.1409,67.0,44.0,91.0,36.4086,579378
DISALEXI,2008-07-01,San Francisco Bay,2,77.9364,77.0,53.0,101.0,34.9712,579541
DISALEXI,2008-08-01,San Francisco Bay,2,48.6337,47.0,22.0,71.0,32.377,579848
DISALEXI,2008-09-01,San Francisco Bay,2,27.4015,23.0,7.0,43.0,23.713,579874
DISALEXI,2008-10-01,San Francisco Bay,2,14.3271,11.0,3.0,22.0,13.2651,579984
DISALEXI,2008-11-01,San Francisco Bay,2,18.8387,19.0,13.0,25.0,9.2388,492537
DISALEXI,2008-12-01,San Francisco Bay,2,15.3494,15.0,9.0,21.0,8.5908,294865
DISALEXI,2009-01-01,San Francisco Bay,2,23.9727,24.0,16.0,31.0,10.6478,579956
DISALEXI,2009-02-01,San Francisco Bay,2,24.0568,24.0,19.0,29.0,7.902,580063
DISALEXI,2009-03-01,San Francisco Bay,2,61.5925,61.0,51.0,73.0,16.4623,579957
DISALEXI,2009-04-01,San Francisco Bay,2,73.7114,72.0,52.0,95.0,30.1802,582228
DISALEXI,2009-05-01,San Francisco Bay,2,82.2931,80.0,60.0,101.0,32.255,585272
DISALEXI,2009-06-01,San Francisco Bay,2,61.9999,62.0,41.0,81.0,29.7928,577033
DISALEXI,2009-07-01,San Francisco Bay,2,71.9668,71.0,46.0,96.0,36.7027,580178
DISALEXI,2009-08-01,San Francisco Bay,2,53.5845,53.0,30.0,75.0,30.9763,578925
DISALEXI,2009-09-01,San Francisco Bay,2,33.0323,30.0,12.0,51.0,24.5993,578939
DISALEXI,2009-10-01,San Francisco Bay,2,30.9292,31.0,20.0,42.0,13.9833,580054
DISALEXI,2009-11-01,San Francisco Bay,2,20.2984,20.0,13.0,28.0,9.8387,580093
DISALEXI,2009-12-01,San Francisco Bay,2,15.3213,15.0,11.0,20.0,6.6825,572322
DISALEXI,2010-01-01,San Francisco Bay,2,18.3482,18.0,14.0,23.0,7.1855,118723
DISALEXI,2010-02-01,San Francisco Bay,2,29.2869,29.0,23.0,36.0,9.9259,119206
DISALEXI,2010-03-01,San Francisco Bay,2,72.0417,72.0,62.0,82.0,14.5996,580112
DISALEXI,2010-04-01,San Francisco Bay,2,82.9897,80.0,66.0,101.0,22.4109,585554
DISALEXI,2010-05-01,San Francisco Bay,2,88.9568,86.0,65.0,113.0,32.8427,585334
DISALEXI,2010-06-01,San Francisco Bay,2,82.4702,80.0,58.0,103.0,35.2581,582081
DISALEXI,2010-07-01,San Francisco Bay,2,85.686,86.0,63.0,108.0,33.8571,579634
DISALEXI,2010-08-01,San Francisco Bay,2,55.2991,56.0,34.0,76.0,29.0603,578209
DISALEXI,2010-09-01,San Francisco Bay,2,37.5929,36.0,18.0,55.0,24.0781,579802
DISALEXI,2010-10-01,San Francisco Bay,2,25.884,25.0,15.0,36.0,13.2367,579253
DISALEXI,2010-11-01,San Francisco Bay,2,24.1035,24.0,18.0,30.0,9.0298,568552
DISALEXI,2010-12-01,San Francisco Bay,2,12.4264,13.0,9.0,16.0,4.9188,567401
DISALEXI,2011-01-01,San Francisco Bay,2,25.5447,26.0,20.0,31.0,8.2251,579621
DISALEXI,2011-02-01,San Francisco Bay,2,32.2418,33.0,26.0,39.0,10.7021,533850
DISALEXI,2011-03-01,San Francisco Bay,2,47.6165,47.0,38.0,57.0,13.7704,517291
DISALEXI,2011-04-01,San Francisco Bay,2,80.9934,80.0,63.0,99.0,24.6497,579943
DISALEXI,2011-05-01,San Francisco Bay,2,87.4109,83.0,66.0,106.0,30.272,586109
DISALEXI,2011-06-01,San Francisco Bay,2,91.5999,90.0,74.0,108.0,27.9644,582141
DISALEXI,2011-07-01,San Francisco Bay,2,96.1378,96.0,75.0,117.0,32.4453,576550
DISALEXI,2011-08-01,San Francisco Bay,2,69.8195,71.0,46.0,93.0,32.9937,577558
DISALEXI,2011-09-01,San Francisco Bay,2,43.6484,43.0,23.0,64.0,25.9368,579613
DISALEXI,2011-10-01,San Francisco Bay,2,32.1574,33.0,19.0,45.0,16.4243,579412
DISALEXI,2011-11-01,San Francisco Bay,2,17.0458,18.0,10.0,24.0,9.3586,577324
DISALEXI,2011-12-01,San Francisco Bay,2,15.8838,16.0,9.0,22.0,9.1407,540721
DISALEXI,2012-01-01,San Francisco Bay,2,14.4093,14.0,8.0,20.0,9.1169,561181
DISALEXI,2012-02-01,San Francisco Bay,2,28.7714,29.0,21.0,36.0,11.937,570272
DISALEXI,2012-03-01,San Francisco Bay,2,40.772,42.0,33.0,49.0,13.3442,569131
DISALEXI,2012-04-01,San Francisco Bay,2,88.1385,87.0,68.0,108.0,28.7801,572166
DISALEXI,2012-05-01,San Francisco Bay,2,95.617,95.0,69.0,119.0,38.0269,579777
DISALEXI,2012-06-01,San Francisco Bay,2,75.5108,75.0,52.0,98.0,34.3101,580408
DISALEXI,2012-07-01,San Francisco Bay,2,71.6079,70.0,45.0,97.0,37.3054,568976
DISALEXI,2012-08-01,San Francisco Bay,2,56.1712,53.0,29.0,81.0,34.5771,574800
DISALEXI,2012-09-01,San Francisco Bay,2,40.6296,40.0,18.0,61.0,26.8132,570619
DISALEXI,2012-10-01,San Francisco Bay,2,29.0256,29.0,14.0,43.0,18.1501,558921
DISALEXI,2012-11-01,San Francisco Bay,2,22.1708,23.0,15.0,29.0,10.2785,420066
DISALEXI,2012-12-01,San Francisco Bay,2,15.1163,15.0,11.0,19.0,6.3763,531844
DISALEXI,2013-01-01,San Francisco Bay,2,24.3451,25.0,18.0,31.0,10.1992,565451
DISALEXI,2013-02-01,San Francisco Bay,2,38.0114,38.0,30.0,46.0,12.6511,429774
DISALEXI,2013-03-01,San Francisco Bay,2,51.2237,50.0,39.0,64.0,18.7335,509128
DISALEXI,2013-04-01,San Francisco Bay,2,66.5902,62.0,44.0,86.0,30.8914,582322
DISALEXI,2013-05-01,San Francisco Bay,2,71.3117,69.0,49.0,89.0,32.7748,579643
DISALEXI,2013-06-01,San Francisco Bay,2,65.6414,64.0,46.0,83.0,29.1289,579669
DISALEXI,2013-07-01,San Francisco Bay,2,68.8186,68.0,44.0,92.0,34.9467,579360
DISALEXI,2013-08-01,San Francisco Bay,2,54.1295,53.0,32.0,74.0,29.7116,578272
DISALEXI,2013-09-01,San Francisco Bay,2,35.0765,33.0,17.0,51.0,22.0229,580106
DISALEXI,2013-10-01,San Francisco Bay,2,19.8036,17.0,4.0,32.0,16.7462,579949
DISALEXI,2013-11-01,San Francisco Bay,2,10.0578,8.0,2.0,16.0,8.8869,580056
DISALEXI,2013-12-01,San Francisco Bay,2,10.6967,10.0,3.0,16.0,8.5749,579560
DISALEXI,2014-01-01,San Francisco Bay,2,10.6589,9.0,4.0,16.0,8.4451,579560
DISALEXI,2014-02-01,San Francisco Bay,2,21.7287,22.0,17.0,27.0,8.1245,579095
DISALEXI,2014-03-01,San Francisco Bay,2,48.4301,49.0,39.0,58.0,15.046,579731
DISALEXI,2014-04-01,San Francisco Bay,2,80.6692,81.0,61.0,100.0,27.6043,582247
DISALEXI,2014-05-01,San Francisco Bay,2,78.2021,77.0,54.0,102.0,37.0037,582384
DISALEXI,2014-06-01,San Francisco Bay,2,78.9507,79.0,58.0,100.0,33.0904,581697
DISALEXI,2014-07-01,San Francisco Bay,2,75.1356,74.0,53.0,97.0,32.6321,579788
DISALEXI,2014-08-01,San Francisco Bay,2,50.2929,50.0,28.0,70.0,29.4101,577486
DISALEXI,2014-09-01,San Francisco Bay,2,34.0006,32.0,14.0,51.0,23.8591,577759
DISALEXI,2014-10-01,San Francisco Bay,2,21.9583,21.0,5.0,35.0,17.2688,580138
DISALEXI,2014-11-01,San Francisco Bay,2,17.3196,18.0,8.0,25.0,10.6692,580087
DISALEXI,2014-12-01,San Francisco Bay,2,9.3496,9.0,6.0,12.0,4.5497,575005
DISALEXI,2015-01-01,San Francisco Bay,2,26.0112,27.0,20.0,32.0,8.9573,579157
DISALEXI,2015-02-01,San Francisco Bay,2,37.4474,38.0,31.0,45.0,10.7796,579230
DISALEXI,2015-03-01,San Francisco Bay,2,58.7356,57.0,45.0,72.0,18.7766,580138
DISALEXI,2015-04-01,San Francisco Bay,2,76.0237,73.0,56.0,95.0,28.04,580088
DISALEXI,2015-05-01,San Francisco Bay,2,71.9016,70.0,50.0,91.0,29.5031,581170
DISALEXI,2015-06-01,San Francisco Bay,2,78.6273,79.0,57.0,100.0,32.0059,578583
DISALEXI,2015-07-01,San Francisco Bay,2,57.1309,55.0,36.0,77.0,30.6383,579751
DISALEXI,2015-08-01,San Francisco Bay,2,47.3835,46.0,28.0,65.0,27.3635,579434
DISALEXI,2015-09-01,San Francisco Bay,2,25.6899,23.0,8.0,40.0,20.3306,579283
DISALEXI,2015-10-01,San Francisco Bay,2,22.5509,20.0,7.0,36.0,17.467,579862
DISALEXI,2015-11-01,San Francisco Bay,2,19.0685,19.0,11.0,27.0,10.4653,580129
DISALEXI,2015-12-01,San Francisco Bay,2,11.2297,11.0,7.0,15.0,5.4994,562221
DISALEXI,2016-01-01,San Francisco Bay,2,13.9243,14.0,11.0,17.0,4.733,562584
DISALEXI,2016-02-01,San Francisco Bay,2,42.4186,43.0,37.0,49.0,9.6645,566236
DISALEXI,2016-03-01,San Francisco Bay,2,58.806,59.0,51.0,67.0,12.1338,578392
DISALEXI,2016-04-01,San Francisco Bay,2,84.6829,82.0,67.0,104.0,24.2255,580012
DISALEXI,2016-05-01,San Francisco Bay,2,82.5918,81.0,65.0,98.0,26.2205,580008
DISALEXI,2016-06-01,San Francisco Bay,2,85.5329,85.0,65.0,105.0,29.8667,580099
DISALEXI,2016-07-01,San Francisco Bay,2,75.4564,75.0,53.0,97.0,31.6648,580000
DISALEXI,2016-08-01,San Francisco Bay,2,66.1396,66.0,45.0,87.0,29.7147,579548
DISALEXI,2016-09-01,San Francisco Bay,2,39.4271,38.0,20.0,58.0,24.2357,579515
DISALEXI,2016-10-01,San Francisco Bay,2,24.7374,24.0,15.0,34.0,12.2725,579560
DISALEXI,2016-11-01,San Francisco Bay,2,25.1887,26.0,20.0,30.0,7.8065,580124
DISALEXI,2016-12-01,San Francisco Bay,2,15.4406,16.0,11.0,19.0,6.0309,579452
DISALEXI,2017-01-01,San Francisco Bay,2,20.7657,21.0,16.0,25.0,6.5753,578880
DISALEXI,2017-02-01,San Francisco Bay,2,27.4699,28.0,23.0,32.0,6.5303,555199
DISALEXI,2017-03-01,San Francisco Bay,2,64.668,65.0,55.0,75.0,14.2252,576218
DISALEXI,2017-04-01,San Francisco Bay,2,80.8154,80.0,66.0,96.0,20.0177,579949
DISALEXI,2017-05-01,San Francisco Bay,2,100.5839,100.0,81.0,120.0,29.9181,579925
DISALEXI,2017-06-01,San Francisco Bay,2,93.4526,93.0,74.0,111.0,28.6366,579940
DISALEXI,2017-07-01,San Francisco Bay,2,88.0521,88.0,64.0,110.0,34.7928,579975
DISALEXI,2017-08-01,San Francisco Bay,2,71.4013,73.0,52.0,91.0,28.6473,580135
DISALEXI,2017-09-01,San Francisco Bay,2,37.4977,37.0,20.0,54.0,22.5183,580051
DISALEXI,2017-10-01,San Francisco Bay,2,25.77,25.0,12.0,38.0,16.6627,579382
DISALEXI,2017-11-01,San Francisco Bay,2,18.4891,19.0,14.0,23.0,7.2907,579553
DISALEXI,2017-12-01,San Francisco Bay,2,17.201,17.0,10.0,24.0,9.6164,579976
DISALEXI,2018-01-01,San Francisco Bay,2,20.3523,21.0,16.0,25.0,6.411,579355
DISALEXI,2018-02-01,San Francisco Bay,2,33.8341,35.0,27.0,41.0,10.9053,580018
DISALEXI,2018-03-01,San Francisco Bay,2,57.1498,57.0,49.0,65.0,12.4149,580018
DISALEXI,2018-04-01,San Francisco Bay,2,87.6169,85.0,72.0,103.0,21.4473,582155
DISALEXI,2018-05-01,San Francisco Bay,2,89.956,89.0,69.0,110.0,31.7308,582243
DISALEXI,2018-06-01,San Francisco Bay,2,87.8887,87.0,67.0,107.0,32.0706,582294
DISALEXI,2018-07-01,San Francisco Bay,2,84.6897,85.0,65.0,105.0,30.4089,577241
DISALEXI,2018-08-01,San Francisco Bay,2,69.7868,71.0,50.0,91.0,29.5177,578138
DISALEXI,2018-09-01,San Francisco Bay,2,40.2004,39.0,23.0,57.0,22.5772,579521
DISALEXI,2018-10-01,San Francisco Bay,2,23.3667,21.0,8.0,37.0,17.3887,579558
DISALEXI,2018-11-01,San Francisco Bay,2,13.5918,13.0,6.0,20.0,8.5437,579560
DISALEXI,2018-12-01,San Francisco Bay,2,13.6312,14.0,10.0,17.0,5.5657,577083
DISALEXI,2019-01-01,San Francisco Bay,2,17.577,18.0,14.0,21.0,6.2147,526496
DISALEXI,2019-02-01,San Francisco Bay,2,25.5823,26.0,21.0,30.0,6.9232,495808
DISALEXI,2019-03-01,San Francisco Bay,2,58.0896,58.0,49.0,67.0,13.1775,576907
DISALEXI,2019-04-01,San Francisco Bay,2,76.3227,74.0,60.0,94.0,22.1938,584635
DISALEXI,2019-05-01,San Francisco Bay,2,81.1781,79.0,62.0,99.0,28.314,579799
DISALEXI,2019-06-01,San Francisco Bay,2,104.1589,103.0,84.0,123.0,32.5196,579670
DISALEXI,2019-07-01,San Francisco Bay,2,94.5787,95.0,73.0,115.0,32.4661,585748
DISALEXI,2019-08-01,San Francisco Bay,2,76.3304,76.0,55.0,98.0,30.8318,580011
DISALEXI,2019-09-01,San Francisco Bay,2,38.1417,37.0,20.0,54.0,22.1403,580138
DISALEXI,2019-10-01,San Francisco Bay,2,18.8968,17.0,6.0,29.0,15.2068,579958
DISALEXI,2019-11-01,San Francisco Bay,2,10.5583,9.0,3.0,16.0,9.2178,577857
DISALEXI,2019-12-01,San Francisco Bay,2,11.4366,12.0,9.0,14.0,4.5044,558823
DISALEXI,2020-01-01,San Francisco Bay,2,19.7898,21.0,16.0,24.0,6.6311,561094
DISALEXI,2020-02-01,San Francisco Bay,2,38.7523,40.0,31.0,47.0,12.5218,580093
DISALEXI,2020-03-01,San Francisco Bay,2,49.6743,49.0,39.0,60.0,15.775,580115
DISALEXI,2020-04-01,San Francisco Bay,2,68.1288,66.0,49.0,86.0,25.3734,582301
DISALEXI,2020-05-01,San Francisco Bay,2,70.4813,68.0,51.0,87.0,28.3639,582071
DISALEXI,2020-06-01,San Francisco Bay,2,67.9854,66.0,47.0,86.0,30.0671,581589
DISALEXI,2020-07-01,San Francisco Bay,2,73.6155,74.0,52.0,95.0,32.3191,581542
DISALEXI,2020-08-01,San Francisco Bay,2,62.9726,63.0,43.0,84.0,29.7118,575837
DISALEXI,2020-09-01,San Francisco Bay,2,43.8591,44.0,26.0,61.0,24.2186,579354
DISALEXI,2020-10-01,San Francisco Bay,2,18.4229,15.0,4.0,29.0,15.7607,579504
DISALEXI,2020-11-01,San Francisco Bay,2,11.6516,10.0,4.0,18.0,9.2168,579533
DISALEXI,2020-12-01,San Francisco Bay,2,13.0373,12.0,8.0,17.0,6.9584,579539
DISALEXI,2021-01-01,San Francisco Bay,2,17.6366,18.0,14.0,22.0,6.7653,579557
DISALEXI,2021-02-01,San Francisco Bay,2,32.4715,33.0,25.0,39.0,10.5563,580119
DISALEXI,2021-03-01,San Francisco Bay,2,56.9975,59.0,46.0,69.0,17.1196,580138
DISALEXI,2021-04-01,San Francisco Bay,2,57.4706,55.0,41.0,71.0,25.3352,582298
DISALEXI,2021-05-01,San Francisco Bay,2,55.8665,52.0,35.0,73.0,30.5484,582288
DISALEXI,2021-06-01,San Francisco Bay,2,63.5679,62.0,44.0,81.0,30.035,579648
DISALEXI,2021-07-01,San Francisco Bay,2,68.3804,68.0,45.0,91.0,34.3534,583125
DISALEXI,2021-08-01,San Francisco Bay,2,57.5601,57.0,35.0,79.0,31.9534,580076
DISALEXI,2021-09-01,San Francisco Bay,2,29.7452,27.0,11.0,45.0,22.3153,580076
DISALEXI,2021-10-01,San Francisco Bay,2,14.3269,12.0,6.0,21.0,10.351,579486
DISALEXI,2021-11-01,San Francisco Bay,2,23.2167,24.0,18.0,29.0,8.5564,578823
DISALEXI,2021-12-01,San Francisco Bay,2,15.9081,16.0,12.0,20.0,5.9827,578785
DISALEXI,2022-01-01,San Francisco Bay,2,25.156,25.0,20.0,31.0,8.6053,579463
DISALEXI,2022-02-01,San Francisco Bay,2,38.0199,38.0,30.0,46.0,12.6227,580138
DISALEXI,2022-03-01,San Francisco Bay,2,56.9755,55.0,43.0,70.0,19.2516,582365
DISALEXI,2022-04-01,San Francisco Bay,2,74.6262,71.0,57.0,91.0,24.1628,582197
DISALEXI,2022-05-01,San Francisco Bay,2,76.8011,74.0,58.0,94.0,30.268,585440
DISALEXI,2022-06-01,San Francisco Bay,2,61.8617,60.0,41.0,81.0,30.7594,579868
DISALEXI,2022-07-01,San Francisco Bay,2,64.8715,64.0,43.0,85.0,30.9905,580393
DISALEXI,2022-08-01,San Francisco Bay,2,50.4985,49.0,28.0,70.0,29.7131,582869
DISALEXI,2022-09-01,San Francisco Bay,2,28.6944,26.0,10.0,43.0,21.8679,580060
DISALEXI,2022-10-01,San Francisco Bay,2,22.4677,21.0,9.0,34.0,15.9066,579560
DISALEXI,2022-11-01,San Francisco Bay,2,12.076,11.0,5.0,18.0,8.3332,579559
DISALEXI,2022-12-01,San Francisco Bay,2,9.6684,8.0,4.0,13.0,7.6824,578326
DISALEXI,2023-01-01,San Francisco Bay,2,19.9257,20.0,16.0,24.0,6.2861,577713
DISALEXI,2023-02-01,San Francisco Bay,2,31.0133,32.0,26.0,36.0,8.7622,578468
DISALEXI,2023-03-01,San Francisco Bay,2,49.3786,50.0,43.0,57.0,11.8093,581307
DISALEXI,2023-04-01,San Francisco Bay,2,99.492,98.0,82.0,117.0,24.7457,579603
DISALEXI,2023-05-01,San Francisco Bay,2,99.5567,98.0,78.0,121.0,30.6987,576941
DISALEXI,2023-06-01,San Francisco Bay,2,83.9465,83.0,62.0,104.0,32.5442,581577
DISALEXI,2023-07-01,San Francisco Bay,2,86.3974,86.0,63.0,107.0,33.3881,585513
DISALEXI,2023-08-01,San Francisco Bay,2,62.3226,62.0,43.0,81.0,27.3791,580025
DISALEXI,2023-09-01,San Francisco Bay,2,37.0703,37.0,20.0,52.0,21.3364,580072
DISALEXI,2023-10-01,San Francisco Bay,2,23.5951,23.0,11.0,35.0,15.1074,579560
DISALEXI,2023-11-01,San Francisco Bay,2,15.8513,16.0,10.0,22.0,8.2054,579558
DISALEXI,2023-12-01,San Francisco Bay,2,12.4406,13.0,9.0,16.0,5.1547,579526
DISALEXI,2024-01-01,San Francisco Bay,2,14.0749,14.0,10.0,18.0,5.9407,578671
DISALEXI,2024-02-01,San Francisco Bay,2,28.3982,29.0,23.0,34.0,8.6654,578165
DISALEXI,2024-03-01,San Francisco Bay,2,59.9847,60.0,51.0,69.0,12.8267,579337
DISALEXI,2024-04-01,San Francisco Bay,2,97.0344,95.0,79.0,115.0,23.7243,584835
DISALEXI,2024-05-01,San Francisco Bay,2,105.7986,103.0,81.0,127.0,35.3968,585120
DISALEXI,2024-06-01,San Francisco Bay,2,99.8995,97.0,77.0,119.0,34.1,586124
DISALEXI,2024-07-01,San Francisco Bay,2,93.0504,92.0,68.0,116.0,35.6967,580066
DISALEXI,2024-08-01,San Francisco Bay,2,65.0798,64.0,45.0,85.0,29.0792,580009
DISALEXI,2024-09-01,San Francisco Bay,2,42.5784,42.0,24.0,59.0,23.7138,579926
DISALEXI,2024-10-01,San Francisco Bay,2,26.6778,26.0,14.0,38.0,15.49,580111
DISALEXI,2024-11-01,San Francisco Bay,2,15.7493,16.0,11.0,21.0,7.1433,579560
DISALEXI,2024-12-01,San Francisco Bay,2,15.451,16.0,12.0,19.0,6.0566,579546
DISALEXI,2025-01-01,San Francisco Bay,2,24.1885,25.0,18.0,30.0,9.2018,578286
DISALEXI,2025-02-01,San Francisco Bay,2,28.3146,29.0,24.0,33.0,7.4786,578112
DISALEXI,2025-03-01,San Francisco Bay,2,58.4256,58.0,49.0,67.0,13.4208,577324
DISALEXI,2025-04-01,San Francisco Bay,2,85.2605,83.0,69.0,101.0,23.0184,584272
DISALEXI,2025-05-01,San Francisco Bay,2,99.8459,97.0,74.0,121.0,37.9947,585314
DISALEXI,2025-06-01,San Francisco Bay,2,92.3433,92.0,68.0,114.0,35.8447,584348
DISALEXI,2025-07-01,San Francisco Bay,2,83.5152,83.0,60.0,105.0,34.0759,581160
DISALEXI,2025-08-01,San Francisco Bay,2,64.1688,64.0,41.0,86.0,31.5799,580059
DISALEXI,2025-09-01,San Francisco Bay,2,34.7439,34.0,19.0,49.0,20.1993,580059
DISALEXI,2025-10-01,San Francisco Bay,2,23.853,24.0,14.0,34.0,13.3434,580038
DISALEXI,2025-11-01,San Francisco Bay,2,20.0119,21.0,14.0,26.0,8.3642,534052
DISALEXI,2025-12-01,San Francisco Bay,2,14.4981,14.0,11.0,18.0,5.9339,578650
DISALEXI,2003-10-01,San Joaquin River,6,51.0206,54.0,26.0,74.0,28.0871,9311165
DISALEXI,2003-11-01,San Joaquin River,6,22.7807,22.0,14.0,31.0,11.5623,9052679
DISALEXI,2003-12-01,San Joaquin River,6,13.6998,13.0,10.0,17.0,4.8754,8774662
DISALEXI,2004-01-01,San Joaquin River,6,24.7874,25.0,21.0,29.0,5.9316,8561495
DISALEXI,2004-02-01,San Joaquin River,6,34.7149,35.0,30.0,40.0,8.0198,9257205
DISALEXI,2004-03-01,San Joaquin River,6,83.5548,85.0,65.0,104.0,25.4017,9311403
DISALEXI,2004-04-01,San Joaquin River,6,90.6721,89.0,59.0,121.0,38.6486,9311498
DISALEXI,2004-05-01,San Joaquin River,6,105.6175,100.4999,62.4996,148.5016,52.17,9308442
DISALEXI,2004-06-01,San Joaquin River,6,132.4011,136.4992,86.5043,176.498,58.5889,9297691
DISALEXI,2004-07-01,San Joaquin River,6,147.3429,160.5068,104.0,194.4975,61.9386,9264534
DISALEXI,2004-08-01,San Joaquin River,6,122.9137,133.0,85.0,165.0,53.3318,9263577
DISALEXI,2004-09-01,San Joaquin River,6,79.452,88.0,48.0,110.0,38.4202,9268891
DISALEXI,2004-10-01,San Joaquin River,6,47.6757,49.0,33.0,62.0,18.5665,9255946
DISALEXI,2004-11-01,San Joaquin River,6,28.5672,29.0,22.0,35.0,9.6941,9285308
DISALEXI,2004-12-01,San Joaquin River,6,22.1903,22.0,17.0,27.0,7.5576,9065344
DISALEXI,2005-01-01,San Joaquin River,6,31.1911,31.0,27.0,35.0,9.2109,7946290
DISALEXI,2005-02-01,San Joaquin River,6,40.7539,41.0,34.0,48.0,10.195,8043433
DISALEXI,2005-03-01,San Joaquin River,6,72.7884,74.0,65.0,82.0,12.9794,8526681
DISALEXI,2005-04-01,San Joaquin River,6,93.3769,95.0,74.0,113.0,26.2126,9310226
DISALEXI,2005-05-01,San Joaquin River,6,106.7269,104.0,77.0,135.0,37.8648,9308394
DISALEXI,2005-06-01,San Joaquin River,6,117.754,115.0,81.0,152.0,46.3916,9308449
DISALEXI,2005-07-01,San Joaquin River,6,154.2093,162.5037,116.4997,190.4991,50.8833,9308462
DISALEXI,2005-08-01,San Joaquin River,6,130.8893,140.5,94.5039,170.5001,50.7068,9308458
DISALEXI,2005-09-01,San Joaquin River,6,79.4003,84.0,52.0,106.0,33.8522,9308433
DISALEXI,2005-10-01,San Joaquin River,6,50.0544,49.0,28.0,69.0,26.8152,9311270
DISALEXI,2005-11-01,San Joaquin River,6,20.1331,19.0,9.0,30.0,12.7116,9309373
DISALEXI,2005-12-01,San Joaquin River,6,15.951,15.0,10.0,21.0,7.3574,9116765
DISALEXI,2006-01-01,San Joaquin River,6,24.8194,25.0,20.0,29.0,6.6502,9278801
DISALEXI,2006-02-01,San Joaquin River,6,39.7363,40.0,33.0,47.0,9.9326,9299565
DISALEXI,2006-03-01,San Joaquin River,6,52.1882,52.0,44.0,60.0,11.8318,9099775
DISALEXI,2006-04-01,San Joaquin River,6,84.3421,84.0,68.0,100.0,22.6147,9171066
DISALEXI,2006-05-01,San Joaquin River,6,121.0929,120.4988,88.5052,152.4956,42.3115,9305926
DISALEXI,2006-06-01,San Joaquin River,6,130.7419,130.5004,90.5012,170.4981,50.5398,9307456
DISALEXI,2006-07-01,San Joaquin River,6,151.5355,160.5027,112.0,192.4967,54.6014,9307567
DISALEXI,2006-08-01,San Joaquin River,6,128.1482,136.0,88.0,170.0,52.9108,9308428
DISALEXI,2006-09-01,San Joaquin River,6,85.4081,93.0,52.0,117.0,39.8469,9308436
DISALEXI,2006-10-01,San Joaquin River,6,44.1855,46.0,24.0,63.0,23.3529,9310577
DISALEXI,2006-11-01,San Joaquin River,6,18.5168,18.0,10.0,26.0,10.1061,9310097
DISALEXI,2006-12-01,San Joaquin River,6,14.3444,14.0,10.0,18.0,5.9571,9307738
DISALEXI,2007-01-01,San Joaquin River,6,24.3693,24.0,18.0,30.0,9.5793,9299419
DISALEXI,2007-02-01,San Joaquin River,6,31.3624,32.0,25.0,39.0,10.4286,9302461
DISALEXI,2007-03-01,San Joaquin River,6,76.2131,77.0,55.0,98.0,27.7804,9311355
DISALEXI,2007-04-01,San Joaquin River,6,90.5034,91.0,62.0,119.0,36.025,9311486
DISALEXI,2007-05-01,San Joaquin River,6,108.1219,106.0,70.0,147.0,49.3047,9311495
DISALEXI,2007-06-01,San Joaquin River,6,127.3975,130.499,82.5019,174.5019,59.7083,9308443
DISALEXI,2007-07-01,San Joaquin River,6,139.233,148.5028,98.5046,184.4956,58.7042,9308456
DISALEXI,2007-08-01,San Joaquin River,6,124.6502,136.5052,80.4986,170.4981,58.1215,9308463
DISALEXI,2007-09-01,San Joaquin River,6,77.1089,83.0,48.0,106.0,36.1992,9307590
DISALEXI,2007-10-01,San Joaquin River,6,39.4525,40.0,22.0,56.0,21.5822,9271064
DISALEXI,2007-11-01,San Joaquin River,6,26.5132,26.0,15.0,37.0,14.3207,7870200
DISALEXI,2007-12-01,San Joaquin River,6,17.6317,18.0,14.0,22.0,6.3904,8340169
DISALEXI,2008-01-01,San Joaquin River,6,20.4745,21.0,17.0,24.0,6.185,9076481
DISALEXI,2008-02-01,San Joaquin River,6,39.288,40.0,32.0,47.0,11.1424,9301446
DISALEXI,2008-03-01,San Joaquin River,6,73.9152,73.0,56.0,93.0,23.2743,9308381
DISALEXI,2008-04-01,San Joaquin River,6,86.2674,85.0,52.0,118.0,40.7935,9308445
DISALEXI,2008-05-01,San Joaquin River,6,102.7749,98.0,64.0,141.0,47.7168,9311508
DISALEXI,2008-06-01,San Joaquin River,6,119.1153,122.0,72.4983,166.4996,58.7102,9309811
DISALEXI,2008-07-01,San Joaquin River,6,140.5211,150.5017,100.5049,184.4966,57.9192,9311376
DISALEXI,2008-08-01,San Joaquin River,6,117.1087,127.0,76.0,162.0,57.3125,9311502
DISALEXI,2008-09-01,San Joaquin River,6,76.0507,82.0,46.0,106.0,38.006,9311487
DISALEXI,2008-10-01,San Joaquin River,6,37.004,37.0,16.0,56.0,23.5942,9310471
DISALEXI,2008-11-01,San Joaquin River,6,24.0433,24.0,10.0,36.0,15.7813,9271288
DISALEXI,2008-12-01,San Joaquin River,6,20.4169,20.0,14.0,26.0,8.9176,7553979
DISALEXI,2009-01-01,San Joaquin River,6,26.2825,26.0,21.0,32.0,8.0576,9191203
DISALEXI,2009-02-01,San Joaquin River,6,33.4403,33.0,29.0,38.0,7.1165,9306484
DISALEXI,2009-03-01,San Joaquin River,6,72.76,73.0,56.0,91.0,23.1971,9311366
DISALEXI,2009-04-01,San Joaquin River,6,84.8353,85.0,52.0,115.0,39.6068,9311527
DISALEXI,2009-05-01,San Joaquin River,6,102.6675,101.0,65.0,139.0,46.2952,9311529
DISALEXI,2009-06-01,San Joaquin River,6,109.9315,113.0,71.0,148.0,50.2998,9307901
DISALEXI,2009-07-01,San Joaquin River,6,139.0431,148.5014,96.5051,184.4941,60.7154,9308477
DISALEXI,2009-08-01,San Joaquin River,6,115.8761,125.0,77.0,158.0,53.9047,9308480
DISALEXI,2009-09-01,San Joaquin River,6,76.5667,83.0,44.0,108.0,39.4191,9308471
DISALEXI,2009-10-01,San Joaquin River,6,43.8812,45.0,27.0,60.0,20.2901,9311464
DISALEXI,2009-11-01,San Joaquin River,6,21.3909,21.0,11.0,31.0,12.5644,9310615
DISALEXI,2009-12-01,San Joaquin River,6,14.8682,15.0,10.0,20.0,7.0315,9164425
DISALEXI,2010-01-01,San Joaquin River,6,22.282,22.0,18.0,26.0,6.213,8441331
DISALEXI,2010-02-01,San Joaquin River,6,34.7821,35.0,30.0,40.0,9.0418,9288022
DISALEXI,2010-03-01,San Joaquin River,6,78.5848,80.0,68.0,91.0,16.6862,9311362
DISALEXI,2010-04-01,San Joaquin River,6,90.7545,93.0,72.0,110.0,24.8525,9311514
DISALEXI,2010-05-01,San Joaquin River,6,102.5276,101.0,71.0,133.0,41.3304,9308452
DISALEXI,2010-06-01,San Joaquin River,6,117.4374,116.4992,78.5001,154.5002,49.3409,9308491
DISALEXI,2010-07-01,San Joaquin River,6,147.4549,154.5017,106.5021,188.4962,56.6161,9308490
DISALEXI,2010-08-01,San Joaquin River,6,123.7001,132.0,88.0,164.0,50.4396,9308473
DISALEXI,2010-09-01,San Joaquin River,6,81.1879,88.0,50.0,112.0,38.859,9308082
DISALEXI,2010-10-01,San Joaquin River,6,47.6061,50.0,30.0,64.0,21.3383,9311094
DISALEXI,2010-11-01,San Joaquin River,6,27.8836,28.0,21.0,35.0,9.5362,9304406
DISALEXI,2010-12-01,San Joaquin River,6,15.0899,15.0,12.0,18.0,4.571,7800011
DISALEXI,2011-01-01,San Joaquin River,6,27.6848,28.0,23.0,32.0,7.2824,7868815
DISALEXI,2011-02-01,San Joaquin River,6,38.627,40.0,32.0,46.0,11.3479,9079082
DISALEXI,2011-03-01,San Joaquin River,6,56.9446,58.0,47.0,68.0,14.6961,9249764
DISALEXI,2011-04-01,San Joaquin River,6,85.0258,85.0,60.0,110.0,32.5056,9271170
DISALEXI,2011-05-01,San Joaquin River,6,101.8323,98.4971,66.5003,136.499,43.4666,9311387
DISALEXI,2011-06-01,San Joaquin River,6,119.1316,118.5039,82.4993,153.0,45.3498,9307586
DISALEXI,2011-07-01,San Joaquin River,6,147.963,154.5024,109.0,190.4987,55.2969,9307610
DISALEXI,2011-08-01,San Joaquin River,6,131.8997,142.5033,96.5065,174.499,54.0343,9308473
DISALEXI,2011-09-01,San Joaquin River,6,86.4346,94.0,59.0,117.0,38.6351,9308474
DISALEXI,2011-10-01,San Joaquin River,6,48.7958,51.0,33.0,65.0,20.3755,9311505
DISALEXI,2011-11-01,San Joaquin River,6,23.7971,23.0,16.0,31.0,10.5737,9301713
DISALEXI,2011-12-01,San Joaquin River,6,17.035,16.0,9.0,24.0,10.0491,8802530
DISALEXI,2012-01-01,San Joaquin River,6,20.5496,20.0,13.0,28.0,10.2677,9142296
DISALEXI,2012-02-01,San Joaquin River,6,34.1267,34.0,25.0,44.0,12.8057,9266671
DISALEXI,2012-03-01,San Joaquin River,6,48.8632,49.0,37.0,61.0,17.0866,8820165
DISALEXI,2012-04-01,San Joaquin River,6,95.6956,96.0,64.0,128.0,41.5004,8870147
DISALEXI,2012-05-01,San Joaquin River,6,120.1941,118.5001,74.4969,166.4977,56.9627,9291766
DISALEXI,2012-06-01,San Joaquin River,6,128.4536,130.4995,86.4988,170.4976,55.2851,9291297
DISALEXI,2012-07-01,San Joaquin River,6,137.8275,144.4986,90.5014,188.4992,64.0329,9291174
DISALEXI,2012-08-01,San Joaquin River,6,126.3286,136.5,86.5039,174.5019,58.4831,9178086
DISALEXI,2012-09-01,San Joaquin River,6,83.5924,90.0,55.0,115.0,40.0092,9015758
DISALEXI,2012-10-01,San Joaquin River,6,47.4155,49.0,26.0,68.0,25.0332,8863369
DISALEXI,2012-11-01,San Joaquin River,6,22.9836,24.0,13.0,32.0,11.9431,8745045
DISALEXI,2012-12-01,San Joaquin River,6,16.7203,17.0,13.0,20.0,5.3952,8703724
DISALEXI,2013-01-01,San Joaquin River,6,27.2955,27.0,22.0,33.0,8.3378,8899805
DISALEXI,2013-02-01,San Joaquin River,6,40.574,41.0,30.0,52.0,14.9788,9099510
DISALEXI,2013-03-01,San Joaquin River,6,64.578,64.0,45.0,85.0,25.0925,9280745
DISALEXI,2013-04-01,San Joaquin River,6,93.4929,92.0,64.0,122.0,36.1858,9307548
DISALEXI,2013-05-01,San Joaquin River,6,110.219,109.0,70.0,151.0,49.5995,9307583
DISALEXI,2013-06-01,San Joaquin River,6,128.3553,132.0,88.5018,168.4979,52.7556,9307619
DISALEXI,2013-07-01,San Joaquin River,6,138.3927,148.5025,96.5022,184.4977,60.1876,9307210
DISALEXI,2013-08-01,San Joaquin River,6,118.5147,128.0,81.0,160.0,53.1599,9308159
DISALEXI,2013-09-01,San Joaquin River,6,76.913,82.0,49.0,105.0,35.5471,9310627
DISALEXI,2013-10-01,San Joaquin River,6,40.1335,40.0,19.0,60.0,24.8056,9310612
DISALEXI,2013-11-01,San Joaquin River,6,22.6846,22.0,10.0,34.0,14.421,9310973
DISALEXI,2013-12-01,San Joaquin River,6,17.3107,17.0,10.0,24.0,9.4033,9308355
DISALEXI,2014-01-01,San Joaquin River,6,19.1111,18.0,10.0,27.0,11.3599,9305768
DISALEXI,2014-02-01,San Joaquin River,6,29.2392,29.0,21.0,38.0,11.0779,9306694
DISALEXI,2014-03-01,San Joaquin River,6,62.9438,62.0,46.0,81.0,22.184,9310094
DISALEXI,2014-04-01,San Joaquin River,6,92.1536,92.0,66.0,118.0,33.1858,9310639
DISALEXI,2014-05-01,San Joaquin River,6,103.4749,99.0,61.0,145.0,52.7167,9311515
DISALEXI,2014-06-01,San Joaquin River,6,123.7472,126.4994,78.5009,168.5003,58.2959,9311518
DISALEXI,2014-07-01,San Joaquin River,6,151.0251,162.5043,112.4994,192.4985,54.8161,9311529
DISALEXI,2014-08-01,San Joaquin River,6,115.5459,124.0,80.0,155.0,50.0231,9311528
DISALEXI,2014-09-01,San Joaquin River,6,73.865,80.0,44.0,104.0,36.9423,9310597
DISALEXI,2014-10-01,San Joaquin River,6,42.0784,42.0,16.0,65.0,27.799,9309470
DISALEXI,2014-11-01,San Joaquin River,6,25.9326,26.0,16.0,36.0,13.3604,9117161
DISALEXI,2014-12-01,San Joaquin River,6,14.5648,14.0,11.0,18.0,5.591,9142502
DISALEXI,2015-01-01,San Joaquin River,6,28.7448,29.0,23.0,35.0,8.529,9076861
DISALEXI,2015-02-01,San Joaquin River,6,43.6938,44.0,35.0,53.0,12.3048,9307865
DISALEXI,2015-03-01,San Joaquin River,6,71.6005,71.0,49.0,95.0,29.8197,9311111
DISALEXI,2015-04-01,San Joaquin River,6,87.2473,85.0,56.0,118.0,38.9178,9310623
DISALEXI,2015-05-01,San Joaquin River,6,104.0537,100.4976,62.503,144.4997,49.8553,9310650
DISALEXI,2015-06-01,San Joaquin River,6,118.4668,122.5004,78.5018,160.4967,53.9511,9310654
DISALEXI,2015-07-01,San Joaquin River,6,132.1102,142.5018,84.5009,182.4988,62.1277,9310643
DISALEXI,2015-08-01,San Joaquin River,6,111.8506,119.0,73.0,153.0,50.7043,9311482
DISALEXI,2015-09-01,San Joaquin River,6,66.6622,71.0,35.0,96.0,36.0987,9309755
DISALEXI,2015-10-01,San Joaquin River,6,45.9333,47.0,23.0,67.0,25.8808,9307715
DISALEXI,2015-11-01,San Joaquin River,6,27.5214,27.0,18.0,37.0,12.409,9291898
DISALEXI,2015-12-01,San Joaquin River,6,17.128,17.0,13.0,21.0,6.442,8613423
DISALEXI,2016-01-01,San Joaquin River,6,21.0044,21.0,17.0,25.0,5.8244,8539406
DISALEXI,2016-02-01,San Joaquin River,6,50.8681,52.0,43.0,60.0,11.7516,9273988
DISALEXI,2016-03-01,San Joaquin River,6,67.3183,68.0,54.0,81.0,18.3759,9311205
DISALEXI,2016-04-01,San Joaquin River,6,94.9519,97.0,65.0,124.0,35.8848,9310654
DISALEXI,2016-05-01,San Joaquin River,6,107.3012,104.0,71.0,142.0,43.9468,9310633
DISALEXI,2016-06-01,San Joaquin River,6,130.4816,132.4994,88.5013,172.4996,52.9635,9310636
DISALEXI,2016-07-01,San Joaquin River,6,143.2322,152.5043,100.505,188.4996,57.7156,9311530
DISALEXI,2016-08-01,San Joaquin River,6,123.9994,133.0,87.0,165.0,51.4356,9310656
DISALEXI,2016-09-01,San Joaquin River,6,75.4879,82.0,46.0,104.0,36.4492,9310587
DISALEXI,2016-10-01,San Joaquin River,6,39.059,40.0,21.0,56.0,21.0215,9309941
DISALEXI,2016-11-01,San Joaquin River,6,29.5556,30.0,21.0,38.0,12.0327,9310649
DISALEXI,2016-12-01,San Joaquin River,6,19.5865,19.0,15.0,24.0,6.4515,9308285
DISALEXI,2017-01-01,San Joaquin River,6,23.8103,24.0,20.0,28.0,5.9892,9298270
DISALEXI,2017-02-01,San Joaquin River,6,32.3026,33.0,28.0,37.0,6.2947,9166422
DISALEXI,2017-03-01,San Joaquin River,6,72.9213,74.0,59.0,87.0,18.5759,9254618
DISALEXI,2017-04-01,San Joaquin River,6,87.5305,89.0,66.0,109.0,27.4407,9296561
DISALEXI,2017-05-01,San Joaquin River,6,123.6023,120.4986,82.4976,162.4997,49.9797,9310030
DISALEXI,2017-06-01,San Joaquin River,6,139.4675,142.0,98.502,180.4997,51.5931,9310456
DISALEXI,2017-07-01,San Joaquin River,6,151.1201,160.5049,114.5051,192.4963,54.588,9307560
DISALEXI,2017-08-01,San Joaquin River,6,131.8159,141.0,100.0,169.0,47.5531,9307612
DISALEXI,2017-09-01,San Joaquin River,6,78.0766,85.0,47.0,108.0,37.1551,9310650
DISALEXI,2017-10-01,San Joaquin River,6,45.2325,47.0,24.0,65.0,24.3433,9310316
DISALEXI,2017-11-01,San Joaquin River,6,22.6807,23.0,13.0,31.0,11.4235,9306891
DISALEXI,2017-12-01,San Joaquin River,6,18.4334,19.0,9.0,26.0,10.7063,9304352
DISALEXI,2018-01-01,San Joaquin River,6,21.5405,21.0,16.0,27.0,7.7384,9304478
DISALEXI,2018-02-01,San Joaquin River,6,40.7792,40.0,28.0,54.0,17.1757,9309742
DISALEXI,2018-03-01,San Joaquin River,6,58.7976,59.0,47.0,72.0,17.3749,9301524
DISALEXI,2018-04-01,San Joaquin River,6,93.7522,96.0,67.0,122.0,36.44,9307091
DISALEXI,2018-05-01,San Joaquin River,6,114.4299,111.0,73.0,156.0,51.6535,9307602
DISALEXI,2018-06-01,San Joaquin River,6,136.0597,136.4993,90.4993,182.4964,58.3692,9307621
DISALEXI,2018-07-01,San Joaquin River,6,153.5474,162.4997,110.5032,200.4965,60.8041,9308494
DISALEXI,2018-08-01,San Joaquin River,6,130.6473,140.0,97.0,170.0,50.2778,9307619
DISALEXI,2018-09-01,San Joaquin River,6,82.1505,88.0,53.0,112.0,37.7478,9308484
DISALEXI,2018-10-01,San Joaquin River,6,44.9001,47.0,24.0,65.0,24.0466,9308465
DISALEXI,2018-11-01,San Joaquin River,6,21.2085,21.0,11.0,31.0,11.8789,9306378
DISALEXI,2018-12-01,San Joaquin River,6,17.9317,18.0,14.0,21.0,5.4179,9266954
DISALEXI,2019-01-01,San Joaquin River,6,22.9318,23.0,19.0,27.0,7.042,8380767
DISALEXI,2019-02-01,San Joaquin River,6,32.2778,32.0,28.0,37.0,6.9404,7781822
DISALEXI,2019-03-01,San Joaquin River,6,66.1378,66.0,54.0,81.0,18.9755,9030030
DISALEXI,2019-04-01,San Joaquin River,6,92.2127,94.0,66.0,119.0,34.599,9308455
DISALEXI,2019-05-01,San Joaquin River,6,110.0583,109.0,74.0,145.0,43.7343,9307585
DISALEXI,2019-06-01,San Joaquin River,6,142.9139,144.5007,100.5008,184.4971,53.88,9307620
DISALEXI,2019-07-01,San Joaquin River,6,156.0637,164.5043,112.5011,202.4982,60.3981,9307620
DISALEXI,2019-08-01,San Joaquin River,6,132.8757,142.0,99.0,172.0,50.1702,9307620
DISALEXI,2019-09-01,San Joaquin River,6,80.7312,86.0,54.0,110.0,36.0318,9307600
DISALEXI,2019-10-01,San Joaquin River,6,44.7249,47.0,23.0,65.0,25.2479,9307582
DISALEXI,2019-11-01,San Joaquin River,6,23.2965,23.0,10.0,35.0,14.5161,9308868
DISALEXI,2019-12-01,San Joaquin River,6,15.497,15.0,12.0,19.0,5.18,9266811
DISALEXI,2020-01-01,San Joaquin River,6,23.5902,23.0,19.0,29.0,7.7163,9273038
DISALEXI,2020-02-01,San Joaquin River,6,45.2638,45.0,33.0,58.0,16.4217,9309004
DISALEXI,2020-03-01,San Joaquin River,6,61.6146,61.0,48.0,77.0,18.9284,9310617
DISALEXI,2020-04-01,San Joaquin River,6,94.137,94.0,66.0,122.0,34.0608,9310640
DISALEXI,2020-05-01,San Joaquin River,6,112.597,110.4976,68.4967,154.4992,51.7856,9311534
DISALEXI,2020-06-01,San Joaquin River,6,136.3707,136.5002,84.5016,186.4983,63.0143,9310660
DISALEXI,2020-07-01,San Joaquin River,6,153.3765,164.5029,108.5027,202.4976,61.6866,9310661
DISALEXI,2020-08-01,San Joaquin River,6,133.8359,145.0,99.0,174.0,50.9935,9311534
DISALEXI,2020-09-01,San Joaquin River,6,88.6154,94.0,63.0,116.0,34.7078,9310611
DISALEXI,2020-10-01,San Joaquin River,6,51.2871,54.0,28.0,74.0,27.1608,9310477
DISALEXI,2020-11-01,San Joaquin River,6,22.9592,23.0,11.0,34.0,14.2281,9310593
DISALEXI,2020-12-01,San Joaquin River,6,19.5078,19.0,13.0,26.0,9.0441,9307789
DISALEXI,2021-01-01,San Joaquin River,6,23.5653,24.0,18.0,30.0,8.4474,9294418
DISALEXI,2021-02-01,San Joaquin River,6,40.1215,40.0,31.0,50.0,12.0267,9309787
DISALEXI,2021-03-01,San Joaquin River,6,67.4251,67.0,50.0,86.0,21.9654,9311390
DISALEXI,2021-04-01,San Joaquin River,6,97.2803,97.0,63.0,131.0,41.7138,9311328
DISALEXI,2021-05-01,San Joaquin River,6,120.1305,117.0,76.0,164.0,53.6013,9311397
DISALEXI,2021-06-01,San Joaquin River,6,141.8631,144.5042,98.5013,186.4974,55.6857,9311534
DISALEXI,2021-07-01,San Joaquin River,6,148.7994,158.5033,104.5045,196.4982,60.4525,9311534
DISALEXI,2021-08-01,San Joaquin River,6,132.4041,142.5019,96.5048,172.4998,50.1208,9311653
DISALEXI,2021-09-01,San Joaquin River,6,81.9091,89.0,51.0,114.0,39.564,9311633
DISALEXI,2021-10-01,San Joaquin River,6,41.9602,44.0,23.0,61.0,22.4743,9310652
DISALEXI,2021-11-01,San Joaquin River,6,27.3585,28.0,19.0,36.0,12.0713,9160294
DISALEXI,2021-12-01,San Joaquin River,6,18.6954,19.0,14.0,23.0,6.556,9146985
DISALEXI,2022-01-01,San Joaquin River,6,29.4487,29.0,24.0,36.0,8.6151,9302410
DISALEXI,2022-02-01,San Joaquin River,6,43.0371,43.0,31.0,56.0,16.7494,9309788
DISALEXI,2022-03-01,San Joaquin River,6,68.5343,68.0,46.0,92.0,27.7172,9311529
DISALEXI,2022-04-01,San Joaquin River,6,88.768,89.0,62.0,116.0,33.4163,9311534
DISALEXI,2022-05-01,San Joaquin River,6,112.99,109.0,73.0,153.0,49.2649,9310661
DISALEXI,2022-06-01,San Joaquin River,6,120.1833,120.4962,76.5023,162.4991,54.8773,9310660
DISALEXI,2022-07-01,San Joaquin River,6,140.5484,148.5041,98.4988,186.4961,58.7243,9311532
DISALEXI,2022-08-01,San Joaquin River,6,120.8068,130.0,88.0,158.0,49.4661,9311533
DISALEXI,2022-09-01,San Joaquin River,6,75.8726,82.0,51.0,103.0,33.7012,9311532
DISALEXI,2022-10-01,San Joaquin River,6,49.1163,52.0,27.0,70.0,26.1505,9310659
DISALEXI,2022-11-01,San Joaquin River,6,24.8187,25.0,15.0,34.0,12.1437,9310182
DISALEXI,2022-12-01,San Joaquin River,6,16.54,16.0,13.0,20.0,5.6073,9296540
DISALEXI,2023-01-01,San Joaquin River,6,23.5331,23.0,20.0,28.0,6.0501,9278187
DISALEXI,2023-02-01,San Joaquin River,6,37.282,37.0,31.0,44.0,9.0459,9288884
DISALEXI,2023-03-01,San Joaquin River,6,59.8605,60.0,50.0,70.0,14.8567,9288049
DISALEXI,2023-04-01,San Joaquin River,6,110.9422,112.0,88.0,136.0,31.7565,9289111
DISALEXI,2023-05-01,San Joaquin River,6,121.0421,122.4979,86.5024,157.0,45.5397,9304942
DISALEXI,2023-06-01,San Joaquin River,6,131.5524,132.5013,90.5005,172.4988,50.2065,9306984
DISALEXI,2023-07-01,San Joaquin River,6,154.8153,160.5007,116.5038,196.4962,53.7667,9307609
DISALEXI,2023-08-01,San Joaquin River,6,131.191,139.0,98.0,170.0,48.6639,9310660
DISALEXI,2023-09-01,San Joaquin River,6,79.556,85.0,56.0,106.0,33.4652,9310660
DISALEXI,2023-10-01,San Joaquin River,6,46.6613,50.0,28.0,65.0,22.98,9311501
DISALEXI,2023-11-01,San Joaquin River,6,23.0018,24.0,12.0,33.0,12.7802,9311165
DISALEXI,2023-12-01,San Joaquin River,6,15.7774,15.0,10.0,21.0,7.7113,9162424
DISALEXI,2024-01-01,San Joaquin River,6,21.527,21.0,17.0,26.0,6.6564,8089781
DISALEXI,2024-02-01,San Joaquin River,6,38.7963,39.0,34.0,44.0,7.7286,9296486
DISALEXI,2024-03-01,San Joaquin River,6,71.6117,73.0,58.0,87.0,19.0425,9306855
DISALEXI,2024-04-01,San Joaquin River,6,112.2687,115.0,92.0,135.0,29.2288,9307524
DISALEXI,2024-05-01,San Joaquin River,6,131.6111,130.5,94.5016,168.4992,46.7479,9307614
DISALEXI,2024-06-01,San Joaquin River,6,146.1719,148.0,102.5008,188.4984,53.7114,9307621
DISALEXI,2024-07-01,San Joaquin River,6,156.3374,164.5053,120.5032,194.4957,50.7743,9307615
DISALEXI,2024-08-01,San Joaquin River,6,124.4782,133.0,88.0,165.0,50.019,9307597
DISALEXI,2024-09-01,San Joaquin River,6,83.324,90.0,55.0,113.0,37.4284,9307592
DISALEXI,2024-10-01,San Joaquin River,6,48.5265,51.0,27.0,70.0,25.5409,9310616
DISALEXI,2024-11-01,San Joaquin River,6,23.3391,24.0,13.0,33.0,11.8059,9309671
DISALEXI,2024-12-01,San Joaquin River,6,18.3259,18.0,13.0,23.0,6.8651,9296769
DISALEXI,2025-01-01,San Joaquin River,6,27.4486,27.0,21.0,34.0,9.9049,9290262
DISALEXI,2025-02-01,San Joaquin River,6,37.4229,38.0,31.0,44.0,9.4582,9302441
DISALEXI,2025-03-01,San Joaquin River,6,71.7748,73.0,57.0,89.0,21.6152,9305758
DISALEXI,2025-04-01,San Joaquin River,6,99.1226,101.0,72.0,127.0,36.6481,9308259
DISALEXI,2025-05-01,San Joaquin River,6,126.6468,124.4998,80.4982,172.5013,55.1702,9307448
DISALEXI,2025-06-01,San Joaquin River,6,141.9717,144.4987,94.5006,188.5008,59.4616,9310586
DISALEXI,2025-07-01,San Joaquin River,6,151.4552,162.5008,108.5023,198.4997,59.7376,9308392
DISALEXI,2025-08-01,San Joaquin River,6,132.795,144.5037,94.5002,175.0,54.28,9308362
DISALEXI,2025-09-01,San Joaquin River,6,75.7588,82.0,46.0,105.0,36.1478,9308311
DISALEXI,2025-10-01,San Joaquin River,6,47.0116,49.0,30.0,63.0,20.2356,9311287
DISALEXI,2025-11-01,San Joaquin River,6,28.9359,29.0,16.0,39.0,16.3689,9307503
DISALEXI,2025-12-01,San Joaquin River,6,23.2877,22.0,17.0,28.0,9.3673,4646376
DISALEXI,2003-10-01,South Coast,4,49.9986,51.0,26.0,70.0,30.2359,931292
DISALEXI,2003-11-01,South Coast,4,23.4413,23.0,12.0,32.0,14.6402,933450
DISALEXI,2003-12-01,South Coast,4,14.9404,13.0,6.0,22.0,11.3802,933451
DISALEXI,2004-01-01,South Coast,4,22.4158,22.0,11.0,32.0,14.5429,933438
DISALEXI,2004-02-01,South Coast,4,32.9429,32.0,19.0,44.0,18.082,931480
DISALEXI,2004-03-01,South Coast,4,71.3436,73.0,55.0,89.0,26.3572,932670
DISALEXI,2004-04-01,South Coast,4,74.4716,77.0,49.0,100.0,34.5913,933453
DISALEXI,2004-05-01,South Coast,4,89.7312,95.0,51.0,126.0,49.3741,929426
DISALEXI,2004-06-01,South Coast,4,102.5728,109.0,63.0,142.0,52.9979,925950
DISALEXI,2004-07-01,South Coast,4,98.4114,102.0,51.0,140.0,59.3687,924626
DISALEXI,2004-08-01,South Coast,4,92.2274,97.0,51.0,130.0,51.5131,931193
DISALEXI,2004-09-01,South Coast,4,58.8978,63.0,22.0,89.0,40.9705,933167
DISALEXI,2004-10-01,South Coast,4,40.4707,42.0,20.0,58.0,24.7019,932565
DISALEXI,2004-11-01,South Coast,4,27.9323,27.0,19.0,36.0,13.615,926725
DISALEXI,2004-12-01,South Coast,4,20.658,20.0,13.0,27.0,11.4649,933250
DISALEXI,2005-01-01,South Coast,4,26.7819,26.0,21.0,33.0,10.1141,926498
DISALEXI,2005-02-01,South Coast,4,34.5527,33.0,27.0,41.0,11.3959,926223
DISALEXI,2005-03-01,South Coast,4,64.1214,64.0,51.0,77.0,19.4835,927714
DISALEXI,2005-04-01,South Coast,4,86.4204,88.0,69.0,106.0,28.3733,928965
DISALEXI,2005-05-01,South Coast,4,107.2872,109.0,84.0,133.0,37.9962,933237
DISALEXI,2005-06-01,South Coast,4,101.5658,103.0,71.0,133.0,45.0544,933182
DISALEXI,2005-07-01,South Coast,4,116.3304,120.0,82.0,153.0,51.0831,927098
DISALEXI,2005-08-01,South Coast,4,99.7045,103.0,66.0,133.0,47.4885,927289
DISALEXI,2005-09-01,South Coast,4,60.2411,64.0,33.0,85.0,33.4251,933342
DISALEXI,2005-10-01,South Coast,4,45.7835,47.0,24.0,65.0,27.0157,933453
DISALEXI,2005-11-01,South Coast,4,24.3416,24.0,11.0,35.0,16.0607,933224
DISALEXI,2005-12-01,South Coast,4,15.1015,15.0,6.0,22.0,11.0382,832742
DISALEXI,2006-01-01,South Coast,4,20.1022,20.0,10.0,29.0,12.7254,847885
DISALEXI,2006-02-01,South Coast,4,30.5899,31.0,17.0,42.0,17.1001,933132
DISALEXI,2006-03-01,South Coast,4,53.805,53.0,42.0,65.0,17.8864,925170
DISALEXI,2006-04-01,South Coast,4,74.8057,75.0,60.0,90.0,23.6973,918001
DISALEXI,2006-05-01,South Coast,4,105.2996,109.0,77.0,135.0,42.0883,924474
DISALEXI,2006-06-01,South Coast,4,101.769,106.0,70.0,135.0,46.1681,932887
DISALEXI,2006-07-01,South Coast,4,106.6954,113.0,72.0,143.0,49.5576,933225
DISALEXI,2006-08-01,South Coast,4,89.5319,95.0,53.0,125.0,48.1311,933040
DISALEXI,2006-09-01,South Coast,4,64.4342,68.0,34.0,92.0,37.3957,933028
DISALEXI,2006-10-01,South Coast,4,38.038,40.0,15.0,57.0,25.6008,933245
DISALEXI,2006-11-01,South Coast,4,21.8436,21.0,5.0,34.0,17.3486,933245
DISALEXI,2006-12-01,South Coast,4,12.844,11.0,3.0,19.0,11.657,933245
DISALEXI,2007-01-01,South Coast,4,16.2061,14.0,3.0,25.0,14.1002,927293
DISALEXI,2007-02-01,South Coast,4,28.3083,29.0,16.0,40.0,16.9583,931284
DISALEXI,2007-03-01,South Coast,4,52.7132,56.0,29.0,75.0,31.0156,929322
DISALEXI,2007-04-01,South Coast,4,67.5263,71.0,38.0,95.0,39.4418,929425
DISALEXI,2007-05-01,South Coast,4,83.4436,88.0,48.0,119.0,48.27,929465
DISALEXI,2007-06-01,South Coast,4,89.9588,97.0,47.0,131.0,55.0031,933074
DISALEXI,2007-07-01,South Coast,4,95.0943,101.0,51.0,136.0,55.3352,927291
DISALEXI,2007-08-01,South Coast,4,88.3487,93.0,49.0,125.0,50.101,931285
DISALEXI,2007-09-01,South Coast,4,60.7733,64.0,27.0,89.0,39.4544,933261
DISALEXI,2007-10-01,South Coast,4,40.9793,41.0,16.0,60.0,28.7809,921149
DISALEXI,2007-11-01,South Coast,4,23.544,23.0,5.0,37.0,18.4083,909097
DISALEXI,2007-12-01,South Coast,4,15.7665,14.0,6.0,24.0,12.3592,896311
DISALEXI,2008-01-01,South Coast,4,20.3134,19.0,11.0,27.0,12.2389,925762
DISALEXI,2008-02-01,South Coast,4,38.4752,38.0,30.0,47.0,13.0399,929477
DISALEXI,2008-03-01,South Coast,4,63.8826,64.0,47.0,81.0,25.9678,933453
DISALEXI,2008-04-01,South Coast,4,69.7611,70.0,44.0,94.0,35.0224,933438
DISALEXI,2008-05-01,South Coast,4,83.8003,86.0,53.0,114.0,42.346,933444
DISALEXI,2008-06-01,South Coast,4,92.4519,97.0,58.0,127.0,47.0791,927213
DISALEXI,2008-07-01,South Coast,4,98.767,106.0,62.0,136.0,50.0974,927157
DISALEXI,2008-08-01,South Coast,4,86.1354,91.0,53.0,119.0,45.3365,931041
DISALEXI,2008-09-01,South Coast,4,59.8786,63.0,30.0,87.0,36.6049,927083
DISALEXI,2008-10-01,South Coast,4,33.0949,34.0,8.0,51.0,25.6007,931415
DISALEXI,2008-11-01,South Coast,4,22.8998,23.0,7.0,34.0,17.229,927507
DISALEXI,2008-12-01,South Coast,4,17.7188,17.0,9.0,25.0,10.7275,927174
DISALEXI,2009-01-01,South Coast,4,20.9086,20.0,11.0,29.0,13.495,933203
DISALEXI,2009-02-01,South Coast,4,29.861,29.0,20.0,37.0,14.3285,933401
DISALEXI,2009-03-01,South Coast,4,61.1367,61.0,45.0,77.0,24.5533,933453
DISALEXI,2009-04-01,South Coast,4,69.6043,70.0,46.0,93.0,33.14,933447
DISALEXI,2009-05-01,South Coast,4,89.9601,93.0,58.0,121.0,43.0752,850638
DISALEXI,2009-06-01,South Coast,4,82.5539,87.0,50.0,114.0,42.8509,888987
DISALEXI,2009-07-01,South Coast,4,93.8664,100.0,58.0,130.0,48.7263,933156
DISALEXI,2009-08-01,South Coast,4,73.7774,77.0,38.0,107.0,43.6963,931376
DISALEXI,2009-09-01,South Coast,4,55.2662,57.0,24.0,82.0,36.5761,933453
DISALEXI,2009-10-01,South Coast,4,36.804,39.0,15.0,54.0,24.6761,933453
DISALEXI,2009-11-01,South Coast,4,19.6534,18.0,4.0,31.0,16.8197,933451
DISALEXI,2009-12-01,South Coast,4,13.9119,13.0,5.0,21.0,11.0065,930848
DISALEXI,2010-01-01,South Coast,4,21.4847,20.0,13.0,28.0,11.3873,905912
DISALEXI,2010-02-01,South Coast,4,37.2041,37.0,29.0,45.0,12.6683,929379
DISALEXI,2010-03-01,South Coast,4,65.2763,66.0,50.0,81.0,23.5489,933453
DISALEXI,2010-04-01,South Coast,4,81.1661,82.0,63.0,100.0,28.8359,933453
DISALEXI,2010-05-01,South Coast,4,93.1043,95.0,68.0,120.0,37.8432,933453
DISALEXI,2010-06-01,South Coast,4,97.7096,101.0,68.0,129.0,43.094,929471
DISALEXI,2010-07-01,South Coast,4,103.5397,108.0,70.0,138.0,47.3678,926162
DISALEXI,2010-08-01,South Coast,4,82.2072,87.0,48.0,116.0,46.2295,925966
DISALEXI,2010-09-01,South Coast,4,54.7433,58.0,24.0,81.0,35.8624,933083
DISALEXI,2010-10-01,South Coast,4,34.4328,35.0,15.0,51.0,23.3293,933184
DISALEXI,2010-11-01,South Coast,4,21.8307,21.0,10.0,31.0,14.253,933428
DISALEXI,2010-12-01,South Coast,4,14.8253,14.0,9.0,20.0,8.6072,929467
DISALEXI,2011-01-01,South Coast,4,24.5236,24.0,15.0,32.0,12.9352,929383
DISALEXI,2011-02-01,South Coast,4,36.7829,36.0,24.0,47.0,18.7084,933246
DISALEXI,2011-03-01,South Coast,4,59.6262,60.0,49.0,71.0,17.172,933413
DISALEXI,2011-04-01,South Coast,4,74.6831,75.0,58.0,92.0,26.018,932798
DISALEXI,2011-05-01,South Coast,4,85.6042,87.0,63.0,109.0,36.5621,933234
DISALEXI,2011-06-01,South Coast,4,97.4292,101.0,69.0,127.0,42.546,933245
DISALEXI,2011-07-01,South Coast,4,91.0577,97.0,58.0,125.0,45.7323,933056
DISALEXI,2011-08-01,South Coast,4,80.1996,84.0,47.0,113.0,43.8234,933017
DISALEXI,2011-09-01,South Coast,4,59.0133,61.0,31.0,85.0,34.6223,933159
DISALEXI,2011-10-01,South Coast,4,38.5371,40.0,20.0,55.0,23.1449,929285
DISALEXI,2011-11-01,South Coast,4,22.4716,23.0,12.0,32.0,13.2206,926552
DISALEXI,2011-12-01,South Coast,4,15.5872,14.0,4.0,24.0,12.9829,860850
DISALEXI,2012-01-01,South Coast,4,20.3293,20.0,8.0,31.0,14.8135,886837
DISALEXI,2012-02-01,South Coast,4,31.7847,32.0,18.0,45.0,17.9511,902404
DISALEXI,2012-03-01,South Coast,4,53.5386,56.0,33.0,73.0,27.1861,901984
DISALEXI,2012-04-01,South Coast,4,74.2324,77.0,52.0,96.0,31.8132,902990
DISALEXI,2012-05-01,South Coast,4,86.6281,92.0,55.0,119.0,43.7317,850565
DISALEXI,2012-06-01,South Coast,4,82.8152,89.0,46.0,118.0,47.1086,841660
DISALEXI,2012-07-01,South Coast,4,82.7265,88.0,45.0,119.0,47.6801,862476
DISALEXI,2012-08-01,South Coast,4,82.1528,85.0,49.0,114.0,43.0602,923503
DISALEXI,2012-09-01,South Coast,4,56.2505,57.0,25.0,84.0,36.3288,923081
DISALEXI,2012-10-01,South Coast,4,36.2715,37.0,10.0,56.0,27.1367,927080
DISALEXI,2012-11-01,South Coast,4,18.4904,18.0,4.0,29.0,14.8686,922225
DISALEXI,2012-12-01,South Coast,4,14.7716,14.0,7.0,21.0,9.7049,899783
DISALEXI,2013-01-01,South Coast,4,20.4004,19.0,9.0,30.0,13.8432,912976
DISALEXI,2013-02-01,South Coast,4,34.411,34.0,22.0,46.0,17.1532,919658
DISALEXI,2013-03-01,South Coast,4,55.4747,55.0,40.0,71.0,23.4351,927407
DISALEXI,2013-04-01,South Coast,4,65.1249,68.0,38.0,91.0,34.8438,933159
DISALEXI,2013-05-01,South Coast,4,79.4505,84.0,49.0,110.0,40.8698,933362
DISALEXI,2013-06-01,South Coast,4,88.1435,96.0,53.0,124.0,48.0286,933376
DISALEXI,2013-07-01,South Coast,4,82.1228,89.0,46.0,117.0,47.0,933075
DISALEXI,2013-08-01,South Coast,4,75.5059,81.0,41.0,108.0,43.6574,932991
DISALEXI,2013-09-01,South Coast,4,55.0795,58.0,28.0,80.0,33.2427,933347
DISALEXI,2013-10-01,South Coast,4,31.4857,33.0,10.0,49.0,22.5844,933438
DISALEXI,2013-11-01,South Coast,4,18.175,18.0,5.0,28.0,13.7461,929262
DISALEXI,2013-12-01,South Coast,4,15.9092,15.0,5.0,24.0,12.3864,929476
DISALEXI,2014-01-01,South Coast,4,18.0332,17.0,3.0,28.0,15.5123,933452
DISALEXI,2014-02-01,South Coast,4,27.7129,28.0,13.0,40.0,17.3145,933440
DISALEXI,2014-03-01,South Coast,4,50.2304,52.0,33.0,66.0,22.4213,933425
DISALEXI,2014-04-01,South Coast,4,68.8945,72.0,43.0,94.0,34.1438,929470
DISALEXI,2014-05-01,South Coast,4,72.7597,77.0,37.0,105.0,43.3331,933378
DISALEXI,2014-06-01,South Coast,4,86.8189,93.0,50.0,122.0,46.2711,927212
DISALEXI,2014-07-01,South Coast,4,102.1641,106.0,67.0,137.0,47.7009,927202
DISALEXI,2014-08-01,South Coast,4,75.4528,80.0,43.0,107.0,41.9214,933434
DISALEXI,2014-09-01,South Coast,4,61.9192,66.0,31.0,91.0,37.3762,933450
DISALEXI,2014-10-01,South Coast,4,40.9745,44.0,15.0,63.0,27.9517,933434
DISALEXI,2014-11-01,South Coast,4,22.0003,23.0,6.0,35.0,15.8427,933415
DISALEXI,2014-12-01,South Coast,4,16.3018,16.0,10.0,21.0,8.4544,929458
DISALEXI,2015-01-01,South Coast,4,23.0517,23.0,15.0,30.0,11.7076,929435
DISALEXI,2015-02-01,South Coast,4,36.1402,36.0,25.0,47.0,16.7271,929399
DISALEXI,2015-03-01,South Coast,4,58.5293,60.0,41.0,76.0,24.811,933453
DISALEXI,2015-04-01,South Coast,4,64.4708,66.0,42.0,87.0,30.4608,933453
DISALEXI,2015-05-01,South Coast,4,73.1735,75.0,49.0,99.0,34.3713,932625
DISALEXI,2015-06-01,South Coast,4,82.3984,87.0,49.0,116.0,45.2468,932813
DISALEXI,2015-07-01,South Coast,4,77.0244,80.0,47.0,107.0,40.8557,933185
DISALEXI,2015-08-01,South Coast,4,78.8891,82.0,46.0,110.0,43.6074,933429
DISALEXI,2015-09-01,South Coast,4,63.3791,65.0,38.0,87.0,32.4554,933453
DISALEXI,2015-10-01,South Coast,4,36.7523,37.0,16.0,54.0,24.7379,933396
DISALEXI,2015-11-01,South Coast,4,17.0499,15.0,4.0,26.0,14.5302,929477
DISALEXI,2015-12-01,South Coast,4,12.6494,11.0,4.0,19.0,10.6472,929211
DISALEXI,2016-01-01,South Coast,4,15.8751,15.0,8.0,23.0,10.5307,931639
DISALEXI,2016-02-01,South Coast,4,39.5181,41.0,26.0,53.0,19.8008,929266
DISALEXI,2016-03-01,South Coast,4,59.0732,61.0,42.0,77.0,25.0087,933233
DISALEXI,2016-04-01,South Coast,4,64.349,66.0,42.0,86.0,30.7598,931293
DISALEXI,2016-05-01,South Coast,4,76.7259,78.0,46.0,106.0,39.6607,927551
DISALEXI,2016-06-01,South Coast,4,93.2565,96.0,55.0,129.0,49.7314,930953
DISALEXI,2016-07-01,South Coast,4,86.3853,91.0,50.0,122.0,47.2944,933189
DISALEXI,2016-08-01,South Coast,4,79.8511,83.0,44.0,113.0,45.3158,933433
DISALEXI,2016-09-01,South Coast,4,49.9302,51.0,18.0,76.0,34.5463,933438
DISALEXI,2016-10-01,South Coast,4,31.7227,33.0,10.0,48.0,22.8721,929477
DISALEXI,2016-11-01,South Coast,4,19.7037,19.0,7.0,30.0,13.7018,929311
DISALEXI,2016-12-01,South Coast,4,14.9632,14.0,8.0,21.0,9.1103,929466
DISALEXI,2017-01-01,South Coast,4,20.9712,21.0,15.0,26.0,8.5979,926696
DISALEXI,2017-02-01,South Coast,4,28.6315,29.0,23.0,34.0,9.2544,927266
DISALEXI,2017-03-01,South Coast,4,67.5307,68.0,54.0,81.0,21.3593,925147
DISALEXI,2017-04-01,South Coast,4,75.2864,77.0,56.0,95.0,29.5261,933261
DISALEXI,2017-05-01,South Coast,4,75.3892,77.0,53.0,98.0,32.6526,931293
DISALEXI,2017-06-01,South Coast,4,88.7277,91.0,60.0,119.0,42.772,933251
DISALEXI,2017-07-01,South Coast,4,94.9607,97.0,62.0,127.0,45.9291,930834
DISALEXI,2017-08-01,South Coast,4,73.6322,75.0,42.0,103.0,39.4001,930664
DISALEXI,2017-09-01,South Coast,4,44.7398,46.0,21.0,66.0,28.109,931326
DISALEXI,2017-10-01,South Coast,4,31.6002,32.0,7.0,49.0,24.7169,933331
DISALEXI,2017-11-01,South Coast,4,19.0014,18.0,6.0,29.0,14.5089,933006
DISALEXI,2017-12-01,South Coast,4,11.778,9.0,2.0,18.0,11.5015,929477
DISALEXI,2018-01-01,South Coast,4,18.621,16.0,10.0,25.0,12.3252,929477
DISALEXI,2018-02-01,South Coast,4,27.6513,26.0,14.0,38.0,17.1232,933442
DISALEXI,2018-03-01,South Coast,4,43.4349,44.0,31.0,56.0,19.2502,933433
DISALEXI,2018-04-01,South Coast,4,70.2396,73.0,48.0,93.0,31.801,933261
DISALEXI,2018-05-01,South Coast,4,76.603,79.0,48.0,105.0,38.2172,931156
DISALEXI,2018-06-01,South Coast,4,86.6207,91.0,53.0,121.0,45.0541,931348
DISALEXI,2018-07-01,South Coast,4,95.2725,99.0,60.0,131.0,47.9007,931469
DISALEXI,2018-08-01,South Coast,4,84.1601,86.0,49.0,118.0,45.0065,933453
DISALEXI,2018-09-01,South Coast,4,53.1221,54.0,22.0,80.0,35.2203,933377
DISALEXI,2018-10-01,South Coast,4,32.0727,32.0,10.0,49.0,23.5411,933354
DISALEXI,2018-11-01,South Coast,4,17.8406,17.0,4.0,28.0,14.7386,933452
DISALEXI,2018-12-01,South Coast,4,16.6861,16.0,8.0,24.0,11.2576,933226
DISALEXI,2019-01-01,South Coast,4,21.3255,21.0,15.0,27.0,10.2593,933364
DISALEXI,2019-02-01,South Coast,4,27.6558,28.0,22.0,33.0,9.125,925920
DISALEXI,2019-03-01,South Coast,4,50.9325,51.0,40.0,62.0,16.8652,915877
DISALEXI,2019-04-01,South Coast,4,68.9793,70.0,51.0,87.0,26.8544,915138
DISALEXI,2019-05-01,South Coast,4,75.367,76.0,56.0,95.0,28.829,922352
DISALEXI,2019-06-01,South Coast,4,89.5271,91.0,67.0,113.0,34.1064,931215
DISALEXI,2019-07-01,South Coast,4,87.1893,89.0,56.0,118.0,43.691,933261
DISALEXI,2019-08-01,South Coast,4,76.457,81.0,44.0,108.0,42.5414,929285
DISALEXI,2019-09-01,South Coast,4,51.9005,55.0,27.0,75.0,30.8109,933039
DISALEXI,2019-10-01,South Coast,4,33.5529,35.0,12.0,51.0,23.8504,933411
DISALEXI,2019-11-01,South Coast,4,20.0009,20.0,8.0,30.0,13.6707,929477
DISALEXI,2019-12-01,South Coast,4,16.5924,16.0,10.0,22.0,8.8833,929477
DISALEXI,2020-01-01,South Coast,4,26.0982,24.0,17.0,33.0,13.1988,927497
DISALEXI,2020-02-01,South Coast,4,38.7211,39.0,28.0,50.0,16.2217,929465
DISALEXI,2020-03-01,South Coast,4,47.2343,47.0,37.0,57.0,15.8235,933453
DISALEXI,2020-04-01,South Coast,4,75.6142,76.0,64.0,88.0,18.0506,933453
DISALEXI,2020-05-01,South Coast,4,98.8708,101.0,76.0,123.0,34.6089,933453
DISALEXI,2020-06-01,South Coast,4,84.5342,87.0,60.0,110.0,36.6017,933453
DISALEXI,2020-07-01,South Coast,4,87.6513,90.0,58.0,119.0,43.8915,932850
DISALEXI,2020-08-01,South Coast,4,85.6591,89.0,56.0,115.0,41.1028,933261
DISALEXI,2020-09-01,South Coast,4,60.7619,64.0,32.0,87.0,34.6091,933453
DISALEXI,2020-10-01,South Coast,4,36.6354,38.0,15.0,55.0,24.2267,933144
DISALEXI,2020-11-01,South Coast,4,18.1152,17.0,6.0,28.0,13.7824,933427
DISALEXI,2020-12-01,South Coast,4,11.7922,10.0,2.0,19.0,10.9708,929451
DISALEXI,2021-01-01,South Coast,4,19.6889,19.0,9.0,28.0,12.3828,929477
DISALEXI,2021-02-01,South Coast,4,31.8747,30.0,19.0,42.0,17.7209,933453
DISALEXI,2021-03-01,South Coast,4,49.3401,49.0,34.0,63.0,21.5499,933429
DISALEXI,2021-04-01,South Coast,4,67.8463,70.0,43.0,92.0,32.4583,933372
DISALEXI,2021-05-01,South Coast,4,79.9117,82.0,52.0,108.0,37.7739,931807
DISALEXI,2021-06-01,South Coast,4,88.1996,91.0,54.0,123.0,46.2152,929077
DISALEXI,2021-07-01,South Coast,4,87.4395,91.0,52.0,122.0,46.3646,929055
DISALEXI,2021-08-01,South Coast,4,75.2895,78.0,40.0,108.0,42.9898,919127
DISALEXI,2021-09-01,South Coast,4,50.7806,53.0,24.0,75.0,31.7099,931452
DISALEXI,2021-10-01,South Coast,4,29.213,28.0,12.0,43.0,20.6671,933260
DISALEXI,2021-11-01,South Coast,4,21.4045,21.0,5.0,33.0,16.7919,931475
DISALEXI,2021-12-01,South Coast,4,12.8135,11.0,4.0,19.0,10.5327,931390
DISALEXI,2022-01-01,South Coast,4,21.7336,22.0,12.0,30.0,12.4831,927317
DISALEXI,2022-02-01,South Coast,4,27.9442,27.0,16.0,38.0,15.0988,933167
DISALEXI,2022-03-01,South Coast,4,49.0791,50.0,32.0,65.0,23.0781,933438
DISALEXI,2022-04-01,South Coast,4,69.8312,73.0,49.0,92.0,30.7952,933329
DISALEXI,2022-05-01,South Coast,4,80.9787,85.0,51.0,112.0,41.1958,933428
DISALEXI,2022-06-01,South Coast,4,83.819,89.0,54.0,116.0,43.7326,933404
DISALEXI,2022-07-01,South Coast,4,83.484,86.0,49.0,117.0,45.8886,933407
DISALEXI,2022-08-01,South Coast,4,77.4432,81.0,45.0,109.0,42.7983,933453
DISALEXI,2022-09-01,South Coast,4,54.7656,54.0,24.0,82.0,36.0163,933453
DISALEXI,2022-10-01,South Coast,4,34.5123,36.0,16.0,51.0,21.6924,933453
DISALEXI,2022-11-01,South Coast,4,15.7317,15.0,5.0,24.0,12.1808,933453
DISALEXI,2022-12-01,South Coast,4,11.2829,11.0,4.0,16.0,8.3603,933452
DISALEXI,2023-01-01,South Coast,4,19.6384,19.0,14.0,25.0,8.2494,929280
DISALEXI,2023-02-01,South Coast,4,31.8249,31.0,24.0,39.0,12.2303,929476
DISALEXI,2023-03-01,South Coast,4,45.4582,45.0,36.0,55.0,15.351,927187
DISALEXI,2023-04-01,South Coast,4,87.5005,89.0,73.0,103.0,23.4462,930449
DISALEXI,2023-05-01,South Coast,4,91.7887,93.0,72.0,113.0,29.8617,791631
DISALEXI,2023-06-01,South Coast,4,86.4819,88.0,64.0,109.0,32.5794,928599
DISALEXI,2023-07-01,South Coast,4,97.8159,100.0,70.0,127.0,42.0221,933435
DISALEXI,2023-08-01,South Coast,4,78.2661,80.0,55.0,101.0,32.2304,933261
DISALEXI,2023-09-01,South Coast,4,51.385,52.0,35.0,67.0,23.3673,932993
DISALEXI,2023-10-01,South Coast,4,36.9822,38.0,20.0,53.0,21.6985,933245
DISALEXI,2023-11-01,South Coast,4,18.1077,18.0,7.0,27.0,13.002,933243
DISALEXI,2023-12-01,South Coast,4,13.9928,12.0,5.0,20.0,10.7792,933209
DISALEXI,2024-01-01,South Coast,4,20.8277,20.0,13.0,27.0,10.5806,928960
DISALEXI,2024-02-01,South Coast,4,33.3349,34.0,27.0,40.0,9.8981,928956
DISALEXI,2024-03-01,South Coast,4,63.021,63.0,52.0,73.0,16.4765,933430
DISALEXI,2024-04-01,South Coast,4,83.0219,83.0,71.0,95.0,18.8901,931470
DISALEXI,2024-05-01,South Coast,4,98.5641,100.0,78.0,120.0,31.4433,930715
DISALEXI,2024-06-01,South Coast,4,104.7318,107.0,80.0,131.0,37.7673,929062
DISALEXI,2024-07-01,South Coast,4,102.021,104.0,73.0,133.0,42.6862,929476
DISALEXI,2024-08-01,South Coast,4,75.0566,78.0,48.0,103.0,37.7686,933452
DISALEXI,2024-09-01,South Coast,4,57.1638,58.0,34.0,80.0,30.3413,931459
DISALEXI,2024-10-01,South Coast,4,35.2265,36.0,16.0,52.0,22.8294,931461
DISALEXI,2024-11-01,South Coast,4,13.5764,11.0,2.0,22.0,12.4376,933414
DISALEXI,2024-12-01,South Coast,4,12.9479,11.0,2.0,21.0,11.6272,933414
DISALEXI,2025-01-01,South Coast,4,17.9376,17.0,5.0,28.0,13.6304,933328
DISALEXI,2025-02-01,South Coast,4,30.0163,31.0,20.0,40.0,13.2531,933327
DISALEXI,2025-03-01,South Coast,4,48.0686,47.0,37.0,59.0,16.1972,933318
DISALEXI,2025-04-01,South Coast,4,72.5086,73.0,55.0,90.0,25.7287,933425
DISALEXI,2025-05-01,South Coast,4,83.0372,85.0,60.0,106.0,33.0918,933435
DISALEXI,2025-06-01,South Coast,4,86.8329,90.0,59.0,116.0,39.9162,932777
DISALEXI,2025-07-01,South Coast,4,83.4532,86.0,51.0,116.0,44.3625,932781
DISALEXI,2025-08-01,South Coast,4,80.1301,84.0,50.0,112.0,41.7846,933212
DISALEXI,2025-09-01,South Coast,4,48.8315,50.0,26.0,71.0,28.9916,933261
DISALEXI,2025-10-01,South Coast,4,33.9166,33.0,13.0,51.0,24.1258,933226
DISALEXI,2025-11-01,South Coast,4,19.6588,19.0,10.0,27.0,11.5945,933244
DISALEXI,2025-12-01,South Coast,4,18.3702,18.0,10.0,25.0,10.8017,933256
DISALEXI,2003-10-01,South Lahontan,9,40.3181,30.0,10.0,66.0,34.6753,335871
DISALEXI,2003-11-01,South Lahontan,9,17.1321,15.0,8.0,24.0,12.0929,328325
DISALEXI,2003-12-01,South Lahontan,9,11.4313,10.0,7.0,15.0,7.2066,305311
DISALEXI,2004-01-01,South Lahontan,9,15.1514,14.0,8.0,20.0,9.6033,304251
DISALEXI,2004-02-01,South Lahontan,9,21.4925,19.0,12.0,29.0,13.2748,304222
DISALEXI,2004-03-01,South Lahontan,9,54.4865,48.0,29.0,77.0,33.2709,312782
DISALEXI,2004-04-01,South Lahontan,9,64.4801,58.0,23.0,101.0,46.9656,335871
DISALEXI,2004-05-01,South Lahontan,9,78.8107,75.0,22.0,128.0,59.9515,335871
DISALEXI,2004-06-01,South Lahontan,9,93.4463,92.0,28.0,151.0,68.1843,335871
DISALEXI,2004-07-01,South Lahontan,9,91.3398,92.0,17.0,152.0,71.2637,335871
DISALEXI,2004-08-01,South Lahontan,9,79.9003,75.0,19.0,130.0,62.3699,335871
DISALEXI,2004-09-01,South Lahontan,9,54.6339,47.0,7.0,90.0,49.2032,335871
DISALEXI,2004-10-01,South Lahontan,9,34.9441,27.0,9.0,55.0,29.45,335871
DISALEXI,2004-11-01,South Lahontan,9,22.3342,20.0,13.0,30.0,13.2571,335849
DISALEXI,2004-12-01,South Lahontan,9,13.537,12.0,7.0,19.0,8.621,328919
DISALEXI,2005-01-01,South Lahontan,9,16.5783,16.0,11.0,22.0,7.95,301570
DISALEXI,2005-02-01,South Lahontan,9,25.6862,26.0,19.0,32.0,10.3243,303945
DISALEXI,2005-03-01,South Lahontan,9,51.7856,51.0,34.0,68.0,25.1486,305611
DISALEXI,2005-04-01,South Lahontan,9,71.5417,72.0,43.0,99.0,38.0381,324349
DISALEXI,2005-05-01,South Lahontan,9,95.5004,95.0,54.0,136.0,52.3348,335871
DISALEXI,2005-06-01,South Lahontan,9,99.0263,97.0,42.0,153.0,64.7677,335871
DISALEXI,2005-07-01,South Lahontan,9,113.6226,117.0,54.0,171.0,66.295,335871
DISALEXI,2005-08-01,South Lahontan,9,86.7781,86.0,31.0,137.0,58.4662,335871
DISALEXI,2005-09-01,South Lahontan,9,54.8452,50.0,16.0,90.0,41.1309,335871
DISALEXI,2005-10-01,South Lahontan,9,42.0328,37.0,20.0,63.0,26.9924,335869
DISALEXI,2005-11-01,South Lahontan,9,21.2426,19.0,7.0,32.0,16.1334,335869
DISALEXI,2005-12-01,South Lahontan,9,13.4784,12.0,6.0,19.0,9.8617,311089
DISALEXI,2006-01-01,South Lahontan,9,19.0818,17.0,10.0,26.0,12.9033,300681
DISALEXI,2006-02-01,South Lahontan,9,24.0137,20.0,11.0,35.0,16.7758,304537
DISALEXI,2006-03-01,South Lahontan,9,41.295,38.0,24.0,56.0,22.9173,305477
DISALEXI,2006-04-01,South Lahontan,9,67.2138,65.0,40.0,92.0,36.5342,335819
DISALEXI,2006-05-01,South Lahontan,9,101.8034,108.0,47.0,151.0,59.8615,335871
DISALEXI,2006-06-01,South Lahontan,9,101.2002,105.0,36.0,161.0,68.2534,335871
DISALEXI,2006-07-01,South Lahontan,9,110.8946,121.0,38.0,174.0,72.7291,335848
DISALEXI,2006-08-01,South Lahontan,9,91.993,94.0,21.0,153.0,69.3552,335848
DISALEXI,2006-09-01,South Lahontan,9,58.5784,53.0,17.0,95.0,45.0069,335871
DISALEXI,2006-10-01,South Lahontan,9,34.7187,30.0,10.0,55.0,27.9808,335865
DISALEXI,2006-11-01,South Lahontan,9,17.7456,13.0,3.0,28.0,16.9593,334949
DISALEXI,2006-12-01,South Lahontan,9,9.4286,6.0,2.0,14.0,10.4665,329774
DISALEXI,2007-01-01,South Lahontan,9,13.4141,10.0,5.0,19.0,11.3726,325938
DISALEXI,2007-02-01,South Lahontan,9,23.174,21.0,11.0,32.0,15.5668,328635
DISALEXI,2007-03-01,South Lahontan,9,48.7096,40.0,18.0,76.0,36.4148,330205
DISALEXI,2007-04-01,South Lahontan,9,68.1671,67.0,23.0,107.0,48.1649,330205
DISALEXI,2007-05-01,South Lahontan,9,86.2442,89.0,30.0,137.0,59.4122,335871
DISALEXI,2007-06-01,South Lahontan,9,95.6126,99.0,26.0,158.0,68.9694,335871
DISALEXI,2007-07-01,South Lahontan,9,99.1805,103.0,25.0,163.0,73.1035,335871
DISALEXI,2007-08-01,South Lahontan,9,83.2593,80.0,22.0,140.0,62.9616,335871
DISALEXI,2007-09-01,South Lahontan,9,53.8484,46.0,10.0,91.0,46.0619,335871
DISALEXI,2007-10-01,South Lahontan,9,38.0649,29.0,7.0,63.0,34.0134,335074
DISALEXI,2007-11-01,South Lahontan,9,20.0158,14.0,4.0,32.0,19.0186,324683
DISALEXI,2007-12-01,South Lahontan,9,14.5974,12.0,6.0,20.0,11.4313,289462
DISALEXI,2008-01-01,South Lahontan,9,16.7288,15.0,10.0,22.0,9.3875,290673
DISALEXI,2008-02-01,South Lahontan,9,25.2449,23.0,14.0,35.0,14.5035,304810
DISALEXI,2008-03-01,South Lahontan,9,50.7183,42.0,22.0,79.0,36.1822,305758
DISALEXI,2008-04-01,South Lahontan,9,68.5711,67.0,25.0,107.0,47.859,330205
DISALEXI,2008-05-01,South Lahontan,9,86.5882,89.0,35.0,134.0,56.7763,330205
DISALEXI,2008-06-01,South Lahontan,9,82.9672,80.0,19.0,136.0,63.7277,335871
DISALEXI,2008-07-01,South Lahontan,9,102.2225,112.0,25.0,165.0,72.7344,335871
DISALEXI,2008-08-01,South Lahontan,9,87.5605,87.0,23.0,144.0,64.189,335871
DISALEXI,2008-09-01,South Lahontan,9,51.7939,47.0,6.0,87.0,45.0636,335871
DISALEXI,2008-10-01,South Lahontan,9,27.6605,19.0,2.0,45.0,28.1088,335871
DISALEXI,2008-11-01,South Lahontan,9,19.2717,16.0,7.0,28.0,15.7753,335870
DISALEXI,2008-12-01,South Lahontan,9,14.5773,14.0,8.0,20.0,8.0022,316682
DISALEXI,2009-01-01,South Lahontan,9,15.6899,14.0,6.0,22.0,11.493,319852
DISALEXI,2009-02-01,South Lahontan,9,20.751,19.0,11.0,29.0,12.323,321545
DISALEXI,2009-03-01,South Lahontan,9,42.3687,37.0,17.0,63.0,30.5824,327850
DISALEXI,2009-04-01,South Lahontan,9,61.7052,58.0,22.0,99.0,44.3269,330205
DISALEXI,2009-05-01,South Lahontan,9,86.6406,86.0,27.0,139.0,62.1812,335871
DISALEXI,2009-06-01,South Lahontan,9,66.7743,64.0,16.0,107.0,52.7716,335780
DISALEXI,2009-07-01,South Lahontan,9,92.9863,94.0,23.0,154.0,69.8789,335871
DISALEXI,2009-08-01,South Lahontan,9,76.3351,72.0,13.0,133.0,62.2145,335871
DISALEXI,2009-09-01,South Lahontan,9,50.9871,43.0,9.0,84.0,44.4148,335871
DISALEXI,2009-10-01,South Lahontan,9,29.6105,23.0,4.0,48.0,28.3275,335871
DISALEXI,2009-11-01,South Lahontan,9,16.2203,11.0,2.0,26.0,16.5875,335871
DISALEXI,2009-12-01,South Lahontan,9,11.1534,9.0,4.0,16.0,9.6482,316134
DISALEXI,2010-01-01,South Lahontan,9,16.4587,15.0,9.0,22.0,9.7376,258197
DISALEXI,2010-02-01,South Lahontan,9,26.7113,26.0,18.0,35.0,12.0256,304314
DISALEXI,2010-03-01,South Lahontan,9,50.7683,47.0,32.0,68.0,27.0872,305515
DISALEXI,2010-04-01,South Lahontan,9,70.7722,68.0,38.0,103.0,43.308,335871
DISALEXI,2010-05-01,South Lahontan,9,87.9541,87.0,40.0,134.0,56.2697,335871
DISALEXI,2010-06-01,South Lahontan,9,94.5312,92.0,34.0,150.0,66.615,335871
DISALEXI,2010-07-01,South Lahontan,9,104.9118,106.0,35.0,168.0,71.3898,335871
DISALEXI,2010-08-01,South Lahontan,9,81.4127,77.0,17.0,141.0,64.6201,335871
DISALEXI,2010-09-01,South Lahontan,9,50.2933,41.0,5.0,88.0,45.9695,335871
DISALEXI,2010-10-01,South Lahontan,9,39.6804,33.0,14.0,58.0,31.9299,335006
DISALEXI,2010-11-01,South Lahontan,9,18.7973,18.0,9.0,27.0,12.3965,335004
DISALEXI,2010-12-01,South Lahontan,9,12.306,12.0,9.0,16.0,5.1827,305466
DISALEXI,2011-01-01,South Lahontan,9,17.5316,17.0,10.0,24.0,10.4365,304505
DISALEXI,2011-02-01,South Lahontan,9,26.0394,25.0,16.0,35.0,14.3222,304542
DISALEXI,2011-03-01,South Lahontan,9,48.0566,45.0,30.0,65.0,24.2477,305636
DISALEXI,2011-04-01,South Lahontan,9,77.9899,77.0,49.0,105.0,39.9865,335825
DISALEXI,2011-05-01,South Lahontan,9,88.2502,92.0,42.0,131.0,53.8822,335871
DISALEXI,2011-06-01,South Lahontan,9,95.8373,100.0,31.0,153.0,65.4621,335871
DISALEXI,2011-07-01,South Lahontan,9,95.2568,102.0,23.0,160.0,70.3295,335871
DISALEXI,2011-08-01,South Lahontan,9,83.7561,85.0,21.0,139.0,63.0508,335871
DISALEXI,2011-09-01,South Lahontan,9,59.5356,55.0,12.0,101.0,49.0591,335871
DISALEXI,2011-10-01,South Lahontan,9,39.7591,35.0,10.0,65.0,32.0652,335871
DISALEXI,2011-11-01,South Lahontan,9,17.7379,15.0,6.0,27.0,14.3034,330149
DISALEXI,2011-12-01,South Lahontan,9,11.2968,8.0,2.0,18.0,11.2096,303007
DISALEXI,2012-01-01,South Lahontan,9,16.6898,13.0,6.0,25.0,13.6315,271728
DISALEXI,2012-02-01,South Lahontan,9,28.3657,25.0,14.0,41.0,18.5196,293585
DISALEXI,2012-03-01,South Lahontan,9,53.0203,47.0,27.0,79.0,32.9988,296898
DISALEXI,2012-04-01,South Lahontan,9,73.4068,71.0,35.0,110.0,46.385,327090
DISALEXI,2012-05-01,South Lahontan,9,85.9198,86.0,25.0,141.0,62.8217,328725
DISALEXI,2012-06-01,South Lahontan,9,88.0588,85.0,16.0,150.0,71.6043,335218
DISALEXI,2012-07-01,South Lahontan,9,85.4881,83.0,11.0,148.0,70.9455,335036
DISALEXI,2012-08-01,South Lahontan,9,86.0752,81.0,20.0,144.0,67.074,335863
DISALEXI,2012-09-01,South Lahontan,9,60.7235,54.0,11.0,104.0,51.2447,335370
DISALEXI,2012-10-01,South Lahontan,9,36.5133,29.0,6.0,61.0,33.2138,332831
DISALEXI,2012-11-01,South Lahontan,9,17.4296,14.0,3.0,27.0,16.8254,302636
DISALEXI,2012-12-01,South Lahontan,9,13.0235,10.0,3.0,19.0,11.8211,298248
DISALEXI,2013-01-01,South Lahontan,9,15.2366,13.0,5.0,23.0,12.1874,297004
DISALEXI,2013-02-01,South Lahontan,9,23.2271,19.0,8.0,35.0,18.4549,306040
DISALEXI,2013-03-01,South Lahontan,9,44.5307,34.0,13.0,73.0,37.1802,312556
DISALEXI,2013-04-01,South Lahontan,9,68.2974,64.0,14.0,113.0,54.5395,335871
DISALEXI,2013-05-01,South Lahontan,9,77.1642,75.0,13.0,129.0,61.9105,335871
DISALEXI,2013-06-01,South Lahontan,9,82.0787,84.0,10.0,139.0,65.471,335871
DISALEXI,2013-07-01,South Lahontan,9,83.2006,84.0,18.0,139.0,63.3453,335871
DISALEXI,2013-08-01,South Lahontan,9,71.3244,67.0,13.0,121.0,57.8319,335871
DISALEXI,2013-09-01,South Lahontan,9,55.4636,52.0,10.0,93.0,45.9507,335871
DISALEXI,2013-10-01,South Lahontan,9,28.4178,19.0,3.0,46.0,28.8494,335871
DISALEXI,2013-11-01,South Lahontan,9,14.7918,10.0,3.0,23.0,14.739,335871
DISALEXI,2013-12-01,South Lahontan,9,11.2967,9.0,3.0,17.0,9.8952,327284
DISALEXI,2014-01-01,South Lahontan,9,12.6478,9.0,3.0,19.0,11.6232,334610
DISALEXI,2014-02-01,South Lahontan,9,24.2416,19.0,9.0,36.0,19.2515,335857
DISALEXI,2014-03-01,South Lahontan,9,47.0597,39.0,19.0,72.0,34.1451,335871
DISALEXI,2014-04-01,South Lahontan,9,72.415,66.0,30.0,115.0,49.2965,335871
DISALEXI,2014-05-01,South Lahontan,9,76.1556,73.0,17.0,126.0,59.509,335871
DISALEXI,2014-06-01,South Lahontan,9,91.9161,92.0,24.0,149.0,68.4936,335871
DISALEXI,2014-07-01,South Lahontan,9,108.2916,109.0,43.0,169.0,69.6273,335871
DISALEXI,2014-08-01,South Lahontan,9,77.1808,73.0,18.0,128.0,60.7212,335871
DISALEXI,2014-09-01,South Lahontan,9,61.8186,54.0,12.0,104.0,52.1488,335871
DISALEXI,2014-10-01,South Lahontan,9,34.1999,24.0,4.0,58.0,33.4732,335871
DISALEXI,2014-11-01,South Lahontan,9,16.2827,11.0,3.0,26.0,16.0262,335869
DISALEXI,2014-12-01,South Lahontan,9,11.1503,11.0,6.0,16.0,7.2379,335868
DISALEXI,2015-01-01,South Lahontan,9,13.9034,13.0,5.0,21.0,10.602,335794
DISALEXI,2015-02-01,South Lahontan,9,24.4957,20.0,8.0,39.0,19.6716,335829
DISALEXI,2015-03-01,South Lahontan,9,42.8072,32.0,11.0,72.0,36.8115,335871
DISALEXI,2015-04-01,South Lahontan,9,56.365,43.0,13.0,96.0,47.8375,335871
DISALEXI,2015-05-01,South Lahontan,9,65.9233,57.0,18.0,107.0,52.9049,335871
DISALEXI,2015-06-01,South Lahontan,9,71.5431,69.0,11.0,124.0,58.8941,335871
DISALEXI,2015-07-01,South Lahontan,9,62.8166,55.0,7.0,112.0,55.3261,335871
DISALEXI,2015-08-01,South Lahontan,9,64.2998,57.0,7.0,113.0,57.0391,335871
DISALEXI,2015-09-01,South Lahontan,9,58.8656,49.0,14.0,97.0,49.1892,335871
DISALEXI,2015-10-01,South Lahontan,9,36.6786,31.0,11.0,58.0,29.702,329822
DISALEXI,2015-11-01,South Lahontan,9,13.0461,10.0,3.0,21.0,11.9361,335871
DISALEXI,2015-12-01,South Lahontan,9,10.7986,9.0,3.0,17.0,9.1448,335484
DISALEXI,2016-01-01,South Lahontan,9,14.2825,12.0,7.0,19.0,10.7235,304228
DISALEXI,2016-02-01,South Lahontan,9,30.9375,27.0,16.0,42.0,20.3161,329044
DISALEXI,2016-03-01,South Lahontan,9,49.0835,41.0,20.0,76.0,36.3266,330198
DISALEXI,2016-04-01,South Lahontan,9,60.9279,56.0,20.0,96.0,45.6703,335864
DISALEXI,2016-05-01,South Lahontan,9,72.0804,72.0,17.0,118.0,55.2274,335871
DISALEXI,2016-06-01,South Lahontan,9,83.857,78.0,22.0,138.0,64.5168,335871
DISALEXI,2016-07-01,South Lahontan,9,81.5301,83.0,13.0,138.0,65.4101,335871
DISALEXI,2016-08-01,South Lahontan,9,65.9548,56.0,10.0,111.0,58.2183,335871
DISALEXI,2016-09-01,South Lahontan,9,48.2361,38.0,2.0,86.0,46.4352,335871
DISALEXI,2016-10-01,South Lahontan,9,29.852,20.0,4.0,51.0,29.278,335871
DISALEXI,2016-11-01,South Lahontan,9,13.9972,9.0,2.0,21.0,15.0836,335871
DISALEXI,2016-12-01,South Lahontan,9,10.4362,9.0,4.0,15.0,8.0672,335867
DISALEXI,2017-01-01,South Lahontan,9,14.7014,15.0,9.0,20.0,7.2905,305517
DISALEXI,2017-02-01,South Lahontan,9,22.0518,21.0,13.0,30.0,12.8843,301413
DISALEXI,2017-03-01,South Lahontan,9,59.5543,53.0,34.0,81.0,35.0507,297617
DISALEXI,2017-04-01,South Lahontan,9,76.5897,74.0,41.0,111.0,43.7224,335745
DISALEXI,2017-05-01,South Lahontan,9,88.0785,91.0,35.0,136.0,56.8155,335870
DISALEXI,2017-06-01,South Lahontan,9,108.9127,124.0,37.0,170.0,70.5642,335871
DISALEXI,2017-07-01,South Lahontan,9,95.0229,101.0,31.0,148.0,64.8711,335871
DISALEXI,2017-08-01,South Lahontan,9,75.513,81.0,14.0,125.0,57.5947,335868
DISALEXI,2017-09-01,South Lahontan,9,59.6508,63.0,14.0,97.0,43.5753,335232
DISALEXI,2017-10-01,South Lahontan,9,32.9703,27.0,5.0,52.0,29.6872,335232
DISALEXI,2017-11-01,South Lahontan,9,20.7606,17.0,6.0,31.0,17.5118,330205
DISALEXI,2017-12-01,South Lahontan,9,10.5239,8.0,3.0,16.0,9.5857,335820
DISALEXI,2018-01-01,South Lahontan,9,17.2815,16.0,9.0,24.0,11.3511,327981
DISALEXI,2018-02-01,South Lahontan,9,25.6779,23.0,12.0,37.0,17.227,328027
DISALEXI,2018-03-01,South Lahontan,9,37.8654,35.0,24.0,51.0,20.2247,326127
DISALEXI,2018-04-01,South Lahontan,9,69.1226,66.0,33.0,102.0,43.3708,330205
DISALEXI,2018-05-01,South Lahontan,9,84.2359,90.0,25.0,137.0,58.0727,335807
DISALEXI,2018-06-01,South Lahontan,9,93.0172,101.0,18.0,154.0,69.5848,335871
DISALEXI,2018-07-01,South Lahontan,9,105.2277,111.0,31.0,170.0,72.9434,335871
DISALEXI,2018-08-01,South Lahontan,9,78.6308,78.0,20.0,126.0,59.4056,335871
DISALEXI,2018-09-01,South Lahontan,9,50.1485,42.0,9.0,81.0,44.5199,335871
DISALEXI,2018-10-01,South Lahontan,9,27.6504,20.0,3.0,46.0,27.2637,335871
DISALEXI,2018-11-01,South Lahontan,9,12.7853,8.0,2.0,20.0,13.402,335867
DISALEXI,2018-12-01,South Lahontan,9,14.1663,13.0,7.0,21.0,9.5061,305419
DISALEXI,2019-01-01,South Lahontan,9,14.2265,14.0,9.0,19.0,6.9448,305426
DISALEXI,2019-02-01,South Lahontan,9,18.891,18.0,12.0,25.0,9.4228,303538
DISALEXI,2019-03-01,South Lahontan,9,43.0009,41.0,27.0,56.0,22.2376,301810
DISALEXI,2019-04-01,South Lahontan,9,72.4395,68.0,43.0,102.0,38.9089,334116
DISALEXI,2019-05-01,South Lahontan,9,78.6098,81.0,35.0,118.0,46.944,335871
DISALEXI,2019-06-01,South Lahontan,9,92.851,99.0,29.0,146.0,63.5529,335871
DISALEXI,2019-07-01,South Lahontan,9,90.7828,94.0,26.0,145.0,64.8139,335870
DISALEXI,2019-08-01,South Lahontan,9,80.4713,80.0,19.0,133.0,60.1312,335870
DISALEXI,2019-09-01,South Lahontan,9,58.834,57.0,16.0,96.0,43.737,335871
DISALEXI,2019-10-01,South Lahontan,9,30.1595,23.0,7.0,47.0,26.9385,330205
DISALEXI,2019-11-01,South Lahontan,9,13.5449,10.0,4.0,20.0,12.2718,330205
DISALEXI,2019-12-01,South Lahontan,9,12.9815,13.0,9.0,17.0,6.2068,311212
DISALEXI,2020-01-01,South Lahontan,9,18.5429,18.0,10.0,25.0,11.032,321642
DISALEXI,2020-02-01,South Lahontan,9,27.195,25.0,14.0,37.0,17.066,330184
DISALEXI,2020-03-01,South Lahontan,9,39.8145,36.0,23.0,53.0,23.6626,330142
DISALEXI,2020-04-01,South Lahontan,9,66.5002,66.0,46.0,87.0,29.1024,330205
DISALEXI,2020-05-01,South Lahontan,9,94.7423,92.0,50.0,137.0,54.4699,335871
DISALEXI,2020-06-01,South Lahontan,9,81.2606,75.0,28.0,126.0,59.0499,335871
DISALEXI,2020-07-01,South Lahontan,9,89.7467,83.0,32.0,143.0,64.0122,335871
DISALEXI,2020-08-01,South Lahontan,9,76.6752,74.0,26.0,122.0,54.6117,335871
DISALEXI,2020-09-01,South Lahontan,9,59.9354,53.0,19.0,98.0,45.4956,335871
DISALEXI,2020-10-01,South Lahontan,9,35.0409,29.0,9.0,58.0,28.8591,335871
DISALEXI,2020-11-01,South Lahontan,9,11.6851,8.0,1.0,19.0,12.405,335869
DISALEXI,2020-12-01,South Lahontan,9,8.5763,6.0,1.0,13.0,9.0655,330184
DISALEXI,2021-01-01,South Lahontan,9,13.1091,11.0,5.0,19.0,10.1522,329028
DISALEXI,2021-02-01,South Lahontan,9,24.2323,19.0,11.0,32.0,18.438,306462
DISALEXI,2021-03-01,South Lahontan,9,34.704,28.0,14.0,48.0,27.4079,326057
DISALEXI,2021-04-01,South Lahontan,9,59.3597,49.0,21.0,92.0,46.0978,330205
DISALEXI,2021-05-01,South Lahontan,9,71.9347,61.0,17.0,121.0,58.85,330205
DISALEXI,2021-06-01,South Lahontan,9,83.059,73.0,22.0,137.0,66.5071,335871
DISALEXI,2021-07-01,South Lahontan,9,81.0733,67.0,20.0,135.0,66.8976,335871
DISALEXI,2021-08-01,South Lahontan,9,66.6714,55.0,10.0,114.0,59.1118,335871
DISALEXI,2021-09-01,South Lahontan,9,49.7099,36.0,7.0,88.0,47.0187,335871
DISALEXI,2021-10-01,South Lahontan,9,22.6315,15.0,6.0,34.0,21.7926,335871
DISALEXI,2021-11-01,South Lahontan,9,15.5488,11.0,3.0,24.0,14.9491,335871
DISALEXI,2021-12-01,South Lahontan,9,9.7304,8.0,3.0,14.0,8.4304,335772
DISALEXI,2022-01-01,South Lahontan,9,18.2172,17.0,10.0,25.0,10.9908,304531
DISALEXI,2022-02-01,South Lahontan,9,21.0231,18.0,9.0,29.0,17.0395,304534
DISALEXI,2022-03-01,South Lahontan,9,36.6646,31.0,16.0,51.0,26.7753,310948
DISALEXI,2022-04-01,South Lahontan,9,62.1571,52.0,30.0,96.0,42.0209,335871
DISALEXI,2022-05-01,South Lahontan,9,73.7121,59.0,19.0,124.0,60.1108,335871
DISALEXI,2022-06-01,South Lahontan,9,64.4959,50.0,13.0,108.0,55.8949,335871
DISALEXI,2022-07-01,South Lahontan,9,81.5522,66.0,16.0,144.0,68.7389,335871
DISALEXI,2022-08-01,South Lahontan,9,67.8007,60.0,16.0,112.0,55.4506,335871
DISALEXI,2022-09-01,South Lahontan,9,50.7728,41.0,10.0,89.0,43.8441,335871
DISALEXI,2022-10-01,South Lahontan,9,26.5885,17.0,3.0,42.0,28.5516,335871
DISALEXI,2022-11-01,South Lahontan,9,10.4633,7.0,1.0,16.0,10.9813,335871
DISALEXI,2022-12-01,South Lahontan,9,9.7639,8.0,3.0,15.0,7.7477,305521
DISALEXI,2023-01-01,South Lahontan,9,14.5246,15.0,9.0,19.0,7.1928,301288
DISALEXI,2023-02-01,South Lahontan,9,22.5313,22.0,13.0,31.0,12.3487,301288
DISALEXI,2023-03-01,South Lahontan,9,42.5377,41.0,30.0,53.0,17.6727,303150
DISALEXI,2023-04-01,South Lahontan,9,70.9501,68.0,44.0,94.0,38.0237,305619
DISALEXI,2023-05-01,South Lahontan,9,86.2372,86.0,45.0,125.0,49.297,335784
DISALEXI,2023-06-01,South Lahontan,9,86.9286,90.0,31.0,135.0,58.3438,335840
DISALEXI,2023-07-01,South Lahontan,9,94.1775,92.0,37.0,144.0,63.9778,335848
DISALEXI,2023-08-01,South Lahontan,9,76.1941,74.0,33.0,113.0,48.8494,335859
DISALEXI,2023-09-01,South Lahontan,9,60.9998,61.0,33.0,88.0,34.9488,335836
DISALEXI,2023-10-01,South Lahontan,9,41.083,39.0,16.0,61.0,28.736,335764
DISALEXI,2023-11-01,South Lahontan,9,14.3205,12.0,4.0,22.0,11.8157,335694
DISALEXI,2023-12-01,South Lahontan,9,12.0428,11.0,6.0,17.0,8.1425,333486
DISALEXI,2024-01-01,South Lahontan,9,18.4413,18.0,12.0,24.0,9.2257,305276
DISALEXI,2024-02-01,South Lahontan,9,29.0574,28.0,22.0,36.0,10.7051,305286
DISALEXI,2024-03-01,South Lahontan,9,48.5655,49.0,37.0,61.0,17.6476,305611
DISALEXI,2024-04-01,South Lahontan,9,71.8028,72.0,54.0,90.0,27.1357,330106
DISALEXI,2024-05-01,South Lahontan,9,93.535,92.0,48.0,139.0,51.2392,335645
DISALEXI,2024-06-01,South Lahontan,9,103.2408,101.0,47.0,155.0,61.4529,335680
DISALEXI,2024-07-01,South Lahontan,9,94.9868,92.0,42.0,143.0,59.8097,335867
DISALEXI,2024-08-01,South Lahontan,9,68.0807,59.0,23.0,109.0,49.9842,330205
DISALEXI,2024-09-01,South Lahontan,9,49.2818,40.0,11.0,84.0,41.6864,330205
DISALEXI,2024-10-01,South Lahontan,9,28.5729,21.0,7.0,43.0,26.4678,335871
DISALEXI,2024-11-01,South Lahontan,9,11.2997,7.0,2.0,17.0,12.3857,335871
DISALEXI,2024-12-01,South Lahontan,9,8.4516,5.0,1.0,12.0,9.1169,329066
DISALEXI,2025-01-01,South Lahontan,9,11.5844,9.0,4.0,16.0,10.2939,328080
DISALEXI,2025-02-01,South Lahontan,9,24.1067,23.0,15.0,31.0,13.2242,328770
DISALEXI,2025-03-01,South Lahontan,9,39.361,36.0,24.0,50.0,22.9149,328959
DISALEXI,2025-04-01,South Lahontan,9,60.0407,54.0,30.0,86.0,36.8006,330205
DISALEXI,2025-05-01,South Lahontan,9,77.8354,73.0,31.0,122.0,52.4669,335869
DISALEXI,2025-06-01,South Lahontan,9,79.483,76.0,17.0,133.0,62.6473,335869
DISALEXI,2025-07-01,South Lahontan,9,82.9947,79.0,23.0,136.0,62.8474,335871
DISALEXI,2025-08-01,South Lahontan,9,69.8549,60.0,20.0,113.0,55.4836,335871
DISALEXI,2025-09-01,South Lahontan,9,42.5314,37.0,10.0,68.0,35.2678,335871
DISALEXI,2025-10-01,South Lahontan,9,33.6119,28.0,11.0,50.0,27.1044,335871
DISALEXI,2025-11-01,South Lahontan,9,17.7486,16.0,9.0,25.0,11.6022,330193
DISALEXI,2025-12-01,South Lahontan,9,15.4769,15.0,9.0,21.0,8.5867,329116
DISALEXI,2003-10-01,Tulare Lake,7,52.2816,54.0,24.0,78.0,30.8121,14209901
DISALEXI,2003-11-01,Tulare Lake,7,22.9229,21.0,11.0,34.0,13.8851,14045140
DISALEXI,2003-12-01,Tulare Lake,7,15.1861,15.0,11.0,19.0,5.6955,13138009
DISALEXI,2004-01-01,Tulare Lake,7,25.2923,25.0,21.0,30.0,6.9084,12309481
DISALEXI,2004-02-01,Tulare Lake,7,31.5749,31.0,25.0,38.0,9.9606,12992182
DISALEXI,2004-03-01,Tulare Lake,7,75.3641,70.0,53.0,97.0,28.0816,14205868
DISALEXI,2004-04-01,Tulare Lake,7,82.4605,75.0,43.0,120.0,47.3594,14213695
DISALEXI,2004-05-01,Tulare Lake,7,91.5726,86.4978,42.4973,138.4997,57.4838,14214052
DISALEXI,2004-06-01,Tulare Lake,7,125.4493,134.5021,74.5001,174.4985,63.2525,14213413
DISALEXI,2004-07-01,Tulare Lake,7,135.5974,152.5031,78.4971,192.5005,67.8289,14214035
DISALEXI,2004-08-01,Tulare Lake,7,119.6165,131.0,62.0,176.0,62.8238,14214045
DISALEXI,2004-09-01,Tulare Lake,7,74.5457,82.0,31.0,114.0,45.0692,14211527
DISALEXI,2004-10-01,Tulare Lake,7,46.0788,45.0,24.0,66.0,25.7408,14211140
DISALEXI,2004-11-01,Tulare Lake,7,29.2419,28.0,15.0,41.0,18.2933,10527205
DISALEXI,2004-12-01,Tulare Lake,7,20.3823,21.0,12.0,28.0,10.5307,6264033
DISALEXI,2005-01-01,Tulare Lake,7,25.4728,26.0,20.0,31.0,13.4173,11560877
DISALEXI,2005-02-01,Tulare Lake,7,39.1897,39.0,32.0,46.0,12.7363,13515986
DISALEXI,2005-03-01,Tulare Lake,7,63.3475,63.0,49.0,77.0,18.5585,13053055
DISALEXI,2005-04-01,Tulare Lake,7,80.9879,77.0,53.0,109.0,35.5166,14211249
DISALEXI,2005-05-01,Tulare Lake,7,101.1282,98.0,61.0,139.0,48.1501,14213431
DISALEXI,2005-06-01,Tulare Lake,7,118.5301,118.4983,78.5044,160.502,54.0057,14213477
DISALEXI,2005-07-01,Tulare Lake,7,147.8102,162.5042,102.5028,192.4993,57.317,14213830
DISALEXI,2005-08-01,Tulare Lake,7,122.6709,136.5051,66.4958,176.5063,60.5238,14214016
DISALEXI,2005-09-01,Tulare Lake,7,78.3124,84.0,38.0,117.0,43.9679,14213248
DISALEXI,2005-10-01,Tulare Lake,7,49.8747,52.0,25.0,72.0,28.2163,14208308
DISALEXI,2005-11-01,Tulare Lake,7,24.6632,23.0,12.0,37.0,15.4269,14162167
DISALEXI,2005-12-01,Tulare Lake,7,16.919,16.0,9.0,24.0,9.8137,13799008
DISALEXI,2006-01-01,Tulare Lake,7,25.8733,26.0,20.0,32.0,8.3153,14183227
DISALEXI,2006-02-01,Tulare Lake,7,37.9917,37.0,28.0,49.0,14.8803,14207055
DISALEXI,2006-03-01,Tulare Lake,7,49.9992,49.0,37.0,62.0,17.6899,13545006
DISALEXI,2006-04-01,Tulare Lake,7,79.2934,78.0,54.0,104.0,32.6256,14185209
DISALEXI,2006-05-01,Tulare Lake,7,111.7869,108.4998,68.4982,154.5015,52.9192,14205513
DISALEXI,2006-06-01,Tulare Lake,7,130.6081,134.4998,90.5013,170.4988,53.8486,14206284
DISALEXI,2006-07-01,Tulare Lake,7,145.4704,158.5027,96.4994,194.4995,59.7857,14206255
DISALEXI,2006-08-01,Tulare Lake,7,119.5524,126.5047,62.4994,174.5002,62.6414,14213711
DISALEXI,2006-09-01,Tulare Lake,7,80.9741,86.5,34.4923,120.4993,47.0301,14213396
DISALEXI,2006-10-01,Tulare Lake,7,42.1256,44.0,18.0,63.0,26.0876,14204024
DISALEXI,2006-11-01,Tulare Lake,7,22.1491,21.0,9.0,34.0,15.4204,14203326
DISALEXI,2006-12-01,Tulare Lake,7,14.4059,13.0,7.0,21.0,9.3094,14203790
DISALEXI,2007-01-01,Tulare Lake,7,21.0982,20.0,12.0,29.0,11.8607,14200748
DISALEXI,2007-02-01,Tulare Lake,7,29.6614,28.0,19.0,40.0,14.0417,14211888
DISALEXI,2007-03-01,Tulare Lake,7,64.5016,58.0,38.0,92.0,33.4189,14213145
DISALEXI,2007-04-01,Tulare Lake,7,74.5571,68.0,38.0,110.0,43.151,14213376
DISALEXI,2007-05-01,Tulare Lake,7,99.0569,96.5024,48.4982,146.4956,59.2848,14213690
DISALEXI,2007-06-01,Tulare Lake,7,115.8506,122.5002,66.5011,164.4992,61.7594,14214001
DISALEXI,2007-07-01,Tulare Lake,7,125.8755,140.5033,70.4988,180.4986,65.4309,14213605
DISALEXI,2007-08-01,Tulare Lake,7,112.7226,122.5032,56.4952,164.4989,60.6956,14214006
DISALEXI,2007-09-01,Tulare Lake,7,75.9904,81.0,38.0,112.0,41.5958,14213829
DISALEXI,2007-10-01,Tulare Lake,7,39.9731,40.0,14.0,62.0,26.999,13846897
DISALEXI,2007-11-01,Tulare Lake,7,30.1017,29.0,13.0,46.0,19.4291,10682109
DISALEXI,2007-12-01,Tulare Lake,7,17.7275,17.0,12.0,23.0,8.1422,9701559
DISALEXI,2008-01-01,Tulare Lake,7,21.403,21.0,16.0,27.0,8.1193,12109372
DISALEXI,2008-02-01,Tulare Lake,7,39.5447,38.0,28.0,51.0,14.7196,14212865
DISALEXI,2008-03-01,Tulare Lake,7,65.8434,62.0,41.0,91.0,31.1013,14213517
DISALEXI,2008-04-01,Tulare Lake,7,78.3515,73.0,39.0,115.0,46.4507,14213765
DISALEXI,2008-05-01,Tulare Lake,7,94.8433,95.0,53.0,136.0,51.1945,14213894
DISALEXI,2008-06-01,Tulare Lake,7,109.865,114.504,60.5009,156.4977,61.2322,14212770
DISALEXI,2008-07-01,Tulare Lake,7,121.0821,132.5038,66.5003,174.4996,64.406,14207784
DISALEXI,2008-08-01,Tulare Lake,7,104.5345,109.0,45.0,159.0,63.6933,14214054
DISALEXI,2008-09-01,Tulare Lake,7,72.6689,74.0,28.0,114.0,47.2858,14214055
DISALEXI,2008-10-01,Tulare Lake,7,38.4058,38.0,13.0,61.0,26.6383,14212214
DISALEXI,2008-11-01,Tulare Lake,7,26.0178,26.0,12.0,40.0,15.8831,14207460
DISALEXI,2008-12-01,Tulare Lake,7,20.6116,20.0,12.0,29.0,10.3179,13454616
DISALEXI,2009-01-01,Tulare Lake,7,25.4122,25.0,17.0,34.0,11.3839,13901309
DISALEXI,2009-02-01,Tulare Lake,7,31.432,31.0,24.0,39.0,10.4228,14209282
DISALEXI,2009-03-01,Tulare Lake,7,61.3337,57.0,38.0,85.0,29.0378,14213890
DISALEXI,2009-04-01,Tulare Lake,7,74.5362,68.0,34.0,114.0,47.6194,14213965
DISALEXI,2009-05-01,Tulare Lake,7,91.0536,94.5033,40.4974,136.5,56.4021,14213895
DISALEXI,2009-06-01,Tulare Lake,7,95.6425,100.0,42.0,144.0,59.7903,14207833
DISALEXI,2009-07-01,Tulare Lake,7,119.1091,130.5011,54.4973,176.5007,68.6791,14209826
DISALEXI,2009-08-01,Tulare Lake,7,93.0913,98.0,36.0,145.0,59.7808,14212341
DISALEXI,2009-09-01,Tulare Lake,7,65.6363,66.0,23.0,105.0,44.929,14209600
DISALEXI,2009-10-01,Tulare Lake,7,38.4573,38.0,14.0,61.0,26.6463,14213432
DISALEXI,2009-11-01,Tulare Lake,7,21.1257,20.0,6.0,35.0,16.3844,14209491
DISALEXI,2009-12-01,Tulare Lake,7,15.2076,15.0,7.0,23.0,9.7337,14181972
DISALEXI,2010-01-01,Tulare Lake,7,25.4868,25.0,20.0,31.0,8.6956,9784474
DISALEXI,2010-02-01,Tulare Lake,7,36.6756,36.0,30.0,44.0,9.8032,13409034
DISALEXI,2010-03-01,Tulare Lake,7,70.9178,70.0,52.0,90.0,24.3401,12873978
DISALEXI,2010-04-01,Tulare Lake,7,86.7637,84.0,59.0,116.0,34.2399,14212913
DISALEXI,2010-05-01,Tulare Lake,7,95.6725,93.0,56.0,133.0,48.3337,14213827
DISALEXI,2010-06-01,Tulare Lake,7,108.4859,108.4982,60.4997,154.4982,59.835,14214022
DISALEXI,2010-07-01,Tulare Lake,7,132.0332,144.5016,70.496,186.4995,66.9775,14214032
DISALEXI,2010-08-01,Tulare Lake,7,111.2716,120.0,53.0,164.0,61.329,14214033
DISALEXI,2010-09-01,Tulare Lake,7,75.782,80.0,29.0,118.0,47.5426,14171566
DISALEXI,2010-10-01,Tulare Lake,7,49.3036,52.0,23.0,73.0,28.3719,14168553
DISALEXI,2010-11-01,Tulare Lake,7,28.2944,28.0,18.0,38.0,12.4992,14195432
DISALEXI,2010-12-01,Tulare Lake,7,16.5947,16.0,14.0,19.0,4.9011,14205458
DISALEXI,2011-01-01,Tulare Lake,7,27.6449,27.0,22.0,33.0,8.7854,14165490
DISALEXI,2011-02-01,Tulare Lake,7,37.693,37.0,27.0,49.0,14.4754,14185744
DISALEXI,2011-03-01,Tulare Lake,7,54.9342,54.0,40.0,70.0,19.6056,14146082
DISALEXI,2011-04-01,Tulare Lake,7,78.0491,74.0,50.0,105.0,35.4541,14201352
DISALEXI,2011-05-01,Tulare Lake,7,89.4763,86.5008,48.4992,128.4973,49.4324,14203236
DISALEXI,2011-06-01,Tulare Lake,7,112.4334,114.5016,72.5008,152.4964,52.032,14206359
DISALEXI,2011-07-01,Tulare Lake,7,140.1296,152.5022,86.4982,190.4993,63.6726,14213935
DISALEXI,2011-08-01,Tulare Lake,7,123.443,134.503,64.4979,178.502,64.0364,14213666
DISALEXI,2011-09-01,Tulare Lake,7,83.0773,91.0,40.0,122.0,45.1625,14201495
DISALEXI,2011-10-01,Tulare Lake,7,50.8488,54.0,28.0,72.0,26.2291,14205681
DISALEXI,2011-11-01,Tulare Lake,7,26.3334,26.0,16.0,36.0,12.2789,14206353
DISALEXI,2011-12-01,Tulare Lake,7,19.3151,19.0,10.0,28.0,11.6721,14138005
DISALEXI,2012-01-01,Tulare Lake,7,23.2423,22.0,12.0,34.0,13.6605,13931082
DISALEXI,2012-02-01,Tulare Lake,7,31.9188,31.0,20.0,44.0,15.5466,11906701
DISALEXI,2012-03-01,Tulare Lake,7,54.7268,50.0,30.0,80.0,31.1659,10534080
DISALEXI,2012-04-01,Tulare Lake,7,85.1201,81.0,49.0,120.0,42.9306,13961660
DISALEXI,2012-05-01,Tulare Lake,7,108.431,106.5001,54.5002,160.5019,62.7614,14201025
DISALEXI,2012-06-01,Tulare Lake,7,114.0457,116.5015,66.4952,160.4964,59.9323,14204328
DISALEXI,2012-07-01,Tulare Lake,7,123.1004,132.5023,64.4995,180.5009,67.7729,13973530
DISALEXI,2012-08-01,Tulare Lake,7,121.0542,130.5015,60.5005,176.4992,68.9937,13986716
DISALEXI,2012-09-01,Tulare Lake,7,79.9501,87.0,34.0,122.0,47.9691,13721343
DISALEXI,2012-10-01,Tulare Lake,7,47.9514,51.0,21.0,73.0,29.4066,13945806
DISALEXI,2012-11-01,Tulare Lake,7,24.0683,24.0,12.0,35.0,14.3858,12862001
DISALEXI,2012-12-01,Tulare Lake,7,14.6398,15.0,10.0,19.0,6.1771,13427839
DISALEXI,2013-01-01,Tulare Lake,7,23.8346,24.0,16.0,31.0,10.0796,13623651
DISALEXI,2013-02-01,Tulare Lake,7,36.7023,36.0,25.0,48.0,15.342,12894932
DISALEXI,2013-03-01,Tulare Lake,7,57.3834,53.0,34.0,82.0,29.5494,13031989
DISALEXI,2013-04-01,Tulare Lake,7,84.7533,80.0,46.0,124.0,46.7637,14213983
DISALEXI,2013-05-01,Tulare Lake,7,101.0299,100.5003,54.502,146.5038,55.9278,14214025
DISALEXI,2013-06-01,Tulare Lake,7,120.7819,126.5026,74.5003,168.499,60.1647,14214064
DISALEXI,2013-07-01,Tulare Lake,7,119.2799,130.5036,58.4971,176.5021,67.4748,14211878
DISALEXI,2013-08-01,Tulare Lake,7,102.8643,109.0,43.0,159.0,63.1053,14213472
DISALEXI,2013-09-01,Tulare Lake,7,75.2878,78.0,33.0,115.0,44.5645,14213143
DISALEXI,2013-10-01,Tulare Lake,7,38.3256,38.0,12.0,61.0,27.4487,14208368
DISALEXI,2013-11-01,Tulare Lake,7,24.0401,22.0,8.0,38.0,18.2727,14209505
DISALEXI,2013-12-01,Tulare Lake,7,16.1758,16.0,5.0,25.0,11.7436,14210840
DISALEXI,2014-01-01,Tulare Lake,7,19.7998,18.0,7.0,31.0,13.9295,14212306
DISALEXI,2014-02-01,Tulare Lake,7,30.0803,27.0,17.0,44.0,16.339,14125375
DISALEXI,2014-03-01,Tulare Lake,7,53.43,48.0,32.0,76.0,27.7134,14195523
DISALEXI,2014-04-01,Tulare Lake,7,80.3648,76.0,46.0,115.0,41.8831,14214006
DISALEXI,2014-05-01,Tulare Lake,7,92.4539,91.0,45.0,137.0,56.2489,14214056
DISALEXI,2014-06-01,Tulare Lake,7,109.0415,112.4995,50.4979,162.5003,64.8569,14214065
DISALEXI,2014-07-01,Tulare Lake,7,137.2124,146.5059,84.4983,188.501,59.3917,14214054
DISALEXI,2014-08-01,Tulare Lake,7,101.5496,104.0,47.0,154.0,59.0852,14214058
DISALEXI,2014-09-01,Tulare Lake,7,71.21,72.0,27.0,113.0,46.3931,14214058
DISALEXI,2014-10-01,Tulare Lake,7,44.39,42.0,15.0,72.0,31.6754,14213894
DISALEXI,2014-11-01,Tulare Lake,7,28.194,26.0,14.0,42.0,16.3848,14204565
DISALEXI,2014-12-01,Tulare Lake,7,15.1919,13.0,9.0,20.0,8.3183,14198854
DISALEXI,2015-01-01,Tulare Lake,7,25.4705,25.0,19.0,32.0,9.2888,14101288
DISALEXI,2015-02-01,Tulare Lake,7,37.3884,35.0,24.0,51.0,16.5984,14209125
DISALEXI,2015-03-01,Tulare Lake,7,63.3664,56.0,34.0,93.0,34.7732,14213908
DISALEXI,2015-04-01,Tulare Lake,7,70.9698,65.0,32.0,107.0,44.8184,14213886
DISALEXI,2015-05-01,Tulare Lake,7,86.6042,85.0,41.0,129.0,52.963,14213953
DISALEXI,2015-06-01,Tulare Lake,7,102.4007,106.5035,44.4976,154.4989,62.6701,14214070
DISALEXI,2015-07-01,Tulare Lake,7,107.5459,114.5032,46.4972,162.5005,64.3969,14214070
DISALEXI,2015-08-01,Tulare Lake,7,99.4922,98.0,48.0,151.0,58.4509,14214070
DISALEXI,2015-09-01,Tulare Lake,7,66.8209,60.0,22.0,109.0,48.4442,14212807
DISALEXI,2015-10-01,Tulare Lake,7,48.0629,45.0,19.0,75.0,31.954,14193550
DISALEXI,2015-11-01,Tulare Lake,7,26.2016,25.0,14.0,37.0,14.7198,14207872
DISALEXI,2015-12-01,Tulare Lake,7,17.1998,17.0,11.0,23.0,8.6428,13543400
DISALEXI,2016-01-01,Tulare Lake,7,20.7209,20.0,16.0,25.0,6.9368,13436809
DISALEXI,2016-02-01,Tulare Lake,7,47.9765,46.0,36.0,61.0,15.1776,14210821
DISALEXI,2016-03-01,Tulare Lake,7,64.728,61.0,42.0,88.0,28.3144,14213853
DISALEXI,2016-04-01,Tulare Lake,7,80.6728,78.0,45.0,115.0,41.7054,14213700
DISALEXI,2016-05-01,Tulare Lake,7,95.6289,94.0,55.0,135.0,49.8517,14213785
DISALEXI,2016-06-01,Tulare Lake,7,115.6696,118.5026,62.4978,166.5031,61.9574,14214070
DISALEXI,2016-07-01,Tulare Lake,7,120.8696,130.5032,60.4964,178.5042,65.6889,14214070
DISALEXI,2016-08-01,Tulare Lake,7,107.3201,111.0,49.0,163.0,61.0333,14214070
DISALEXI,2016-09-01,Tulare Lake,7,68.7761,67.0,23.0,112.0,47.003,14213938
DISALEXI,2016-10-01,Tulare Lake,7,39.3154,37.0,15.0,62.0,26.445,14211888
DISALEXI,2016-11-01,Tulare Lake,7,29.0017,27.0,14.0,41.0,19.2446,14192394
DISALEXI,2016-12-01,Tulare Lake,7,18.4134,18.0,11.0,25.0,9.602,13024969
DISALEXI,2017-01-01,Tulare Lake,7,23.1683,22.0,18.0,28.0,7.1636,11302565
DISALEXI,2017-02-01,Tulare Lake,7,30.4346,30.0,25.0,36.0,7.263,14180656
DISALEXI,2017-03-01,Tulare Lake,7,68.8887,67.0,51.0,86.0,22.2478,14193098
DISALEXI,2017-04-01,Tulare Lake,7,78.8028,74.0,51.0,105.0,35.5052,14191703
DISALEXI,2017-05-01,Tulare Lake,7,110.9959,108.4992,66.5003,152.4979,53.5151,14187859
DISALEXI,2017-06-01,Tulare Lake,7,135.3719,138.503,86.499,184.5012,59.6334,14198269
DISALEXI,2017-07-01,Tulare Lake,7,139.4901,152.501,82.4979,194.5049,63.2066,14203645
DISALEXI,2017-08-01,Tulare Lake,7,117.2419,127.0,64.0,168.0,56.6189,14204881
DISALEXI,2017-09-01,Tulare Lake,7,72.2403,75.0,32.0,110.0,42.6714,14208801
DISALEXI,2017-10-01,Tulare Lake,7,44.857,45.0,19.0,68.0,28.2686,14205312
DISALEXI,2017-11-01,Tulare Lake,7,24.4062,24.0,11.0,37.0,15.2872,14210091
DISALEXI,2017-12-01,Tulare Lake,7,19.1322,18.0,7.0,29.0,13.0255,14208152
DISALEXI,2018-01-01,Tulare Lake,7,22.9705,22.0,17.0,29.0,8.238,14211376
DISALEXI,2018-02-01,Tulare Lake,7,35.5996,32.0,21.0,50.0,18.0743,14212280
DISALEXI,2018-03-01,Tulare Lake,7,48.1587,46.0,33.0,63.0,20.9104,13291673
DISALEXI,2018-04-01,Tulare Lake,7,81.2041,74.4975,42.495,118.4985,45.8941,14209729
DISALEXI,2018-05-01,Tulare Lake,7,100.1004,101.0,53.0,145.0,56.1463,14211193
DISALEXI,2018-06-01,Tulare Lake,7,123.6362,130.5036,68.4969,176.5001,65.4467,14211285
DISALEXI,2018-07-01,Tulare Lake,7,140.2649,154.5015,80.4968,198.5008,68.5657,14214070
DISALEXI,2018-08-01,Tulare Lake,7,114.9346,124.0,58.0,169.0,60.9746,14213920
DISALEXI,2018-09-01,Tulare Lake,7,78.9646,83.0,34.0,122.0,47.1433,14194254
DISALEXI,2018-10-01,Tulare Lake,7,45.8171,48.0,18.0,71.0,29.4404,14199166
DISALEXI,2018-11-01,Tulare Lake,7,22.0668,22.0,9.0,34.0,14.1369,14206600
DISALEXI,2018-12-01,Tulare Lake,7,18.7739,18.0,14.0,23.0,6.8859,14155026
DISALEXI,2019-01-01,Tulare Lake,7,22.0275,21.0,15.0,27.0,9.9443,13989712
DISALEXI,2019-02-01,Tulare Lake,7,28.4891,27.0,23.0,33.0,7.8702,13633413
DISALEXI,2019-03-01,Tulare Lake,7,57.1087,54.0,39.0,75.0,22.793,14160096
DISALEXI,2019-04-01,Tulare Lake,7,77.7369,74.0,43.0,111.0,40.9035,14200721
DISALEXI,2019-05-01,Tulare Lake,7,90.8068,92.0,54.0,125.0,44.5898,14206353
DISALEXI,2019-06-01,Tulare Lake,7,127.0438,130.502,72.5006,180.4993,65.5552,14206389
DISALEXI,2019-07-01,Tulare Lake,7,136.7229,150.5039,72.4979,196.5002,70.6588,14213253
DISALEXI,2019-08-01,Tulare Lake,7,120.7402,130.0,58.0,179.0,65.3858,14213760
DISALEXI,2019-09-01,Tulare Lake,7,76.3193,82.0,34.0,116.0,44.7024,14202924
DISALEXI,2019-10-01,Tulare Lake,7,46.1424,47.0,18.0,72.0,30.2084,14199189
DISALEXI,2019-11-01,Tulare Lake,7,25.3594,25.0,10.0,39.0,16.8049,14206453
DISALEXI,2019-12-01,Tulare Lake,7,18.1636,17.0,14.0,22.0,7.4224,14183790
DISALEXI,2020-01-01,Tulare Lake,7,24.8965,24.0,18.0,32.0,9.5202,14210504
DISALEXI,2020-02-01,Tulare Lake,7,39.7214,37.0,26.0,54.0,17.5008,14213153
DISALEXI,2020-03-01,Tulare Lake,7,51.7267,49.0,37.0,67.0,19.3948,14212809
DISALEXI,2020-04-01,Tulare Lake,7,85.304,83.0,57.0,113.0,33.73,14205865
DISALEXI,2020-05-01,Tulare Lake,7,105.634,104.0,63.0,147.0,52.6353,14211228
DISALEXI,2020-06-01,Tulare Lake,7,117.998,120.5052,64.5013,170.5017,64.2831,14211436
DISALEXI,2020-07-01,Tulare Lake,7,133.0181,144.5026,62.4971,198.5005,73.9613,14214070
DISALEXI,2020-08-01,Tulare Lake,7,117.4081,129.0,59.0,171.0,61.6542,14214070
DISALEXI,2020-09-01,Tulare Lake,7,86.1541,92.0,44.0,126.0,44.2442,14214070
DISALEXI,2020-10-01,Tulare Lake,7,52.8723,55.0,24.0,80.0,30.8562,14213653
DISALEXI,2020-11-01,Tulare Lake,7,25.9721,26.0,11.0,40.0,16.6593,14211604
DISALEXI,2020-12-01,Tulare Lake,7,17.2712,17.0,8.0,26.0,11.0769,14210430
DISALEXI,2021-01-01,Tulare Lake,7,22.8264,22.0,14.0,32.0,11.1916,14206611
DISALEXI,2021-02-01,Tulare Lake,7,35.7654,33.0,23.0,48.0,15.6293,14213502
DISALEXI,2021-03-01,Tulare Lake,7,56.1151,49.0,34.0,80.0,28.0349,14213259
DISALEXI,2021-04-01,Tulare Lake,7,83.0207,77.0,44.0,122.0,47.19,14213498
DISALEXI,2021-05-01,Tulare Lake,7,103.4055,104.0,52.0,152.0,61.0261,14213758
DISALEXI,2021-06-01,Tulare Lake,7,122.5759,126.4994,68.4976,176.5004,63.7434,14214068
DISALEXI,2021-07-01,Tulare Lake,7,127.3626,136.4994,64.4975,188.4996,68.9407,14214067
DISALEXI,2021-08-01,Tulare Lake,7,110.4984,117.0,52.0,167.0,62.8569,14214069
DISALEXI,2021-09-01,Tulare Lake,7,72.9544,76.0,27.0,116.0,47.0483,14214070
DISALEXI,2021-10-01,Tulare Lake,7,42.3803,44.0,18.0,65.0,26.7827,14213734
DISALEXI,2021-11-01,Tulare Lake,7,28.0351,29.0,15.0,41.0,15.895,14212313
DISALEXI,2021-12-01,Tulare Lake,7,16.0857,16.0,11.0,21.0,7.2395,12990486
DISALEXI,2022-01-01,Tulare Lake,7,28.0182,27.0,19.0,37.0,11.1832,13061360
DISALEXI,2022-02-01,Tulare Lake,7,36.7048,35.0,20.0,53.0,19.3754,14204060
DISALEXI,2022-03-01,Tulare Lake,7,58.2153,54.0,33.0,84.0,30.9374,14205408
DISALEXI,2022-04-01,Tulare Lake,7,81.5493,76.0,39.0,121.0,49.838,14213715
DISALEXI,2022-05-01,Tulare Lake,7,104.9673,104.5002,56.4985,150.4974,57.7777,14213777
DISALEXI,2022-06-01,Tulare Lake,7,113.1017,114.5043,58.4984,164.5007,62.8481,14214070
DISALEXI,2022-07-01,Tulare Lake,7,125.54,136.5006,64.496,184.501,67.8812,14214070
DISALEXI,2022-08-01,Tulare Lake,7,107.3604,114.5033,48.4958,160.5022,62.4328,14213259
DISALEXI,2022-09-01,Tulare Lake,7,73.5033,77.0,33.0,111.0,43.1313,14213259
DISALEXI,2022-10-01,Tulare Lake,7,47.6467,49.0,16.0,76.0,32.6349,14212904
DISALEXI,2022-11-01,Tulare Lake,7,22.5112,23.0,9.0,34.0,14.3148,14211412
DISALEXI,2022-12-01,Tulare Lake,7,16.045,16.0,10.0,22.0,7.7754,14198679
DISALEXI,2023-01-01,Tulare Lake,7,22.1381,22.0,18.0,26.0,6.2542,14204895
DISALEXI,2023-02-01,Tulare Lake,7,36.362,36.0,29.0,44.0,10.2061,14207953
DISALEXI,2023-03-01,Tulare Lake,7,55.4402,55.0,45.0,66.0,15.1749,14200772
DISALEXI,2023-04-01,Tulare Lake,7,99.5572,98.0,71.0,127.0,36.4178,13992092
DISALEXI,2023-05-01,Tulare Lake,7,111.728,110.4997,74.5036,148.4969,46.7787,13885547
DISALEXI,2023-06-01,Tulare Lake,7,123.6635,124.4994,78.5036,168.4979,55.6735,13899199
DISALEXI,2023-07-01,Tulare Lake,7,145.7506,154.5002,88.4984,202.4971,66.5079,13913506
DISALEXI,2023-08-01,Tulare Lake,7,120.5905,128.504,68.4981,170.4996,58.0877,13926932
DISALEXI,2023-09-01,Tulare Lake,7,76.2947,81.0,40.0,110.0,40.2269,13982026
DISALEXI,2023-10-01,Tulare Lake,7,49.5738,52.0,23.0,74.0,28.9768,13982642
DISALEXI,2023-11-01,Tulare Lake,7,23.7911,24.0,10.0,36.0,15.414,14023706
DISALEXI,2023-12-01,Tulare Lake,7,17.0735,16.0,9.0,24.0,9.5052,13976450
DISALEXI,2024-01-01,Tulare Lake,7,23.1417,22.0,18.0,28.0,7.4236,14092260
DISALEXI,2024-02-01,Tulare Lake,7,39.5588,39.0,33.0,45.0,8.906,14195808
DISALEXI,2024-03-01,Tulare Lake,7,65.9601,64.0,49.0,81.0,23.7337,14201503
DISALEXI,2024-04-01,Tulare Lake,7,92.6203,90.4992,68.5007,114.4973,30.2793,14207147
DISALEXI,2024-05-01,Tulare Lake,7,113.2091,112.5014,70.4998,154.4964,53.0366,14210558
DISALEXI,2024-06-01,Tulare Lake,7,131.2073,134.5016,76.4977,182.4972,63.5033,14196820
DISALEXI,2024-07-01,Tulare Lake,7,148.4176,160.5032,92.499,200.4966,62.9977,14199583
DISALEXI,2024-08-01,Tulare Lake,7,110.569,118.0,54.0,164.0,59.5057,14214052
DISALEXI,2024-09-01,Tulare Lake,7,78.13,82.0,33.0,120.0,46.2916,14214058
DISALEXI,2024-10-01,Tulare Lake,7,47.4144,48.0,18.0,74.0,30.8323,14214030
DISALEXI,2024-11-01,Tulare Lake,7,22.6166,23.0,10.0,34.0,14.0373,14210123
DISALEXI,2024-12-01,Tulare Lake,7,18.6816,18.0,13.0,24.0,7.9417,14205081
DISALEXI,2025-01-01,Tulare Lake,7,25.5318,25.0,17.0,34.0,10.9747,14212453
DISALEXI,2025-02-01,Tulare Lake,7,34.2055,33.0,25.0,44.0,12.1448,14213293
DISALEXI,2025-03-01,Tulare Lake,7,55.5891,52.0,38.0,72.0,21.9759,14213361
DISALEXI,2025-04-01,Tulare Lake,7,81.0007,80.0,45.0,115.0,41.9624,14213216
DISALEXI,2025-05-01,Tulare Lake,7,105.9334,106.5033,56.5026,152.4975,58.6819,14199686
DISALEXI,2025-06-01,Tulare Lake,7,116.7191,120.5011,56.4981,174.4969,68.4192,14199725
DISALEXI,2025-07-01,Tulare Lake,7,124.7236,134.5036,56.4977,188.4997,72.9323,14199722
DISALEXI,2025-08-01,Tulare Lake,7,109.5809,117.0,52.0,165.0,61.6163,14214044
DISALEXI,2025-09-01,Tulare Lake,7,72.4605,76.0,31.0,112.0,44.6027,14211862
DISALEXI,2025-10-01,Tulare Lake,7,48.9695,48.0,25.0,72.0,27.2554,14208659
DISALEXI,2025-11-01,Tulare Lake,7,27.8083,27.0,15.0,40.0,15.7422,13606426
DISALEXI,2025-12-01,Tulare Lake,7,22.7528,22.0,15.0,29.0,10.3465,6000551
