MODEL,DATE,HR_NAME,HR_ID,ET_MEAN,ET_MEDIAN,ET_PCT25,ET_PCT75,ET_STDDEV,PIXEL_COUNT
PTJPL,2003-10-01,California Islands,0,92.4957,93.0,86.0,98.0,9.0086,115
PTJPL,2003-11-01,California Islands,0,72.4696,71.0,66.0,79.0,6.6048,115
PTJPL,2003-12-01,California Islands,0,47.3478,47.0,43.0,52.0,4.3239,115
PTJPL,2004-01-01,California Islands,0,57.487,58.0,49.0,66.0,8.7192,115
PTJPL,2004-02-01,California Islands,0,66.1217,66.0,62.0,70.0,5.0219,115
PTJPL,2004-03-01,California Islands,0,83.5478,84.0,81.0,88.0,6.5132,115
PTJPL,2004-04-01,California Islands,0,93.9826,93.0,91.0,97.0,3.9672,115
PTJPL,2004-05-01,California Islands,0,117.6261,116.0,112.0,123.0,9.1789,115
PTJPL,2004-06-01,California Islands,0,79.1217,80.0,75.0,84.0,7.6887,115
PTJPL,2004-07-01,California Islands,0,93.4348,92.0,85.0,102.0,9.8379,115
PTJPL,2004-08-01,California Islands,0,92.9652,92.0,86.0,98.0,10.0589,115
PTJPL,2004-09-01,California Islands,0,90.0696,89.0,84.0,97.0,10.6972,115
PTJPL,2004-10-01,California Islands,0,79.887,80.0,77.0,83.0,4.9673,115
PTJPL,2004-11-01,California Islands,0,80.087,80.0,77.0,84.0,4.1,115
PTJPL,2004-12-01,California Islands,0,68.1739,68.0,65.0,72.0,4.0717,115
PTJPL,2005-01-01,California Islands,0,53.9739,53.0,50.0,57.0,5.1961,115
PTJPL,2005-02-01,California Islands,0,57.4174,57.0,54.0,60.0,5.0613,115
PTJPL,2005-03-01,California Islands,0,77.0435,73.0,69.0,86.0,10.2511,115
PTJPL,2005-04-01,California Islands,0,109.9913,110.0,104.0,114.0,6.7354,115
PTJPL,2005-05-01,California Islands,0,108.2957,108.0,106.0,111.0,4.0604,115
PTJPL,2005-06-01,California Islands,0,100.6087,100.0,96.0,105.0,5.5774,115
PTJPL,2005-07-01,California Islands,0,127.2783,131.0,121.0,138.0,15.5533,115
PTJPL,2005-08-01,California Islands,0,103.6087,105.0,90.0,115.0,13.6622,115
PTJPL,2005-09-01,California Islands,0,96.2435,97.0,91.0,102.0,8.9225,115
PTJPL,2005-10-01,California Islands,0,58.4,57.0,53.0,64.0,7.3766,115
PTJPL,2005-11-01,California Islands,0,63.1565,63.0,58.0,67.0,5.1728,115
PTJPL,2005-12-01,California Islands,0,62.5913,63.0,57.0,69.0,5.265,115
PTJPL,2006-01-01,California Islands,0,58.6522,59.0,55.0,62.0,4.0819,115
PTJPL,2006-02-01,California Islands,0,88.7739,90.0,86.0,91.0,3.7115,115
PTJPL,2006-03-01,California Islands,0,88.5304,89.0,85.0,93.0,4.5841,115
PTJPL,2006-04-01,California Islands,0,86.0522,83.0,79.0,94.0,8.5637,115
PTJPL,2006-05-01,California Islands,0,97.2087,97.0,95.0,99.0,2.6027,115
PTJPL,2006-06-01,California Islands,0,112.2696,114.0,110.0,116.0,5.97,115
PTJPL,2006-07-01,California Islands,0,131.0,133.0,125.0,137.0,8.5231,115
PTJPL,2006-08-01,California Islands,0,110.8609,111.0,106.0,115.0,8.381,115
PTJPL,2006-09-01,California Islands,0,97.6348,98.0,93.0,102.0,6.3675,115
PTJPL,2006-10-01,California Islands,0,99.7478,100.0,97.0,102.0,3.1036,115
PTJPL,2006-11-01,California Islands,0,87.2174,87.0,83.0,91.0,5.2466,115
PTJPL,2006-12-01,California Islands,0,59.9913,60.0,54.0,67.0,6.9225,115
PTJPL,2007-01-01,California Islands,0,55.8696,54.0,53.0,58.0,4.575,115
PTJPL,2007-02-01,California Islands,0,58.0435,57.0,56.0,61.0,3.9505,115
PTJPL,2007-03-01,California Islands,0,105.1043,106.0,99.0,111.0,5.9933,115
PTJPL,2007-04-01,California Islands,0,92.4696,93.0,88.0,98.0,6.2808,115
PTJPL,2007-05-01,California Islands,0,98.5217,100.0,83.0,112.0,15.3483,115
PTJPL,2007-06-01,California Islands,0,96.487,96.0,92.0,103.0,8.5784,115
PTJPL,2007-07-01,California Islands,0,123.1043,124.0,117.0,130.0,9.2345,115
PTJPL,2007-08-01,California Islands,0,99.5565,101.0,95.0,106.0,8.8063,115
PTJPL,2007-09-01,California Islands,0,91.8174,92.0,88.0,96.0,6.9715,115
PTJPL,2007-10-01,California Islands,0,77.5536,78.0,73.0,82.0,6.103,112
PTJPL,2007-11-01,California Islands,0,48.9625,42.0,39.0,71.5,14.0636,80
PTJPL,2007-12-01,California Islands,0,35.4516,36.0,33.0,37.0,2.4605,62
PTJPL,2008-01-01,California Islands,0,46.4839,47.0,44.0,50.0,3.2316,62
PTJPL,2008-02-01,California Islands,0,68.4261,69.0,66.0,70.0,3.2706,115
PTJPL,2008-03-01,California Islands,0,90.1739,88.0,78.0,99.0,13.8082,115
PTJPL,2008-04-01,California Islands,0,95.2174,92.0,84.0,104.0,13.9924,115
PTJPL,2008-05-01,California Islands,0,106.7565,107.0,99.0,111.0,8.3443,115
PTJPL,2008-06-01,California Islands,0,107.4261,106.0,100.0,116.0,8.5902,115
PTJPL,2008-07-01,California Islands,0,118.2696,118.0,110.0,126.0,9.9985,115
PTJPL,2008-08-01,California Islands,0,108.7478,110.0,102.0,115.0,8.5209,115
PTJPL,2008-09-01,California Islands,0,93.6696,95.0,88.0,99.0,7.1393,115
PTJPL,2008-10-01,California Islands,0,86.8435,87.0,81.0,93.0,6.4802,115
PTJPL,2008-11-01,California Islands,0,45.9913,46.0,43.0,49.0,4.6241,115
PTJPL,2008-12-01,California Islands,0,36.4174,36.0,34.0,38.0,3.7276,115
PTJPL,2009-01-01,California Islands,0,58.1304,58.0,55.0,63.0,6.168,115
PTJPL,2009-02-01,California Islands,0,51.7478,52.0,49.0,55.0,4.0814,115
PTJPL,2009-03-01,California Islands,0,86.8783,86.0,83.0,91.0,5.5766,115
PTJPL,2009-04-01,California Islands,0,112.5043,113.0,107.0,117.0,6.8275,115
PTJPL,2009-05-01,California Islands,0,104.1404,105.0,87.0,121.0,17.1059,114
PTJPL,2009-06-01,California Islands,0,95.48,96.0,89.0,101.0,7.9139,100
PTJPL,2009-07-01,California Islands,0,106.9217,107.0,101.0,112.0,8.4124,115
PTJPL,2009-08-01,California Islands,0,90.3217,89.0,85.0,96.0,7.0199,115
PTJPL,2009-09-01,California Islands,0,84.5739,84.0,79.0,89.0,7.4752,115
PTJPL,2009-10-01,California Islands,0,82.6783,84.0,79.0,88.0,6.468,115
PTJPL,2009-11-01,California Islands,0,68.0261,67.0,61.0,75.0,8.4426,115
PTJPL,2009-12-01,California Islands,0,60.9304,61.0,58.0,65.0,4.7139,115
PTJPL,2010-01-01,California Islands,0,72.6087,76.0,70.0,78.0,6.9466,115
PTJPL,2010-02-01,California Islands,0,70.0609,70.0,68.0,72.0,2.9585,115
PTJPL,2010-03-01,California Islands,0,96.1304,95.0,92.0,99.0,5.3997,115
PTJPL,2010-04-01,California Islands,0,102.0,105.0,94.0,108.0,8.2135,115
PTJPL,2010-05-01,California Islands,0,116.0696,117.0,111.0,121.0,6.0429,115
PTJPL,2010-06-01,California Islands,0,100.6957,100.0,95.0,107.0,6.8043,115
PTJPL,2010-07-01,California Islands,0,85.5478,87.0,79.0,91.0,7.8665,115
PTJPL,2010-08-01,California Islands,0,92.8783,93.0,88.0,96.0,5.2472,115
PTJPL,2010-09-01,California Islands,0,82.7652,82.0,70.0,99.0,12.9751,115
PTJPL,2010-10-01,California Islands,0,53.7478,51.0,49.0,62.0,6.4036,115
PTJPL,2010-11-01,California Islands,0,60.7652,60.0,59.0,62.0,2.6221,115
PTJPL,2010-12-01,California Islands,0,49.8174,49.0,49.0,50.0,2.2596,115
PTJPL,2011-01-01,California Islands,0,51.5217,51.0,49.0,53.0,3.2793,115
PTJPL,2011-02-01,California Islands,0,66.487,67.0,63.0,69.0,3.9084,115
PTJPL,2011-03-01,California Islands,0,97.8,99.0,93.0,102.0,5.5155,115
PTJPL,2011-04-01,California Islands,0,116.2,117.0,114.0,120.0,5.6016,115
PTJPL,2011-05-01,California Islands,0,116.2696,117.0,111.0,121.0,5.6435,115
PTJPL,2011-06-01,California Islands,0,101.4087,102.0,97.0,105.0,4.4739,115
PTJPL,2011-07-01,California Islands,0,119.4087,120.0,115.0,124.0,5.458,115
PTJPL,2011-08-01,California Islands,0,95.513,95.0,88.0,102.0,7.839,115
PTJPL,2011-09-01,California Islands,0,84.5652,84.0,79.0,88.0,5.9871,115
PTJPL,2011-10-01,California Islands,0,83.7217,85.0,80.0,88.0,4.9336,115
PTJPL,2011-11-01,California Islands,0,51.8174,52.0,49.0,55.0,3.8619,115
PTJPL,2011-12-01,California Islands,0,46.0,47.0,43.0,48.0,3.4021,108
PTJPL,2012-01-01,California Islands,0,82.2348,81.0,80.0,84.0,4.8136,115
PTJPL,2012-02-01,California Islands,0,71.4435,69.0,64.0,77.0,10.1315,115
PTJPL,2012-03-01,California Islands,0,96.2478,96.0,94.0,99.0,4.757,113
PTJPL,2012-04-01,California Islands,0,103.7788,93.0,87.0,125.0,18.8124,113
PTJPL,2012-05-01,California Islands,0,122.9304,123.0,117.0,130.0,8.3246,115
PTJPL,2012-06-01,California Islands,0,88.6522,88.0,82.0,94.0,6.3875,115
PTJPL,2012-07-01,California Islands,0,102.2696,101.0,95.0,109.0,8.296,115
PTJPL,2012-08-01,California Islands,0,104.3217,104.0,97.0,110.0,8.9662,115
PTJPL,2012-09-01,California Islands,0,71.8261,72.0,67.0,76.0,6.3482,115
PTJPL,2012-10-01,California Islands,0,74.6435,74.0,65.0,79.0,13.0459,115
PTJPL,2012-11-01,California Islands,0,64.2336,69.0,62.0,76.0,14.3752,107
PTJPL,2012-12-01,California Islands,0,38.2617,38.0,36.0,41.0,6.6111,107
PTJPL,2013-01-01,California Islands,0,49.1043,47.0,44.0,54.0,7.6276,115
PTJPL,2013-02-01,California Islands,0,57.1196,57.0,54.0,60.0,4.3784,92
PTJPL,2013-03-01,California Islands,0,56.6848,56.0,54.0,59.0,3.9174,92
PTJPL,2013-04-01,California Islands,0,80.0783,80.0,76.0,84.0,5.9229,115
PTJPL,2013-05-01,California Islands,0,111.5478,113.0,106.0,119.0,9.1388,115
PTJPL,2013-06-01,California Islands,0,88.8261,88.0,84.0,94.0,6.0322,115
PTJPL,2013-07-01,California Islands,0,90.7913,90.0,85.0,96.0,8.545,115
PTJPL,2013-08-01,California Islands,0,106.7739,107.0,100.0,113.0,8.6246,115
PTJPL,2013-09-01,California Islands,0,108.0522,109.0,102.0,113.0,8.7822,115
PTJPL,2013-10-01,California Islands,0,85.8348,85.0,82.0,89.0,5.4181,115
PTJPL,2013-11-01,California Islands,0,71.3043,73.0,68.0,74.0,4.961,115
PTJPL,2013-12-01,California Islands,0,55.0609,54.0,51.0,59.0,4.7002,115
PTJPL,2014-01-01,California Islands,0,24.7826,24.0,23.0,26.0,2.5394,115
PTJPL,2014-02-01,California Islands,0,61.6957,61.0,58.0,66.0,4.2858,115
PTJPL,2014-03-01,California Islands,0,98.9826,97.0,92.0,103.0,8.2872,115
PTJPL,2014-04-01,California Islands,0,103.9043,103.0,101.0,107.0,5.0216,115
PTJPL,2014-05-01,California Islands,0,107.6,99.0,92.0,131.0,26.2641,115
PTJPL,2014-06-01,California Islands,0,108.1087,107.0,102.5,113.0,7.7171,92
PTJPL,2014-07-01,California Islands,0,113.0893,111.5,106.0,120.0,8.4479,56
PTJPL,2014-08-01,California Islands,0,86.1739,86.0,77.0,93.0,9.3346,115
PTJPL,2014-09-01,California Islands,0,89.2522,88.0,82.0,93.0,8.5209,115
PTJPL,2014-10-01,California Islands,0,71.9217,70.0,67.0,76.0,6.5596,115
PTJPL,2014-11-01,California Islands,0,56.6783,54.0,51.0,63.0,7.4069,115
PTJPL,2014-12-01,California Islands,0,54.1739,55.0,49.0,58.0,5.2523,115
PTJPL,2015-01-01,California Islands,0,70.3043,68.0,64.0,76.0,8.4977,115
PTJPL,2015-02-01,California Islands,0,76.3565,77.0,76.0,79.0,8.0035,115
PTJPL,2015-03-01,California Islands,0,91.7913,92.0,90.0,94.0,3.6937,115
PTJPL,2015-04-01,California Islands,0,108.0087,107.0,105.0,110.0,5.2262,115
PTJPL,2015-05-01,California Islands,0,106.7652,106.0,101.0,111.0,6.9836,115
PTJPL,2015-06-01,California Islands,0,98.8348,98.0,95.0,103.0,5.2963,115
PTJPL,2015-07-01,California Islands,0,99.713,99.0,95.0,103.0,5.751,115
PTJPL,2015-08-01,California Islands,0,91.7391,91.0,83.0,97.0,9.429,115
PTJPL,2015-09-01,California Islands,0,80.9478,81.0,73.0,88.0,9.0437,115
PTJPL,2015-10-01,California Islands,0,85.3391,80.0,72.0,96.0,15.4638,115
PTJPL,2015-11-01,California Islands,0,70.7826,70.0,67.0,74.0,5.6504,115
PTJPL,2015-12-01,California Islands,0,48.7478,45.0,41.0,58.0,10.7087,115
PTJPL,2016-01-01,California Islands,0,44.5826,46.0,42.0,49.0,6.1869,115
PTJPL,2016-02-01,California Islands,0,66.1826,66.0,62.0,70.0,5.6006,115
PTJPL,2016-03-01,California Islands,0,91.7478,92.0,87.0,96.0,5.5323,115
PTJPL,2016-04-01,California Islands,0,107.8087,106.0,102.0,112.0,8.1911,115
PTJPL,2016-05-01,California Islands,0,102.1364,101.0,96.0,105.0,8.9597,88
PTJPL,2016-06-01,California Islands,0,110.1818,108.0,104.0,115.0,9.7742,88
PTJPL,2016-07-01,California Islands,0,106.4261,105.0,100.0,110.0,10.261,115
PTJPL,2016-08-01,California Islands,0,100.4609,100.0,95.0,104.0,7.8322,115
PTJPL,2016-09-01,California Islands,0,79.7217,79.0,72.0,86.0,8.7859,115
PTJPL,2016-10-01,California Islands,0,56.6261,56.0,53.0,60.0,4.4963,115
PTJPL,2016-11-01,California Islands,0,69.9565,69.0,64.0,74.0,6.9312,115
PTJPL,2016-12-01,California Islands,0,46.487,46.0,45.0,48.0,1.9753,115
PTJPL,2017-01-01,California Islands,0,33.9913,34.0,32.0,36.0,2.8847,115
PTJPL,2017-02-01,California Islands,0,36.7217,36.0,35.0,38.0,2.542,115
PTJPL,2017-03-01,California Islands,0,89.7652,89.0,86.0,93.0,5.8864,115
PTJPL,2017-04-01,California Islands,0,84.6435,86.0,81.0,89.0,5.1772,115
PTJPL,2017-05-01,California Islands,0,100.3913,99.0,95.0,105.0,6.9454,115
PTJPL,2017-06-01,California Islands,0,96.8609,98.0,92.0,101.0,6.1798,115
PTJPL,2017-07-01,California Islands,0,121.3913,122.0,113.0,129.0,9.264,115
PTJPL,2017-08-01,California Islands,0,108.0609,108.0,100.0,115.0,10.4043,115
PTJPL,2017-09-01,California Islands,0,102.113,105.0,95.0,110.0,11.7967,115
PTJPL,2017-10-01,California Islands,0,61.913,60.0,57.0,66.0,6.1242,115
PTJPL,2017-11-01,California Islands,0,37.313,36.0,34.0,40.0,4.6595,115
PTJPL,2017-12-01,California Islands,0,43.6783,43.0,41.0,46.0,4.2601,115
PTJPL,2018-01-01,California Islands,0,68.287,68.0,65.0,71.0,3.5035,115
PTJPL,2018-02-01,California Islands,0,54.3739,54.0,49.0,57.0,6.5839,115
PTJPL,2018-03-01,California Islands,0,81.4087,81.0,78.0,85.0,4.782,115
PTJPL,2018-04-01,California Islands,0,108.0174,108.0,100.0,115.0,8.577,115
PTJPL,2018-05-01,California Islands,0,98.0174,98.0,93.0,102.0,7.0772,115
PTJPL,2018-06-01,California Islands,0,91.5565,92.0,86.0,99.0,10.5494,115
PTJPL,2018-07-01,California Islands,0,112.4696,110.0,102.0,121.0,14.2208,115
PTJPL,2018-08-01,California Islands,0,92.8783,93.0,87.0,99.0,6.4338,115
PTJPL,2018-09-01,California Islands,0,76.9217,77.0,73.0,81.0,5.3862,115
PTJPL,2018-10-01,California Islands,0,78.7826,76.0,72.0,83.0,9.6295,115
PTJPL,2018-11-01,California Islands,0,61.7217,60.0,57.0,66.0,5.4797,115
PTJPL,2018-12-01,California Islands,0,47.2609,45.0,44.0,49.0,4.7495,115
PTJPL,2019-01-01,California Islands,0,42.5739,39.0,38.0,43.0,6.3384,115
PTJPL,2019-02-01,California Islands,0,42.0696,41.0,40.0,44.0,3.1505,115
PTJPL,2019-03-01,California Islands,0,89.8696,89.0,87.0,93.0,5.4622,115
PTJPL,2019-04-01,California Islands,0,77.3913,63.0,57.0,98.0,20.8834,115
PTJPL,2019-05-01,California Islands,0,106.7478,105.0,102.0,110.0,5.4451,115
PTJPL,2019-06-01,California Islands,0,88.7478,89.0,85.0,92.0,4.23,115
PTJPL,2019-07-01,California Islands,0,98.7391,97.0,95.0,102.0,5.4631,115
PTJPL,2019-08-01,California Islands,0,99.087,98.0,95.0,104.0,5.963,115
PTJPL,2019-09-01,California Islands,0,99.113,99.0,93.0,106.0,7.9145,115
PTJPL,2019-10-01,California Islands,0,71.0174,70.0,68.0,74.0,5.501,115
PTJPL,2019-11-01,California Islands,0,55.2435,57.0,54.0,60.0,9.6869,115
PTJPL,2019-12-01,California Islands,0,36.5043,37.0,35.0,38.0,2.555,115
PTJPL,2020-01-01,California Islands,0,46.2783,46.0,43.0,48.0,3.8528,115
PTJPL,2020-02-01,California Islands,0,62.7043,62.0,61.0,64.0,2.4846,115
PTJPL,2020-03-01,California Islands,0,54.4087,55.0,49.0,59.0,7.265,115
PTJPL,2020-04-01,California Islands,0,93.5043,93.0,87.0,101.0,7.6821,115
PTJPL,2020-05-01,California Islands,0,92.313,89.0,86.0,96.0,11.0054,115
PTJPL,2020-06-01,California Islands,0,69.8,69.0,65.0,74.0,6.0508,115
PTJPL,2020-07-01,California Islands,0,115.487,116.0,109.0,121.0,6.8783,115
PTJPL,2020-08-01,California Islands,0,120.5391,120.0,107.0,135.0,13.2365,115
PTJPL,2020-09-01,California Islands,0,94.8261,94.0,91.0,98.0,4.8834,115
PTJPL,2020-10-01,California Islands,0,66.1217,65.0,63.0,68.0,4.0607,115
PTJPL,2020-11-01,California Islands,0,52.4348,51.0,50.0,55.0,3.5019,115
PTJPL,2020-12-01,California Islands,0,44.1739,41.0,39.0,47.0,7.5334,115
PTJPL,2021-01-01,California Islands,0,54.8783,55.0,54.0,57.0,3.3183,115
PTJPL,2021-02-01,California Islands,0,73.313,75.0,70.0,77.0,4.8389,115
PTJPL,2021-03-01,California Islands,0,71.2174,72.0,67.0,74.0,3.8915,115
PTJPL,2021-04-01,California Islands,0,96.9043,97.0,90.0,102.0,7.5963,115
PTJPL,2021-05-01,California Islands,0,98.7217,99.0,93.0,104.0,7.5257,115
PTJPL,2021-06-01,California Islands,0,92.1652,91.0,87.0,98.0,6.1981,115
PTJPL,2021-07-01,California Islands,0,105.6,104.0,101.0,110.0,7.5801,115
PTJPL,2021-08-01,California Islands,0,105.6261,103.0,98.0,113.0,9.8946,115
PTJPL,2021-09-01,California Islands,0,84.7391,84.0,80.0,90.0,5.8668,115
PTJPL,2021-10-01,California Islands,0,74.2522,82.0,60.0,86.0,13.9383,115
PTJPL,2021-11-01,California Islands,0,50.4957,51.0,49.0,52.0,3.6981,115
PTJPL,2021-12-01,California Islands,0,35.0348,33.0,32.0,40.0,4.2116,115
PTJPL,2022-01-01,California Islands,0,56.313,55.0,53.0,59.0,4.4922,115
PTJPL,2022-02-01,California Islands,0,77.7391,78.0,74.0,81.0,4.1243,115
PTJPL,2022-03-01,California Islands,0,95.113,95.0,91.0,98.0,4.5488,115
PTJPL,2022-04-01,California Islands,0,127.1217,127.0,124.0,131.0,4.0393,115
PTJPL,2022-05-01,California Islands,0,90.3478,90.0,85.0,94.0,6.5741,115
PTJPL,2022-06-01,California Islands,0,89.1217,90.0,84.0,95.0,7.2522,115
PTJPL,2022-07-01,California Islands,0,118.3217,118.0,112.0,126.0,7.9875,115
PTJPL,2022-08-01,California Islands,0,100.4783,100.0,95.0,106.0,8.0394,115
PTJPL,2022-09-01,California Islands,0,105.4609,105.0,99.0,111.0,7.3215,115
PTJPL,2022-10-01,California Islands,0,68.8087,69.0,67.0,71.0,2.895,115
PTJPL,2022-11-01,California Islands,0,73.1217,74.0,71.0,76.0,4.0328,115
PTJPL,2022-12-01,California Islands,0,50.9157,51.0,51.0,51.0,1.1638,83
PTJPL,2023-01-01,California Islands,0,45.8609,45.0,42.0,49.0,4.3176,115
PTJPL,2023-02-01,California Islands,0,42.7043,45.0,36.0,47.0,5.9461,115
PTJPL,2023-03-01,California Islands,0,76.9304,85.0,62.0,91.0,14.0277,115
PTJPL,2023-04-01,California Islands,0,80.6,81.0,79.0,83.0,3.4861,115
PTJPL,2023-05-01,California Islands,0,103.913,106.0,100.0,107.0,4.361,115
PTJPL,2023-06-01,California Islands,0,97.9652,100.0,94.0,103.0,7.2267,115
PTJPL,2023-07-01,California Islands,0,124.6522,127.0,118.0,132.0,8.2904,115
PTJPL,2023-08-01,California Islands,0,105.5391,105.0,100.0,110.0,5.9815,115
PTJPL,2023-09-01,California Islands,0,72.2,72.0,68.0,76.0,4.8833,115
PTJPL,2023-10-01,California Islands,0,69.4348,68.0,65.0,74.0,5.6663,115
PTJPL,2023-11-01,California Islands,0,57.7565,57.0,55.0,60.0,2.9974,115
PTJPL,2023-12-01,California Islands,0,44.4174,45.0,42.0,46.0,2.4423,115
PTJPL,2024-01-01,California Islands,0,40.7217,39.0,37.0,43.0,4.6579,115
PTJPL,2024-02-01,California Islands,0,60.9565,60.0,58.0,63.0,3.3941,115
PTJPL,2024-03-01,California Islands,0,73.4261,73.0,71.0,75.0,3.1209,115
PTJPL,2024-04-01,California Islands,0,86.4435,86.0,84.0,89.0,3.4394,115
PTJPL,2024-05-01,California Islands,0,111.0348,121.0,93.0,124.0,15.0743,115
PTJPL,2024-06-01,California Islands,0,104.0522,105.0,96.0,111.0,8.7852,115
PTJPL,2024-07-01,California Islands,0,118.8087,119.0,116.0,123.0,4.6735,115
PTJPL,2024-08-01,California Islands,0,100.3391,100.0,95.0,106.0,7.571,115
PTJPL,2024-09-01,California Islands,0,82.7826,83.0,80.0,86.0,6.7589,115
PTJPL,2024-10-01,California Islands,0,85.1826,85.0,85.0,86.0,1.0841,115
PTJPL,2024-11-01,California Islands,0,71.287,72.0,70.0,73.0,2.6367,115
PTJPL,2024-12-01,California Islands,0,54.4174,55.0,54.0,55.0,0.78,115
PTJPL,2025-01-01,California Islands,0,40.6,41.0,37.0,42.0,4.0835,115
PTJPL,2025-02-01,California Islands,0,45.6522,50.0,34.0,53.0,11.5315,115
PTJPL,2025-03-01,California Islands,0,67.0087,66.0,63.0,71.0,4.9423,115
PTJPL,2025-04-01,California Islands,0,103.913,103.0,101.0,108.0,4.4361,115
PTJPL,2025-05-01,California Islands,0,110.6087,112.0,108.0,115.0,5.1511,115
PTJPL,2025-06-01,California Islands,0,93.2,93.0,88.0,99.0,6.8755,115
PTJPL,2025-07-01,California Islands,0,96.7565,95.0,91.0,103.0,7.122,115
PTJPL,2025-08-01,California Islands,0,117.2087,119.0,113.0,123.0,6.9539,115
PTJPL,2025-09-01,California Islands,0,94.0522,93.0,90.0,98.0,5.2912,115
PTJPL,2025-10-01,California Islands,0,72.7739,72.0,69.0,76.0,5.2817,115
PTJPL,2025-11-01,California Islands,0,47.1391,47.0,46.0,48.0,0.977,115
PTJPL,2025-12-01,California Islands,0,52.7652,53.0,52.0,54.0,1.4586,115
PTJPL,2003-10-01,Central Coast,3,47.1581,46.0,24.0,69.0,25.0946,2729907
PTJPL,2003-11-01,Central Coast,3,43.7702,47.0,36.0,55.0,15.8823,2713587
PTJPL,2003-12-01,Central Coast,3,28.8637,28.0,21.0,36.0,10.5421,2716801
PTJPL,2004-01-01,Central Coast,3,38.2676,38.0,33.0,43.0,8.2692,2721510
PTJPL,2004-02-01,Central Coast,3,43.2259,43.0,39.0,48.0,6.4353,2730442
PTJPL,2004-03-01,Central Coast,3,76.9167,79.0,66.0,90.0,17.5249,2730993
PTJPL,2004-04-01,Central Coast,3,80.2555,82.0,64.0,99.0,25.1281,2730767
PTJPL,2004-05-01,Central Coast,3,85.5063,87.0,63.0,109.0,31.2112,2730675
PTJPL,2004-06-01,Central Coast,3,73.6724,73.0,39.0,104.0,39.3116,2728650
PTJPL,2004-07-01,Central Coast,3,70.9774,69.0,31.0,104.0,42.6715,2725926
PTJPL,2004-08-01,Central Coast,3,66.168,64.0,33.0,93.0,36.9916,2726816
PTJPL,2004-09-01,Central Coast,3,48.9165,46.0,24.0,70.0,28.2806,2730948
PTJPL,2004-10-01,Central Coast,3,51.5723,51.0,37.0,66.0,19.3669,2730736
PTJPL,2004-11-01,Central Coast,3,42.0959,42.0,34.0,49.0,11.0592,2728200
PTJPL,2004-12-01,Central Coast,3,36.3625,36.0,29.0,44.0,10.8552,2729862
PTJPL,2005-01-01,Central Coast,3,39.0259,39.0,34.0,44.0,7.4881,2724072
PTJPL,2005-02-01,Central Coast,3,53.4416,54.0,49.0,59.0,7.1853,2720158
PTJPL,2005-03-01,Central Coast,3,73.3805,75.0,67.0,82.0,12.4154,2696040
PTJPL,2005-04-01,Central Coast,3,97.3355,99.0,88.0,109.0,16.6402,2730938
PTJPL,2005-05-01,Central Coast,3,100.1658,103.0,84.0,118.0,25.047,2730935
PTJPL,2005-06-01,Central Coast,3,83.2186,84.0,58.0,107.0,30.5964,2729996
PTJPL,2005-07-01,Central Coast,3,82.8175,84.0,44.0,116.0,41.9247,2726391
PTJPL,2005-08-01,Central Coast,3,72.3891,74.0,38.0,102.0,37.0622,2726568
PTJPL,2005-09-01,Central Coast,3,64.8392,67.0,41.0,87.0,27.6088,2730307
PTJPL,2005-10-01,Central Coast,3,51.3062,51.0,34.0,67.0,19.8158,2731078
PTJPL,2005-11-01,Central Coast,3,30.2518,28.0,21.0,39.0,11.9685,2731125
PTJPL,2005-12-01,Central Coast,3,27.1466,24.0,19.0,35.0,10.8924,2727387
PTJPL,2006-01-01,Central Coast,3,32.3118,32.0,28.0,36.0,6.8334,2730322
PTJPL,2006-02-01,Central Coast,3,43.7704,43.0,36.0,51.0,12.0033,2731106
PTJPL,2006-03-01,Central Coast,3,65.6498,66.0,60.0,72.0,9.4546,2724473
PTJPL,2006-04-01,Central Coast,3,89.5109,89.0,78.0,101.0,15.8192,2727859
PTJPL,2006-05-01,Central Coast,3,108.9557,111.0,92.0,129.0,27.3082,2729718
PTJPL,2006-06-01,Central Coast,3,84.598,86.0,55.0,112.0,35.879,2730221
PTJPL,2006-07-01,Central Coast,3,86.265,88.0,45.0,122.0,44.2956,2728533
PTJPL,2006-08-01,Central Coast,3,75.681,77.0,39.0,107.0,38.9702,2727197
PTJPL,2006-09-01,Central Coast,3,59.1982,60.0,29.0,85.0,31.5913,2729774
PTJPL,2006-10-01,Central Coast,3,55.221,56.0,37.0,73.0,22.0913,2730459
PTJPL,2006-11-01,Central Coast,3,36.5001,36.0,27.0,45.0,13.3273,2731116
PTJPL,2006-12-01,Central Coast,3,31.7386,32.0,25.0,37.0,8.8382,2731088
PTJPL,2007-01-01,Central Coast,3,35.2924,37.0,27.0,43.0,10.674,2731028
PTJPL,2007-02-01,Central Coast,3,45.2154,44.0,39.0,51.0,9.1447,2730245
PTJPL,2007-03-01,Central Coast,3,76.151,77.0,61.0,90.0,19.1831,2731069
PTJPL,2007-04-01,Central Coast,3,77.1814,78.0,59.0,94.0,23.5569,2730911
PTJPL,2007-05-01,Central Coast,3,86.6152,87.0,58.0,114.0,36.3058,2730122
PTJPL,2007-06-01,Central Coast,3,69.4554,67.0,34.0,101.0,38.8774,2729925
PTJPL,2007-07-01,Central Coast,3,73.4947,73.0,32.0,108.0,43.3331,2729815
PTJPL,2007-08-01,Central Coast,3,75.6151,75.0,39.0,107.0,39.6138,2729885
PTJPL,2007-09-01,Central Coast,3,64.2066,66.0,38.0,88.0,29.0157,2730087
PTJPL,2007-10-01,Central Coast,3,54.1988,55.0,33.0,74.0,25.8786,2718254
PTJPL,2007-11-01,Central Coast,3,44.2254,46.0,31.0,58.0,18.9313,2530089
PTJPL,2007-12-01,Central Coast,3,27.6602,27.0,21.0,34.0,8.9616,2565211
PTJPL,2008-01-01,Central Coast,3,30.8264,31.0,26.0,35.0,6.6905,2671907
PTJPL,2008-02-01,Central Coast,3,40.3083,40.0,35.0,45.0,7.969,2731090
PTJPL,2008-03-01,Central Coast,3,70.788,71.0,60.0,81.0,14.3853,2731003
PTJPL,2008-04-01,Central Coast,3,81.8403,83.0,65.0,98.0,22.6529,2730877
PTJPL,2008-05-01,Central Coast,3,84.4305,85.0,63.0,105.0,28.8107,2730473
PTJPL,2008-06-01,Central Coast,3,75.6544,70.0,43.0,106.0,38.9315,2729523
PTJPL,2008-07-01,Central Coast,3,76.8148,76.0,39.0,110.0,41.6861,2730035
PTJPL,2008-08-01,Central Coast,3,70.8014,71.0,36.0,101.0,38.1021,2730227
PTJPL,2008-09-01,Central Coast,3,59.1142,59.0,32.0,83.0,29.7016,2730343
PTJPL,2008-10-01,Central Coast,3,44.8635,43.0,24.0,65.0,22.9839,2731000
PTJPL,2008-11-01,Central Coast,3,34.5358,35.0,24.0,45.0,13.3957,2729592
PTJPL,2008-12-01,Central Coast,3,29.5351,30.0,25.0,36.0,8.7721,2690229
PTJPL,2009-01-01,Central Coast,3,28.6906,28.0,21.0,35.0,9.6405,2730782
PTJPL,2009-02-01,Central Coast,3,43.0067,44.0,38.0,48.0,7.3324,2731071
PTJPL,2009-03-01,Central Coast,3,77.6532,78.0,68.0,87.0,13.5668,2730986
PTJPL,2009-04-01,Central Coast,3,71.6986,73.0,55.0,90.0,22.6752,2730925
PTJPL,2009-05-01,Central Coast,3,76.4489,75.0,52.0,99.0,31.2654,2723507
PTJPL,2009-06-01,Central Coast,3,83.307,84.0,54.0,109.0,33.5547,2724522
PTJPL,2009-07-01,Central Coast,3,72.2785,70.0,32.0,107.0,42.8033,2729221
PTJPL,2009-08-01,Central Coast,3,66.7323,65.0,33.0,96.0,38.0966,2729249
PTJPL,2009-09-01,Central Coast,3,64.8708,66.0,35.0,92.0,32.5879,2729248
PTJPL,2009-10-01,Central Coast,3,50.9623,50.0,37.0,65.0,18.2709,2730900
PTJPL,2009-11-01,Central Coast,3,33.285,35.0,24.0,44.0,13.0666,2731040
PTJPL,2009-12-01,Central Coast,3,29.4751,30.0,26.0,34.0,7.7608,2697310
PTJPL,2010-01-01,Central Coast,3,39.7078,41.0,36.0,44.0,7.8115,2679545
PTJPL,2010-02-01,Central Coast,3,54.5468,56.0,50.0,60.0,7.7744,2705226
PTJPL,2010-03-01,Central Coast,3,79.1366,80.0,69.0,88.0,13.1798,2729651
PTJPL,2010-04-01,Central Coast,3,87.1914,90.0,77.0,100.0,17.5481,2731082
PTJPL,2010-05-01,Central Coast,3,101.0902,102.0,85.0,119.0,23.9062,2730919
PTJPL,2010-06-01,Central Coast,3,82.6858,84.0,59.0,106.0,31.1302,2729133
PTJPL,2010-07-01,Central Coast,3,81.3314,80.0,48.0,110.0,39.4124,2728647
PTJPL,2010-08-01,Central Coast,3,70.0706,69.0,39.0,97.0,35.1579,2730089
PTJPL,2010-09-01,Central Coast,3,59.885,60.0,34.0,83.0,28.3189,2730607
PTJPL,2010-10-01,Central Coast,3,47.4421,48.0,29.0,64.0,20.8161,2730949
PTJPL,2010-11-01,Central Coast,3,39.1086,39.0,31.0,47.0,9.6146,2730678
PTJPL,2010-12-01,Central Coast,3,36.6715,36.0,30.0,43.0,8.0767,2677624
PTJPL,2011-01-01,Central Coast,3,35.4138,35.0,31.0,40.0,7.3866,2725662
PTJPL,2011-02-01,Central Coast,3,42.9058,43.0,36.0,49.0,9.1953,2717366
PTJPL,2011-03-01,Central Coast,3,78.2547,80.0,68.0,89.0,15.0525,2722396
PTJPL,2011-04-01,Central Coast,3,95.2391,96.0,82.0,109.0,18.8054,2731039
PTJPL,2011-05-01,Central Coast,3,103.2858,105.0,85.0,122.0,25.5375,2730907
PTJPL,2011-06-01,Central Coast,3,90.6816,91.0,68.0,113.0,29.9056,2730464
PTJPL,2011-07-01,Central Coast,3,90.3292,92.0,56.0,122.0,41.1626,2729337
PTJPL,2011-08-01,Central Coast,3,76.7309,78.0,40.0,108.0,39.989,2724058
PTJPL,2011-09-01,Central Coast,3,60.3138,62.0,31.0,85.0,30.9298,2728834
PTJPL,2011-10-01,Central Coast,3,41.7209,41.0,25.0,56.0,19.1799,2730932
PTJPL,2011-11-01,Central Coast,3,39.9615,42.0,32.0,49.0,11.9576,2731058
PTJPL,2011-12-01,Central Coast,3,27.4654,27.0,21.0,34.0,9.0289,2725002
PTJPL,2012-01-01,Central Coast,3,32.2486,33.0,27.0,38.0,9.6361,2729039
PTJPL,2012-02-01,Central Coast,3,44.857,45.0,36.0,53.0,12.1209,2726442
PTJPL,2012-03-01,Central Coast,3,60.0045,58.0,44.0,77.0,21.1193,2645566
PTJPL,2012-04-01,Central Coast,3,82.5817,83.0,64.0,103.0,30.1769,2622008
PTJPL,2012-05-01,Central Coast,3,82.845,85.0,57.0,108.0,33.7429,2676923
PTJPL,2012-06-01,Central Coast,3,71.7706,71.0,38.0,102.0,38.036,2723621
PTJPL,2012-07-01,Central Coast,3,75.9598,76.0,36.0,109.0,42.6194,2699291
PTJPL,2012-08-01,Central Coast,3,68.1867,65.0,29.0,102.0,42.1802,2645419
PTJPL,2012-09-01,Central Coast,3,54.5142,54.0,27.0,79.0,30.9472,2578241
PTJPL,2012-10-01,Central Coast,3,49.1434,50.0,28.0,69.0,23.9712,2614579
PTJPL,2012-11-01,Central Coast,3,34.7154,33.0,22.0,44.0,15.7061,2711826
PTJPL,2012-12-01,Central Coast,3,26.1514,25.0,21.0,31.0,6.8099,2714570
PTJPL,2013-01-01,Central Coast,3,35.3957,36.0,28.0,44.0,10.7637,2638409
PTJPL,2013-02-01,Central Coast,3,46.1624,46.0,41.0,52.0,8.3228,2629771
PTJPL,2013-03-01,Central Coast,3,62.063,63.0,52.0,74.0,15.5992,2704153
PTJPL,2013-04-01,Central Coast,3,66.8247,68.0,48.0,86.0,24.9086,2730501
PTJPL,2013-05-01,Central Coast,3,77.5491,77.0,48.0,105.0,34.6962,2729802
PTJPL,2013-06-01,Central Coast,3,75.0626,73.0,40.0,106.0,38.9489,2730420
PTJPL,2013-07-01,Central Coast,3,78.8803,76.0,41.0,112.0,42.6264,2729911
PTJPL,2013-08-01,Central Coast,3,73.9523,76.0,39.0,104.0,38.0069,2729871
PTJPL,2013-09-01,Central Coast,3,61.3501,63.0,32.0,87.0,31.3104,2730989
PTJPL,2013-10-01,Central Coast,3,48.2078,49.0,26.0,68.0,23.4357,2730689
PTJPL,2013-11-01,Central Coast,3,32.6475,32.0,20.0,45.0,14.7478,2730467
PTJPL,2013-12-01,Central Coast,3,27.2684,27.0,21.0,33.0,8.815,2731110
PTJPL,2014-01-01,Central Coast,3,19.6098,17.0,12.0,25.0,10.6872,2730984
PTJPL,2014-02-01,Central Coast,3,32.2935,30.0,23.0,40.0,13.0417,2730679
PTJPL,2014-03-01,Central Coast,3,55.1082,54.0,41.0,69.0,18.3634,2731091
PTJPL,2014-04-01,Central Coast,3,81.842,84.0,63.0,102.0,26.3176,2731050
PTJPL,2014-05-01,Central Coast,3,79.8641,76.0,50.0,106.0,36.0826,2730783
PTJPL,2014-06-01,Central Coast,3,75.6055,73.0,37.0,110.0,42.3477,2725113
PTJPL,2014-07-01,Central Coast,3,82.1514,85.0,43.0,116.0,42.6021,2719059
PTJPL,2014-08-01,Central Coast,3,74.666,77.0,39.0,106.0,38.805,2729468
PTJPL,2014-09-01,Central Coast,3,63.4073,64.0,39.0,86.0,28.7158,2730545
PTJPL,2014-10-01,Central Coast,3,41.8771,39.0,24.0,59.0,21.1651,2731082
PTJPL,2014-11-01,Central Coast,3,41.6393,42.0,32.0,51.0,12.5069,2730680
PTJPL,2014-12-01,Central Coast,3,35.358,36.0,31.0,40.0,7.7618,2730101
PTJPL,2015-01-01,Central Coast,3,34.4536,34.0,29.0,40.0,8.7115,2730678
PTJPL,2015-02-01,Central Coast,3,47.4741,49.0,40.0,56.0,12.5514,2731042
PTJPL,2015-03-01,Central Coast,3,62.1499,64.0,49.0,77.0,18.5795,2731097
PTJPL,2015-04-01,Central Coast,3,71.4074,72.0,56.0,88.0,22.4265,2730956
PTJPL,2015-05-01,Central Coast,3,82.9203,82.0,59.0,106.0,31.9301,2727955
PTJPL,2015-06-01,Central Coast,3,77.1793,76.0,45.0,107.0,36.9616,2728065
PTJPL,2015-07-01,Central Coast,3,82.7776,85.0,47.0,113.0,40.0468,2730723
PTJPL,2015-08-01,Central Coast,3,72.0001,73.0,38.0,102.0,37.4574,2730453
PTJPL,2015-09-01,Central Coast,3,59.8052,59.0,34.0,83.0,28.5885,2730493
PTJPL,2015-10-01,Central Coast,3,51.3888,49.0,32.0,69.0,22.8985,2730207
PTJPL,2015-11-01,Central Coast,3,42.9998,42.0,35.0,52.0,12.1674,2731125
PTJPL,2015-12-01,Central Coast,3,35.8697,36.0,32.0,40.0,6.764,2713277
PTJPL,2016-01-01,Central Coast,3,36.6031,38.0,33.0,42.0,6.6893,2716873
PTJPL,2016-02-01,Central Coast,3,52.6714,54.0,46.0,61.0,12.5689,2730780
PTJPL,2016-03-01,Central Coast,3,72.1399,74.0,63.0,83.0,14.9158,2730638
PTJPL,2016-04-01,Central Coast,3,82.4033,85.0,68.0,99.0,22.7535,2728863
PTJPL,2016-05-01,Central Coast,3,93.1711,96.0,70.0,117.0,32.1328,2726051
PTJPL,2016-06-01,Central Coast,3,77.5742,74.0,46.0,107.0,37.2325,2729128
PTJPL,2016-07-01,Central Coast,3,79.8834,78.0,43.0,113.0,42.2208,2728732
PTJPL,2016-08-01,Central Coast,3,72.5042,74.0,39.0,102.0,37.541,2729192
PTJPL,2016-09-01,Central Coast,3,60.936,61.0,34.0,85.0,30.1502,2730387
PTJPL,2016-10-01,Central Coast,3,50.2016,52.0,35.0,65.0,18.3379,2730777
PTJPL,2016-11-01,Central Coast,3,32.3578,33.0,26.0,39.0,10.2254,2731113
PTJPL,2016-12-01,Central Coast,3,31.6214,30.0,26.0,38.0,8.1964,2731014
PTJPL,2017-01-01,Central Coast,3,34.1024,34.0,31.0,37.0,5.7172,2730757
PTJPL,2017-02-01,Central Coast,3,37.0867,38.0,34.0,41.0,6.749,2730532
PTJPL,2017-03-01,Central Coast,3,76.7581,78.0,69.0,87.0,13.9867,2730257
PTJPL,2017-04-01,Central Coast,3,90.3635,93.0,80.0,105.0,20.969,2728339
PTJPL,2017-05-01,Central Coast,3,100.9786,103.0,80.0,123.0,31.4398,2730103
PTJPL,2017-06-01,Central Coast,3,86.2774,88.0,54.0,116.0,37.8486,2729970
PTJPL,2017-07-01,Central Coast,3,86.7851,87.0,50.0,120.0,41.2509,2728293
PTJPL,2017-08-01,Central Coast,3,77.6571,78.0,43.0,108.0,38.7742,2728712
PTJPL,2017-09-01,Central Coast,3,56.0129,56.0,32.0,77.0,26.6113,2730134
PTJPL,2017-10-01,Central Coast,3,44.0226,40.0,24.0,62.0,22.4542,2731069
PTJPL,2017-11-01,Central Coast,3,34.1537,35.0,26.0,42.0,10.9358,2731126
PTJPL,2017-12-01,Central Coast,3,25.6815,24.0,18.0,31.0,9.7701,2731076
PTJPL,2018-01-01,Central Coast,3,35.5918,35.0,24.0,49.0,14.6032,2724485
PTJPL,2018-02-01,Central Coast,3,38.5508,39.0,30.0,47.0,12.0269,2731118
PTJPL,2018-03-01,Central Coast,3,52.6764,54.0,39.0,66.0,17.1083,2730553
PTJPL,2018-04-01,Central Coast,3,85.0306,87.0,70.0,102.0,22.7758,2730566
PTJPL,2018-05-01,Central Coast,3,96.4054,99.0,77.0,117.0,27.5862,2729913
PTJPL,2018-06-01,Central Coast,3,79.9457,81.0,50.0,107.0,36.345,2729147
PTJPL,2018-07-01,Central Coast,3,90.4061,92.0,53.0,124.0,42.8526,2723909
PTJPL,2018-08-01,Central Coast,3,72.4968,72.0,40.0,100.0,36.5036,2728492
PTJPL,2018-09-01,Central Coast,3,58.4825,60.0,34.0,80.0,28.7132,2729944
PTJPL,2018-10-01,Central Coast,3,42.9711,42.0,23.0,62.0,22.1985,2729932
PTJPL,2018-11-01,Central Coast,3,28.8227,27.0,19.0,38.0,12.5979,2731123
PTJPL,2018-12-01,Central Coast,3,34.1285,35.0,30.0,39.0,6.6368,2731015
PTJPL,2019-01-01,Central Coast,3,33.0922,33.0,27.0,39.0,8.1941,2717015
PTJPL,2019-02-01,Central Coast,3,40.1673,40.0,35.0,45.0,7.9029,2341185
PTJPL,2019-03-01,Central Coast,3,70.3488,71.0,61.0,80.0,13.6964,2720214
PTJPL,2019-04-01,Central Coast,3,87.8995,91.0,77.0,103.0,21.8139,2719582
PTJPL,2019-05-01,Central Coast,3,98.5889,101.0,82.0,118.0,26.0571,2717024
PTJPL,2019-06-01,Central Coast,3,97.3906,100.0,68.0,125.0,37.449,2726359
PTJPL,2019-07-01,Central Coast,3,83.4971,84.0,50.0,114.0,39.3824,2727157
PTJPL,2019-08-01,Central Coast,3,79.5181,83.0,47.0,109.0,37.124,2729713
PTJPL,2019-09-01,Central Coast,3,62.6162,64.0,39.0,84.0,27.954,2730561
PTJPL,2019-10-01,Central Coast,3,45.2144,43.0,25.0,65.0,22.6427,2730916
PTJPL,2019-11-01,Central Coast,3,37.4211,35.0,25.0,48.0,15.1862,2731052
PTJPL,2019-12-01,Central Coast,3,38.3077,38.0,35.0,42.0,5.8587,2728965
PTJPL,2020-01-01,Central Coast,3,40.4102,41.0,37.0,44.0,6.1198,2729301
PTJPL,2020-02-01,Central Coast,3,51.3834,53.0,45.0,60.0,12.4149,2731066
PTJPL,2020-03-01,Central Coast,3,68.6629,70.0,61.0,78.0,13.0672,2730923
PTJPL,2020-04-01,Central Coast,3,94.8093,96.0,83.0,109.0,19.761,2730628
PTJPL,2020-05-01,Central Coast,3,98.6923,102.0,77.0,121.0,30.178,2730496
PTJPL,2020-06-01,Central Coast,3,84.1602,83.0,55.0,111.0,35.5921,2730638
PTJPL,2020-07-01,Central Coast,3,86.5904,86.0,50.0,118.0,41.9632,2724680
PTJPL,2020-08-01,Central Coast,3,75.0517,76.0,41.0,104.0,37.5151,2719253
PTJPL,2020-09-01,Central Coast,3,63.1276,66.0,37.0,86.0,29.1577,2729039
PTJPL,2020-10-01,Central Coast,3,41.1018,38.0,20.0,61.0,22.9484,2730481
PTJPL,2020-11-01,Central Coast,3,32.7572,32.0,23.0,43.0,12.9723,2731121
PTJPL,2020-12-01,Central Coast,3,28.6781,29.0,23.0,34.0,8.6272,2731123
PTJPL,2021-01-01,Central Coast,3,30.967,30.0,26.0,36.0,7.1468,2731109
PTJPL,2021-02-01,Central Coast,3,42.7336,41.0,35.0,49.0,11.1724,2731112
PTJPL,2021-03-01,Central Coast,3,63.7955,66.0,57.0,73.0,13.5408,2730940
PTJPL,2021-04-01,Central Coast,3,78.8755,82.0,62.0,97.0,24.2875,2730046
PTJPL,2021-05-01,Central Coast,3,82.8634,85.0,56.0,108.0,34.2106,2728661
PTJPL,2021-06-01,Central Coast,3,77.7452,77.0,43.0,109.0,39.6667,2727635
PTJPL,2021-07-01,Central Coast,3,81.2961,80.0,41.0,117.0,44.2127,2715637
PTJPL,2021-08-01,Central Coast,3,71.1446,71.0,38.0,100.0,36.406,2717772
PTJPL,2021-09-01,Central Coast,3,55.7467,56.0,28.0,80.0,29.7111,2729855
PTJPL,2021-10-01,Central Coast,3,46.7842,46.0,33.0,59.0,17.2046,2730883
PTJPL,2021-11-01,Central Coast,3,40.2554,41.0,31.0,50.0,13.4778,2730761
PTJPL,2021-12-01,Central Coast,3,28.9914,29.0,26.0,33.0,6.0671,2730624
PTJPL,2022-01-01,Central Coast,3,37.4075,37.0,33.0,43.0,7.8434,2730547
PTJPL,2022-02-01,Central Coast,3,43.4452,44.0,37.0,51.0,11.1893,2731001
PTJPL,2022-03-01,Central Coast,3,63.6973,65.0,51.0,77.0,17.2656,2730386
PTJPL,2022-04-01,Central Coast,3,73.2763,74.0,57.0,90.0,22.2346,2730124
PTJPL,2022-05-01,Central Coast,3,73.8627,74.0,49.0,96.0,30.4256,2730046
PTJPL,2022-06-01,Central Coast,3,72.8451,72.0,42.0,100.0,34.4925,2728517
PTJPL,2022-07-01,Central Coast,3,80.6074,82.0,44.0,113.0,40.6797,2729173
PTJPL,2022-08-01,Central Coast,3,72.7685,74.0,38.0,103.0,37.9987,2729543
PTJPL,2022-09-01,Central Coast,3,62.7168,61.0,36.0,87.0,30.4792,2730860
PTJPL,2022-10-01,Central Coast,3,43.3726,44.0,26.0,60.0,20.5262,2730874
PTJPL,2022-11-01,Central Coast,3,35.8989,36.0,29.0,42.0,10.0271,2731126
PTJPL,2022-12-01,Central Coast,3,35.0211,35.0,32.0,37.0,5.0989,2731086
PTJPL,2023-01-01,Central Coast,3,32.9811,33.0,29.0,36.0,5.552,2730738
PTJPL,2023-02-01,Central Coast,3,39.4593,40.0,35.0,45.0,7.5591,2730641
PTJPL,2023-03-01,Central Coast,3,62.6937,64.0,51.0,74.0,15.0846,2730780
PTJPL,2023-04-01,Central Coast,3,104.1473,106.0,91.0,118.0,19.5622,2731063
PTJPL,2023-05-01,Central Coast,3,110.0496,114.0,93.0,129.0,26.2526,2707143
PTJPL,2023-06-01,Central Coast,3,99.6322,101.0,78.0,122.0,30.8337,2725380
PTJPL,2023-07-01,Central Coast,3,93.6549,97.0,62.0,124.0,39.122,2728649
PTJPL,2023-08-01,Central Coast,3,86.8086,90.0,59.0,114.0,35.3797,2730341
PTJPL,2023-09-01,Central Coast,3,71.423,74.0,50.0,93.0,27.4766,2730413
PTJPL,2023-10-01,Central Coast,3,51.8842,51.0,36.0,69.0,20.6282,2731111
PTJPL,2023-11-01,Central Coast,3,41.1526,40.0,33.0,49.0,11.4293,2731119
PTJPL,2023-12-01,Central Coast,3,31.3707,31.0,27.0,35.0,6.3955,2730893
PTJPL,2024-01-01,Central Coast,3,41.4938,42.0,37.0,46.0,6.3762,2730752
PTJPL,2024-02-01,Central Coast,3,50.0458,50.0,45.0,56.0,8.4913,2730989
PTJPL,2024-03-01,Central Coast,3,64.8466,65.0,57.0,73.0,11.4597,2731126
PTJPL,2024-04-01,Central Coast,3,106.6004,107.0,94.0,122.0,19.5138,2731124
PTJPL,2024-05-01,Central Coast,3,106.5728,110.0,84.0,130.0,31.6483,2714519
PTJPL,2024-06-01,Central Coast,3,91.025,93.0,63.0,119.0,35.0429,2727420
PTJPL,2024-07-01,Central Coast,3,91.0449,91.0,54.0,126.0,42.7949,2727380
PTJPL,2024-08-01,Central Coast,3,79.6347,80.0,46.0,110.0,38.5012,2728386
PTJPL,2024-09-01,Central Coast,3,59.9017,58.0,34.0,83.0,29.7657,2728082
PTJPL,2024-10-01,Central Coast,3,50.4704,50.0,29.0,70.0,23.1064,2729301
PTJPL,2024-11-01,Central Coast,3,30.8186,30.0,21.0,39.0,11.6697,2731126
PTJPL,2024-12-01,Central Coast,3,26.3126,23.0,17.0,33.0,12.41,2731057
PTJPL,2025-01-01,Central Coast,3,32.3689,33.0,28.0,38.0,7.8308,2731056
PTJPL,2025-02-01,Central Coast,3,49.6282,50.0,43.0,57.0,12.1713,2731009
PTJPL,2025-03-01,Central Coast,3,64.2331,67.0,55.0,76.0,16.2122,2730765
PTJPL,2025-04-01,Central Coast,3,89.5194,92.0,78.0,105.0,21.8471,2730374
PTJPL,2025-05-01,Central Coast,3,102.0973,103.0,79.0,123.0,32.1084,2729699
PTJPL,2025-06-01,Central Coast,3,78.9159,79.0,48.0,107.0,36.1645,2725840
PTJPL,2025-07-01,Central Coast,3,86.542,85.0,51.0,119.0,41.492,2727951
PTJPL,2025-08-01,Central Coast,3,79.1193,79.0,45.0,111.0,38.5397,2729737
PTJPL,2025-09-01,Central Coast,3,67.5239,68.0,46.0,87.0,25.2075,2730751
PTJPL,2025-10-01,Central Coast,3,55.5415,55.0,41.0,70.0,18.7419,2730985
PTJPL,2025-11-01,Central Coast,3,42.2322,44.0,35.0,52.0,12.7473,2730954
PTJPL,2025-12-01,Central Coast,3,38.7046,40.0,33.0,45.0,9.4145,2729541
PTJPL,2003-10-01,Colorado River,10,73.1281,62.0,26.0,121.0,48.744,2621250
PTJPL,2003-11-01,Colorado River,10,52.0669,53.0,28.0,73.0,24.8267,2621250
PTJPL,2003-12-01,Colorado River,10,44.2401,41.0,30.0,61.0,17.152,2621248
PTJPL,2004-01-01,Colorado River,10,45.5254,45.0,32.0,61.0,17.0362,2621239
PTJPL,2004-02-01,Colorado River,10,58.5822,61.0,40.0,78.0,21.4251,2621250
PTJPL,2004-03-01,Colorado River,10,108.3779,127.0,63.0,149.0,49.0985,2621250
PTJPL,2004-04-01,Colorado River,10,118.9075,140.0,71.0,167.0,58.2347,2621250
PTJPL,2004-05-01,Colorado River,10,137.1352,154.4935,62.4992,206.5012,77.273,2621250
PTJPL,2004-06-01,Colorado River,10,121.4226,144.4902,27.0,190.495,78.3039,2621250
PTJPL,2004-07-01,Colorado River,10,112.93,128.5008,16.4567,188.4996,82.6494,2621250
PTJPL,2004-08-01,Colorado River,10,86.5964,84.4932,12.467,152.5026,69.969,2621250
PTJPL,2004-09-01,Colorado River,10,66.6407,51.0,11.0,122.0,56.9988,2621250
PTJPL,2004-10-01,Colorado River,10,76.8784,67.0,38.0,119.0,41.8287,2621250
PTJPL,2004-11-01,Colorado River,10,51.9059,54.0,35.0,71.0,19.7946,2621173
PTJPL,2004-12-01,Colorado River,10,36.4713,38.0,27.0,46.0,11.5662,2621250
PTJPL,2005-01-01,Colorado River,10,42.0059,43.0,31.0,54.0,13.022,2621250
PTJPL,2005-02-01,Colorado River,10,52.2457,56.0,42.0,63.0,13.3617,2621215
PTJPL,2005-03-01,Colorado River,10,113.0549,121.0,81.0,148.0,39.5628,2621130
PTJPL,2005-04-01,Colorado River,10,106.3058,124.0,50.0,155.0,56.5302,2621250
PTJPL,2005-05-01,Colorado River,10,130.6436,150.5002,56.4872,196.5085,72.5477,2621250
PTJPL,2005-06-01,Colorado River,10,116.8916,140.5043,28.4819,184.5061,75.5071,2621250
PTJPL,2005-07-01,Colorado River,10,113.5347,124.5033,20.4732,186.497,82.4565,2621250
PTJPL,2005-08-01,Colorado River,10,84.6473,84.5045,18.4549,142.4935,62.9929,2621250
PTJPL,2005-09-01,Colorado River,10,64.3504,40.4899,10.4499,120.505,58.7109,2621250
PTJPL,2005-10-01,Colorado River,10,59.2345,47.0,27.0,96.0,37.4453,2621250
PTJPL,2005-11-01,Colorado River,10,45.0861,47.0,19.0,69.0,26.7273,2621225
PTJPL,2005-12-01,Colorado River,10,41.202,39.0,25.0,59.0,19.5111,2621201
PTJPL,2006-01-01,Colorado River,10,45.9308,44.0,26.0,66.0,21.4479,2621227
PTJPL,2006-02-01,Colorado River,10,50.8942,51.0,24.0,78.0,27.7018,2621162
PTJPL,2006-03-01,Colorado River,10,80.8583,90.0,34.0,119.0,43.0206,2621250
PTJPL,2006-04-01,Colorado River,10,104.4226,124.0,40.0,157.0,59.1329,2621250
PTJPL,2006-05-01,Colorado River,10,129.6607,154.5092,54.4951,192.4991,73.1475,2621250
PTJPL,2006-06-01,Colorado River,10,118.504,142.5058,28.4909,184.4995,76.0449,2621250
PTJPL,2006-07-01,Colorado River,10,102.3299,112.0,18.4629,168.5017,74.4966,2621250
PTJPL,2006-08-01,Colorado River,10,86.3397,72.5077,12.4646,156.5016,72.32,2621250
PTJPL,2006-09-01,Colorado River,10,65.4606,38.0,10.0,125.0,59.926,2621250
PTJPL,2006-10-01,Colorado River,10,55.5065,38.0,11.0,103.0,46.9668,2621250
PTJPL,2006-11-01,Colorado River,10,45.9386,48.0,15.0,72.0,28.6908,2621247
PTJPL,2006-12-01,Colorado River,10,36.0889,33.0,18.0,55.0,19.3505,2621249
PTJPL,2007-01-01,Colorado River,10,30.4811,28.0,18.0,45.0,13.8527,2621249
PTJPL,2007-02-01,Colorado River,10,54.6365,54.0,29.0,82.0,27.5843,2621250
PTJPL,2007-03-01,Colorado River,10,76.2094,87.0,28.0,115.0,44.1855,2621250
PTJPL,2007-04-01,Colorado River,10,113.2234,137.0,55.0,162.0,57.6629,2621250
PTJPL,2007-05-01,Colorado River,10,142.1617,170.5058,64.0,213.0,81.0471,2621250
PTJPL,2007-06-01,Colorado River,10,116.2511,140.5059,24.4925,184.5009,77.0731,2621250
PTJPL,2007-07-01,Colorado River,10,111.6146,126.5021,20.4673,182.5006,78.9557,2621250
PTJPL,2007-08-01,Colorado River,10,94.3221,94.5042,14.4713,164.4973,74.0452,2621250
PTJPL,2007-09-01,Colorado River,10,64.6221,44.0,12.0,117.0,56.4391,2621250
PTJPL,2007-10-01,Colorado River,10,60.2838,42.0,15.0,110.0,49.0509,2620328
PTJPL,2007-11-01,Colorado River,10,47.6662,48.0,19.0,74.0,27.7523,2620049
PTJPL,2007-12-01,Colorado River,10,41.1453,41.0,28.0,55.0,15.2856,2621163
PTJPL,2008-01-01,Colorado River,10,34.3059,35.0,21.0,46.0,15.161,2621139
PTJPL,2008-02-01,Colorado River,10,58.9904,65.0,32.0,85.0,28.5413,2621250
PTJPL,2008-03-01,Colorado River,10,93.159,113.0,51.0,131.0,47.1823,2621250
PTJPL,2008-04-01,Colorado River,10,116.8805,144.5151,70.4902,160.4986,58.6882,2621250
PTJPL,2008-05-01,Colorado River,10,131.9831,154.5051,66.5051,196.5011,73.5145,2621250
PTJPL,2008-06-01,Colorado River,10,106.7414,120.511,22.4938,180.5016,77.6613,2621250
PTJPL,2008-07-01,Colorado River,10,99.1974,104.5083,20.4766,164.5029,74.337,2621250
PTJPL,2008-08-01,Colorado River,10,86.0279,78.0,13.0,153.0,71.4229,2621250
PTJPL,2008-09-01,Colorado River,10,70.1315,42.0,12.0,133.0,62.1152,2621250
PTJPL,2008-10-01,Colorado River,10,54.0665,28.0,8.0,105.0,50.9887,2621250
PTJPL,2008-11-01,Colorado River,10,41.151,37.0,13.0,68.0,28.3594,2621171
PTJPL,2008-12-01,Colorado River,10,49.0645,50.0,38.0,63.0,15.4696,2621217
PTJPL,2009-01-01,Colorado River,10,39.1373,38.0,25.0,54.0,16.4957,2621248
PTJPL,2009-02-01,Colorado River,10,54.8313,58.0,36.0,74.0,21.2589,2621096
PTJPL,2009-03-01,Colorado River,10,105.466,122.0,62.0,147.0,49.1901,2621096
PTJPL,2009-04-01,Colorado River,10,124.0367,149.0,71.0,173.0,61.483,2621250
PTJPL,2009-05-01,Colorado River,10,121.4473,134.4914,54.499,182.5035,70.6142,2621250
PTJPL,2009-06-01,Colorado River,10,99.1735,102.0,23.0,172.0,73.2985,2621250
PTJPL,2009-07-01,Colorado River,10,93.4488,76.5052,16.4773,166.4997,78.6064,2621250
PTJPL,2009-08-01,Colorado River,10,77.2114,39.0,14.0,147.0,71.598,2621250
PTJPL,2009-09-01,Colorado River,10,62.479,28.0,13.0,120.0,59.5054,2621250
PTJPL,2009-10-01,Colorado River,10,45.1475,26.0,11.0,81.0,39.5692,2621224
PTJPL,2009-11-01,Colorado River,10,37.9241,34.0,12.0,62.0,26.427,2621208
PTJPL,2009-12-01,Colorado River,10,43.7395,43.0,34.0,55.0,12.9811,2621231
PTJPL,2010-01-01,Colorado River,10,49.7063,49.0,39.0,63.0,14.5627,2621248
PTJPL,2010-02-01,Colorado River,10,67.89,73.0,47.0,88.0,21.8217,2621250
PTJPL,2010-03-01,Colorado River,10,96.5808,109.0,48.0,137.0,45.0325,2621250
PTJPL,2010-04-01,Colorado River,10,90.3979,99.0,48.0,125.0,44.4526,2621250
PTJPL,2010-05-01,Colorado River,10,131.6683,148.5017,48.4897,202.5071,77.2162,2621250
PTJPL,2010-06-01,Colorado River,10,104.5595,116.0,23.0,176.0,74.755,2621250
PTJPL,2010-07-01,Colorado River,10,93.0502,82.5042,16.4644,165.0,76.3292,2621250
PTJPL,2010-08-01,Colorado River,10,75.3456,47.0,14.0,140.0,66.2092,2621250
PTJPL,2010-09-01,Colorado River,10,65.1619,33.0,13.0,123.0,58.779,2621250
PTJPL,2010-10-01,Colorado River,10,57.736,42.0,23.0,95.0,38.7054,2621250
PTJPL,2010-11-01,Colorado River,10,48.2554,46.0,21.0,75.0,27.6943,2621132
PTJPL,2010-12-01,Colorado River,10,44.223,43.0,35.0,55.0,12.9895,2621249
PTJPL,2011-01-01,Colorado River,10,51.7679,51.0,38.0,68.0,16.6587,2621249
PTJPL,2011-02-01,Colorado River,10,46.8354,46.0,31.0,64.0,18.1475,2621249
PTJPL,2011-03-01,Colorado River,10,93.8017,107.0,48.0,133.0,43.9392,2621250
PTJPL,2011-04-01,Colorado River,10,121.095,143.0,56.0,177.0,65.3694,2621250
PTJPL,2011-05-01,Colorado River,10,126.6058,140.4902,62.4914,186.5099,67.0949,2621250
PTJPL,2011-06-01,Colorado River,10,116.5107,132.5063,26.4839,190.5003,80.0226,2621250
PTJPL,2011-07-01,Colorado River,10,98.8329,104.499,16.4707,168.5013,74.6721,2621250
PTJPL,2011-08-01,Colorado River,10,92.1704,78.0,15.0,167.0,76.6737,2621250
PTJPL,2011-09-01,Colorado River,10,72.078,42.0,15.0,136.0,62.2092,2621250
PTJPL,2011-10-01,Colorado River,10,52.261,32.0,11.0,98.0,44.4228,2621250
PTJPL,2011-11-01,Colorado River,10,32.9337,33.0,12.0,51.0,20.6379,2621250
PTJPL,2011-12-01,Colorado River,10,38.12,38.0,25.0,53.0,15.444,2605119
PTJPL,2012-01-01,Colorado River,10,38.7843,40.0,21.0,56.0,19.0615,2615402
PTJPL,2012-02-01,Colorado River,10,52.5077,57.0,37.0,69.0,20.4036,2620920
PTJPL,2012-03-01,Colorado River,10,85.8753,96.0,56.0,118.0,37.9629,2592483
PTJPL,2012-04-01,Colorado River,10,116.0965,135.0,63.0,167.0,60.4431,2621236
PTJPL,2012-05-01,Colorado River,10,138.3237,150.5,74.5003,206.502,77.6235,2615544
PTJPL,2012-06-01,Colorado River,10,111.7833,128.5084,26.4921,184.0,77.5069,2576301
PTJPL,2012-07-01,Colorado River,10,102.8835,108.5024,17.0,176.5052,78.2561,2577531
PTJPL,2012-08-01,Colorado River,10,92.5939,79.0,14.4691,163.0,76.8081,2620639
PTJPL,2012-09-01,Colorado River,10,59.8856,39.0,9.0,108.0,54.7668,2620436
PTJPL,2012-10-01,Colorado River,10,50.4484,37.0,12.0,91.0,40.7505,2619998
PTJPL,2012-11-01,Colorado River,10,45.9753,47.0,20.0,70.0,26.1674,2621155
PTJPL,2012-12-01,Colorado River,10,48.7926,51.0,38.0,60.0,14.0409,2621119
PTJPL,2013-01-01,Colorado River,10,42.1439,42.0,30.0,55.0,16.0702,2618718
PTJPL,2013-02-01,Colorado River,10,55.8515,59.0,32.0,78.0,26.6195,2610561
PTJPL,2013-03-01,Colorado River,10,88.6703,102.0,44.0,129.0,46.1856,2610562
PTJPL,2013-04-01,Colorado River,10,109.0298,135.0,50.0,158.0,59.0889,2621250
PTJPL,2013-05-01,Colorado River,10,127.6607,150.4985,60.5118,190.5029,71.8244,2621250
PTJPL,2013-06-01,Colorado River,10,127.0077,154.4983,30.4848,202.5031,83.7482,2621250
PTJPL,2013-07-01,Colorado River,10,110.4322,114.501,26.4796,184.5022,77.9831,2620146
PTJPL,2013-08-01,Colorado River,10,97.4291,84.4985,20.4786,168.4961,75.9989,2621161
PTJPL,2013-09-01,Colorado River,10,77.2311,62.0,14.0,141.0,63.4968,2621250
PTJPL,2013-10-01,Colorado River,10,59.7183,46.0,16.0,107.0,45.1827,2621250
PTJPL,2013-11-01,Colorado River,10,40.3823,42.0,21.0,57.0,20.1115,2621250
PTJPL,2013-12-01,Colorado River,10,33.5878,36.0,21.0,45.0,13.6975,2621250
PTJPL,2014-01-01,Colorado River,10,51.6673,57.0,30.0,74.0,23.7852,2621250
PTJPL,2014-02-01,Colorado River,10,55.9362,64.0,32.0,79.0,26.0653,2621250
PTJPL,2014-03-01,Colorado River,10,90.6608,111.0,38.0,131.0,48.4202,2621250
PTJPL,2014-04-01,Colorado River,10,120.3889,151.0,50.4924,174.502,66.4765,2621250
PTJPL,2014-05-01,Colorado River,10,135.7179,166.5078,56.5059,200.4998,79.0329,2621250
PTJPL,2014-06-01,Colorado River,10,124.6593,154.5063,26.4768,198.5021,83.9468,2621250
PTJPL,2014-07-01,Colorado River,10,106.0667,120.5061,20.4739,176.498,77.2624,2621250
PTJPL,2014-08-01,Colorado River,10,93.4589,76.4976,20.4764,168.5073,72.605,2621250
PTJPL,2014-09-01,Colorado River,10,71.3611,43.0,15.0,134.0,60.5321,2621250
PTJPL,2014-10-01,Colorado River,10,63.9822,50.0,24.0,107.0,43.6696,2621250
PTJPL,2014-11-01,Colorado River,10,51.4081,56.0,20.0,79.0,29.7946,2621250
PTJPL,2014-12-01,Colorado River,10,37.7913,39.0,25.0,52.0,16.1415,2621247
PTJPL,2015-01-01,Colorado River,10,46.2673,49.0,34.0,59.0,15.3908,2621247
PTJPL,2015-02-01,Colorado River,10,65.1981,75.0,40.0,89.0,28.7205,2621250
PTJPL,2015-03-01,Colorado River,10,99.7468,122.0,52.0,141.0,51.2147,2621250
PTJPL,2015-04-01,Colorado River,10,114.4953,143.0,57.0,162.0,60.5952,2621250
PTJPL,2015-05-01,Colorado River,10,124.7188,150.0,51.0,187.0,71.1047,2621250
PTJPL,2015-06-01,Colorado River,10,114.0878,138.5162,22.4849,188.5016,80.868,2621250
PTJPL,2015-07-01,Colorado River,10,93.2136,93.0,16.0,164.0,73.4617,2621250
PTJPL,2015-08-01,Colorado River,10,78.4808,48.5005,12.4808,148.5039,70.4563,2621250
PTJPL,2015-09-01,Colorado River,10,60.2825,28.0,10.0,117.0,57.6303,2621250
PTJPL,2015-10-01,Colorado River,10,57.9898,41.0,17.0,102.0,44.2056,2621250
PTJPL,2015-11-01,Colorado River,10,47.8441,48.0,17.0,75.0,29.6946,2621250
PTJPL,2015-12-01,Colorado River,10,41.6093,40.0,29.0,56.0,15.3119,2621250
PTJPL,2016-01-01,Colorado River,10,51.5414,55.0,47.0,60.0,11.1096,2621235
PTJPL,2016-02-01,Colorado River,10,57.198,65.0,26.0,85.0,30.6248,2621250
PTJPL,2016-03-01,Colorado River,10,93.7666,116.0,39.0,137.0,51.2636,2621250
PTJPL,2016-04-01,Colorado River,10,117.0462,145.0,43.0,171.0,64.9676,2621250
PTJPL,2016-05-01,Colorado River,10,132.1941,167.0,43.0,197.0,75.7518,2621250
PTJPL,2016-06-01,Colorado River,10,122.4717,150.5037,24.4882,200.5003,85.1221,2621250
PTJPL,2016-07-01,Colorado River,10,92.9188,84.5029,14.474,166.5109,75.8955,2621250
PTJPL,2016-08-01,Colorado River,10,73.6683,38.0,16.0,142.0,66.6937,2621250
PTJPL,2016-09-01,Colorado River,10,56.5196,24.0,11.0,114.0,53.7261,2621250
PTJPL,2016-10-01,Colorado River,10,56.665,33.0,13.0,107.0,49.023,2621250
PTJPL,2016-11-01,Colorado River,10,52.9202,55.0,20.0,83.0,32.2444,2621250
PTJPL,2016-12-01,Colorado River,10,39.1454,40.0,28.0,49.0,13.3944,2621250
PTJPL,2017-01-01,Colorado River,10,54.479,56.0,45.0,66.0,13.7613,2621246
PTJPL,2017-02-01,Colorado River,10,79.3491,84.0,71.0,92.0,17.5473,2621249
PTJPL,2017-03-01,Colorado River,10,98.7017,118.0,47.0,139.0,46.9247,2621250
PTJPL,2017-04-01,Colorado River,10,112.2113,133.0,41.0,167.0,63.9791,2621250
PTJPL,2017-05-01,Colorado River,10,141.6343,170.4993,48.4932,214.4998,82.4656,2621250
PTJPL,2017-06-01,Colorado River,10,107.1313,128.5037,16.4584,178.5042,77.1746,2621250
PTJPL,2017-07-01,Colorado River,10,94.8878,90.4967,18.4629,164.5028,73.254,2621250
PTJPL,2017-08-01,Colorado River,10,70.8236,40.0,13.0,134.0,63.8277,2621250
PTJPL,2017-09-01,Colorado River,10,55.1145,26.0,12.0,107.0,50.5964,2621250
PTJPL,2017-10-01,Colorado River,10,55.4212,34.0,14.0,102.0,46.2029,2621250
PTJPL,2017-11-01,Colorado River,10,48.2697,53.0,18.0,75.0,28.2153,2621250
PTJPL,2017-12-01,Colorado River,10,38.8715,43.0,16.0,58.0,21.8287,2621234
PTJPL,2018-01-01,Colorado River,10,45.7896,49.0,24.0,67.0,22.5346,2621234
PTJPL,2018-02-01,Colorado River,10,57.8571,62.0,34.0,81.0,25.5998,2621250
PTJPL,2018-03-01,Colorado River,10,91.5431,106.0,45.0,129.0,43.6655,2621250
PTJPL,2018-04-01,Colorado River,10,108.2138,133.0,46.0,158.0,59.8914,2621250
PTJPL,2018-05-01,Colorado River,10,137.9293,168.5108,50.5071,208.5029,81.0446,2621250
PTJPL,2018-06-01,Colorado River,10,120.0047,142.493,24.4802,190.4939,80.5541,2621250
PTJPL,2018-07-01,Colorado River,10,99.2488,104.5045,18.4776,164.4969,74.5013,2621250
PTJPL,2018-08-01,Colorado River,10,88.8874,66.4848,22.4673,154.5,70.2532,2621250
PTJPL,2018-09-01,Colorado River,10,69.4439,38.0,16.0,131.0,60.4214,2621250
PTJPL,2018-10-01,Colorado River,10,63.1623,51.0,27.0,102.0,38.6926,2621250
PTJPL,2018-11-01,Colorado River,10,55.0634,57.0,30.0,80.0,27.7088,2621250
PTJPL,2018-12-01,Colorado River,10,47.4512,48.0,38.0,57.0,13.8584,2616780
PTJPL,2019-01-01,Colorado River,10,52.7445,55.0,44.0,64.0,14.3265,2621072
PTJPL,2019-02-01,Colorado River,10,65.8416,67.0,56.0,80.0,16.5394,2621192
PTJPL,2019-03-01,Colorado River,10,102.4965,118.0,59.0,139.0,44.044,2621250
PTJPL,2019-04-01,Colorado River,10,131.9067,161.0,71.0,184.0,63.8166,2621250
PTJPL,2019-05-01,Colorado River,10,151.9576,182.5076,80.5044,214.5015,77.7459,2621250
PTJPL,2019-06-01,Colorado River,10,134.283,168.5145,38.4941,200.5012,79.2316,2621250
PTJPL,2019-07-01,Colorado River,10,93.9488,102.5089,18.4617,154.5039,66.7835,2621250
PTJPL,2019-08-01,Colorado River,10,91.9422,81.0,16.0,165.0,74.058,2621250
PTJPL,2019-09-01,Colorado River,10,80.8249,59.0,18.0,146.0,65.1214,2621250
PTJPL,2019-10-01,Colorado River,10,63.4563,53.0,13.0,114.0,50.3,2621250
PTJPL,2019-11-01,Colorado River,10,49.5644,52.0,25.0,72.0,25.0696,2621250
PTJPL,2019-12-01,Colorado River,10,51.9357,56.0,42.0,63.0,13.4092,2621250
PTJPL,2020-01-01,Colorado River,10,48.6594,52.0,37.0,61.0,14.4399,2620897
PTJPL,2020-02-01,Colorado River,10,55.0875,61.0,36.0,74.0,22.5678,2621081
PTJPL,2020-03-01,Colorado River,10,94.2961,106.0,69.0,117.0,29.7174,2621250
PTJPL,2020-04-01,Colorado River,10,124.4443,147.0,79.0,164.0,50.3379,2621250
PTJPL,2020-05-01,Colorado River,10,135.0593,166.5135,64.5071,194.5033,73.5935,2621250
PTJPL,2020-06-01,Colorado River,10,129.0431,162.5063,30.4734,196.4995,80.9949,2621250
PTJPL,2020-07-01,Colorado River,10,101.0646,110.5092,18.4655,170.5105,73.1364,2621250
PTJPL,2020-08-01,Colorado River,10,87.7968,70.4968,20.4747,154.5042,68.4494,2621250
PTJPL,2020-09-01,Colorado River,10,69.8666,44.0,17.0,129.0,57.0231,2621250
PTJPL,2020-10-01,Colorado River,10,53.67,40.0,13.0,97.0,41.8684,2621250
PTJPL,2020-11-01,Colorado River,10,46.5247,49.0,21.0,69.0,25.2045,2621250
PTJPL,2020-12-01,Colorado River,10,41.1836,42.0,29.0,54.0,15.5768,2621248
PTJPL,2021-01-01,Colorado River,10,48.046,51.0,37.0,61.0,15.5276,2621232
PTJPL,2021-02-01,Colorado River,10,56.2269,64.0,35.0,77.0,24.6303,2621250
PTJPL,2021-03-01,Colorado River,10,95.2371,111.0,52.0,130.0,44.2153,2621250
PTJPL,2021-04-01,Colorado River,10,126.8278,155.0,62.5066,180.4991,66.8041,2621250
PTJPL,2021-05-01,Colorado River,10,136.1735,170.5084,66.4951,194.5057,72.6717,2621250
PTJPL,2021-06-01,Colorado River,10,123.2874,150.5096,32.4845,186.4973,75.8007,2621250
PTJPL,2021-07-01,Colorado River,10,101.2718,108.5061,24.4759,164.4989,70.5032,2621250
PTJPL,2021-08-01,Colorado River,10,89.2889,77.0,24.0,154.0,65.2438,2621250
PTJPL,2021-09-01,Colorado River,10,63.2306,45.0,15.0,112.0,51.0332,2621250
PTJPL,2021-10-01,Colorado River,10,56.8597,45.0,16.0,100.0,41.7623,2621250
PTJPL,2021-11-01,Colorado River,10,51.8758,59.0,16.0,81.0,32.4682,2621250
PTJPL,2021-12-01,Colorado River,10,43.8832,47.0,32.0,56.0,14.3052,2621250
PTJPL,2022-01-01,Colorado River,10,51.7862,55.0,34.0,70.0,20.7229,2621250
PTJPL,2022-02-01,Colorado River,10,54.4194,62.0,27.0,80.0,28.3498,2621250
PTJPL,2022-03-01,Colorado River,10,96.6789,112.0,59.0,131.0,41.6235,2621250
PTJPL,2022-04-01,Colorado River,10,129.801,158.0,77.0,178.0,62.173,2621250
PTJPL,2022-05-01,Colorado River,10,138.3278,170.5052,70.504,200.5048,74.5783,2621250
PTJPL,2022-06-01,Colorado River,10,127.795,156.5086,36.487,196.4996,79.8726,2621250
PTJPL,2022-07-01,Colorado River,10,102.8692,106.5084,24.464,168.501,73.595,2621250
PTJPL,2022-08-01,Colorado River,10,88.762,75.0,27.0,150.0,63.2034,2621250
PTJPL,2022-09-01,Colorado River,10,67.6225,48.0,20.0,119.0,50.9793,2621250
PTJPL,2022-10-01,Colorado River,10,62.9535,50.0,26.0,104.0,39.9628,2621250
PTJPL,2022-11-01,Colorado River,10,36.0543,36.0,17.0,53.0,19.6572,2621250
PTJPL,2022-12-01,Colorado River,10,33.81,33.0,19.0,48.0,15.8778,2621250
PTJPL,2023-01-01,Colorado River,10,46.6815,51.0,36.0,57.0,13.7016,2621250
PTJPL,2023-02-01,Colorado River,10,47.8834,52.0,33.0,60.0,16.9096,2621250
PTJPL,2023-03-01,Colorado River,10,96.8498,110.0,60.0,131.0,40.9615,2621250
PTJPL,2023-04-01,Colorado River,10,118.4305,146.0,62.0,168.0,61.2355,2621250
PTJPL,2023-05-01,Colorado River,10,150.0017,186.5141,66.496,214.4997,80.0213,2621250
PTJPL,2023-06-01,Colorado River,10,124.1762,158.5099,30.4817,188.4974,75.8456,2621250
PTJPL,2023-07-01,Colorado River,10,110.6309,112.497,24.4728,184.5057,80.5838,2621250
PTJPL,2023-08-01,Colorado River,10,91.0528,68.0,21.0,161.0,71.9375,2621250
PTJPL,2023-09-01,Colorado River,10,71.0251,53.0,19.0,126.0,54.3262,2621250
PTJPL,2023-10-01,Colorado River,10,69.7441,60.0,24.0,117.0,46.5297,2621250
PTJPL,2023-11-01,Colorado River,10,49.1439,54.0,18.0,75.0,28.754,2621250
PTJPL,2023-12-01,Colorado River,10,43.255,47.0,28.0,58.0,17.5589,2621250
PTJPL,2024-01-01,Colorado River,10,47.7184,52.0,37.0,59.0,13.9606,2621250
PTJPL,2024-02-01,Colorado River,10,63.484,64.0,51.0,79.0,18.2826,2621250
PTJPL,2024-03-01,Colorado River,10,99.157,117.0,56.0,135.0,44.2233,2621250
PTJPL,2024-04-01,Colorado River,10,121.3568,151.0,48.0,177.0,66.0606,2621250
PTJPL,2024-05-01,Colorado River,10,136.7529,170.5034,46.497,206.507,78.853,2621250
PTJPL,2024-06-01,Colorado River,10,123.9055,152.5081,26.4697,196.4941,82.7384,2621250
PTJPL,2024-07-01,Colorado River,10,103.2596,100.5074,26.0,174.4987,74.1164,2621250
PTJPL,2024-08-01,Colorado River,10,76.1551,52.0,21.0,132.0,61.356,2621250
PTJPL,2024-09-01,Colorado River,10,60.3241,35.0,18.0,103.0,51.9787,2621250
PTJPL,2024-10-01,Colorado River,10,57.3305,39.0,19.0,98.0,44.3303,2621250
PTJPL,2024-11-01,Colorado River,10,45.2896,44.0,15.0,73.0,29.86,2621250
PTJPL,2024-12-01,Colorado River,10,43.0222,45.0,24.0,62.0,20.2573,2621250
PTJPL,2025-01-01,Colorado River,10,37.5134,40.0,21.0,52.0,17.7634,2621250
PTJPL,2025-02-01,Colorado River,10,64.683,69.0,34.0,96.0,33.1437,2621250
PTJPL,2025-03-01,Colorado River,10,92.6369,110.0,40.0,137.0,50.5899,2621250
PTJPL,2025-04-01,Colorado River,10,115.6155,144.5114,38.4889,172.509,66.7261,2621250
PTJPL,2025-05-01,Colorado River,10,137.4071,172.5058,38.4841,206.5021,81.5346,2621250
PTJPL,2025-06-01,Colorado River,10,119.6625,144.4969,26.4644,190.5019,79.4445,2621250
PTJPL,2025-07-01,Colorado River,10,99.0991,94.4897,22.4694,170.5009,73.4444,2621250
PTJPL,2025-08-01,Colorado River,10,78.8808,58.0,20.0,138.0,62.721,2621250
PTJPL,2025-09-01,Colorado River,10,76.1072,56.0,22.0,132.0,56.8276,2621250
PTJPL,2025-10-01,Colorado River,10,65.1474,56.0,22.0,110.0,43.9838,2621250
PTJPL,2025-11-01,Colorado River,10,60.9901,64.0,39.0,81.0,22.1346,2621250
PTJPL,2025-12-01,Colorado River,10,45.4496,51.0,29.0,60.0,18.1092,2621250
PTJPL,2003-10-01,North Coast,1,46.5175,46.0,33.0,59.0,16.6719,1905823
PTJPL,2003-11-01,North Coast,1,18.9991,16.0,13.0,26.0,8.2534,1892468
PTJPL,2003-12-01,North Coast,1,17.065,11.0,9.0,27.0,9.13,1092139
PTJPL,2004-01-01,North Coast,1,22.7517,20.0,16.0,31.0,7.9784,1113475
PTJPL,2004-02-01,North Coast,1,29.7002,28.0,25.0,34.0,5.8726,1873244
PTJPL,2004-03-01,North Coast,1,72.4661,72.0,61.0,85.0,16.2205,1891706
PTJPL,2004-04-01,North Coast,1,97.4421,100.0,83.0,112.0,21.086,1907495
PTJPL,2004-05-01,North Coast,1,111.3495,114.0,98.0,131.0,26.7739,1907337
PTJPL,2004-06-01,North Coast,1,112.4576,115.0,94.0,134.0,28.7917,1907614
PTJPL,2004-07-01,North Coast,1,109.179,115.0,82.0,139.0,35.1886,1905555
PTJPL,2004-08-01,North Coast,1,81.9568,86.0,56.0,109.0,31.9334,1907411
PTJPL,2004-09-01,North Coast,1,61.9259,63.0,38.0,83.0,25.6079,1907520
PTJPL,2004-10-01,North Coast,1,41.21,41.0,30.0,51.0,13.5855,1907351
PTJPL,2004-11-01,North Coast,1,35.9596,37.0,28.0,43.0,10.0742,1907510
PTJPL,2004-12-01,North Coast,1,27.6336,28.0,24.0,31.0,4.4405,1829294
PTJPL,2005-01-01,North Coast,1,27.4141,28.0,23.0,32.0,5.5815,913823
PTJPL,2005-02-01,North Coast,1,41.8074,43.0,34.0,49.0,8.8108,914611
PTJPL,2005-03-01,North Coast,1,67.3485,68.0,54.0,80.0,16.8525,1862416
PTJPL,2005-04-01,North Coast,1,87.8596,89.0,76.0,100.0,17.4795,1899301
PTJPL,2005-05-01,North Coast,1,119.6624,123.0,109.0,134.0,19.6887,1907014
PTJPL,2005-06-01,North Coast,1,113.6148,115.0,101.0,127.0,20.5863,1891075
PTJPL,2005-07-01,North Coast,1,124.9357,130.0,108.0,147.0,29.627,1904725
PTJPL,2005-08-01,North Coast,1,93.0069,100.0,71.0,118.0,32.8929,1907414
PTJPL,2005-09-01,North Coast,1,69.8368,73.0,53.0,85.0,20.4621,1907488
PTJPL,2005-10-01,North Coast,1,42.8742,44.0,29.0,55.0,15.8955,1907124
PTJPL,2005-11-01,North Coast,1,28.1237,27.0,20.0,35.0,9.775,1764276
PTJPL,2005-12-01,North Coast,1,25.5914,27.0,20.0,30.0,6.5364,1349813
PTJPL,2006-01-01,North Coast,1,22.8311,23.0,20.0,25.0,4.4323,1335168
PTJPL,2006-02-01,North Coast,1,35.6512,36.0,29.0,42.0,7.3834,1899317
PTJPL,2006-03-01,North Coast,1,45.02,44.0,39.0,51.0,8.1763,1800432
PTJPL,2006-04-01,North Coast,1,77.358,78.0,68.0,87.0,14.2007,1869735
PTJPL,2006-05-01,North Coast,1,114.0413,119.0,98.0,132.0,25.8836,1907592
PTJPL,2006-06-01,North Coast,1,116.6918,119.0,100.0,134.0,23.7938,1907578
PTJPL,2006-07-01,North Coast,1,112.2545,119.0,92.0,138.0,33.2363,1907356
PTJPL,2006-08-01,North Coast,1,87.7513,93.0,64.0,112.0,31.7704,1907340
PTJPL,2006-09-01,North Coast,1,59.8972,64.0,40.0,79.0,24.9201,1905648
PTJPL,2006-10-01,North Coast,1,41.6157,42.0,29.0,53.0,15.9831,1907135
PTJPL,2006-11-01,North Coast,1,33.0152,34.0,26.0,40.0,7.7746,1906833
PTJPL,2006-12-01,North Coast,1,27.3178,31.0,14.0,35.0,10.6833,1178418
PTJPL,2007-01-01,North Coast,1,25.8982,25.0,19.0,34.0,9.4702,1691873
PTJPL,2007-02-01,North Coast,1,28.2883,26.0,23.0,33.0,7.1564,1835106
PTJPL,2007-03-01,North Coast,1,65.6787,66.0,54.0,77.0,14.025,1906384
PTJPL,2007-04-01,North Coast,1,86.6037,90.0,75.0,102.0,19.5067,1907657
PTJPL,2007-05-01,North Coast,1,127.9833,133.0,113.0,148.0,27.201,1906346
PTJPL,2007-06-01,North Coast,1,107.2052,110.0,91.0,127.0,26.2674,1907337
PTJPL,2007-07-01,North Coast,1,112.9174,118.0,91.0,139.0,34.3045,1906824
PTJPL,2007-08-01,North Coast,1,86.7416,91.0,59.0,116.0,34.2318,1907053
PTJPL,2007-09-01,North Coast,1,63.7939,66.0,44.0,82.0,23.2594,1907495
PTJPL,2007-10-01,North Coast,1,43.8166,44.0,35.0,53.0,12.3167,1897242
PTJPL,2007-11-01,North Coast,1,34.7168,34.0,26.0,41.0,10.5463,1491373
PTJPL,2007-12-01,North Coast,1,22.4225,22.0,19.0,25.0,5.0523,397491
PTJPL,2008-01-01,North Coast,1,25.3174,25.0,22.0,28.0,4.1318,569623
PTJPL,2008-02-01,North Coast,1,35.4699,36.0,27.0,41.0,10.1828,1148175
PTJPL,2008-03-01,North Coast,1,59.4456,56.0,49.0,71.0,13.4715,1876659
PTJPL,2008-04-01,North Coast,1,84.239,83.0,71.0,97.0,16.7124,1907622
PTJPL,2008-05-01,North Coast,1,113.7526,114.0,95.0,132.0,24.4318,1907589
PTJPL,2008-06-01,North Coast,1,106.4266,110.0,82.0,130.0,31.9625,1907474
PTJPL,2008-07-01,North Coast,1,110.4409,118.0,81.0,139.0,35.0722,1907190
PTJPL,2008-08-01,North Coast,1,83.6982,89.0,58.0,110.0,31.5885,1902934
PTJPL,2008-09-01,North Coast,1,55.2681,57.0,33.0,75.0,23.7565,1904387
PTJPL,2008-10-01,North Coast,1,40.9718,42.0,29.0,51.0,14.701,1905436
PTJPL,2008-11-01,North Coast,1,26.0239,24.0,19.0,31.0,8.8889,1483243
PTJPL,2008-12-01,North Coast,1,19.2467,18.0,15.0,23.0,5.5928,1404254
PTJPL,2009-01-01,North Coast,1,28.9554,28.0,23.0,33.0,7.4731,1750808
PTJPL,2009-02-01,North Coast,1,33.1762,33.0,30.0,37.0,5.0244,1810467
PTJPL,2009-03-01,North Coast,1,61.247,62.0,51.0,71.0,11.8649,1906354
PTJPL,2009-04-01,North Coast,1,76.5861,78.0,65.0,93.0,20.8063,1907646
PTJPL,2009-05-01,North Coast,1,118.7107,123.0,102.0,138.0,26.1282,1906941
PTJPL,2009-06-01,North Coast,1,108.5018,111.0,95.0,125.0,22.8315,1907485
PTJPL,2009-07-01,North Coast,1,111.6516,118.5164,84.0,142.5008,38.3184,1906839
PTJPL,2009-08-01,North Coast,1,81.4509,88.0,58.0,107.0,32.6638,1907308
PTJPL,2009-09-01,North Coast,1,58.0093,62.0,35.0,79.0,25.5316,1907632
PTJPL,2009-10-01,North Coast,1,49.544,49.0,39.0,59.0,13.4564,1907554
PTJPL,2009-11-01,North Coast,1,35.0774,34.0,28.0,42.0,8.8902,1892699
PTJPL,2009-12-01,North Coast,1,16.2176,16.0,8.0,24.0,8.187,1866069
PTJPL,2010-01-01,North Coast,1,32.073,33.0,30.0,35.0,5.5124,356707
PTJPL,2010-02-01,North Coast,1,38.2273,37.0,33.0,41.0,6.6146,1345977
PTJPL,2010-03-01,North Coast,1,62.9547,65.0,51.0,73.0,12.8397,1888989
PTJPL,2010-04-01,North Coast,1,80.2764,81.0,67.0,93.0,15.1314,1907603
PTJPL,2010-05-01,North Coast,1,100.5537,103.0,89.0,113.0,18.2349,1907723
PTJPL,2010-06-01,North Coast,1,119.0321,121.0,105.0,135.0,24.3225,1907628
PTJPL,2010-07-01,North Coast,1,113.25,121.0,96.0,137.0,33.082,1906797
PTJPL,2010-08-01,North Coast,1,90.3518,94.0,73.0,111.0,30.4187,1902028
PTJPL,2010-09-01,North Coast,1,62.7137,66.0,43.0,81.0,23.407,1907421
PTJPL,2010-10-01,North Coast,1,47.8064,49.0,37.0,59.0,17.0588,1906914
PTJPL,2010-11-01,North Coast,1,31.6872,28.0,24.0,41.0,10.5809,1765359
PTJPL,2010-12-01,North Coast,1,21.4497,21.0,16.0,27.0,6.6603,1344805
PTJPL,2011-01-01,North Coast,1,28.5541,27.0,22.0,33.0,9.1237,1877462
PTJPL,2011-02-01,North Coast,1,34.1632,33.0,28.0,40.0,7.805,1885588
PTJPL,2011-03-01,North Coast,1,50.4528,49.0,40.0,61.0,13.0763,1745628
PTJPL,2011-04-01,North Coast,1,76.0564,73.0,61.0,90.0,18.7218,1902573
PTJPL,2011-05-01,North Coast,1,99.4187,101.0,83.0,117.0,23.1268,1907077
PTJPL,2011-06-01,North Coast,1,108.1118,110.0,94.0,124.0,24.0275,1906983
PTJPL,2011-07-01,North Coast,1,130.8099,135.0,115.0,151.0,27.5807,1900476
PTJPL,2011-08-01,North Coast,1,100.5812,106.0,85.0,122.0,29.1983,1906675
PTJPL,2011-09-01,North Coast,1,71.277,75.0,53.0,89.0,23.3341,1906980
PTJPL,2011-10-01,North Coast,1,55.3215,55.0,44.0,66.0,14.8713,1907525
PTJPL,2011-11-01,North Coast,1,32.1537,33.0,24.0,39.0,9.2932,1887385
PTJPL,2011-12-01,North Coast,1,27.6913,26.0,16.0,37.0,12.4028,1865855
PTJPL,2012-01-01,North Coast,1,24.8953,24.0,20.0,30.0,9.3011,1837969
PTJPL,2012-02-01,North Coast,1,34.0335,32.0,23.0,45.0,12.6906,1785324
PTJPL,2012-03-01,North Coast,1,43.7046,43.0,35.0,51.0,10.9533,1703210
PTJPL,2012-04-01,North Coast,1,94.3005,96.0,83.0,112.0,24.8344,1795244
PTJPL,2012-05-01,North Coast,1,122.2488,126.0,100.0,146.0,37.7365,1888362
PTJPL,2012-06-01,North Coast,1,109.1929,113.0,90.0,129.0,29.3491,1901657
PTJPL,2012-07-01,North Coast,1,114.4219,120.0,90.0,141.0,36.2958,1802573
PTJPL,2012-08-01,North Coast,1,80.1015,86.0,56.0,108.0,33.9653,1816133
PTJPL,2012-09-01,North Coast,1,59.7475,65.0,34.0,84.0,28.5962,1873325
PTJPL,2012-10-01,North Coast,1,48.0627,49.0,34.0,61.0,16.7587,1816376
PTJPL,2012-11-01,North Coast,1,30.1281,30.0,25.0,35.0,7.4656,1598553
PTJPL,2012-12-01,North Coast,1,30.9332,32.0,29.0,34.0,3.7193,522672
PTJPL,2013-01-01,North Coast,1,34.0512,33.0,30.0,38.0,5.6191,799877
PTJPL,2013-02-01,North Coast,1,35.0392,35.0,28.0,41.0,8.7839,1539538
PTJPL,2013-03-01,North Coast,1,51.8683,54.0,41.0,63.0,15.9793,1806814
PTJPL,2013-04-01,North Coast,1,73.2877,75.0,61.0,85.0,20.2225,1907425
PTJPL,2013-05-01,North Coast,1,114.9662,118.0,96.0,134.0,25.74,1907420
PTJPL,2013-06-01,North Coast,1,117.4522,119.0,98.0,138.0,30.549,1905584
PTJPL,2013-07-01,North Coast,1,112.901,122.5043,91.0,140.5,37.8486,1902301
PTJPL,2013-08-01,North Coast,1,88.4454,91.0,68.0,113.0,29.5002,1907242
PTJPL,2013-09-01,North Coast,1,72.0062,73.0,53.0,87.0,23.5255,1907687
PTJPL,2013-10-01,North Coast,1,52.0666,52.0,43.0,61.0,12.9409,1907529
PTJPL,2013-11-01,North Coast,1,37.8283,38.0,32.0,43.0,8.1729,1907657
PTJPL,2013-12-01,North Coast,1,18.3552,17.0,11.0,25.0,7.9645,1904845
PTJPL,2014-01-01,North Coast,1,23.7261,23.0,18.0,28.0,7.1114,1901633
PTJPL,2014-02-01,North Coast,1,28.627,30.0,26.0,33.0,7.3977,1894111
PTJPL,2014-03-01,North Coast,1,58.4912,58.0,48.0,69.0,13.4816,1901643
PTJPL,2014-04-01,North Coast,1,95.1946,99.0,85.0,109.0,19.6575,1907673
PTJPL,2014-05-01,North Coast,1,117.5626,124.0,98.0,138.0,27.5951,1907728
PTJPL,2014-06-01,North Coast,1,102.9605,110.0,81.0,126.0,30.7992,1907443
PTJPL,2014-07-01,North Coast,1,96.4899,100.0,64.0,129.0,37.7986,1906853
PTJPL,2014-08-01,North Coast,1,76.2045,79.0,47.0,106.0,33.254,1905343
PTJPL,2014-09-01,North Coast,1,56.4143,60.0,35.0,75.0,23.8972,1907634
PTJPL,2014-10-01,North Coast,1,48.7877,50.0,38.0,58.0,14.0993,1907761
PTJPL,2014-11-01,North Coast,1,33.4379,33.0,29.0,39.0,7.8665,1779890
PTJPL,2014-12-01,North Coast,1,23.3293,24.0,14.0,32.0,11.7966,1862760
PTJPL,2015-01-01,North Coast,1,34.2681,34.0,30.0,38.0,5.8227,1907009
PTJPL,2015-02-01,North Coast,1,35.5103,36.0,30.0,42.0,8.5243,1907646
PTJPL,2015-03-01,North Coast,1,69.808,71.0,59.0,81.0,14.6158,1907797
PTJPL,2015-04-01,North Coast,1,94.1047,98.0,82.0,111.0,24.1142,1904724
PTJPL,2015-05-01,North Coast,1,114.0257,114.0,100.0,131.0,23.5507,1907097
PTJPL,2015-06-01,North Coast,1,108.9897,117.0,89.0,132.0,31.5554,1887088
PTJPL,2015-07-01,North Coast,1,102.6038,108.0,81.0,130.0,33.222,1907035
PTJPL,2015-08-01,North Coast,1,86.2038,93.0,61.0,112.0,32.3024,1907808
PTJPL,2015-09-01,North Coast,1,58.6401,62.0,38.0,79.0,23.9158,1907429
PTJPL,2015-10-01,North Coast,1,46.0191,49.0,29.0,60.0,17.7895,1907805
PTJPL,2015-11-01,North Coast,1,32.4493,32.0,25.0,38.0,9.1314,1907445
PTJPL,2015-12-01,North Coast,1,20.2382,18.0,14.0,27.0,6.9355,1711990
PTJPL,2016-01-01,North Coast,1,26.1362,24.0,19.0,35.0,7.8937,1279049
PTJPL,2016-02-01,North Coast,1,47.6746,45.0,38.0,57.0,11.3399,1534960
PTJPL,2016-03-01,North Coast,1,71.5643,73.0,64.0,79.0,10.8143,1907321
PTJPL,2016-04-01,North Coast,1,97.9724,99.0,89.0,109.0,15.8686,1907673
PTJPL,2016-05-01,North Coast,1,118.6868,121.0,110.0,133.0,21.0572,1905862
PTJPL,2016-06-01,North Coast,1,122.4103,123.0,107.0,140.0,24.9906,1901539
PTJPL,2016-07-01,North Coast,1,118.1279,124.0,98.0,140.0,30.2501,1895129
PTJPL,2016-08-01,North Coast,1,88.36,95.0,65.0,113.0,31.7195,1899041
PTJPL,2016-09-01,North Coast,1,67.0825,71.0,49.0,85.0,22.0149,1907725
PTJPL,2016-10-01,North Coast,1,43.8065,43.0,36.0,52.0,10.7605,1907725
PTJPL,2016-11-01,North Coast,1,36.3068,38.0,31.0,42.0,6.9669,1901936
PTJPL,2016-12-01,North Coast,1,22.7659,21.0,16.0,31.0,7.6227,1734309
PTJPL,2017-01-01,North Coast,1,26.2775,26.0,22.0,31.0,6.0904,866855
PTJPL,2017-02-01,North Coast,1,32.1458,32.0,25.0,39.0,8.5496,1857346
PTJPL,2017-03-01,North Coast,1,62.6424,62.0,54.0,70.0,11.4415,1866018
PTJPL,2017-04-01,North Coast,1,85.5484,88.0,74.0,98.0,19.0565,1902322
PTJPL,2017-05-01,North Coast,1,122.219,125.0,112.0,138.0,24.3035,1806519
PTJPL,2017-06-01,North Coast,1,112.8293,117.0,100.0,130.0,24.768,1788631
PTJPL,2017-07-01,North Coast,1,109.5565,114.0,87.0,137.0,34.1629,1906918
PTJPL,2017-08-01,North Coast,1,91.6482,95.0,68.0,117.0,31.391,1907040
PTJPL,2017-09-01,North Coast,1,62.0944,65.0,45.0,78.0,20.1702,1907799
PTJPL,2017-10-01,North Coast,1,46.8303,47.0,36.0,58.0,13.6986,1907800
PTJPL,2017-11-01,North Coast,1,27.7251,28.0,19.0,35.0,10.1578,1907342
PTJPL,2017-12-01,North Coast,1,27.2915,25.0,20.0,33.0,8.3495,1704511
PTJPL,2018-01-01,North Coast,1,29.6871,29.0,27.0,33.0,5.1515,1733545
PTJPL,2018-02-01,North Coast,1,39.2466,38.0,31.0,46.0,10.2419,1707032
PTJPL,2018-03-01,North Coast,1,57.8493,59.0,51.0,65.0,10.1931,1880577
PTJPL,2018-04-01,North Coast,1,81.7851,83.0,74.0,93.0,15.3282,1894819
PTJPL,2018-05-01,North Coast,1,127.007,127.0,111.0,147.0,28.7914,1896431
PTJPL,2018-06-01,North Coast,1,116.1153,120.0,105.0,134.0,26.7919,1907649
PTJPL,2018-07-01,North Coast,1,104.0318,113.0,81.0,132.0,35.7476,1907264
PTJPL,2018-08-01,North Coast,1,85.2577,90.0,61.0,112.0,31.4772,1906749
PTJPL,2018-09-01,North Coast,1,60.5594,66.0,40.0,80.0,24.6678,1907429
PTJPL,2018-10-01,North Coast,1,41.3901,43.0,29.0,50.0,14.4175,1907707
PTJPL,2018-11-01,North Coast,1,27.3337,27.0,23.0,32.0,6.7995,1907254
PTJPL,2018-12-01,North Coast,1,22.3352,19.0,15.0,30.0,8.7271,1816708
PTJPL,2019-01-01,North Coast,1,28.7304,28.0,23.0,35.0,8.0305,1886195
PTJPL,2019-02-01,North Coast,1,28.812,28.0,24.0,34.0,6.1386,1710140
PTJPL,2019-03-01,North Coast,1,57.4822,56.0,49.0,67.0,11.8752,1896919
PTJPL,2019-04-01,North Coast,1,94.3992,96.0,83.0,105.0,14.91,1907760
PTJPL,2019-05-01,North Coast,1,99.14,103.0,89.0,114.0,22.638,1907557
PTJPL,2019-06-01,North Coast,1,121.5702,124.0,107.0,138.0,24.786,1907123
PTJPL,2019-07-01,North Coast,1,123.4728,128.0,107.0,143.0,26.3411,1907125
PTJPL,2019-08-01,North Coast,1,96.5127,101.0,77.0,117.0,26.5178,1905498
PTJPL,2019-09-01,North Coast,1,72.3084,75.0,60.0,84.0,17.1447,1848420
PTJPL,2019-10-01,North Coast,1,47.5971,47.0,38.0,57.0,13.0334,1907412
PTJPL,2019-11-01,North Coast,1,27.8386,27.0,23.0,33.0,7.2344,1907429
PTJPL,2019-12-01,North Coast,1,20.9624,21.0,16.0,26.0,5.7277,1745468
PTJPL,2020-01-01,North Coast,1,27.0247,27.0,21.0,32.0,6.5975,1742347
PTJPL,2020-02-01,North Coast,1,44.6412,42.0,34.0,55.0,12.5744,1891627
PTJPL,2020-03-01,North Coast,1,52.5982,50.0,42.0,61.0,12.9941,1898207
PTJPL,2020-04-01,North Coast,1,89.413,92.0,78.0,102.0,18.0454,1907799
PTJPL,2020-05-01,North Coast,1,105.8015,109.0,86.0,126.0,26.3123,1906525
PTJPL,2020-06-01,North Coast,1,114.2985,117.0,100.0,130.0,22.1348,1907493
PTJPL,2020-07-01,North Coast,1,112.0874,117.0,89.0,136.0,31.686,1907530
PTJPL,2020-08-01,North Coast,1,82.123,85.0,59.0,106.0,29.3628,1906980
PTJPL,2020-09-01,North Coast,1,62.989,68.0,42.0,82.0,24.7182,1907806
PTJPL,2020-10-01,North Coast,1,48.1325,48.0,35.0,61.0,15.7478,1907806
PTJPL,2020-11-01,North Coast,1,27.896,27.0,23.0,33.0,6.4789,1907794
PTJPL,2020-12-01,North Coast,1,23.6806,22.0,19.0,28.0,6.4859,1906064
PTJPL,2021-01-01,North Coast,1,25.4327,25.0,18.0,33.0,9.6819,1869944
PTJPL,2021-02-01,North Coast,1,28.2019,28.0,22.0,34.0,7.6234,1904814
PTJPL,2021-03-01,North Coast,1,55.767,58.0,38.0,70.0,16.6449,1907231
PTJPL,2021-04-01,North Coast,1,87.4721,88.0,76.0,103.0,19.2415,1907573
PTJPL,2021-05-01,North Coast,1,114.5135,116.0,99.0,134.0,28.0198,1907308
PTJPL,2021-06-01,North Coast,1,104.5559,108.0,80.0,128.0,33.1549,1893908
PTJPL,2021-07-01,North Coast,1,86.1423,90.0,53.0,117.0,36.9203,1858164
PTJPL,2021-08-01,North Coast,1,73.3259,69.0,42.0,105.0,33.5227,1904136
PTJPL,2021-09-01,North Coast,1,61.0639,59.0,41.0,82.0,23.0186,1907386
PTJPL,2021-10-01,North Coast,1,52.0458,52.0,41.0,62.0,14.3777,1892479
PTJPL,2021-11-01,North Coast,1,34.8731,35.0,31.0,40.0,6.3909,1904698
PTJPL,2021-12-01,North Coast,1,17.9224,16.0,14.0,22.0,5.2621,1875205
PTJPL,2022-01-01,North Coast,1,26.9441,26.0,19.0,34.0,9.0214,1903410
PTJPL,2022-02-01,North Coast,1,38.9689,37.0,30.0,47.0,10.2722,1905416
PTJPL,2022-03-01,North Coast,1,64.8883,66.0,53.0,75.0,12.8244,1907807
PTJPL,2022-04-01,North Coast,1,78.2321,76.0,69.0,88.0,14.2058,1907736
PTJPL,2022-05-01,North Coast,1,106.3463,107.0,95.0,117.0,16.3289,1907801
PTJPL,2022-06-01,North Coast,1,102.2475,103.0,87.0,118.0,22.5994,1907809
PTJPL,2022-07-01,North Coast,1,100.0338,107.0,77.0,126.0,33.7952,1907319
PTJPL,2022-08-01,North Coast,1,80.7527,89.0,52.0,107.0,32.2233,1907338
PTJPL,2022-09-01,North Coast,1,64.9157,67.0,45.0,84.0,22.2797,1907809
PTJPL,2022-10-01,North Coast,1,51.9294,54.0,37.0,64.0,17.6465,1907807
PTJPL,2022-11-01,North Coast,1,28.3856,28.0,23.0,33.0,7.0621,1822468
PTJPL,2022-12-01,North Coast,1,17.6277,15.0,12.0,25.0,7.3838,1636239
PTJPL,2023-01-01,North Coast,1,22.5026,24.0,15.0,30.0,9.5625,1718615
PTJPL,2023-02-01,North Coast,1,31.2981,31.0,25.0,35.0,7.4094,1764546
PTJPL,2023-03-01,North Coast,1,44.8505,45.0,34.0,55.0,11.7613,1702469
PTJPL,2023-04-01,North Coast,1,87.5094,90.0,73.0,103.0,19.4556,1906477
PTJPL,2023-05-01,North Coast,1,115.6674,118.0,102.0,131.0,22.5752,1907136
PTJPL,2023-06-01,North Coast,1,114.5402,116.0,102.0,130.0,24.7925,1907623
PTJPL,2023-07-01,North Coast,1,110.4628,116.0,92.0,134.0,32.1233,1907161
PTJPL,2023-08-01,North Coast,1,92.9084,100.0,71.0,116.0,29.8419,1906816
PTJPL,2023-09-01,North Coast,1,67.9989,72.0,53.0,83.0,19.6643,1903669
PTJPL,2023-10-01,North Coast,1,51.3791,53.0,41.0,61.0,13.1113,1907781
PTJPL,2023-11-01,North Coast,1,28.3714,28.0,23.0,34.0,6.8265,1907809
PTJPL,2023-12-01,North Coast,1,22.2504,21.0,19.0,27.0,5.6057,1900975
PTJPL,2024-01-01,North Coast,1,30.4113,30.0,27.0,33.0,4.8909,1660563
PTJPL,2024-02-01,North Coast,1,38.4315,38.0,34.0,42.0,5.663,1900622
PTJPL,2024-03-01,North Coast,1,66.4476,67.0,54.0,77.0,14.4392,1859710
PTJPL,2024-04-01,North Coast,1,97.3681,99.0,88.0,108.0,14.7441,1881215
PTJPL,2024-05-01,North Coast,1,128.9318,130.0,117.0,145.0,23.0504,1907807
PTJPL,2024-06-01,North Coast,1,110.6379,115.0,96.0,128.0,24.4971,1907611
PTJPL,2024-07-01,North Coast,1,102.1335,110.5228,72.4899,132.0,36.393,1907387
PTJPL,2024-08-01,North Coast,1,82.1492,86.0,58.0,106.0,28.9338,1907809
PTJPL,2024-09-01,North Coast,1,61.9859,67.0,41.0,81.0,23.58,1907585
PTJPL,2024-10-01,North Coast,1,43.9153,45.0,31.0,55.0,16.5893,1907809
PTJPL,2024-11-01,North Coast,1,26.0822,26.0,21.0,31.0,6.863,1907792
PTJPL,2024-12-01,North Coast,1,20.7973,20.0,17.0,25.0,5.0088,1732221
PTJPL,2025-01-01,North Coast,1,21.5442,19.0,15.0,26.0,8.0414,1905608
PTJPL,2025-02-01,North Coast,1,25.377,25.0,20.0,31.0,6.869,1905713
PTJPL,2025-03-01,North Coast,1,60.2184,61.0,50.0,70.0,11.6542,1901574
PTJPL,2025-04-01,North Coast,1,95.5467,99.0,83.0,108.0,18.1667,1887019
PTJPL,2025-05-01,North Coast,1,127.1671,129.0,114.0,141.0,20.5829,1907680
PTJPL,2025-06-01,North Coast,1,113.0441,116.0,100.0,128.0,22.6533,1907545
PTJPL,2025-07-01,North Coast,1,117.111,119.0,96.0,142.0,31.0909,1907603
PTJPL,2025-08-01,North Coast,1,90.6086,96.0,68.0,115.0,30.0938,1907607
PTJPL,2025-09-01,North Coast,1,58.1984,60.0,39.0,77.0,22.2716,1880489
PTJPL,2025-10-01,North Coast,1,49.0123,50.0,39.0,59.0,14.143,1894696
PTJPL,2025-11-01,North Coast,1,34.8332,37.0,30.0,40.0,7.7067,1812533
PTJPL,2025-12-01,North Coast,1,24.4033,24.0,21.0,29.0,4.8264,1891963
PTJPL,2003-10-01,North Lahontan,8,36.1095,35.0,24.0,47.0,14.0055,763211
PTJPL,2003-11-01,North Lahontan,8,15.9433,13.0,10.0,21.0,6.9683,692729
PTJPL,2003-12-01,North Lahontan,8,14.2113,14.0,12.0,15.0,3.7328,369518
PTJPL,2004-01-01,North Lahontan,8,21.6764,22.0,17.0,26.0,5.6882,280209
PTJPL,2004-02-01,North Lahontan,8,22.2963,23.0,18.0,27.0,5.6483,601340
PTJPL,2004-03-01,North Lahontan,8,66.2104,66.0,59.0,74.0,11.5168,750651
PTJPL,2004-04-01,North Lahontan,8,86.3303,88.0,71.0,102.0,21.6715,761047
PTJPL,2004-05-01,North Lahontan,8,95.725,97.0,76.0,117.0,27.1783,763211
PTJPL,2004-06-01,North Lahontan,8,109.7743,115.0,88.0,136.0,33.6528,763211
PTJPL,2004-07-01,North Lahontan,8,98.9946,110.0,61.0,133.0,42.8703,763211
PTJPL,2004-08-01,North Lahontan,8,73.1127,79.0,38.0,103.0,36.8898,763211
PTJPL,2004-09-01,North Lahontan,8,54.8416,55.0,32.0,76.0,24.7136,763211
PTJPL,2004-10-01,North Lahontan,8,36.2183,35.0,27.0,44.0,12.5781,757841
PTJPL,2004-11-01,North Lahontan,8,27.2292,27.0,24.0,30.0,4.9812,748179
PTJPL,2004-12-01,North Lahontan,8,19.3991,19.0,16.0,22.0,4.9452,519416
PTJPL,2005-01-01,North Lahontan,8,15.0287,14.0,13.0,16.0,4.3129,1988
PTJPL,2005-02-01,North Lahontan,8,37.3105,38.0,32.0,44.0,8.0765,213809
PTJPL,2005-03-01,North Lahontan,8,49.4425,48.0,42.0,55.0,9.7156,667109
PTJPL,2005-04-01,North Lahontan,8,72.844,71.0,61.0,84.0,19.2586,735282
PTJPL,2005-05-01,North Lahontan,8,107.282,110.0,93.0,121.0,19.1177,763205
PTJPL,2005-06-01,North Lahontan,8,108.2217,110.0,95.0,126.0,23.9573,763211
PTJPL,2005-07-01,North Lahontan,8,107.2339,119.0,76.0,138.0,40.3553,763211
PTJPL,2005-08-01,North Lahontan,8,80.1202,91.0,45.0,109.0,36.6355,763211
PTJPL,2005-09-01,North Lahontan,8,65.0309,66.0,48.0,82.0,20.8442,763211
PTJPL,2005-10-01,North Lahontan,8,45.1041,44.0,36.0,54.0,11.6285,763068
PTJPL,2005-11-01,North Lahontan,8,22.6993,22.0,18.0,27.0,6.3181,760196
PTJPL,2005-12-01,North Lahontan,8,18.6331,18.0,15.0,22.0,4.9731,627048
PTJPL,2006-01-01,North Lahontan,8,20.2604,20.0,17.0,23.0,4.3353,578490
PTJPL,2006-02-01,North Lahontan,8,22.7994,22.0,20.0,26.0,4.5321,698608
PTJPL,2006-03-01,North Lahontan,8,40.9342,42.0,32.0,49.0,10.8396,695017
PTJPL,2006-04-01,North Lahontan,8,80.6782,83.0,68.0,95.0,19.1267,756450
PTJPL,2006-05-01,North Lahontan,8,121.0115,124.0,101.0,140.0,26.4188,762716
PTJPL,2006-06-01,North Lahontan,8,115.8276,120.0,99.0,138.0,30.545,763211
PTJPL,2006-07-01,North Lahontan,8,112.9423,126.0,85.0,142.0,41.9406,763211
PTJPL,2006-08-01,North Lahontan,8,80.2008,90.0,50.0,107.0,36.1976,763211
PTJPL,2006-09-01,North Lahontan,8,57.0406,59.0,36.0,76.0,24.1499,763211
PTJPL,2006-10-01,North Lahontan,8,43.2718,42.0,34.0,53.0,12.4032,763211
PTJPL,2006-11-01,North Lahontan,8,23.001,23.0,18.0,27.0,5.7697,763155
PTJPL,2006-12-01,North Lahontan,8,10.8591,10.0,9.0,12.0,3.1927,749470
PTJPL,2007-01-01,North Lahontan,8,11.6489,11.0,10.0,13.0,2.5636,726639
PTJPL,2007-02-01,North Lahontan,8,21.8354,22.0,20.0,24.0,3.7808,746532
PTJPL,2007-03-01,North Lahontan,8,46.3774,46.0,39.0,53.0,9.7832,758675
PTJPL,2007-04-01,North Lahontan,8,72.1699,74.0,60.0,85.0,18.396,763125
PTJPL,2007-05-01,North Lahontan,8,105.0041,110.0,78.0,130.0,33.5413,763211
PTJPL,2007-06-01,North Lahontan,8,96.6562,102.0,68.0,126.0,36.6075,763211
PTJPL,2007-07-01,North Lahontan,8,90.5608,98.0,52.0,126.0,42.3777,763211
PTJPL,2007-08-01,North Lahontan,8,73.5453,74.0,39.0,105.0,37.3095,763211
PTJPL,2007-09-01,North Lahontan,8,59.4288,56.0,40.0,79.0,23.6686,763211
PTJPL,2007-10-01,North Lahontan,8,44.4211,44.0,37.0,51.0,9.8339,761605
PTJPL,2007-11-01,North Lahontan,8,28.4674,28.0,24.0,33.0,6.6413,699856
PTJPL,2007-12-01,North Lahontan,8,17.7957,18.0,16.0,20.0,3.7032,319379
PTJPL,2008-01-01,North Lahontan,8,13.8295,13.0,12.0,15.0,2.4904,87143
PTJPL,2008-02-01,North Lahontan,8,22.4628,22.0,19.0,26.0,4.6698,377020
PTJPL,2008-03-01,North Lahontan,8,45.4003,45.0,39.0,52.0,12.0217,728202
PTJPL,2008-04-01,North Lahontan,8,65.2486,66.0,54.0,78.0,18.8134,761750
PTJPL,2008-05-01,North Lahontan,8,97.1428,95.0,79.0,112.0,26.5427,762989
PTJPL,2008-06-01,North Lahontan,8,103.136,109.0,83.0,128.0,32.7844,763211
PTJPL,2008-07-01,North Lahontan,8,99.3499,109.0,67.0,132.0,39.7985,763211
PTJPL,2008-08-01,North Lahontan,8,73.2038,79.0,40.0,102.0,35.0618,763211
PTJPL,2008-09-01,North Lahontan,8,46.4456,46.0,25.0,66.0,23.5581,763211
PTJPL,2008-10-01,North Lahontan,8,31.2789,30.0,23.0,38.0,10.2346,763195
PTJPL,2008-11-01,North Lahontan,8,26.2291,27.0,20.0,32.0,8.5805,762985
PTJPL,2008-12-01,North Lahontan,8,16.6778,16.0,13.0,20.0,4.8834,743256
PTJPL,2009-01-01,North Lahontan,8,17.6913,18.0,14.0,21.0,4.8271,669848
PTJPL,2009-02-01,North Lahontan,8,25.2835,26.0,20.0,30.0,6.0481,701315
PTJPL,2009-03-01,North Lahontan,8,38.9319,39.0,34.0,45.0,9.3151,756311
PTJPL,2009-04-01,North Lahontan,8,58.5117,57.0,45.0,70.0,17.034,762583
PTJPL,2009-05-01,North Lahontan,8,112.2204,117.0,90.0,134.0,29.2387,763211
PTJPL,2009-06-01,North Lahontan,8,104.2715,108.0,86.0,126.0,29.2569,763211
PTJPL,2009-07-01,North Lahontan,8,97.0582,108.0,60.0,131.0,42.8714,763211
PTJPL,2009-08-01,North Lahontan,8,68.0598,74.0,32.0,98.0,35.9843,763211
PTJPL,2009-09-01,North Lahontan,8,50.0422,51.0,24.0,72.0,26.5482,763211
PTJPL,2009-10-01,North Lahontan,8,43.4683,42.0,36.0,51.0,10.1091,763211
PTJPL,2009-11-01,North Lahontan,8,27.0044,27.0,24.0,30.0,5.0233,763211
PTJPL,2009-12-01,North Lahontan,8,15.9544,16.0,14.0,19.0,4.4713,589876
PTJPL,2010-01-01,North Lahontan,8,33.0207,35.0,30.0,38.0,6.8348,203012
PTJPL,2010-02-01,North Lahontan,8,32.5138,33.0,29.0,37.0,6.9093,664423
PTJPL,2010-03-01,North Lahontan,8,45.8325,45.0,39.0,52.0,9.96,685515
PTJPL,2010-04-01,North Lahontan,8,65.7365,66.0,57.0,76.0,16.2669,759211
PTJPL,2010-05-01,North Lahontan,8,94.5893,93.0,81.0,108.0,20.086,760813
PTJPL,2010-06-01,North Lahontan,8,111.4566,116.0,93.0,132.0,28.4271,763211
PTJPL,2010-07-01,North Lahontan,8,101.7771,114.0,65.0,136.0,42.4571,763211
PTJPL,2010-08-01,North Lahontan,8,78.1661,85.0,44.0,107.0,34.8913,763211
PTJPL,2010-09-01,North Lahontan,8,53.4403,54.0,30.0,75.0,25.198,763211
PTJPL,2010-10-01,North Lahontan,8,43.3633,43.0,34.0,53.0,12.2215,762969
PTJPL,2010-11-01,North Lahontan,8,22.1622,21.0,16.0,27.0,7.7024,643118
PTJPL,2010-12-01,North Lahontan,8,20.712,20.0,17.0,25.0,6.1195,556556
PTJPL,2011-01-01,North Lahontan,8,24.522,25.0,21.0,28.0,5.112,658764
PTJPL,2011-02-01,North Lahontan,8,24.4561,23.0,21.0,27.0,5.2162,665899
PTJPL,2011-03-01,North Lahontan,8,39.0633,38.0,31.0,46.0,9.7989,654380
PTJPL,2011-04-01,North Lahontan,8,71.7438,70.0,60.0,82.0,16.5725,758643
PTJPL,2011-05-01,North Lahontan,8,93.2585,95.0,79.0,109.0,22.3043,762644
PTJPL,2011-06-01,North Lahontan,8,119.2102,121.0,106.0,135.0,21.64,763211
PTJPL,2011-07-01,North Lahontan,8,118.1779,123.0,97.0,146.0,35.67,763211
PTJPL,2011-08-01,North Lahontan,8,88.2623,100.0,56.0,116.0,37.0863,763211
PTJPL,2011-09-01,North Lahontan,8,65.3437,71.0,41.0,88.0,27.5024,763211
PTJPL,2011-10-01,North Lahontan,8,43.3328,43.0,33.0,53.0,12.8039,763137
PTJPL,2011-11-01,North Lahontan,8,22.8463,22.0,20.0,25.0,4.6021,759722
PTJPL,2011-12-01,North Lahontan,8,15.1271,15.0,13.0,17.0,3.7165,753646
PTJPL,2012-01-01,North Lahontan,8,16.2815,16.0,13.0,19.0,4.636,726294
PTJPL,2012-02-01,North Lahontan,8,24.8332,25.0,19.0,30.0,7.4218,677390
PTJPL,2012-03-01,North Lahontan,8,48.7899,49.0,39.0,58.0,13.3732,696675
PTJPL,2012-04-01,North Lahontan,8,57.5634,57.0,38.0,75.0,21.7605,704627
PTJPL,2012-05-01,North Lahontan,8,93.765,98.0,65.0,121.0,34.6274,754164
PTJPL,2012-06-01,North Lahontan,8,100.7023,109.0,74.0,130.0,37.2919,763211
PTJPL,2012-07-01,North Lahontan,8,95.0214,104.0,57.0,131.0,43.9131,763211
PTJPL,2012-08-01,North Lahontan,8,71.7188,73.0,33.0,106.0,40.0404,762424
PTJPL,2012-09-01,North Lahontan,8,45.5985,42.0,20.0,69.0,27.5403,760042
PTJPL,2012-10-01,North Lahontan,8,35.1488,32.0,22.0,47.0,15.0517,751282
PTJPL,2012-11-01,North Lahontan,8,28.8353,29.0,24.0,34.0,7.5869,733715
PTJPL,2012-12-01,North Lahontan,8,24.4347,27.0,19.0,30.0,6.7011,411903
PTJPL,2013-01-01,North Lahontan,8,17.2068,17.0,14.0,20.0,3.5517,142228
PTJPL,2013-02-01,North Lahontan,8,25.0277,25.0,20.0,29.0,7.0018,358454
PTJPL,2013-03-01,North Lahontan,8,36.797,34.0,27.0,45.0,14.301,678282
PTJPL,2013-04-01,North Lahontan,8,68.0458,68.0,56.0,80.0,16.6096,762958
PTJPL,2013-05-01,North Lahontan,8,102.3901,104.0,83.0,122.0,27.7484,763211
PTJPL,2013-06-01,North Lahontan,8,111.7652,118.0,90.0,138.0,31.8398,763211
PTJPL,2013-07-01,North Lahontan,8,100.5288,109.0,63.0,136.0,42.8331,763211
PTJPL,2013-08-01,North Lahontan,8,73.6111,76.0,43.0,102.0,33.0557,763211
PTJPL,2013-09-01,North Lahontan,8,55.636,55.0,38.0,74.0,20.0886,763211
PTJPL,2013-10-01,North Lahontan,8,39.494,38.0,31.0,48.0,10.7742,763211
PTJPL,2013-11-01,North Lahontan,8,22.3192,21.0,16.0,28.0,7.5356,761023
PTJPL,2013-12-01,North Lahontan,8,13.1142,13.0,11.0,15.0,3.2385,750773
PTJPL,2014-01-01,North Lahontan,8,16.6175,16.0,14.0,19.0,4.1446,759196
PTJPL,2014-02-01,North Lahontan,8,23.8938,24.0,20.0,27.0,5.5261,762281
PTJPL,2014-03-01,North Lahontan,8,41.4259,41.0,34.0,48.0,10.346,763022
PTJPL,2014-04-01,North Lahontan,8,71.2775,71.0,56.0,86.0,19.082,763206
PTJPL,2014-05-01,North Lahontan,8,105.855,110.0,83.0,127.0,29.8715,763211
PTJPL,2014-06-01,North Lahontan,8,93.4475,99.0,59.0,127.0,38.9294,763211
PTJPL,2014-07-01,North Lahontan,8,89.0863,93.0,48.0,128.0,43.0202,763211
PTJPL,2014-08-01,North Lahontan,8,71.3449,74.0,38.0,103.0,34.6743,763211
PTJPL,2014-09-01,North Lahontan,8,56.0078,53.0,34.0,78.0,25.2491,763211
PTJPL,2014-10-01,North Lahontan,8,45.5873,44.0,35.0,58.0,14.2523,763211
PTJPL,2014-11-01,North Lahontan,8,26.1253,26.0,21.0,30.0,6.4061,759531
PTJPL,2014-12-01,North Lahontan,8,24.7449,25.0,20.0,34.0,9.8801,716982
PTJPL,2015-01-01,North Lahontan,8,24.3646,23.0,18.0,30.0,7.3325,749032
PTJPL,2015-02-01,North Lahontan,8,35.7404,36.0,30.0,42.0,9.6007,762584
PTJPL,2015-03-01,North Lahontan,8,52.7279,53.0,42.0,63.0,14.1868,763203
PTJPL,2015-04-01,North Lahontan,8,69.5905,71.0,56.0,82.0,19.3113,763211
PTJPL,2015-05-01,North Lahontan,8,103.7336,108.0,85.0,122.0,25.6926,763211
PTJPL,2015-06-01,North Lahontan,8,111.4182,118.0,86.0,140.0,35.6821,763211
PTJPL,2015-07-01,North Lahontan,8,99.2724,106.0,64.0,131.0,39.0966,763211
PTJPL,2015-08-01,North Lahontan,8,77.9417,80.0,46.0,108.0,34.163,763211
PTJPL,2015-09-01,North Lahontan,8,52.6431,51.0,33.0,72.0,23.858,763211
PTJPL,2015-10-01,North Lahontan,8,38.9865,36.0,26.0,51.0,15.474,740070
PTJPL,2015-11-01,North Lahontan,8,18.8117,19.0,16.0,21.0,4.4119,739930
PTJPL,2015-12-01,North Lahontan,8,13.992,11.0,8.0,20.0,7.3609,538685
PTJPL,2016-01-01,North Lahontan,8,17.8545,18.0,16.0,20.0,3.6151,561477
PTJPL,2016-02-01,North Lahontan,8,32.6868,33.0,29.0,37.0,6.0632,752476
PTJPL,2016-03-01,North Lahontan,8,58.4204,59.0,52.0,66.0,10.3445,760557
PTJPL,2016-04-01,North Lahontan,8,82.2535,84.0,69.0,96.0,19.6166,762734
PTJPL,2016-05-01,North Lahontan,8,116.5737,118.0,102.0,131.0,21.4675,761993
PTJPL,2016-06-01,North Lahontan,8,120.5844,126.0,105.0,141.0,29.4569,763209
PTJPL,2016-07-01,North Lahontan,8,108.4438,122.0,76.0,140.0,41.2866,763211
PTJPL,2016-08-01,North Lahontan,8,80.6829,87.0,47.0,110.0,36.3603,763211
PTJPL,2016-09-01,North Lahontan,8,61.0511,61.0,41.0,80.0,23.1584,763211
PTJPL,2016-10-01,North Lahontan,8,39.0336,38.0,30.0,46.0,11.7529,763211
PTJPL,2016-11-01,North Lahontan,8,26.8193,26.0,23.0,30.0,5.3674,761129
PTJPL,2016-12-01,North Lahontan,8,15.1402,15.0,13.0,17.0,3.6797,716081
PTJPL,2017-01-01,North Lahontan,8,14.9754,15.0,12.0,17.0,3.4103,595361
PTJPL,2017-02-01,North Lahontan,8,19.0865,19.0,17.0,22.0,6.0365,552975
PTJPL,2017-03-01,North Lahontan,8,40.0688,39.0,31.0,47.0,11.3285,734750
PTJPL,2017-04-01,North Lahontan,8,60.1609,57.0,49.0,70.0,16.2038,742172
PTJPL,2017-05-01,North Lahontan,8,114.3284,113.0,97.0,131.0,26.2026,762947
PTJPL,2017-06-01,North Lahontan,8,117.8764,125.0,101.0,140.0,32.1965,763211
PTJPL,2017-07-01,North Lahontan,8,124.3303,138.0,97.0,155.0,43.1118,763211
PTJPL,2017-08-01,North Lahontan,8,91.0533,102.0,62.0,118.0,36.2109,763211
PTJPL,2017-09-01,North Lahontan,8,63.4379,69.0,43.0,82.0,23.5768,763211
PTJPL,2017-10-01,North Lahontan,8,48.2459,48.0,39.0,57.0,12.7553,763211
PTJPL,2017-11-01,North Lahontan,8,29.1229,29.0,25.0,33.0,6.0902,762842
PTJPL,2017-12-01,North Lahontan,8,21.26,21.0,18.0,24.0,4.3171,756045
PTJPL,2018-01-01,North Lahontan,8,30.0115,30.0,25.0,36.0,7.1749,749969
PTJPL,2018-02-01,North Lahontan,8,24.6838,24.0,20.0,28.0,6.4981,752028
PTJPL,2018-03-01,North Lahontan,8,44.9176,42.0,31.0,59.0,16.8482,729944
PTJPL,2018-04-01,North Lahontan,8,75.2982,77.0,62.0,88.0,17.8486,762858
PTJPL,2018-05-01,North Lahontan,8,114.86,117.0,100.0,130.0,23.111,763211
PTJPL,2018-06-01,North Lahontan,8,127.2436,130.0,113.0,145.0,28.0226,763211
PTJPL,2018-07-01,North Lahontan,8,112.0089,125.0,80.0,145.0,43.0122,763211
PTJPL,2018-08-01,North Lahontan,8,87.0705,95.0,56.0,117.0,36.3845,763211
PTJPL,2018-09-01,North Lahontan,8,60.1729,62.0,39.0,80.0,24.1838,763211
PTJPL,2018-10-01,North Lahontan,8,40.0088,39.0,31.0,48.0,10.8062,763211
PTJPL,2018-11-01,North Lahontan,8,22.312,21.0,18.0,25.0,5.7321,762901
PTJPL,2018-12-01,North Lahontan,8,18.03,15.0,13.0,22.0,6.258,634137
PTJPL,2019-01-01,North Lahontan,8,19.6577,17.0,15.0,25.0,6.0697,512371
PTJPL,2019-02-01,North Lahontan,8,25.8217,24.0,18.0,34.0,9.2929,509285
PTJPL,2019-03-01,North Lahontan,8,50.2556,49.0,43.0,56.0,10.1016,668037
PTJPL,2019-04-01,North Lahontan,8,83.7281,84.0,69.0,98.0,20.3644,760737
PTJPL,2019-05-01,North Lahontan,8,99.87,102.0,84.0,117.0,23.0319,762320
PTJPL,2019-06-01,North Lahontan,8,126.4587,131.0,114.0,146.0,28.6253,763211
PTJPL,2019-07-01,North Lahontan,8,118.4142,129.0,100.0,143.0,36.1368,763211
PTJPL,2019-08-01,North Lahontan,8,90.8685,101.0,68.0,116.0,33.929,763211
PTJPL,2019-09-01,North Lahontan,8,76.3868,80.0,64.0,89.0,17.0665,763211
PTJPL,2019-10-01,North Lahontan,8,41.1955,42.0,34.0,48.0,9.9637,763211
PTJPL,2019-11-01,North Lahontan,8,23.974,24.0,19.0,28.0,6.1861,763155
PTJPL,2019-12-01,North Lahontan,8,15.3705,15.0,10.0,20.0,6.0033,730828
PTJPL,2020-01-01,North Lahontan,8,14.9274,14.0,12.0,17.0,3.8693,742519
PTJPL,2020-02-01,North Lahontan,8,22.8695,22.0,20.0,25.0,4.254,759839
PTJPL,2020-03-01,North Lahontan,8,41.0401,40.0,35.0,46.0,8.491,760236
PTJPL,2020-04-01,North Lahontan,8,80.4466,81.0,70.0,92.0,17.9288,760952
PTJPL,2020-05-01,North Lahontan,8,116.318,117.0,100.0,135.0,25.8091,763211
PTJPL,2020-06-01,North Lahontan,8,117.3369,125.0,97.0,141.0,32.2333,763211
PTJPL,2020-07-01,North Lahontan,8,107.2088,119.0,74.0,141.0,41.5141,763211
PTJPL,2020-08-01,North Lahontan,8,82.8996,89.0,50.0,113.0,36.314,763211
PTJPL,2020-09-01,North Lahontan,8,62.3461,62.0,39.0,85.0,26.2478,763211
PTJPL,2020-10-01,North Lahontan,8,41.6035,41.0,29.0,54.0,15.3156,763211
PTJPL,2020-11-01,North Lahontan,8,19.5515,19.0,16.0,22.0,5.0715,763211
PTJPL,2020-12-01,North Lahontan,8,14.4187,14.0,12.0,16.0,3.0434,756216
PTJPL,2021-01-01,North Lahontan,8,22.2652,22.0,19.0,26.0,5.7978,750114
PTJPL,2021-02-01,North Lahontan,8,21.7144,22.0,19.0,24.0,4.5256,720227
PTJPL,2021-03-01,North Lahontan,8,32.6147,31.0,28.0,36.0,6.0658,749217
PTJPL,2021-04-01,North Lahontan,8,72.8399,70.0,59.0,85.0,18.3789,762976
PTJPL,2021-05-01,North Lahontan,8,102.0182,106.0,80.0,123.0,27.5051,763211
PTJPL,2021-06-01,North Lahontan,8,103.4536,110.0,71.0,137.0,39.6635,763211
PTJPL,2021-07-01,North Lahontan,8,84.0808,89.0,46.0,119.0,40.643,763211
PTJPL,2021-08-01,North Lahontan,8,67.1404,66.0,33.0,98.0,36.9462,763211
PTJPL,2021-09-01,North Lahontan,8,52.414,47.0,30.0,76.0,25.5468,763211
PTJPL,2021-10-01,North Lahontan,8,37.2895,37.0,30.0,45.0,9.8748,763211
PTJPL,2021-11-01,North Lahontan,8,25.2368,25.0,21.0,29.0,5.8375,763208
PTJPL,2021-12-01,North Lahontan,8,13.9704,13.0,11.0,16.0,3.5207,762977
PTJPL,2022-01-01,North Lahontan,8,18.9257,19.0,17.0,22.0,3.6313,568039
PTJPL,2022-02-01,North Lahontan,8,28.9105,29.0,26.0,33.0,5.8095,634988
PTJPL,2022-03-01,North Lahontan,8,48.1981,49.0,42.0,56.0,10.4336,757324
PTJPL,2022-04-01,North Lahontan,8,71.7125,71.0,61.0,81.0,15.031,763177
PTJPL,2022-05-01,North Lahontan,8,106.9518,108.0,95.0,119.0,20.0948,763211
PTJPL,2022-06-01,North Lahontan,8,115.7871,120.0,98.0,136.0,26.7814,763211
PTJPL,2022-07-01,North Lahontan,8,107.3933,115.0,75.0,139.0,39.0389,763211
PTJPL,2022-08-01,North Lahontan,8,77.7001,83.0,47.0,106.0,34.9315,763211
PTJPL,2022-09-01,North Lahontan,8,59.8372,60.0,37.0,81.0,25.0114,763211
PTJPL,2022-10-01,North Lahontan,8,40.5407,40.0,27.0,53.0,14.9595,763211
PTJPL,2022-11-01,North Lahontan,8,15.6636,15.0,11.0,19.0,5.3375,742383
PTJPL,2022-12-01,North Lahontan,8,9.2301,9.0,7.0,10.0,2.8312,359968
PTJPL,2023-01-01,North Lahontan,8,10.5145,8.0,6.0,16.0,5.6895,248748
PTJPL,2023-02-01,North Lahontan,8,21.4429,22.0,20.0,24.0,3.5041,462658
PTJPL,2023-03-01,North Lahontan,8,34.323,34.0,28.0,40.0,8.0789,535573
PTJPL,2023-04-01,North Lahontan,8,65.9704,65.0,52.0,78.0,18.5677,690880
PTJPL,2023-05-01,North Lahontan,8,115.5759,116.0,100.0,130.0,22.5401,761137
PTJPL,2023-06-01,North Lahontan,8,121.3176,124.0,112.0,134.0,21.8496,763211
PTJPL,2023-07-01,North Lahontan,8,125.5394,136.0,106.0,151.0,36.3493,763211
PTJPL,2023-08-01,North Lahontan,8,97.2922,105.0,76.0,120.0,31.6772,763211
PTJPL,2023-09-01,North Lahontan,8,77.8166,81.0,65.0,92.0,20.2736,763211
PTJPL,2023-10-01,North Lahontan,8,49.9016,50.0,42.0,57.0,11.2196,763211
PTJPL,2023-11-01,North Lahontan,8,30.4646,30.0,25.0,35.0,8.1702,763211
PTJPL,2023-12-01,North Lahontan,8,20.6404,20.0,18.0,23.0,5.0701,746359
PTJPL,2024-01-01,North Lahontan,8,23.672,22.0,20.0,26.0,6.5677,623565
PTJPL,2024-02-01,North Lahontan,8,25.6133,26.0,22.0,29.0,5.3684,707166
PTJPL,2024-03-01,North Lahontan,8,39.2394,39.0,34.0,44.0,7.3175,745375
PTJPL,2024-04-01,North Lahontan,8,81.7208,80.0,69.0,94.0,18.2178,762418
PTJPL,2024-05-01,North Lahontan,8,122.4782,123.0,105.0,140.0,24.8722,763211
PTJPL,2024-06-01,North Lahontan,8,123.0805,129.0,104.0,146.0,31.2912,763211
PTJPL,2024-07-01,North Lahontan,8,109.1721,120.0,75.0,141.0,41.1966,763211
PTJPL,2024-08-01,North Lahontan,8,84.9068,92.0,55.0,112.0,34.0996,763211
PTJPL,2024-09-01,North Lahontan,8,59.013,60.0,37.0,79.0,25.8672,763211
PTJPL,2024-10-01,North Lahontan,8,40.3815,39.0,28.0,50.0,15.3454,763211
PTJPL,2024-11-01,North Lahontan,8,20.1762,19.0,17.0,23.0,5.1337,761134
PTJPL,2024-12-01,North Lahontan,8,17.6472,18.0,16.0,19.0,3.5951,758424
PTJPL,2025-01-01,North Lahontan,8,13.7988,13.0,12.0,15.0,2.9052,755952
PTJPL,2025-02-01,North Lahontan,8,24.8153,24.0,21.0,28.0,4.9422,754793
PTJPL,2025-03-01,North Lahontan,8,48.9515,49.0,42.0,56.0,11.0896,757448
PTJPL,2025-04-01,North Lahontan,8,75.4464,75.0,62.0,88.0,17.73,761011
PTJPL,2025-05-01,North Lahontan,8,121.7979,121.0,106.0,139.0,25.2733,763211
PTJPL,2025-06-01,North Lahontan,8,124.6328,132.0,109.0,146.0,31.1191,763211
PTJPL,2025-07-01,North Lahontan,8,113.6794,122.0,88.0,144.0,38.6636,763211
PTJPL,2025-08-01,North Lahontan,8,93.9581,103.0,69.0,119.0,33.2555,763211
PTJPL,2025-09-01,North Lahontan,8,65.2887,70.0,45.0,85.0,25.1087,763211
PTJPL,2025-10-01,North Lahontan,8,49.3814,51.0,41.0,59.0,12.9775,758722
PTJPL,2025-11-01,North Lahontan,8,24.6149,23.0,19.0,29.0,6.6916,762421
PTJPL,2025-12-01,North Lahontan,8,22.4209,21.0,18.0,27.0,5.4705,763050
PTJPL,2003-10-01,Sacramento River,5,45.6269,38.0,20.0,71.0,28.7005,9997140
PTJPL,2003-11-01,Sacramento River,5,21.3827,20.0,15.0,26.0,8.3043,9419633
PTJPL,2003-12-01,Sacramento River,5,24.8324,26.0,23.0,28.0,4.4721,3768803
PTJPL,2004-01-01,Sacramento River,5,25.754,26.0,23.0,28.0,4.2831,3641725
PTJPL,2004-02-01,Sacramento River,5,49.4371,51.0,45.0,57.0,9.9446,9740471
PTJPL,2004-03-01,Sacramento River,5,103.4673,103.0,92.0,116.0,17.2206,9928705
PTJPL,2004-04-01,Sacramento River,5,106.2389,106.0,87.0,126.0,23.6815,9992077
PTJPL,2004-05-01,Sacramento River,5,121.7792,122.0,89.0,155.0,39.4325,9995593
PTJPL,2004-06-01,Sacramento River,5,143.6029,160.5055,90.5,192.4996,59.0617,9997225
PTJPL,2004-07-01,Sacramento River,5,136.8435,156.5034,76.5007,194.5115,66.2626,9997251
PTJPL,2004-08-01,Sacramento River,5,105.5729,122.0,49.0,155.0,54.8719,9997270
PTJPL,2004-09-01,Sacramento River,5,72.4885,76.0,33.0,107.0,38.251,9997270
PTJPL,2004-10-01,Sacramento River,5,54.5138,50.0,38.0,71.0,22.1496,9997235
PTJPL,2004-11-01,Sacramento River,5,39.2113,41.0,31.0,46.0,10.8255,9992379
PTJPL,2004-12-01,Sacramento River,5,28.0749,26.0,22.0,36.0,7.543,9841206
PTJPL,2005-01-01,Sacramento River,5,29.2887,30.0,27.0,31.0,3.7951,9011770
PTJPL,2005-02-01,Sacramento River,5,55.0097,56.0,51.0,60.0,6.4956,9097109
PTJPL,2005-03-01,Sacramento River,5,102.1986,108.0,99.0,114.0,19.0214,9956235
PTJPL,2005-04-01,Sacramento River,5,104.2601,104.0,89.0,120.0,19.7121,9983860
PTJPL,2005-05-01,Sacramento River,5,138.5338,139.0,117.0,162.0,27.9615,9995761
PTJPL,2005-06-01,Sacramento River,5,128.9583,136.0,96.0,162.0,39.0065,9997262
PTJPL,2005-07-01,Sacramento River,5,143.8911,160.5016,88.4994,196.5036,62.1965,9997270
PTJPL,2005-08-01,Sacramento River,5,116.2851,132.502,58.4999,168.5129,57.6672,9997270
PTJPL,2005-09-01,Sacramento River,5,79.5383,86.0,45.0,110.0,34.5587,9997270
PTJPL,2005-10-01,Sacramento River,5,51.5177,48.0,33.0,69.0,21.5231,9986711
PTJPL,2005-11-01,Sacramento River,5,37.8252,36.0,29.0,46.0,12.731,9938868
PTJPL,2005-12-01,Sacramento River,5,25.2098,24.0,19.0,32.0,7.6758,9682752
PTJPL,2006-01-01,Sacramento River,5,25.0768,26.0,22.0,29.0,6.1048,9703408
PTJPL,2006-02-01,Sacramento River,5,48.4801,50.0,44.0,55.0,10.1992,9967145
PTJPL,2006-03-01,Sacramento River,5,72.7608,74.0,64.0,85.0,15.6489,9951165
PTJPL,2006-04-01,Sacramento River,5,117.6936,124.0,108.0,132.0,17.7862,9981643
PTJPL,2006-05-01,Sacramento River,5,143.4363,143.0,121.0,167.0,29.5239,9988356
PTJPL,2006-06-01,Sacramento River,5,131.3336,140.5034,92.4982,166.502,43.9697,9997266
PTJPL,2006-07-01,Sacramento River,5,142.6267,160.5029,88.4973,194.5091,61.3598,9997270
PTJPL,2006-08-01,Sacramento River,5,113.1414,129.0,59.0,162.0,55.453,9997270
PTJPL,2006-09-01,Sacramento River,5,77.8772,86.0,34.0,115.0,41.7075,9997270
PTJPL,2006-10-01,Sacramento River,5,60.2912,55.0,40.0,81.0,25.4849,9997270
PTJPL,2006-11-01,Sacramento River,5,36.9089,36.0,32.0,43.0,8.2855,9995635
PTJPL,2006-12-01,Sacramento River,5,30.2473,32.0,26.0,36.0,9.1468,9873892
PTJPL,2007-01-01,Sacramento River,5,34.7124,35.0,30.0,40.0,10.6227,9893522
PTJPL,2007-02-01,Sacramento River,5,32.9607,32.0,27.0,38.0,8.1305,9964087
PTJPL,2007-03-01,Sacramento River,5,71.5913,72.0,55.0,87.0,19.0442,9992060
PTJPL,2007-04-01,Sacramento River,5,86.9132,87.0,66.0,107.0,23.8551,9997100
PTJPL,2007-05-01,Sacramento River,5,129.9269,132.0,91.0,168.0,45.6626,9997159
PTJPL,2007-06-01,Sacramento River,5,123.3128,138.5022,68.5007,172.499,58.2539,9997260
PTJPL,2007-07-01,Sacramento River,5,138.0591,158.5084,70.4976,196.5049,68.4106,9997270
PTJPL,2007-08-01,Sacramento River,5,112.1007,130.5004,48.4953,166.5062,60.0209,9997270
PTJPL,2007-09-01,Sacramento River,5,80.4541,88.0,43.0,115.0,37.1838,9997018
PTJPL,2007-10-01,Sacramento River,5,57.1551,58.0,42.0,72.0,20.8676,9945831
PTJPL,2007-11-01,Sacramento River,5,42.459,41.0,27.0,58.0,18.1299,9652567
PTJPL,2007-12-01,Sacramento River,5,37.5512,41.0,34.0,44.0,10.4066,7220922
PTJPL,2008-01-01,Sacramento River,5,29.7149,30.0,24.0,36.0,7.3133,7474590
PTJPL,2008-02-01,Sacramento River,5,34.5778,34.0,30.0,39.0,7.4529,8973269
PTJPL,2008-03-01,Sacramento River,5,71.7522,70.0,62.0,81.0,14.2697,9942962
PTJPL,2008-04-01,Sacramento River,5,99.8413,99.0,77.0,122.0,25.1325,9994709
PTJPL,2008-05-01,Sacramento River,5,121.9345,121.0,89.0,153.0,41.6648,9996667
PTJPL,2008-06-01,Sacramento River,5,115.0216,124.5058,68.4947,156.5024,50.3518,9997270
PTJPL,2008-07-01,Sacramento River,5,135.3591,152.505,76.4971,190.5031,63.4162,9997270
PTJPL,2008-08-01,Sacramento River,5,104.2473,119.0,48.0,151.0,53.8639,9997270
PTJPL,2008-09-01,Sacramento River,5,72.1701,76.0,33.0,108.0,38.4743,9997270
PTJPL,2008-10-01,Sacramento River,5,45.512,41.0,29.0,63.0,20.1683,9992485
PTJPL,2008-11-01,Sacramento River,5,48.6742,52.0,45.0,58.0,12.9084,9772601
PTJPL,2008-12-01,Sacramento River,5,22.7919,23.0,18.0,28.0,6.4907,8085260
PTJPL,2009-01-01,Sacramento River,5,28.5061,27.0,24.0,32.0,6.8312,9505985
PTJPL,2009-02-01,Sacramento River,5,40.9212,42.0,36.0,46.0,7.0458,9612433
PTJPL,2009-03-01,Sacramento River,5,81.5924,83.0,73.0,93.0,16.8815,9977548
PTJPL,2009-04-01,Sacramento River,5,100.0799,98.0,73.0,127.0,30.385,9994451
PTJPL,2009-05-01,Sacramento River,5,135.609,139.0,105.0,168.0,39.5374,9997254
PTJPL,2009-06-01,Sacramento River,5,130.6133,144.0,87.0,173.0,50.7642,9997266
PTJPL,2009-07-01,Sacramento River,5,139.5315,160.5042,78.4968,194.4884,67.7653,9997270
PTJPL,2009-08-01,Sacramento River,5,112.6916,130.5064,56.4947,160.5014,55.8539,9997270
PTJPL,2009-09-01,Sacramento River,5,72.5816,81.0,31.0,107.0,38.9068,9997270
PTJPL,2009-10-01,Sacramento River,5,64.9884,62.0,48.0,83.0,20.8225,9997023
PTJPL,2009-11-01,Sacramento River,5,40.649,40.0,33.0,48.0,10.0494,9996663
PTJPL,2009-12-01,Sacramento River,5,25.666,26.0,23.0,29.0,6.2331,9889651
PTJPL,2010-01-01,Sacramento River,5,32.0028,33.0,30.0,34.0,3.3983,3755440
PTJPL,2010-02-01,Sacramento River,5,51.3214,55.0,47.0,58.0,7.9882,5084057
PTJPL,2010-03-01,Sacramento River,5,78.6598,80.0,70.0,89.0,14.1265,9954562
PTJPL,2010-04-01,Sacramento River,5,100.1457,101.0,83.0,118.0,20.3562,9986864
PTJPL,2010-05-01,Sacramento River,5,95.3834,97.0,74.0,115.0,28.0362,9987184
PTJPL,2010-06-01,Sacramento River,5,123.725,130.5025,92.5029,156.4991,40.1921,9997270
PTJPL,2010-07-01,Sacramento River,5,144.7492,164.5069,88.5029,198.4872,64.9321,9997270
PTJPL,2010-08-01,Sacramento River,5,121.5763,139.0,66.496,170.4868,56.7986,9997270
PTJPL,2010-09-01,Sacramento River,5,84.6297,98.0,40.0,122.0,41.5175,9997270
PTJPL,2010-10-01,Sacramento River,5,64.9416,66.0,47.0,85.0,22.5362,9997270
PTJPL,2010-11-01,Sacramento River,5,49.7181,52.0,44.0,59.0,11.7001,8808660
PTJPL,2010-12-01,Sacramento River,5,26.6982,27.0,24.0,30.0,4.8512,8641875
PTJPL,2011-01-01,Sacramento River,5,30.6349,30.0,28.0,33.0,4.9911,9812998
PTJPL,2011-02-01,Sacramento River,5,37.7917,36.0,31.0,45.0,9.4728,7985831
PTJPL,2011-03-01,Sacramento River,5,52.0135,51.0,44.0,60.0,11.5933,9627153
PTJPL,2011-04-01,Sacramento River,5,106.3686,107.0,89.0,123.0,21.7781,9907408
PTJPL,2011-05-01,Sacramento River,5,119.4291,118.0,95.0,146.0,30.7182,9995492
PTJPL,2011-06-01,Sacramento River,5,131.2547,137.0,106.0,160.0,34.8414,9997270
PTJPL,2011-07-01,Sacramento River,5,166.6586,184.5077,132.5037,208.5083,52.6931,9997270
PTJPL,2011-08-01,Sacramento River,5,121.2918,140.0,83.0,164.0,52.4736,9997270
PTJPL,2011-09-01,Sacramento River,5,88.9356,102.0,52.0,122.0,39.0315,9997270
PTJPL,2011-10-01,Sacramento River,5,65.6799,64.0,50.0,82.0,19.7305,9997140
PTJPL,2011-11-01,Sacramento River,5,35.4716,38.0,23.0,47.0,14.2819,9852748
PTJPL,2011-12-01,Sacramento River,5,40.8931,42.0,34.0,49.0,11.7565,9657779
PTJPL,2012-01-01,Sacramento River,5,27.1694,26.0,22.0,31.0,9.0359,9792613
PTJPL,2012-02-01,Sacramento River,5,53.3354,54.0,48.0,60.0,11.4088,9749481
PTJPL,2012-03-01,Sacramento River,5,68.4792,68.0,58.0,79.0,13.9814,9697155
PTJPL,2012-04-01,Sacramento River,5,93.2262,95.0,67.0,118.0,29.1528,9899850
PTJPL,2012-05-01,Sacramento River,5,107.5951,112.5045,64.4972,144.5006,48.3406,9981395
PTJPL,2012-06-01,Sacramento River,5,130.3045,138.503,82.4964,174.4995,55.4387,9996096
PTJPL,2012-07-01,Sacramento River,5,141.4304,162.5033,86.5025,196.4946,66.5637,9996066
PTJPL,2012-08-01,Sacramento River,5,117.8613,137.0,62.0,169.0,59.9183,9996501
PTJPL,2012-09-01,Sacramento River,5,79.5739,92.0,34.0,118.0,42.9702,9992712
PTJPL,2012-10-01,Sacramento River,5,60.0241,57.0,38.0,83.0,26.9556,9982599
PTJPL,2012-11-01,Sacramento River,5,36.2523,34.0,27.0,46.0,11.2015,8300594
PTJPL,2012-12-01,Sacramento River,5,26.4991,26.0,21.0,32.0,6.4696,8626512
PTJPL,2013-01-01,Sacramento River,5,30.0421,29.0,26.0,33.0,5.8747,8779741
PTJPL,2013-02-01,Sacramento River,5,55.8523,58.0,41.0,70.0,16.0462,8232921
PTJPL,2013-03-01,Sacramento River,5,56.7827,56.0,44.0,68.0,16.8842,9736533
PTJPL,2013-04-01,Sacramento River,5,89.5852,89.0,65.0,113.0,27.3499,9997068
PTJPL,2013-05-01,Sacramento River,5,138.8266,141.0,103.0,176.0,43.2437,9997270
PTJPL,2013-06-01,Sacramento River,5,145.415,162.51,102.5042,190.4958,57.1415,9997270
PTJPL,2013-07-01,Sacramento River,5,154.5495,176.5039,104.5023,208.4927,67.6727,9997261
PTJPL,2013-08-01,Sacramento River,5,116.953,137.0,67.0,163.0,54.2979,9997263
PTJPL,2013-09-01,Sacramento River,5,83.8401,93.0,44.0,118.0,39.3053,9997270
PTJPL,2013-10-01,Sacramento River,5,48.8002,42.0,26.0,72.0,25.6849,9997266
PTJPL,2013-11-01,Sacramento River,5,41.0258,35.0,27.0,54.0,18.4233,9996565
PTJPL,2013-12-01,Sacramento River,5,19.6037,18.0,15.0,22.0,7.2752,9947648
PTJPL,2014-01-01,Sacramento River,5,22.0947,20.0,16.0,25.0,9.2108,9966446
PTJPL,2014-02-01,Sacramento River,5,30.1773,29.0,24.0,35.0,8.4045,9990146
PTJPL,2014-03-01,Sacramento River,5,62.4298,62.0,50.0,74.0,16.0822,9996268
PTJPL,2014-04-01,Sacramento River,5,97.2563,100.0,64.0,128.0,37.0639,9997232
PTJPL,2014-05-01,Sacramento River,5,123.7085,124.5,82.5037,168.5012,50.9619,9997262
PTJPL,2014-06-01,Sacramento River,5,127.3774,142.5027,62.4931,184.5026,64.1835,9997270
PTJPL,2014-07-01,Sacramento River,5,115.967,130.5027,52.4908,166.5066,61.626,9997270
PTJPL,2014-08-01,Sacramento River,5,105.9111,123.0,47.0,156.0,54.4835,9997270
PTJPL,2014-09-01,Sacramento River,5,83.3982,91.0,42.0,119.0,40.9836,9997270
PTJPL,2014-10-01,Sacramento River,5,46.4592,43.0,23.0,69.0,24.66,9997268
PTJPL,2014-11-01,Sacramento River,5,31.6982,27.0,19.0,45.0,14.4197,9992050
PTJPL,2014-12-01,Sacramento River,5,22.2068,26.0,10.0,32.0,10.9154,9847438
PTJPL,2015-01-01,Sacramento River,5,29.9449,31.0,24.0,36.0,9.1151,9901934
PTJPL,2015-02-01,Sacramento River,5,50.1842,50.0,43.0,58.0,11.1906,9996654
PTJPL,2015-03-01,Sacramento River,5,85.9614,86.0,72.0,101.0,18.2967,9997213
PTJPL,2015-04-01,Sacramento River,5,109.7678,109.0,85.0,135.0,29.7977,9997253
PTJPL,2015-05-01,Sacramento River,5,131.0005,133.0,96.0,166.0,40.695,9997011
PTJPL,2015-06-01,Sacramento River,5,135.7376,152.5076,76.496,188.4983,60.9572,9997270
PTJPL,2015-07-01,Sacramento River,5,136.9401,156.5038,68.4953,194.4944,67.1973,9997270
PTJPL,2015-08-01,Sacramento River,5,105.203,120.504,46.4892,152.5056,54.0006,9997270
PTJPL,2015-09-01,Sacramento River,5,66.2981,71.0,27.0,100.0,37.7559,9997270
PTJPL,2015-10-01,Sacramento River,5,44.4122,35.0,20.0,68.0,27.9789,9989990
PTJPL,2015-11-01,Sacramento River,5,30.2184,28.0,21.0,35.0,11.3149,9899953
PTJPL,2015-12-01,Sacramento River,5,23.0695,22.0,19.0,27.0,5.3086,9107615
PTJPL,2016-01-01,Sacramento River,5,30.3668,31.0,27.0,34.0,5.4935,8863590
PTJPL,2016-02-01,Sacramento River,5,66.079,69.0,60.0,76.0,13.3405,9010908
PTJPL,2016-03-01,Sacramento River,5,78.3314,78.0,71.0,87.0,12.4976,9985687
PTJPL,2016-04-01,Sacramento River,5,114.5481,113.0,92.0,137.0,25.2972,9996338
PTJPL,2016-05-01,Sacramento River,5,135.0982,136.0,110.0,165.0,34.4683,9997196
PTJPL,2016-06-01,Sacramento River,5,143.6773,158.5055,108.5039,184.5017,50.463,9997270
PTJPL,2016-07-01,Sacramento River,5,149.3228,168.5014,100.5027,204.5062,65.9951,9997270
PTJPL,2016-08-01,Sacramento River,5,120.2407,136.5047,70.5004,168.5083,56.226,9997270
PTJPL,2016-09-01,Sacramento River,5,81.1044,91.0,41.0,116.0,39.6935,9997269
PTJPL,2016-10-01,Sacramento River,5,57.1497,56.0,43.0,73.0,18.4402,9997270
PTJPL,2016-11-01,Sacramento River,5,41.2038,42.0,36.0,47.0,7.8465,9965502
PTJPL,2016-12-01,Sacramento River,5,32.0419,34.0,29.0,36.0,6.8519,9736789
PTJPL,2017-01-01,Sacramento River,5,24.4262,24.0,19.0,30.0,7.3295,9520284
PTJPL,2017-02-01,Sacramento River,5,47.8567,50.0,44.0,55.0,10.7192,9541411
PTJPL,2017-03-01,Sacramento River,5,84.8933,87.0,76.0,99.0,20.4151,9958857
PTJPL,2017-04-01,Sacramento River,5,103.043,107.0,88.0,120.0,24.1464,9979253
PTJPL,2017-05-01,Sacramento River,5,146.1783,145.0,115.0,180.0,37.5661,9997218
PTJPL,2017-06-01,Sacramento River,5,130.566,142.5055,88.4983,170.4998,49.0439,9997243
PTJPL,2017-07-01,Sacramento River,5,140.0276,158.5007,84.498,192.5027,63.7707,9997270
PTJPL,2017-08-01,Sacramento River,5,125.5788,144.5089,72.5011,176.511,57.5236,9997270
PTJPL,2017-09-01,Sacramento River,5,76.2791,85.0,39.0,108.0,37.4998,9997270
PTJPL,2017-10-01,Sacramento River,5,56.3143,53.0,35.0,80.0,28.2467,9997270
PTJPL,2017-11-01,Sacramento River,5,40.6556,43.0,37.0,47.0,8.6657,9994289
PTJPL,2017-12-01,Sacramento River,5,29.8707,29.0,24.0,34.0,8.5695,9922528
PTJPL,2018-01-01,Sacramento River,5,27.2843,28.0,23.0,32.0,6.3959,8882952
PTJPL,2018-02-01,Sacramento River,5,53.8637,55.0,46.0,63.0,12.6884,9953548
PTJPL,2018-03-01,Sacramento River,5,64.8689,67.0,54.0,76.0,15.0904,9851570
PTJPL,2018-04-01,Sacramento River,5,99.3477,100.0,79.0,119.0,24.9062,9915937
PTJPL,2018-05-01,Sacramento River,5,136.4817,136.0,104.0,169.0,42.604,9997228
PTJPL,2018-06-01,Sacramento River,5,158.6373,174.5088,114.5021,206.5008,58.1113,9997270
PTJPL,2018-07-01,Sacramento River,5,148.0895,166.5039,96.5038,204.4998,65.7447,9997270
PTJPL,2018-08-01,Sacramento River,5,118.5539,135.0,72.0,165.0,52.4266,9997270
PTJPL,2018-09-01,Sacramento River,5,83.2825,94.0,44.0,117.0,38.8083,9997270
PTJPL,2018-10-01,Sacramento River,5,36.2953,35.0,18.0,52.0,19.897,9997270
PTJPL,2018-11-01,Sacramento River,5,23.923,21.0,18.0,30.0,9.9961,9994020
PTJPL,2018-12-01,Sacramento River,5,33.2529,34.0,30.0,37.0,6.7291,9602599
PTJPL,2019-01-01,Sacramento River,5,34.4986,34.0,32.0,37.0,5.7249,9037645
PTJPL,2019-02-01,Sacramento River,5,41.8235,42.0,37.0,47.0,8.1461,8965582
PTJPL,2019-03-01,Sacramento River,5,80.6441,82.0,73.0,91.0,14.729,9887481
PTJPL,2019-04-01,Sacramento River,5,120.4792,122.0,102.0,139.0,22.4283,9994123
PTJPL,2019-05-01,Sacramento River,5,122.2973,122.0,97.0,148.0,31.1366,9995720
PTJPL,2019-06-01,Sacramento River,5,160.6529,172.5104,128.5073,197.0,47.2357,9997270
PTJPL,2019-07-01,Sacramento River,5,153.0025,170.5019,114.5048,200.5096,57.7165,9997270
PTJPL,2019-08-01,Sacramento River,5,122.4559,138.5033,80.5019,166.507,52.2242,9997270
PTJPL,2019-09-01,Sacramento River,5,90.0428,99.0,63.0,116.0,31.0557,9997270
PTJPL,2019-10-01,Sacramento River,5,48.2192,44.0,26.0,71.0,25.2025,9997269
PTJPL,2019-11-01,Sacramento River,5,29.7034,25.0,17.0,41.0,15.5927,9980581
PTJPL,2019-12-01,Sacramento River,5,24.6867,24.0,21.0,28.0,6.6443,8832465
PTJPL,2020-01-01,Sacramento River,5,30.8397,31.0,27.0,35.0,6.3903,9235736
PTJPL,2020-02-01,Sacramento River,5,67.2124,70.0,61.0,79.0,17.7363,9985737
PTJPL,2020-03-01,Sacramento River,5,64.5916,65.0,53.0,76.0,14.362,9992778
PTJPL,2020-04-01,Sacramento River,5,113.2788,113.0,87.0,140.0,28.6738,9995858
PTJPL,2020-05-01,Sacramento River,5,125.2172,133.0,90.0,162.0,46.6193,9997011
PTJPL,2020-06-01,Sacramento River,5,148.7573,168.5099,110.5048,194.5026,56.4424,9997270
PTJPL,2020-07-01,Sacramento River,5,151.925,172.5053,102.0,208.5051,67.2573,9997270
PTJPL,2020-08-01,Sacramento River,5,122.9674,140.0,77.0,168.0,53.1256,9997270
PTJPL,2020-09-01,Sacramento River,5,86.9283,95.0,50.0,120.0,38.1435,9997183
PTJPL,2020-10-01,Sacramento River,5,53.6013,46.0,23.0,84.0,33.3289,9997259
PTJPL,2020-11-01,Sacramento River,5,29.6311,27.0,18.0,39.0,13.3247,9997234
PTJPL,2020-12-01,Sacramento River,5,22.4194,21.0,17.0,26.0,7.5729,9975183
PTJPL,2021-01-01,Sacramento River,5,31.5892,31.0,27.0,35.0,6.7175,9734475
PTJPL,2021-02-01,Sacramento River,5,37.1787,36.0,30.0,43.0,10.7585,9950778
PTJPL,2021-03-01,Sacramento River,5,71.9864,74.0,57.0,88.0,20.0408,9972063
PTJPL,2021-04-01,Sacramento River,5,102.3839,101.0,72.0,132.0,34.2651,9997072
PTJPL,2021-05-01,Sacramento River,5,118.9589,122.4997,72.5018,162.5024,52.8018,9997270
PTJPL,2021-06-01,Sacramento River,5,130.7144,148.5051,66.4963,184.5015,63.2445,9997270
PTJPL,2021-07-01,Sacramento River,5,122.0136,140.5047,52.4906,178.5108,64.882,9997270
PTJPL,2021-08-01,Sacramento River,5,97.2703,109.0,44.0,143.0,51.0107,9997270
PTJPL,2021-09-01,Sacramento River,5,72.5276,80.0,31.0,108.0,39.1272,9997270
PTJPL,2021-10-01,Sacramento River,5,47.9158,43.0,30.0,66.0,20.6392,9997246
PTJPL,2021-11-01,Sacramento River,5,37.1485,38.0,33.0,42.0,7.0995,9994541
PTJPL,2021-12-01,Sacramento River,5,20.7761,21.0,19.0,23.0,3.5155,9979960
PTJPL,2022-01-01,Sacramento River,5,37.0111,38.0,33.0,42.0,7.9036,9703910
PTJPL,2022-02-01,Sacramento River,5,59.0028,59.0,51.0,68.0,12.4361,9932731
PTJPL,2022-03-01,Sacramento River,5,78.794,78.0,62.0,95.0,19.7262,9992462
PTJPL,2022-04-01,Sacramento River,5,94.1862,94.0,68.0,120.0,29.2443,9997029
PTJPL,2022-05-01,Sacramento River,5,114.9082,117.0,72.0,155.0,46.9555,9997258
PTJPL,2022-06-01,Sacramento River,5,102.544,110.506,50.4937,142.4954,52.6149,9997270
PTJPL,2022-07-01,Sacramento River,5,117.1315,132.5078,48.4902,170.4945,62.8867,9997270
PTJPL,2022-08-01,Sacramento River,5,99.0843,108.506,36.4876,154.5082,58.345,9997270
PTJPL,2022-09-01,Sacramento River,5,75.8342,78.0,31.0,117.0,42.5426,9997270
PTJPL,2022-10-01,Sacramento River,5,53.8751,49.0,29.0,79.0,26.5689,9997211
PTJPL,2022-11-01,Sacramento River,5,31.7024,32.0,25.0,38.0,9.3376,9799665
PTJPL,2022-12-01,Sacramento River,5,25.3208,26.0,24.0,28.0,4.9297,9477210
PTJPL,2023-01-01,Sacramento River,5,27.9863,28.0,25.0,32.0,6.6262,9319771
PTJPL,2023-02-01,Sacramento River,5,32.7432,33.0,30.0,36.0,6.811,9661638
PTJPL,2023-03-01,Sacramento River,5,68.541,70.0,64.0,77.0,13.4309,9458737
PTJPL,2023-04-01,Sacramento River,5,116.5039,119.0,100.0,136.0,26.0347,9982328
PTJPL,2023-05-01,Sacramento River,5,136.1504,138.0,112.0,161.0,31.8578,9995255
PTJPL,2023-06-01,Sacramento River,5,161.8169,172.0,127.0,197.0,41.8762,9997270
PTJPL,2023-07-01,Sacramento River,5,158.5925,178.5032,118.5051,208.5084,58.9611,9997270
PTJPL,2023-08-01,Sacramento River,5,134.1937,154.0,94.4994,178.5093,51.9931,9997270
PTJPL,2023-09-01,Sacramento River,5,90.0452,102.0,61.0,118.0,34.5832,9997270
PTJPL,2023-10-01,Sacramento River,5,50.1199,50.0,31.0,68.0,21.6411,9997082
PTJPL,2023-11-01,Sacramento River,5,38.3143,38.0,30.0,46.0,10.9909,9996767
PTJPL,2023-12-01,Sacramento River,5,26.2929,26.0,23.0,28.0,5.6475,9969237
PTJPL,2024-01-01,Sacramento River,5,33.1115,34.0,30.0,37.0,5.8812,9725337
PTJPL,2024-02-01,Sacramento River,5,41.6156,42.0,36.0,47.0,8.3754,9903838
PTJPL,2024-03-01,Sacramento River,5,82.7196,84.0,75.0,93.0,16.3178,9944716
PTJPL,2024-04-01,Sacramento River,5,110.8066,112.0,92.0,132.0,24.5863,9993708
PTJPL,2024-05-01,Sacramento River,5,146.8128,152.0,119.0,177.0,37.1486,9997230
PTJPL,2024-06-01,Sacramento River,5,139.4066,152.502,98.5034,180.5005,51.2744,9997270
PTJPL,2024-07-01,Sacramento River,5,147.563,166.5045,90.5008,202.4994,64.4483,9997270
PTJPL,2024-08-01,Sacramento River,5,116.2239,133.0,68.0,161.0,51.7874,9997270
PTJPL,2024-09-01,Sacramento River,5,83.6992,94.0,44.0,118.0,39.7642,9997270
PTJPL,2024-10-01,Sacramento River,5,55.0829,51.0,31.0,79.0,26.2198,9997270
PTJPL,2024-11-01,Sacramento River,5,36.1872,35.0,28.0,43.0,11.3754,9993029
PTJPL,2024-12-01,Sacramento River,5,25.0631,26.0,22.0,29.0,5.4181,9977347
PTJPL,2025-01-01,Sacramento River,5,29.831,29.0,25.0,34.0,8.6723,9939233
PTJPL,2025-02-01,Sacramento River,5,36.4224,36.0,32.0,42.0,7.7529,9985239
PTJPL,2025-03-01,Sacramento River,5,78.2028,79.0,69.0,88.0,15.0495,9987906
PTJPL,2025-04-01,Sacramento River,5,128.1537,129.0,113.0,147.0,23.7307,9993020
PTJPL,2025-05-01,Sacramento River,5,150.6669,154.0,118.0,185.0,40.7377,9997264
PTJPL,2025-06-01,Sacramento River,5,144.3805,158.5046,108.5035,186.5038,52.0189,9997270
PTJPL,2025-07-01,Sacramento River,5,156.0903,176.5047,110.5023,208.5109,62.3975,9997270
PTJPL,2025-08-01,Sacramento River,5,125.5976,144.5073,82.5005,170.5026,53.5354,9997270
PTJPL,2025-09-01,Sacramento River,5,80.5345,89.0,49.0,108.0,34.7629,9997270
PTJPL,2025-10-01,Sacramento River,5,54.659,53.0,36.0,72.0,20.4916,9994743
PTJPL,2025-11-01,Sacramento River,5,25.2359,23.0,15.0,35.0,11.8485,9993298
PTJPL,2025-12-01,Sacramento River,5,21.8069,23.0,18.0,25.0,4.2974,8195724
PTJPL,2003-10-01,San Francisco Bay,2,48.7841,48.0,36.0,61.0,17.3296,595810
PTJPL,2003-11-01,San Francisco Bay,2,23.0009,22.0,19.0,26.0,5.968,577190
PTJPL,2003-12-01,San Francisco Bay,2,26.4894,27.0,25.0,29.0,3.5553,471346
PTJPL,2004-01-01,San Francisco Bay,2,29.0286,28.0,26.0,32.0,4.7,479272
PTJPL,2004-02-01,San Francisco Bay,2,42.1948,41.0,37.0,46.0,7.5259,589027
PTJPL,2004-03-01,San Francisco Bay,2,95.7042,95.0,89.0,101.0,12.8476,596930
PTJPL,2004-04-01,San Francisco Bay,2,94.5806,97.0,83.0,105.0,15.8193,596004
PTJPL,2004-05-01,San Francisco Bay,2,109.2492,109.0,92.0,127.0,22.6092,595872
PTJPL,2004-06-01,San Francisco Bay,2,92.9617,92.0,74.0,110.0,26.9098,595622
PTJPL,2004-07-01,San Francisco Bay,2,75.3517,74.0,53.0,93.0,31.0894,585458
PTJPL,2004-08-01,San Francisco Bay,2,69.054,67.0,50.0,84.0,26.6829,585683
PTJPL,2004-09-01,San Francisco Bay,2,44.6772,40.0,28.0,57.0,21.5861,596930
PTJPL,2004-10-01,San Francisco Bay,2,51.4622,51.0,42.0,60.0,13.5913,596994
PTJPL,2004-11-01,San Francisco Bay,2,40.1771,42.0,39.0,44.0,5.619,596972
PTJPL,2004-12-01,San Francisco Bay,2,29.2048,31.0,27.0,32.0,4.3783,596767
PTJPL,2005-01-01,San Francisco Bay,2,28.4294,29.0,25.0,32.0,4.4917,593844
PTJPL,2005-02-01,San Francisco Bay,2,48.5239,49.0,45.0,52.0,5.1861,595058
PTJPL,2005-03-01,San Francisco Bay,2,84.959,84.0,77.0,91.0,11.145,596884
PTJPL,2005-04-01,San Francisco Bay,2,100.7158,100.0,94.0,106.0,10.735,596660
PTJPL,2005-05-01,San Francisco Bay,2,133.6781,135.0,125.0,144.0,15.5824,596094
PTJPL,2005-06-01,San Francisco Bay,2,107.7131,111.0,92.0,124.0,21.6758,596086
PTJPL,2005-07-01,San Francisco Bay,2,96.9153,98.0,72.0,122.0,32.6709,594007
PTJPL,2005-08-01,San Francisco Bay,2,79.2609,78.0,57.0,100.0,29.6593,590722
PTJPL,2005-09-01,San Francisco Bay,2,64.9041,62.0,50.0,79.0,19.7182,596379
PTJPL,2005-10-01,San Francisco Bay,2,49.249,48.0,37.0,60.0,15.0724,596882
PTJPL,2005-11-01,San Francisco Bay,2,36.2162,37.0,31.0,42.0,8.715,596985
PTJPL,2005-12-01,San Francisco Bay,2,27.5359,29.0,26.0,30.0,4.9918,596562
PTJPL,2006-01-01,San Francisco Bay,2,23.8821,23.0,22.0,26.0,4.005,596593
PTJPL,2006-02-01,San Francisco Bay,2,46.0053,46.0,42.0,49.0,6.401,596976
PTJPL,2006-03-01,San Francisco Bay,2,64.5188,63.0,57.0,70.0,10.7406,593599
PTJPL,2006-04-01,San Francisco Bay,2,97.0241,95.0,90.0,102.0,12.9252,593421
PTJPL,2006-05-01,San Francisco Bay,2,126.8243,128.0,114.0,140.0,20.3216,596365
PTJPL,2006-06-01,San Francisco Bay,2,103.1702,104.0,87.0,120.0,24.6791,596226
PTJPL,2006-07-01,San Francisco Bay,2,96.3165,95.0,72.0,118.0,32.8577,596385
PTJPL,2006-08-01,San Francisco Bay,2,75.8644,75.0,54.0,95.0,29.3104,595988
PTJPL,2006-09-01,San Francisco Bay,2,53.6905,52.0,33.0,70.0,24.2173,596115
PTJPL,2006-10-01,San Francisco Bay,2,47.8007,46.0,35.0,58.0,16.9934,596078
PTJPL,2006-11-01,San Francisco Bay,2,38.4295,39.0,35.0,42.0,4.8019,596948
PTJPL,2006-12-01,San Francisco Bay,2,33.3198,34.0,31.0,36.0,4.2754,596968
PTJPL,2007-01-01,San Francisco Bay,2,35.7287,35.0,32.0,39.0,5.7543,596926
PTJPL,2007-02-01,San Francisco Bay,2,39.5252,39.0,36.0,43.0,5.771,596879
PTJPL,2007-03-01,San Francisco Bay,2,78.499,79.0,73.0,84.0,9.1927,596377
PTJPL,2007-04-01,San Francisco Bay,2,86.1951,88.0,74.0,97.0,15.9464,596198
PTJPL,2007-05-01,San Francisco Bay,2,121.6993,123.0,103.0,142.0,26.501,595842
PTJPL,2007-06-01,San Francisco Bay,2,87.5876,88.0,65.0,110.0,31.6354,595723
PTJPL,2007-07-01,San Francisco Bay,2,80.6393,79.0,57.0,101.0,31.0348,595729
PTJPL,2007-08-01,San Francisco Bay,2,67.1244,64.0,46.0,84.0,27.5601,595750
PTJPL,2007-09-01,San Francisco Bay,2,58.9948,56.0,44.0,71.0,19.7468,596202
PTJPL,2007-10-01,San Francisco Bay,2,45.8569,45.0,36.0,56.0,14.5193,594414
PTJPL,2007-11-01,San Francisco Bay,2,42.2787,43.0,32.0,53.0,13.0204,574017
PTJPL,2007-12-01,San Francisco Bay,2,26.8725,27.0,20.0,33.0,8.7751,527582
PTJPL,2008-01-01,San Francisco Bay,2,25.7997,25.0,21.0,29.0,6.4354,536087
PTJPL,2008-02-01,San Francisco Bay,2,34.5178,35.0,31.0,38.0,6.4026,596932
PTJPL,2008-03-01,San Francisco Bay,2,74.7904,75.0,68.0,81.0,10.4366,596293
PTJPL,2008-04-01,San Francisco Bay,2,97.9897,100.0,84.0,111.0,18.9899,596186
PTJPL,2008-05-01,San Francisco Bay,2,110.8629,112.0,93.0,129.0,24.6754,595816
PTJPL,2008-06-01,San Francisco Bay,2,72.1566,69.0,52.0,88.0,26.7733,595820
PTJPL,2008-07-01,San Francisco Bay,2,70.6442,67.0,47.0,89.0,30.9146,595937
PTJPL,2008-08-01,San Francisco Bay,2,64.8631,62.0,45.0,81.0,26.1763,596282
PTJPL,2008-09-01,San Francisco Bay,2,49.6224,45.0,34.0,62.0,21.9589,596251
PTJPL,2008-10-01,San Francisco Bay,2,42.2368,40.0,32.0,51.0,13.4118,596611
PTJPL,2008-11-01,San Francisco Bay,2,39.4774,40.0,35.0,45.0,7.3281,554513
PTJPL,2008-12-01,San Francisco Bay,2,23.7303,23.0,20.0,27.0,5.0869,484128
PTJPL,2009-01-01,San Francisco Bay,2,31.0231,31.0,28.0,34.0,4.7011,596782
PTJPL,2009-02-01,San Francisco Bay,2,40.7906,41.0,38.0,44.0,4.6037,596916
PTJPL,2009-03-01,San Francisco Bay,2,80.4195,79.0,74.0,85.0,9.8136,596444
PTJPL,2009-04-01,San Francisco Bay,2,97.9586,99.0,84.0,108.0,19.8074,596341
PTJPL,2009-05-01,San Francisco Bay,2,120.1168,122.0,105.0,135.0,21.6374,596123
PTJPL,2009-06-01,San Francisco Bay,2,100.9794,103.0,83.0,119.0,26.4622,588399
PTJPL,2009-07-01,San Francisco Bay,2,80.0743,79.0,55.0,102.0,33.277,592360
PTJPL,2009-08-01,San Francisco Bay,2,73.3346,72.0,52.0,91.0,27.6244,593806
PTJPL,2009-09-01,San Francisco Bay,2,59.0286,57.0,39.0,76.0,23.6374,593827
PTJPL,2009-10-01,San Francisco Bay,2,64.1127,64.0,56.0,73.0,13.0693,596737
PTJPL,2009-11-01,San Francisco Bay,2,42.883,44.0,40.0,47.0,5.3868,596860
PTJPL,2009-12-01,San Francisco Bay,2,25.4727,25.0,23.0,27.0,3.0383,594464
PTJPL,2010-01-01,San Francisco Bay,2,32.2014,31.0,29.0,34.0,4.8057,141775
PTJPL,2010-02-01,San Francisco Bay,2,51.7319,52.0,49.0,56.0,4.8154,148079
PTJPL,2010-03-01,San Francisco Bay,2,77.2401,76.0,72.0,81.0,8.581,596978
PTJPL,2010-04-01,San Francisco Bay,2,100.1125,101.0,94.0,106.0,11.417,596438
PTJPL,2010-05-01,San Francisco Bay,2,93.3748,94.0,82.0,105.0,17.9077,596268
PTJPL,2010-06-01,San Francisco Bay,2,104.6573,107.0,88.0,123.0,23.8199,596323
PTJPL,2010-07-01,San Francisco Bay,2,99.7389,101.0,76.0,124.0,33.3609,595904
PTJPL,2010-08-01,San Francisco Bay,2,86.8314,88.0,65.0,108.0,28.6189,593863
PTJPL,2010-09-01,San Francisco Bay,2,67.2105,67.0,48.0,85.0,23.9774,596365
PTJPL,2010-10-01,San Francisco Bay,2,58.5217,58.0,47.0,69.0,14.4548,596843
PTJPL,2010-11-01,San Francisco Bay,2,48.2101,48.0,45.0,52.0,5.7139,592769
PTJPL,2010-12-01,San Francisco Bay,2,28.1754,28.0,26.0,30.0,2.9248,591366
PTJPL,2011-01-01,San Francisco Bay,2,29.1657,29.0,27.0,31.0,3.1948,596913
PTJPL,2011-02-01,San Francisco Bay,2,39.0163,41.0,32.0,45.0,8.1203,559755
PTJPL,2011-03-01,San Francisco Bay,2,66.3672,68.0,58.0,74.0,10.1664,566019
PTJPL,2011-04-01,San Francisco Bay,2,105.5194,106.0,97.0,114.0,14.3113,596659
PTJPL,2011-05-01,San Francisco Bay,2,111.5706,112.0,96.0,126.0,20.6225,596658
PTJPL,2011-06-01,San Francisco Bay,2,105.6505,107.0,94.0,118.0,17.9444,596268
PTJPL,2011-07-01,San Francisco Bay,2,128.8097,133.0,108.0,154.0,31.9052,592212
PTJPL,2011-08-01,San Francisco Bay,2,84.7674,87.0,62.0,109.0,30.7754,592743
PTJPL,2011-09-01,San Francisco Bay,2,66.3405,65.0,44.0,88.0,26.2929,595572
PTJPL,2011-10-01,San Francisco Bay,2,60.1583,61.0,49.0,72.0,15.5126,596510
PTJPL,2011-11-01,San Francisco Bay,2,39.7269,41.0,34.0,46.0,8.4325,595717
PTJPL,2011-12-01,San Francisco Bay,2,38.5049,38.0,30.0,48.0,10.4485,580579
PTJPL,2012-01-01,San Francisco Bay,2,26.8751,26.0,23.0,30.0,5.8812,589572
PTJPL,2012-02-01,San Francisco Bay,2,52.739,53.0,48.0,58.0,8.362,593303
PTJPL,2012-03-01,San Francisco Bay,2,66.4436,67.0,60.0,73.0,10.9531,593228
PTJPL,2012-04-01,San Francisco Bay,2,96.9695,98.0,89.0,105.0,15.6511,596086
PTJPL,2012-05-01,San Francisco Bay,2,101.5057,103.0,85.0,120.0,24.0328,595976
PTJPL,2012-06-01,San Francisco Bay,2,97.0716,97.0,78.0,116.0,27.1988,595423
PTJPL,2012-07-01,San Francisco Bay,2,84.8277,85.0,58.0,108.0,34.3379,589116
PTJPL,2012-08-01,San Francisco Bay,2,65.2698,64.0,42.0,85.0,29.4484,591707
PTJPL,2012-09-01,San Francisco Bay,2,61.6358,61.0,42.0,79.0,24.1603,592732
PTJPL,2012-10-01,San Francisco Bay,2,62.2291,61.0,51.0,73.0,16.1036,584376
PTJPL,2012-11-01,San Francisco Bay,2,38.2306,39.0,33.0,43.0,7.975,505944
PTJPL,2012-12-01,San Francisco Bay,2,27.0856,27.0,23.0,32.0,5.1654,582571
PTJPL,2013-01-01,San Francisco Bay,2,28.0129,28.0,26.0,30.0,3.9127,591969
PTJPL,2013-02-01,San Francisco Bay,2,48.1474,43.0,39.0,58.0,14.0721,514352
PTJPL,2013-03-01,San Francisco Bay,2,62.354,60.0,52.0,70.0,15.2839,574850
PTJPL,2013-04-01,San Francisco Bay,2,89.156,91.0,76.0,102.0,19.5718,596554
PTJPL,2013-05-01,San Francisco Bay,2,116.5956,117.0,101.0,133.0,23.4792,595454
PTJPL,2013-06-01,San Francisco Bay,2,89.9754,89.0,69.0,110.0,28.0412,595709
PTJPL,2013-07-01,San Francisco Bay,2,92.0599,91.0,64.0,117.0,35.2542,595545
PTJPL,2013-08-01,San Francisco Bay,2,77.2937,76.0,54.0,99.0,29.4777,595968
PTJPL,2013-09-01,San Francisco Bay,2,62.0557,60.0,42.0,80.0,23.7992,596910
PTJPL,2013-10-01,San Francisco Bay,2,44.5158,43.0,32.0,56.0,15.891,596633
PTJPL,2013-11-01,San Francisco Bay,2,37.3494,37.0,32.0,42.0,8.2922,596880
PTJPL,2013-12-01,San Francisco Bay,2,21.0137,20.0,17.0,24.0,5.7665,596995
PTJPL,2014-01-01,San Francisco Bay,2,19.9872,19.0,16.0,23.0,5.4554,596995
PTJPL,2014-02-01,San Francisco Bay,2,29.8286,30.0,26.0,34.0,5.5632,596655
PTJPL,2014-03-01,San Francisco Bay,2,66.9178,68.0,61.0,73.0,9.9401,596946
PTJPL,2014-04-01,San Francisco Bay,2,103.9546,106.0,94.0,115.0,16.7152,596946
PTJPL,2014-05-01,San Francisco Bay,2,108.8618,112.0,91.0,129.0,27.6416,596791
PTJPL,2014-06-01,San Francisco Bay,2,83.7004,86.0,56.0,109.0,33.4787,596206
PTJPL,2014-07-01,San Francisco Bay,2,64.9129,64.0,43.0,84.0,27.2863,596391
PTJPL,2014-08-01,San Francisco Bay,2,70.632,69.0,48.0,90.0,28.5713,595533
PTJPL,2014-09-01,San Francisco Bay,2,61.6318,59.0,43.0,80.0,24.5458,596753
PTJPL,2014-10-01,San Francisco Bay,2,44.3218,43.0,31.0,57.0,16.2442,596988
PTJPL,2014-11-01,San Francisco Bay,2,31.7821,32.0,24.0,39.0,9.7861,596783
PTJPL,2014-12-01,San Francisco Bay,2,30.0493,33.0,32.0,34.0,7.601,596989
PTJPL,2015-01-01,San Francisco Bay,2,30.0222,31.0,27.0,34.0,6.2132,596993
PTJPL,2015-02-01,San Francisco Bay,2,48.3058,48.0,42.0,54.0,9.1676,596966
PTJPL,2015-03-01,San Francisco Bay,2,85.8168,86.0,80.0,91.0,10.7772,596973
PTJPL,2015-04-01,San Francisco Bay,2,105.6836,107.0,92.0,119.0,19.418,596862
PTJPL,2015-05-01,San Francisco Bay,2,112.8674,115.0,99.0,128.0,21.6959,594694
PTJPL,2015-06-01,San Francisco Bay,2,91.6854,92.0,68.0,114.0,30.4153,593746
PTJPL,2015-07-01,San Francisco Bay,2,84.0273,84.0,57.0,109.0,33.2567,596619
PTJPL,2015-08-01,San Francisco Bay,2,75.253,74.0,52.0,96.0,29.0306,596810
PTJPL,2015-09-01,San Francisco Bay,2,50.3177,48.0,30.0,68.0,22.8189,596498
PTJPL,2015-10-01,San Francisco Bay,2,44.4508,44.0,32.0,55.0,15.1466,596450
PTJPL,2015-11-01,San Francisco Bay,2,31.4496,31.0,25.0,38.0,8.0935,596963
PTJPL,2015-12-01,San Francisco Bay,2,26.2462,27.0,23.0,29.0,5.5446,586710
PTJPL,2016-01-01,San Francisco Bay,2,33.2068,34.0,30.0,36.0,4.0335,591509
PTJPL,2016-02-01,San Francisco Bay,2,66.0851,67.0,62.0,70.0,5.7259,591506
PTJPL,2016-03-01,San Francisco Bay,2,76.9287,77.0,72.0,81.0,7.6074,596489
PTJPL,2016-04-01,San Francisco Bay,2,107.3522,107.0,100.0,114.0,13.1504,596517
PTJPL,2016-05-01,San Francisco Bay,2,119.6287,122.0,107.0,133.0,19.7506,596466
PTJPL,2016-06-01,San Francisco Bay,2,90.8591,92.0,67.0,113.0,29.0929,596767
PTJPL,2016-07-01,San Francisco Bay,2,86.6469,87.0,60.0,111.0,33.8071,595729
PTJPL,2016-08-01,San Francisco Bay,2,74.4827,75.0,50.0,96.0,29.5924,596109
PTJPL,2016-09-01,San Francisco Bay,2,56.2499,55.0,37.0,73.0,23.2485,596815
PTJPL,2016-10-01,San Francisco Bay,2,50.2903,49.0,42.0,59.0,12.2818,596991
PTJPL,2016-11-01,San Francisco Bay,2,41.2204,42.0,39.0,44.0,4.351,596956
PTJPL,2016-12-01,San Francisco Bay,2,32.2929,33.0,31.0,34.0,3.3515,596924
PTJPL,2017-01-01,San Francisco Bay,2,28.6479,28.0,26.0,31.0,3.6961,596937
PTJPL,2017-02-01,San Francisco Bay,2,43.9172,44.0,41.0,47.0,5.3928,587584
PTJPL,2017-03-01,San Francisco Bay,2,82.4424,83.0,78.0,88.0,9.4418,596064
PTJPL,2017-04-01,San Francisco Bay,2,100.2837,101.0,93.0,107.0,11.7396,596408
PTJPL,2017-05-01,San Francisco Bay,2,128.7115,130.0,116.0,142.0,20.3358,596290
PTJPL,2017-06-01,San Francisco Bay,2,104.5102,108.0,85.0,126.0,28.1705,596301
PTJPL,2017-07-01,San Francisco Bay,2,83.4892,83.0,59.0,107.0,31.7678,596426
PTJPL,2017-08-01,San Francisco Bay,2,79.9017,79.0,56.0,102.0,29.9259,596981
PTJPL,2017-09-01,San Francisco Bay,2,55.3383,53.0,35.0,74.0,24.4303,596995
PTJPL,2017-10-01,San Francisco Bay,2,39.8889,38.0,26.0,52.0,17.0436,596897
PTJPL,2017-11-01,San Francisco Bay,2,38.4885,39.0,36.0,42.0,5.2784,596974
PTJPL,2017-12-01,San Francisco Bay,2,32.5871,33.0,27.0,39.0,7.314,596782
PTJPL,2018-01-01,San Francisco Bay,2,27.853,28.0,26.0,30.0,3.7026,596769
PTJPL,2018-02-01,San Francisco Bay,2,52.0528,52.0,48.0,56.0,7.4439,596978
PTJPL,2018-03-01,San Francisco Bay,2,65.989,66.0,61.0,70.0,9.0655,596970
PTJPL,2018-04-01,San Francisco Bay,2,99.6226,99.0,92.0,106.0,15.3825,596756
PTJPL,2018-05-01,San Francisco Bay,2,121.279,121.0,108.0,134.0,20.9231,596289
PTJPL,2018-06-01,San Francisco Bay,2,113.3959,115.0,93.0,134.0,29.1972,596473
PTJPL,2018-07-01,San Francisco Bay,2,87.7876,87.0,61.0,112.0,34.0342,591904
PTJPL,2018-08-01,San Francisco Bay,2,70.7014,70.0,48.0,90.0,27.6168,592147
PTJPL,2018-09-01,San Francisco Bay,2,63.5627,62.0,46.0,80.0,22.5006,596201
PTJPL,2018-10-01,San Francisco Bay,2,35.5797,36.0,23.0,48.0,15.2525,596980
PTJPL,2018-11-01,San Francisco Bay,2,24.9511,24.0,21.0,29.0,6.4797,596985
PTJPL,2018-12-01,San Francisco Bay,2,36.0384,36.0,34.0,38.0,3.958,595129
PTJPL,2019-01-01,San Francisco Bay,2,31.9339,32.0,29.0,34.0,4.0534,563456
PTJPL,2019-02-01,San Francisco Bay,2,37.7274,36.0,34.0,40.0,5.8082,543384
PTJPL,2019-03-01,San Francisco Bay,2,77.2119,77.0,72.0,82.0,8.032,596884
PTJPL,2019-04-01,San Francisco Bay,2,112.529,111.0,105.0,119.0,14.3228,596496
PTJPL,2019-05-01,San Francisco Bay,2,116.0637,117.0,102.0,129.0,21.463,596207
PTJPL,2019-06-01,San Francisco Bay,2,122.585,127.0,106.0,141.0,25.2664,596450
PTJPL,2019-07-01,San Francisco Bay,2,106.2227,110.0,85.0,129.0,30.5621,596268
PTJPL,2019-08-01,San Francisco Bay,2,80.9468,81.0,60.0,102.0,27.981,596663
PTJPL,2019-09-01,San Francisco Bay,2,68.7122,68.0,53.0,84.0,19.1313,596995
PTJPL,2019-10-01,San Francisco Bay,2,42.4583,42.0,29.0,55.0,16.7923,596567
PTJPL,2019-11-01,San Francisco Bay,2,26.4528,26.0,22.0,31.0,7.3756,594683
PTJPL,2019-12-01,San Francisco Bay,2,24.2273,23.0,21.0,28.0,4.4371,581573
PTJPL,2020-01-01,San Francisco Bay,2,31.415,31.0,29.0,34.0,3.7064,584751
PTJPL,2020-02-01,San Francisco Bay,2,66.557,67.0,61.0,72.0,9.7205,596912
PTJPL,2020-03-01,San Francisco Bay,2,61.7871,62.0,57.0,66.0,7.807,596907
PTJPL,2020-04-01,San Francisco Bay,2,99.3711,101.0,90.0,108.0,15.4773,596285
PTJPL,2020-05-01,San Francisco Bay,2,106.0705,108.0,90.0,124.0,23.6745,596055
PTJPL,2020-06-01,San Francisco Bay,2,94.4468,94.0,73.0,114.0,27.7821,595631
PTJPL,2020-07-01,San Francisco Bay,2,84.0817,84.0,59.0,106.0,32.6535,595605
PTJPL,2020-08-01,San Francisco Bay,2,73.634,73.0,52.0,92.0,26.9555,589213
PTJPL,2020-09-01,San Francisco Bay,2,64.0313,64.0,49.0,79.0,20.693,596377
PTJPL,2020-10-01,San Francisco Bay,2,38.4721,36.0,23.0,51.0,18.212,596736
PTJPL,2020-11-01,San Francisco Bay,2,26.1897,26.0,22.0,30.0,6.9198,596821
PTJPL,2020-12-01,San Francisco Bay,2,23.8048,23.0,19.0,28.0,6.0938,596981
PTJPL,2021-01-01,San Francisco Bay,2,35.6287,36.0,33.0,39.0,4.62,596971
PTJPL,2021-02-01,San Francisco Bay,2,38.4826,38.0,35.0,41.0,6.402,596971
PTJPL,2021-03-01,San Francisco Bay,2,77.8256,78.0,73.0,82.0,7.9489,596981
PTJPL,2021-04-01,San Francisco Bay,2,96.9114,98.0,84.0,109.0,18.1885,596509
PTJPL,2021-05-01,San Francisco Bay,2,83.364,83.0,64.0,102.0,27.4752,596420
PTJPL,2021-06-01,San Francisco Bay,2,75.8645,73.0,56.0,92.0,27.0207,596359
PTJPL,2021-07-01,San Francisco Bay,2,68.6908,66.0,46.0,87.0,29.0471,596423
PTJPL,2021-08-01,San Francisco Bay,2,52.6035,49.0,35.0,65.0,22.6804,596884
PTJPL,2021-09-01,San Francisco Bay,2,43.4625,41.0,28.0,56.0,20.1135,596886
PTJPL,2021-10-01,San Francisco Bay,2,38.0822,37.0,29.0,46.0,12.6932,596628
PTJPL,2021-11-01,San Francisco Bay,2,34.9958,35.0,31.0,40.0,6.6797,596573
PTJPL,2021-12-01,San Francisco Bay,2,24.4521,25.0,23.0,26.0,3.3918,596599
PTJPL,2022-01-01,San Francisco Bay,2,36.4936,37.0,34.0,39.0,4.0876,596939
PTJPL,2022-02-01,San Francisco Bay,2,55.3414,56.0,52.0,59.0,7.3575,596967
PTJPL,2022-03-01,San Francisco Bay,2,76.4526,78.0,70.0,83.0,10.9637,596712
PTJPL,2022-04-01,San Francisco Bay,2,95.225,98.0,83.0,107.0,16.97,596276
PTJPL,2022-05-01,San Francisco Bay,2,98.0274,99.0,81.0,114.0,24.4023,596223
PTJPL,2022-06-01,San Francisco Bay,2,73.6534,74.0,50.0,96.0,28.3842,596455
PTJPL,2022-07-01,San Francisco Bay,2,84.9498,84.0,60.0,107.0,30.5416,596388
PTJPL,2022-08-01,San Francisco Bay,2,73.1074,72.0,50.0,94.0,28.8603,596710
PTJPL,2022-09-01,San Francisco Bay,2,60.9739,57.0,42.0,79.0,23.4158,596885
PTJPL,2022-10-01,San Francisco Bay,2,53.1953,53.0,41.0,65.0,14.7929,596991
PTJPL,2022-11-01,San Francisco Bay,2,31.8603,32.0,28.0,36.0,5.3219,596976
PTJPL,2022-12-01,San Francisco Bay,2,27.2612,27.0,26.0,29.0,2.7443,596939
PTJPL,2023-01-01,San Francisco Bay,2,27.3118,26.0,25.0,30.0,4.1338,596963
PTJPL,2023-02-01,San Francisco Bay,2,32.7048,31.0,28.0,38.0,6.5117,596981
PTJPL,2023-03-01,San Francisco Bay,2,64.534,63.0,59.0,68.0,8.5937,596993
PTJPL,2023-04-01,San Francisco Bay,2,107.5707,107.0,100.0,114.0,13.8002,596993
PTJPL,2023-05-01,San Francisco Bay,2,124.4496,126.0,115.0,134.0,16.7941,593383
PTJPL,2023-06-01,San Francisco Bay,2,122.0857,123.0,108.0,136.0,22.3405,596271
PTJPL,2023-07-01,San Francisco Bay,2,102.7868,102.0,81.0,124.0,29.5749,596515
PTJPL,2023-08-01,San Francisco Bay,2,98.022,97.0,77.0,119.0,27.9554,596151
PTJPL,2023-09-01,San Francisco Bay,2,67.0692,66.0,52.0,82.0,19.6608,596882
PTJPL,2023-10-01,San Francisco Bay,2,46.7239,45.0,34.0,59.0,15.5095,596995
PTJPL,2023-11-01,San Francisco Bay,2,35.004,35.0,29.0,41.0,8.4295,596995
PTJPL,2023-12-01,San Francisco Bay,2,27.2588,27.0,25.0,29.0,2.7441,596953
PTJPL,2024-01-01,San Francisco Bay,2,37.5908,38.0,36.0,40.0,3.7831,596956
PTJPL,2024-02-01,San Francisco Bay,2,40.6882,40.0,37.0,44.0,4.7131,596960
PTJPL,2024-03-01,San Francisco Bay,2,80.3373,80.0,76.0,85.0,9.0328,596995
PTJPL,2024-04-01,San Francisco Bay,2,112.2702,112.0,105.0,119.0,12.0075,596991
PTJPL,2024-05-01,San Francisco Bay,2,130.4925,132.0,116.0,145.0,22.4159,596726
PTJPL,2024-06-01,San Francisco Bay,2,94.7435,96.0,75.0,114.0,26.226,596800
PTJPL,2024-07-01,San Francisco Bay,2,78.1287,76.0,53.0,99.0,30.9201,596862
PTJPL,2024-08-01,San Francisco Bay,2,70.4155,68.0,50.0,88.0,26.2204,596585
PTJPL,2024-09-01,San Francisco Bay,2,60.1931,59.0,41.0,77.0,23.756,596379
PTJPL,2024-10-01,San Francisco Bay,2,49.648,48.0,39.0,60.0,14.4621,596936
PTJPL,2024-11-01,San Francisco Bay,2,36.3232,36.0,32.0,40.0,5.8206,596995
PTJPL,2024-12-01,San Francisco Bay,2,22.5706,23.0,20.0,25.0,4.0377,596960
PTJPL,2025-01-01,San Francisco Bay,2,26.0283,26.0,23.0,29.0,5.2045,596960
PTJPL,2025-02-01,San Francisco Bay,2,36.5878,35.0,33.0,39.0,5.0468,596993
PTJPL,2025-03-01,San Francisco Bay,2,78.1325,77.0,73.0,82.0,9.0769,596778
PTJPL,2025-04-01,San Francisco Bay,2,110.5968,111.0,103.0,119.0,13.9075,596078
PTJPL,2025-05-01,San Francisco Bay,2,126.5307,128.0,112.0,142.0,21.9285,596009
PTJPL,2025-06-01,San Francisco Bay,2,99.6824,102.0,79.0,121.0,28.5519,594075
PTJPL,2025-07-01,San Francisco Bay,2,92.6502,92.0,69.0,115.0,31.9539,593905
PTJPL,2025-08-01,San Francisco Bay,2,76.2635,75.0,53.0,96.0,29.3871,596647
PTJPL,2025-09-01,San Francisco Bay,2,54.7929,52.0,38.0,70.0,20.8864,596647
PTJPL,2025-10-01,San Francisco Bay,2,54.311,53.0,44.0,65.0,12.7364,596839
PTJPL,2025-11-01,San Francisco Bay,2,36.993,39.0,33.0,43.0,7.2937,574768
PTJPL,2025-12-01,San Francisco Bay,2,26.2428,27.0,25.0,28.0,3.9932,596156
PTJPL,2003-10-01,San Joaquin River,6,52.859,53.0,25.0,78.0,27.0195,9311809
PTJPL,2003-11-01,San Joaquin River,6,42.6347,44.0,36.0,52.0,10.9292,9141266
PTJPL,2003-12-01,San Joaquin River,6,28.8782,29.0,25.0,33.0,5.5044,8942346
PTJPL,2004-01-01,San Joaquin River,6,30.008,30.0,27.0,33.0,4.0143,8761916
PTJPL,2004-02-01,San Joaquin River,6,52.9257,53.0,49.0,57.0,5.1236,9278614
PTJPL,2004-03-01,San Joaquin River,6,100.3691,103.0,92.0,111.0,15.0776,9311751
PTJPL,2004-04-01,San Joaquin River,6,105.4457,108.0,78.0,136.0,35.168,9311815
PTJPL,2004-05-01,San Joaquin River,6,105.2368,100.5015,56.4914,152.5024,49.8216,9311787
PTJPL,2004-06-01,San Joaquin River,6,118.9645,134.5041,56.4922,168.4989,59.6061,9311786
PTJPL,2004-07-01,San Joaquin River,6,128.1232,150.5078,74.5032,176.5005,63.3363,9311817
PTJPL,2004-08-01,San Joaquin River,6,106.9036,122.5053,62.5066,148.4993,52.791,9311817
PTJPL,2004-09-01,San Joaquin River,6,77.1564,84.0,35.0,113.0,41.0451,9311817
PTJPL,2004-10-01,San Joaquin River,6,69.8399,69.0,53.0,87.0,21.1977,9296997
PTJPL,2004-11-01,San Joaquin River,6,38.1618,38.0,32.0,44.0,7.8887,9309525
PTJPL,2004-12-01,San Joaquin River,6,23.3148,23.0,21.0,26.0,3.9045,9132769
PTJPL,2005-01-01,San Joaquin River,6,27.8972,28.0,25.0,31.0,4.8867,8461849
PTJPL,2005-02-01,San Joaquin River,6,52.6497,52.0,47.0,58.0,7.0853,8581777
PTJPL,2005-03-01,San Joaquin River,6,98.8388,100.0,93.0,107.0,10.1289,8791197
PTJPL,2005-04-01,San Joaquin River,6,101.8282,107.0,91.0,116.0,20.0734,9311560
PTJPL,2005-05-01,San Joaquin River,6,115.6583,123.0,83.0,147.0,37.0691,9311751
PTJPL,2005-06-01,San Joaquin River,6,114.9103,124.5064,66.4923,156.5001,47.7425,9311785
PTJPL,2005-07-01,San Joaquin River,6,130.5237,150.5047,72.4975,180.4992,61.5609,9311817
PTJPL,2005-08-01,San Joaquin River,6,116.2396,134.5067,72.504,158.5012,53.8724,9311817
PTJPL,2005-09-01,San Joaquin River,6,87.4239,99.0,51.0,119.0,37.4149,9311816
PTJPL,2005-10-01,San Joaquin River,6,59.885,61.0,39.0,79.0,22.3413,9311813
PTJPL,2005-11-01,San Joaquin River,6,37.7376,35.0,28.0,48.0,11.6343,9311384
PTJPL,2005-12-01,San Joaquin River,6,26.1315,26.0,22.0,31.0,6.0081,9180175
PTJPL,2006-01-01,San Joaquin River,6,32.2559,32.0,29.0,35.0,4.2083,9299681
PTJPL,2006-02-01,San Joaquin River,6,56.1646,57.0,52.0,61.0,7.2379,9305656
PTJPL,2006-03-01,San Joaquin River,6,73.6642,73.0,66.0,81.0,11.6006,9229634
PTJPL,2006-04-01,San Joaquin River,6,108.1877,113.0,99.0,123.0,18.737,9270117
PTJPL,2006-05-01,San Joaquin River,6,126.133,131.0,93.0,162.0,40.811,9311814
PTJPL,2006-06-01,San Joaquin River,6,115.5054,126.5086,64.4949,162.5009,52.8826,9311817
PTJPL,2006-07-01,San Joaquin River,6,130.3852,150.5044,74.4988,180.4999,61.3094,9311817
PTJPL,2006-08-01,San Joaquin River,6,113.16,132.5053,70.4985,154.4982,52.8126,9311817
PTJPL,2006-09-01,San Joaquin River,6,81.9105,94.0,41.0,117.0,41.7396,9311817
PTJPL,2006-10-01,San Joaquin River,6,65.0845,67.0,41.0,88.0,25.6352,9311814
PTJPL,2006-11-01,San Joaquin River,6,36.2691,35.0,29.0,43.0,8.9761,9311639
PTJPL,2006-12-01,San Joaquin River,6,29.851,30.0,27.0,32.0,3.8796,9309910
PTJPL,2007-01-01,San Joaquin River,6,31.3808,31.0,28.0,35.0,5.4852,9309134
PTJPL,2007-02-01,San Joaquin River,6,44.8831,45.0,40.0,50.0,7.0274,9311460
PTJPL,2007-03-01,San Joaquin River,6,86.6155,92.0,72.0,103.0,20.8535,9311680
PTJPL,2007-04-01,San Joaquin River,6,93.4733,101.0,66.0,121.0,31.6034,9311768
PTJPL,2007-05-01,San Joaquin River,6,109.8488,110.4997,56.4981,160.5032,54.5619,9311772
PTJPL,2007-06-01,San Joaquin River,6,111.5978,126.5067,50.488,162.4995,59.1531,9311803
PTJPL,2007-07-01,San Joaquin River,6,126.6696,148.5066,76.5019,174.4996,60.0089,9311817
PTJPL,2007-08-01,San Joaquin River,6,117.2364,134.5079,72.502,160.4998,53.3925,9311817
PTJPL,2007-09-01,San Joaquin River,6,84.6264,95.0,48.0,117.0,37.5057,9311817
PTJPL,2007-10-01,San Joaquin River,6,58.1869,60.0,38.0,78.0,23.3514,9295953
PTJPL,2007-11-01,San Joaquin River,6,35.7309,36.0,26.0,48.0,15.0307,8386133
PTJPL,2007-12-01,San Joaquin River,6,31.6755,31.0,28.0,35.0,5.2767,8594883
PTJPL,2008-01-01,San Joaquin River,6,34.1756,35.0,28.0,39.0,6.9223,9261734
PTJPL,2008-02-01,San Joaquin River,6,45.1135,45.0,40.0,50.0,7.7872,9310370
PTJPL,2008-03-01,San Joaquin River,6,82.0254,82.0,71.0,93.0,14.5517,9311669
PTJPL,2008-04-01,San Joaquin River,6,98.5387,102.0,70.0,126.0,31.9564,9311816
PTJPL,2008-05-01,San Joaquin River,6,100.9945,98.5006,54.0,146.5023,48.6515,9311816
PTJPL,2008-06-01,San Joaquin River,6,108.1131,116.5037,48.4884,158.5009,57.1542,9311815
PTJPL,2008-07-01,San Joaquin River,6,130.6333,150.5062,80.5025,178.4958,60.6111,9311814
PTJPL,2008-08-01,San Joaquin River,6,107.6951,124.5106,64.5029,148.4968,51.5962,9311813
PTJPL,2008-09-01,San Joaquin River,6,80.902,89.0,41.0,118.0,41.6319,9311815
PTJPL,2008-10-01,San Joaquin River,6,47.1125,47.0,24.0,69.0,24.2236,9311757
PTJPL,2008-11-01,San Joaquin River,6,44.314,45.0,38.0,52.0,10.4203,9307465
PTJPL,2008-12-01,San Joaquin River,6,27.7004,27.0,25.0,31.0,4.276,8030320
PTJPL,2009-01-01,San Joaquin River,6,33.189,32.0,29.0,36.0,5.7754,9229826
PTJPL,2009-02-01,San Joaquin River,6,46.6914,47.0,41.0,53.0,8.4913,9309735
PTJPL,2009-03-01,San Joaquin River,6,80.6194,82.0,73.0,90.0,13.843,9311388
PTJPL,2009-04-01,San Joaquin River,6,82.2796,88.0,60.0,106.0,29.3052,9311813
PTJPL,2009-05-01,San Joaquin River,6,112.3509,118.5016,60.496,160.5019,53.3675,9311813
PTJPL,2009-06-01,San Joaquin River,6,114.1845,128.5108,58.4877,158.501,52.5937,9311813
PTJPL,2009-07-01,San Joaquin River,6,125.4611,146.5041,70.4981,174.5025,61.8988,9311817
PTJPL,2009-08-01,San Joaquin River,6,110.0969,128.506,68.4969,150.5002,50.8646,9311817
PTJPL,2009-09-01,San Joaquin River,6,81.866,92.0,41.0,117.0,40.5575,9311817
PTJPL,2009-10-01,San Joaquin River,6,65.5687,68.0,46.0,83.0,20.186,9311816
PTJPL,2009-11-01,San Joaquin River,6,44.1385,44.0,37.0,51.0,9.6034,9310965
PTJPL,2009-12-01,San Joaquin River,6,27.7831,27.0,25.0,30.0,4.3693,9196651
PTJPL,2010-01-01,San Joaquin River,6,36.6707,36.0,34.0,40.0,4.0298,8714558
PTJPL,2010-02-01,San Joaquin River,6,56.0764,57.0,54.0,59.0,3.7986,9297783
PTJPL,2010-03-01,San Joaquin River,6,97.3151,98.0,88.0,107.0,12.878,9311180
PTJPL,2010-04-01,San Joaquin River,6,99.3188,106.0,87.0,114.0,19.9841,9311675
PTJPL,2010-05-01,San Joaquin River,6,113.542,117.0,87.0,140.0,32.9262,9311782
PTJPL,2010-06-01,San Joaquin River,6,113.063,122.5071,62.4954,158.0,51.2414,9311813
PTJPL,2010-07-01,San Joaquin River,6,132.8638,152.5067,80.5001,182.4987,61.5893,9311816
PTJPL,2010-08-01,San Joaquin River,6,118.5784,136.5072,82.5034,158.4991,52.0345,9311815
PTJPL,2010-09-01,San Joaquin River,6,86.5746,99.0,50.0,120.0,40.1949,9311817
PTJPL,2010-10-01,San Joaquin River,6,69.2904,73.0,53.0,89.0,23.3325,9311817
PTJPL,2010-11-01,San Joaquin River,6,42.4074,43.0,36.0,48.0,8.1482,9308756
PTJPL,2010-12-01,San Joaquin River,6,24.7981,24.0,22.0,27.0,3.988,8167064
PTJPL,2011-01-01,San Joaquin River,6,25.8294,26.0,23.0,29.0,4.6625,8152469
PTJPL,2011-02-01,San Joaquin River,6,51.2958,51.0,45.0,58.0,8.7078,9173030
PTJPL,2011-03-01,San Joaquin River,6,78.0887,79.0,70.0,87.0,13.3115,9276350
PTJPL,2011-04-01,San Joaquin River,6,113.3893,116.0,97.0,130.0,21.1143,9290679
PTJPL,2011-05-01,San Joaquin River,6,111.971,115.0,79.0,147.0,39.1852,9311768
PTJPL,2011-06-01,San Joaquin River,6,121.9098,132.5094,82.5004,158.4976,42.7796,9311817
PTJPL,2011-07-01,San Joaquin River,6,142.1322,160.5049,104.5021,184.4974,55.2544,9311816
PTJPL,2011-08-01,San Joaquin River,6,122.8509,140.506,96.5063,160.4984,51.5373,9311816
PTJPL,2011-09-01,San Joaquin River,6,94.7799,108.0,63.0,128.0,42.4489,9311816
PTJPL,2011-10-01,San Joaquin River,6,65.857,71.0,46.0,86.0,23.6089,9311816
PTJPL,2011-11-01,San Joaquin River,6,40.8358,42.0,34.0,50.0,11.2006,9311048
PTJPL,2011-12-01,San Joaquin River,6,31.7575,31.0,27.0,35.0,6.8258,9204179
PTJPL,2012-01-01,San Joaquin River,6,34.4026,34.0,28.0,41.0,8.3112,9281137
PTJPL,2012-02-01,San Joaquin River,6,48.2144,49.0,42.0,54.0,9.2421,9301008
PTJPL,2012-03-01,San Joaquin River,6,69.3221,68.0,55.0,85.0,18.5703,9060853
PTJPL,2012-04-01,San Joaquin River,6,97.6295,105.0,73.0,122.0,32.1037,9159538
PTJPL,2012-05-01,San Joaquin River,6,107.362,108.489,60.4967,154.5041,51.9877,9311643
PTJPL,2012-06-01,San Joaquin River,6,109.9691,122.5052,52.4956,160.5019,58.3959,9311774
PTJPL,2012-07-01,San Joaquin River,6,132.7455,152.5046,86.5054,182.4997,61.1701,9311771
PTJPL,2012-08-01,San Joaquin River,6,125.4512,144.5044,86.5059,170.4973,57.365,9254199
PTJPL,2012-09-01,San Joaquin River,6,83.6089,93.0,53.0,115.0,38.7867,9178126
PTJPL,2012-10-01,San Joaquin River,6,59.4772,61.0,36.0,82.0,25.8705,9007364
PTJPL,2012-11-01,San Joaquin River,6,41.9145,43.0,32.0,50.0,11.0744,9016228
PTJPL,2012-12-01,San Joaquin River,6,32.569,34.0,30.0,36.0,4.5386,9012020
PTJPL,2013-01-01,San Joaquin River,6,29.7323,29.0,27.0,32.0,3.9207,9082986
PTJPL,2013-02-01,San Joaquin River,6,51.2992,50.0,45.0,56.0,9.0712,9198005
PTJPL,2013-03-01,San Joaquin River,6,79.3601,80.0,68.0,91.0,15.2471,9311005
PTJPL,2013-04-01,San Joaquin River,6,98.2944,105.0,73.0,125.0,33.6432,9311812
PTJPL,2013-05-01,San Joaquin River,6,112.7303,120.5033,60.4901,160.5008,53.6313,9311817
PTJPL,2013-06-01,San Joaquin River,6,123.5623,140.5043,66.0,172.4969,58.4868,9311817
PTJPL,2013-07-01,San Joaquin River,6,147.089,168.5073,106.5032,194.4986,61.9622,9311817
PTJPL,2013-08-01,San Joaquin River,6,122.7488,140.5064,88.5048,162.4976,51.1432,9311817
PTJPL,2013-09-01,San Joaquin River,6,83.9754,96.0,49.0,115.0,37.6118,9311817
PTJPL,2013-10-01,San Joaquin River,6,54.6062,56.0,27.0,81.0,27.5599,9311817
PTJPL,2013-11-01,San Joaquin River,6,30.721,30.0,20.0,40.0,11.9832,9311460
PTJPL,2013-12-01,San Joaquin River,6,22.7784,22.0,20.0,25.0,4.4417,9310992
PTJPL,2014-01-01,San Joaquin River,6,25.1274,25.0,21.0,29.0,5.5545,9310491
PTJPL,2014-02-01,San Joaquin River,6,36.8773,38.0,30.0,44.0,9.1825,9310618
PTJPL,2014-03-01,San Joaquin River,6,69.8425,74.0,54.0,86.0,21.5144,9311398
PTJPL,2014-04-01,San Joaquin River,6,96.8296,108.0,66.0,127.0,36.2781,9311784
PTJPL,2014-05-01,San Joaquin River,6,113.6827,122.5037,54.4903,166.502,57.3016,9311817
PTJPL,2014-06-01,San Joaquin River,6,115.3691,132.5035,52.4908,168.4982,61.1027,9311817
PTJPL,2014-07-01,San Joaquin River,6,129.8993,148.5034,83.0,178.4992,60.4047,9311817
PTJPL,2014-08-01,San Joaquin River,6,112.8428,130.5067,72.5013,154.4998,51.4749,9311817
PTJPL,2014-09-01,San Joaquin River,6,88.0319,99.0,53.0,121.0,38.8593,9311817
PTJPL,2014-10-01,San Joaquin River,6,57.0796,60.0,29.0,82.0,27.6083,9311817
PTJPL,2014-11-01,San Joaquin River,6,42.7348,43.0,35.0,53.0,11.6647,9142648
PTJPL,2014-12-01,San Joaquin River,6,26.7752,28.0,23.0,32.0,7.7441,9209817
PTJPL,2015-01-01,San Joaquin River,6,28.7464,28.0,25.0,33.0,5.5939,9168710
PTJPL,2015-02-01,San Joaquin River,6,61.8907,63.0,56.0,69.0,8.5332,9310839
PTJPL,2015-03-01,San Joaquin River,6,79.6046,84.0,67.0,95.0,22.3231,9311595
PTJPL,2015-04-01,San Joaquin River,6,99.6654,107.0,72.0,128.0,34.7128,9311816
PTJPL,2015-05-01,San Joaquin River,6,114.0807,123.0,65.0,160.0,51.3105,9311815
PTJPL,2015-06-01,San Joaquin River,6,119.6488,135.0,66.4974,166.5008,55.7211,9311817
PTJPL,2015-07-01,San Joaquin River,6,134.3584,156.5057,88.4977,182.498,60.8582,9311817
PTJPL,2015-08-01,San Joaquin River,6,115.5708,132.5101,72.5069,156.4992,51.9189,9311817
PTJPL,2015-09-01,San Joaquin River,6,75.7205,85.0,36.0,109.0,38.4601,9311817
PTJPL,2015-10-01,San Joaquin River,6,57.9166,60.0,27.0,86.0,29.9767,9307131
PTJPL,2015-11-01,San Joaquin River,6,36.7414,36.0,30.0,43.0,8.8928,9297971
PTJPL,2015-12-01,San Joaquin River,6,31.7359,32.0,27.0,37.0,6.9367,8945747
PTJPL,2016-01-01,San Joaquin River,6,39.91,41.0,36.0,44.0,5.8778,8897887
PTJPL,2016-02-01,San Joaquin River,6,68.755,69.0,63.0,74.0,7.7907,9305432
PTJPL,2016-03-01,San Joaquin River,6,95.7936,96.0,86.0,106.0,13.3983,9311708
PTJPL,2016-04-01,San Joaquin River,6,115.1435,125.0,98.0,136.0,28.2516,9311776
PTJPL,2016-05-01,San Joaquin River,6,119.9965,132.0,77.0,160.0,45.7825,9311816
PTJPL,2016-06-01,San Joaquin River,6,124.3167,140.5025,70.4966,170.502,56.288,9311817
PTJPL,2016-07-01,San Joaquin River,6,136.9273,156.5057,92.5015,184.5012,60.7868,9311817
PTJPL,2016-08-01,San Joaquin River,6,114.9908,132.5072,78.5006,154.4992,50.1085,9311817
PTJPL,2016-09-01,San Joaquin River,6,80.503,91.0,46.0,112.0,37.6967,9311817
PTJPL,2016-10-01,San Joaquin River,6,56.8979,61.0,38.0,74.0,20.5898,9311817
PTJPL,2016-11-01,San Joaquin River,6,40.7941,42.0,35.0,48.0,9.3169,9311556
PTJPL,2016-12-01,San Joaquin River,6,32.4407,33.0,30.0,35.0,4.5507,9310373
PTJPL,2017-01-01,San Joaquin River,6,36.0524,36.0,33.0,39.0,4.1115,9305561
PTJPL,2017-02-01,San Joaquin River,6,53.7036,54.0,50.0,58.0,5.6659,9275620
PTJPL,2017-03-01,San Joaquin River,6,101.826,103.0,94.0,111.0,12.4369,9309963
PTJPL,2017-04-01,San Joaquin River,6,107.0255,113.0,97.0,122.0,20.7044,9311682
PTJPL,2017-05-01,San Joaquin River,6,131.0793,141.0,90.0,170.0,45.3856,9311817
PTJPL,2017-06-01,San Joaquin River,6,122.4536,138.5067,72.4931,166.4986,53.9266,9311817
PTJPL,2017-07-01,San Joaquin River,6,143.6904,164.5012,100.5012,192.4989,61.9955,9311817
PTJPL,2017-08-01,San Joaquin River,6,125.6868,143.0,93.0,166.0,51.8208,9311817
PTJPL,2017-09-01,San Joaquin River,6,85.0981,97.0,50.0,116.0,38.0746,9311817
PTJPL,2017-10-01,San Joaquin River,6,58.9363,64.0,29.0,84.0,28.3369,9311817
PTJPL,2017-11-01,San Joaquin River,6,44.4154,44.0,36.0,52.0,10.2921,9311759
PTJPL,2017-12-01,San Joaquin River,6,24.0523,24.0,21.0,27.0,4.9283,9310608
PTJPL,2018-01-01,San Joaquin River,6,32.5092,33.0,30.0,35.0,4.4779,9309866
PTJPL,2018-02-01,San Joaquin River,6,49.6835,51.0,42.0,57.0,10.0627,9311542
PTJPL,2018-03-01,San Joaquin River,6,64.2026,65.0,55.0,74.0,14.9157,9308506
PTJPL,2018-04-01,San Joaquin River,6,89.0881,93.0,72.0,111.0,29.9692,9311759
PTJPL,2018-05-01,San Joaquin River,6,126.1215,137.0,79.0,170.0,49.3322,9311807
PTJPL,2018-06-01,San Joaquin River,6,131.2427,148.5061,74.4935,180.4986,60.2766,9311817
PTJPL,2018-07-01,San Joaquin River,6,151.9255,172.5073,108.5073,202.5018,63.865,9311817
PTJPL,2018-08-01,San Joaquin River,6,122.0241,138.5033,90.5035,160.5001,49.869,9311817
PTJPL,2018-09-01,San Joaquin River,6,87.5714,99.0,56.0,118.0,37.7339,9311817
PTJPL,2018-10-01,San Joaquin River,6,59.5626,65.0,29.0,85.0,29.5776,9311817
PTJPL,2018-11-01,San Joaquin River,6,31.5341,31.0,21.0,41.0,12.1293,9311336
PTJPL,2018-12-01,San Joaquin River,6,34.3212,33.0,30.0,39.0,6.4989,9299329
PTJPL,2019-01-01,San Joaquin River,6,34.2133,34.0,29.0,39.0,6.5399,8842918
PTJPL,2019-02-01,San Joaquin River,6,46.3607,46.0,41.0,51.0,7.4637,8504018
PTJPL,2019-03-01,San Joaquin River,6,89.2066,91.0,82.0,98.0,12.4802,9174748
PTJPL,2019-04-01,San Joaquin River,6,109.4875,118.0,95.0,129.0,27.1032,9311817
PTJPL,2019-05-01,San Joaquin River,6,114.6795,124.0,84.0,144.0,35.776,9311817
PTJPL,2019-06-01,San Joaquin River,6,132.9082,150.5075,84.4962,176.4959,53.6537,9311817
PTJPL,2019-07-01,San Joaquin River,6,137.7875,156.5033,104.5033,180.4966,54.8729,9311817
PTJPL,2019-08-01,San Joaquin River,6,123.1136,140.5065,92.5021,160.4972,49.7177,9311817
PTJPL,2019-09-01,San Joaquin River,6,90.425,100.0,64.0,119.0,35.7088,9311817
PTJPL,2019-10-01,San Joaquin River,6,54.2431,58.0,28.0,76.0,25.9483,9311817
PTJPL,2019-11-01,San Joaquin River,6,33.1982,32.0,22.0,43.0,12.0505,9311797
PTJPL,2019-12-01,San Joaquin River,6,33.2909,34.0,30.0,37.0,4.514,9307186
PTJPL,2020-01-01,San Joaquin River,6,35.8829,35.0,33.0,39.0,4.2475,9305936
PTJPL,2020-02-01,San Joaquin River,6,65.0061,65.0,59.0,71.0,9.2732,9311356
PTJPL,2020-03-01,San Joaquin River,6,78.466,79.0,70.0,88.0,13.0857,9311759
PTJPL,2020-04-01,San Joaquin River,6,113.1166,121.0,90.0,137.0,30.8498,9311806
PTJPL,2020-05-01,San Joaquin River,6,112.4595,123.0,65.0,153.0,48.1292,9311817
PTJPL,2020-06-01,San Joaquin River,6,127.8285,146.5063,72.4915,176.502,57.9205,9311817
PTJPL,2020-07-01,San Joaquin River,6,143.1218,164.5038,100.503,192.5012,61.7513,9311817
PTJPL,2020-08-01,San Joaquin River,6,115.8305,130.0,85.0,153.0,46.9874,9311817
PTJPL,2020-09-01,San Joaquin River,6,88.9613,98.0,62.0,118.0,35.3141,9311817
PTJPL,2020-10-01,San Joaquin River,6,55.3814,59.0,26.0,81.0,28.8726,9311817
PTJPL,2020-11-01,San Joaquin River,6,37.6913,38.0,27.0,47.0,12.2703,9311777
PTJPL,2020-12-01,San Joaquin River,6,24.7569,24.0,21.0,28.0,5.3223,9310747
PTJPL,2021-01-01,San Joaquin River,6,38.7316,39.0,34.0,43.0,6.6772,9309341
PTJPL,2021-02-01,San Joaquin River,6,51.2567,51.0,46.0,56.0,7.9046,9311552
PTJPL,2021-03-01,San Joaquin River,6,73.9138,75.0,66.0,83.0,13.5949,9311710
PTJPL,2021-04-01,San Joaquin River,6,110.0559,119.0,87.0,136.0,32.757,9311810
PTJPL,2021-05-01,San Joaquin River,6,118.3987,130.5077,62.4922,166.5007,54.5357,9311817
PTJPL,2021-06-01,San Joaquin River,6,125.9356,142.5044,70.4919,174.5003,57.89,9311817
PTJPL,2021-07-01,San Joaquin River,6,131.1851,150.5045,90.4993,176.4979,56.7365,9311817
PTJPL,2021-08-01,San Joaquin River,6,116.3718,131.0,84.0,153.0,46.8443,9311817
PTJPL,2021-09-01,San Joaquin River,6,81.3863,92.0,49.0,113.0,37.8047,9311817
PTJPL,2021-10-01,San Joaquin River,6,58.1388,64.0,36.0,79.0,23.6475,9311817
PTJPL,2021-11-01,San Joaquin River,6,38.8439,40.0,33.0,45.0,8.047,9246066
PTJPL,2021-12-01,San Joaquin River,6,27.8461,28.0,25.0,31.0,3.8545,9238159
PTJPL,2022-01-01,San Joaquin River,6,38.3584,38.0,36.0,41.0,4.2666,9307807
PTJPL,2022-02-01,San Joaquin River,6,58.812,60.0,54.0,65.0,8.6109,9311615
PTJPL,2022-03-01,San Joaquin River,6,78.4841,83.0,67.0,92.0,18.7852,9311640
PTJPL,2022-04-01,San Joaquin River,6,97.4542,106.0,75.0,122.0,32.8231,9311640
PTJPL,2022-05-01,San Joaquin River,6,100.1931,112.0,55.0,137.0,45.7317,9311817
PTJPL,2022-06-01,San Joaquin River,6,110.9231,126.5055,66.4964,150.4999,50.0876,9311817
PTJPL,2022-07-01,San Joaquin River,6,134.3832,152.0,95.0,178.0,56.3329,9311817
PTJPL,2022-08-01,San Joaquin River,6,117.0345,132.0,85.0,155.0,48.3941,9311817
PTJPL,2022-09-01,San Joaquin River,6,88.7797,100.0,58.0,119.0,37.7468,9311817
PTJPL,2022-10-01,San Joaquin River,6,62.5862,70.0,36.0,86.0,27.5719,9311817
PTJPL,2022-11-01,San Joaquin River,6,38.7998,39.0,32.0,45.0,8.3071,9311797
PTJPL,2022-12-01,San Joaquin River,6,27.0958,27.0,26.0,28.0,1.8895,9311418
PTJPL,2023-01-01,San Joaquin River,6,31.6988,31.0,27.0,36.0,5.4127,9310731
PTJPL,2023-02-01,San Joaquin River,6,52.2385,49.0,45.0,62.0,9.5895,9310513
PTJPL,2023-03-01,San Joaquin River,6,74.4646,76.0,60.0,89.0,16.9513,9310368
PTJPL,2023-04-01,San Joaquin River,6,124.0255,127.0,113.0,137.0,19.4853,9311716
PTJPL,2023-05-01,San Joaquin River,6,133.9923,143.0,104.0,163.0,37.0208,9311815
PTJPL,2023-06-01,San Joaquin River,6,136.7835,151.0,95.0,175.0,47.1399,9311815
PTJPL,2023-07-01,San Joaquin River,6,144.1031,162.0,108.5011,186.5013,54.8622,9311817
PTJPL,2023-08-01,San Joaquin River,6,131.012,146.5032,106.5066,166.4989,47.1703,9311817
PTJPL,2023-09-01,San Joaquin River,6,98.1796,110.0,76.0,125.0,35.3178,9311817
PTJPL,2023-10-01,San Joaquin River,6,65.7915,73.0,41.0,87.0,26.3509,9311817
PTJPL,2023-11-01,San Joaquin River,6,41.5692,42.0,32.0,51.0,11.7297,9311764
PTJPL,2023-12-01,San Joaquin River,6,32.1174,32.0,27.0,36.0,6.0341,9132520
PTJPL,2024-01-01,San Joaquin River,6,37.521,38.0,34.0,42.0,5.6661,8031230
PTJPL,2024-02-01,San Joaquin River,6,54.9327,55.0,51.0,59.0,6.1274,9311005
PTJPL,2024-03-01,San Joaquin River,6,70.4846,69.0,63.0,77.0,11.6096,9311654
PTJPL,2024-04-01,San Joaquin River,6,124.6456,130.0,114.0,140.0,21.84,9311800
PTJPL,2024-05-01,San Joaquin River,6,147.1611,162.0,104.0,188.0,50.2324,9311817
PTJPL,2024-06-01,San Joaquin River,6,131.0769,148.5092,78.4972,176.4997,55.3122,9311817
PTJPL,2024-07-01,San Joaquin River,6,144.6197,164.5059,106.5016,189.0,58.665,9311817
PTJPL,2024-08-01,San Joaquin River,6,118.3798,134.5058,86.501,156.4987,48.6622,9311817
PTJPL,2024-09-01,San Joaquin River,6,85.4451,97.0,54.0,116.0,37.411,9311817
PTJPL,2024-10-01,San Joaquin River,6,58.7554,64.0,32.0,82.0,26.6989,9311817
PTJPL,2024-11-01,San Joaquin River,6,37.9347,39.0,29.0,47.0,11.2284,9311533
PTJPL,2024-12-01,San Joaquin River,6,27.4485,27.0,25.0,31.0,4.9022,9310387
PTJPL,2025-01-01,San Joaquin River,6,30.1344,30.0,26.0,34.0,6.1591,9310819
PTJPL,2025-02-01,San Joaquin River,6,55.1011,55.0,49.0,60.0,8.4158,9311581
PTJPL,2025-03-01,San Joaquin River,6,82.3355,85.0,77.0,92.0,14.3094,9311685
PTJPL,2025-04-01,San Joaquin River,6,117.1618,124.0,102.0,137.0,27.3694,9311797
PTJPL,2025-05-01,San Joaquin River,6,131.0206,146.5103,80.4986,174.4977,51.6466,9311817
PTJPL,2025-06-01,San Joaquin River,6,133.4158,152.5055,78.4984,182.4949,59.0161,9311817
PTJPL,2025-07-01,San Joaquin River,6,146.2833,166.5031,106.5002,192.4983,60.2733,9311817
PTJPL,2025-08-01,San Joaquin River,6,128.3694,146.5052,92.5019,170.4984,53.3688,9311817
PTJPL,2025-09-01,San Joaquin River,6,89.811,102.0,58.0,119.0,36.1743,9311817
PTJPL,2025-10-01,San Joaquin River,6,67.7626,76.0,45.0,86.0,22.9574,9311809
PTJPL,2025-11-01,San Joaquin River,6,33.1835,36.0,25.0,42.0,10.8073,9311786
PTJPL,2025-12-01,San Joaquin River,6,25.8267,27.0,22.0,30.0,5.2201,4950551
PTJPL,2003-10-01,South Coast,4,56.7485,60.0,35.0,79.0,26.5835,940932
PTJPL,2003-11-01,South Coast,4,40.3241,42.0,29.0,55.0,17.0087,941851
PTJPL,2003-12-01,South Coast,4,34.0579,34.0,27.0,42.0,11.991,941850
PTJPL,2004-01-01,South Coast,4,34.8162,36.0,28.0,42.0,9.4198,941845
PTJPL,2004-02-01,South Coast,4,41.1949,41.0,33.0,51.0,12.3569,941845
PTJPL,2004-03-01,South Coast,4,70.5427,72.0,57.0,89.0,23.5686,941791
PTJPL,2004-04-01,South Coast,4,72.3306,77.0,56.0,89.0,22.1784,941832
PTJPL,2004-05-01,South Coast,4,82.3503,87.0,48.0,114.0,36.6829,941812
PTJPL,2004-06-01,South Coast,4,77.15,78.0,38.0,112.0,40.3154,940825
PTJPL,2004-07-01,South Coast,4,81.8732,81.0,36.0,122.0,46.5346,939974
PTJPL,2004-08-01,South Coast,4,78.3306,81.0,36.0,116.0,42.2843,941690
PTJPL,2004-09-01,South Coast,4,58.8231,61.0,25.0,89.0,33.6835,941664
PTJPL,2004-10-01,South Coast,4,52.5537,56.0,33.0,71.0,21.8794,941387
PTJPL,2004-11-01,South Coast,4,45.4606,47.0,37.0,55.0,12.6647,937120
PTJPL,2004-12-01,South Coast,4,37.9314,36.0,28.0,50.0,14.1683,941839
PTJPL,2005-01-01,South Coast,4,36.5966,37.0,32.0,42.0,7.1962,941553
PTJPL,2005-02-01,South Coast,4,50.9536,51.0,46.0,56.0,7.4979,941492
PTJPL,2005-03-01,South Coast,4,84.9459,85.0,75.0,95.0,14.6705,941076
PTJPL,2005-04-01,South Coast,4,87.339,91.0,76.0,101.0,18.8246,941851
PTJPL,2005-05-01,South Coast,4,111.9411,113.0,88.0,137.0,33.837,941848
PTJPL,2005-06-01,South Coast,4,88.1044,91.0,59.0,117.0,35.5761,941522
PTJPL,2005-07-01,South Coast,4,97.1263,102.0,53.0,139.0,46.5836,941498
PTJPL,2005-08-01,South Coast,4,85.529,91.0,46.0,121.0,40.3802,941752
PTJPL,2005-09-01,South Coast,4,63.7799,66.0,37.0,87.0,27.9372,941849
PTJPL,2005-10-01,South Coast,4,41.0842,44.0,22.0,57.0,19.7941,941852
PTJPL,2005-11-01,South Coast,4,38.5894,42.0,26.0,51.0,15.6531,941837
PTJPL,2005-12-01,South Coast,4,43.004,46.0,33.0,54.0,14.0366,900872
PTJPL,2006-01-01,South Coast,4,49.3497,48.0,41.0,58.0,14.3719,903157
PTJPL,2006-02-01,South Coast,4,51.5943,53.0,43.0,60.0,11.4314,941855
PTJPL,2006-03-01,South Coast,4,61.8376,64.0,54.0,70.0,12.211,939858
PTJPL,2006-04-01,South Coast,4,87.3833,89.0,74.0,101.0,18.3244,939380
PTJPL,2006-05-01,South Coast,4,92.0978,96.0,70.0,116.0,31.3157,940327
PTJPL,2006-06-01,South Coast,4,85.3757,91.0,50.0,119.0,38.9738,941062
PTJPL,2006-07-01,South Coast,4,90.1086,96.0,47.0,129.0,44.5459,941793
PTJPL,2006-08-01,South Coast,4,84.4507,91.0,42.0,122.0,42.0877,941599
PTJPL,2006-09-01,South Coast,4,72.2092,76.0,42.0,100.0,31.9457,941652
PTJPL,2006-10-01,South Coast,4,60.1293,63.0,41.0,79.0,22.5584,941855
PTJPL,2006-11-01,South Coast,4,42.4826,46.0,24.0,59.0,19.27,941846
PTJPL,2006-12-01,South Coast,4,34.1022,36.0,25.0,42.0,10.4806,941730
PTJPL,2007-01-01,South Coast,4,26.3493,28.0,19.0,34.0,9.9174,941687
PTJPL,2007-02-01,South Coast,4,37.9735,41.0,28.0,48.0,13.1296,941842
PTJPL,2007-03-01,South Coast,4,59.9978,66.0,38.0,82.0,27.8042,941524
PTJPL,2007-04-01,South Coast,4,63.2364,70.0,34.0,89.0,31.8141,941612
PTJPL,2007-05-01,South Coast,4,78.0129,84.0,44.0,109.0,36.8498,941780
PTJPL,2007-06-01,South Coast,4,75.452,79.0,32.0,113.0,43.9729,941684
PTJPL,2007-07-01,South Coast,4,87.3175,90.0,40.0,129.0,47.7374,941693
PTJPL,2007-08-01,South Coast,4,76.563,80.0,32.0,116.0,43.9619,941850
PTJPL,2007-09-01,South Coast,4,58.6847,62.0,31.0,85.0,29.6308,941854
PTJPL,2007-10-01,South Coast,4,52.0326,53.0,31.0,73.0,26.0222,937896
PTJPL,2007-11-01,South Coast,4,41.0687,40.0,21.0,59.0,21.7205,935940
PTJPL,2007-12-01,South Coast,4,32.7604,33.0,22.0,42.0,12.7187,933623
PTJPL,2008-01-01,South Coast,4,30.3917,31.0,24.0,38.0,9.9593,941806
PTJPL,2008-02-01,South Coast,4,46.135,47.0,41.0,53.0,9.5966,941828
PTJPL,2008-03-01,South Coast,4,78.7019,84.0,65.0,95.0,22.5826,941830
PTJPL,2008-04-01,South Coast,4,76.7005,82.0,59.0,97.0,26.9664,941788
PTJPL,2008-05-01,South Coast,4,72.6872,76.0,49.0,95.0,28.7392,941840
PTJPL,2008-06-01,South Coast,4,82.338,87.0,42.0,120.0,42.5828,941579
PTJPL,2008-07-01,South Coast,4,87.4472,89.0,43.0,126.0,46.8586,941217
PTJPL,2008-08-01,South Coast,4,80.7053,85.0,37.0,120.0,43.2596,940901
PTJPL,2008-09-01,South Coast,4,67.1083,70.0,33.0,98.0,35.3159,941380
PTJPL,2008-10-01,South Coast,4,45.4659,48.0,19.0,69.0,26.1764,941807
PTJPL,2008-11-01,South Coast,4,30.4876,32.0,16.0,42.0,14.9388,941847
PTJPL,2008-12-01,South Coast,4,29.7752,29.0,21.0,36.0,12.0604,941818
PTJPL,2009-01-01,South Coast,4,36.5293,38.0,29.0,44.0,9.6499,941815
PTJPL,2009-02-01,South Coast,4,42.6776,44.0,37.0,49.0,9.509,941832
PTJPL,2009-03-01,South Coast,4,76.4507,78.0,67.0,87.0,15.6135,941837
PTJPL,2009-04-01,South Coast,4,86.2901,91.0,72.0,103.0,22.8859,941850
PTJPL,2009-05-01,South Coast,4,88.8101,93.0,58.0,117.0,36.0545,904050
PTJPL,2009-06-01,South Coast,4,76.2695,80.0,47.0,105.0,33.5328,925286
PTJPL,2009-07-01,South Coast,4,89.8171,93.0,42.0,133.0,48.8817,941203
PTJPL,2009-08-01,South Coast,4,84.4226,87.0,40.0,123.0,44.9412,941464
PTJPL,2009-09-01,South Coast,4,61.4581,64.0,29.0,90.0,33.4348,941853
PTJPL,2009-10-01,South Coast,4,44.8161,48.0,21.0,65.0,23.7492,941855
PTJPL,2009-11-01,South Coast,4,35.886,39.0,20.0,50.0,17.2299,941800
PTJPL,2009-12-01,South Coast,4,34.7021,36.0,28.0,43.0,10.696,941674
PTJPL,2010-01-01,South Coast,4,45.2399,46.0,38.0,53.0,10.7374,935292
PTJPL,2010-02-01,South Coast,4,46.401,47.0,41.0,53.0,9.3761,941848
PTJPL,2010-03-01,South Coast,4,74.0095,77.0,65.0,86.0,15.7112,941846
PTJPL,2010-04-01,South Coast,4,94.1672,96.0,82.0,109.0,20.8073,941846
PTJPL,2010-05-01,South Coast,4,92.2185,97.0,68.0,119.0,34.1693,941842
PTJPL,2010-06-01,South Coast,4,87.5122,92.0,52.0,121.0,38.9597,941833
PTJPL,2010-07-01,South Coast,4,87.2382,90.0,43.0,126.0,45.9577,935965
PTJPL,2010-08-01,South Coast,4,78.6115,85.0,35.0,116.0,42.9969,937817
PTJPL,2010-09-01,South Coast,4,63.2185,67.0,31.0,92.0,33.6439,941253
PTJPL,2010-10-01,South Coast,4,42.7695,42.0,23.0,63.0,23.2788,941633
PTJPL,2010-11-01,South Coast,4,42.0864,42.0,31.0,53.0,14.7134,941853
PTJPL,2010-12-01,South Coast,4,40.1489,41.0,35.0,45.0,7.1053,941831
PTJPL,2011-01-01,South Coast,4,40.9603,42.0,35.0,47.0,8.5432,941836
PTJPL,2011-02-01,South Coast,4,44.1058,45.0,39.0,51.0,9.8719,941840
PTJPL,2011-03-01,South Coast,4,83.1917,85.0,73.0,96.0,17.1259,941743
PTJPL,2011-04-01,South Coast,4,77.6488,80.0,66.0,92.0,20.8262,941734
PTJPL,2011-05-01,South Coast,4,90.4382,95.0,70.0,111.0,27.6854,941831
PTJPL,2011-06-01,South Coast,4,86.1848,89.0,56.0,116.0,35.7056,941822
PTJPL,2011-07-01,South Coast,4,95.8224,101.0,54.0,135.0,45.5008,941328
PTJPL,2011-08-01,South Coast,4,86.2846,91.0,40.0,127.0,46.7393,941032
PTJPL,2011-09-01,South Coast,4,74.3801,76.0,40.0,104.0,37.1387,941503
PTJPL,2011-10-01,South Coast,4,59.7247,64.0,33.0,84.0,28.3924,941855
PTJPL,2011-11-01,South Coast,4,40.9324,42.0,27.0,54.0,16.0737,941741
PTJPL,2011-12-01,South Coast,4,31.7469,32.0,22.0,39.0,12.8627,905212
PTJPL,2012-01-01,South Coast,4,42.1061,43.0,28.0,57.0,17.0645,930770
PTJPL,2012-02-01,South Coast,4,50.3562,51.0,40.0,62.0,16.4821,937550
PTJPL,2012-03-01,South Coast,4,60.8035,61.0,47.0,76.0,21.2915,930337
PTJPL,2012-04-01,South Coast,4,70.2447,75.0,52.0,89.0,26.0043,922990
PTJPL,2012-05-01,South Coast,4,94.396,101.0,62.0,124.0,37.3438,887979
PTJPL,2012-06-01,South Coast,4,86.2259,89.0,43.0,125.0,45.1314,895075
PTJPL,2012-07-01,South Coast,4,91.7883,95.0,42.0,136.0,49.9781,899583
PTJPL,2012-08-01,South Coast,4,85.4691,90.0,38.0,128.0,48.3895,938453
PTJPL,2012-09-01,South Coast,4,62.3518,65.0,25.0,94.0,37.0804,938421
PTJPL,2012-10-01,South Coast,4,50.6562,53.0,25.0,72.0,26.7969,941745
PTJPL,2012-11-01,South Coast,4,52.5353,53.0,39.0,66.0,16.6937,940727
PTJPL,2012-12-01,South Coast,4,31.3952,32.0,21.0,41.0,12.1037,935801
PTJPL,2013-01-01,South Coast,4,34.2353,36.0,25.0,43.0,13.2234,937996
PTJPL,2013-02-01,South Coast,4,50.8536,51.0,41.0,65.0,17.0168,934923
PTJPL,2013-03-01,South Coast,4,73.681,77.0,60.0,90.0,22.3388,940269
PTJPL,2013-04-01,South Coast,4,73.4678,79.0,51.0,95.0,28.1481,941430
PTJPL,2013-05-01,South Coast,4,81.745,88.0,43.0,115.0,40.2384,941610
PTJPL,2013-06-01,South Coast,4,87.0197,90.0,40.0,127.0,46.3885,941598
PTJPL,2013-07-01,South Coast,4,81.115,86.0,35.0,120.0,45.1676,941418
PTJPL,2013-08-01,South Coast,4,81.7854,88.0,35.0,122.0,45.105,939606
PTJPL,2013-09-01,South Coast,4,73.7419,78.0,38.0,106.0,36.9718,941792
PTJPL,2013-10-01,South Coast,4,59.1268,63.0,35.0,81.0,26.0285,941845
PTJPL,2013-11-01,South Coast,4,33.9771,36.0,22.0,45.0,14.2322,941840
PTJPL,2013-12-01,South Coast,4,34.1734,36.0,24.0,44.0,13.4783,941825
PTJPL,2014-01-01,South Coast,4,33.7337,37.0,21.0,45.0,14.4356,941830
PTJPL,2014-02-01,South Coast,4,50.8035,52.0,38.0,64.0,16.9857,941855
PTJPL,2014-03-01,South Coast,4,73.7372,76.0,54.0,93.0,24.5801,941817
PTJPL,2014-04-01,South Coast,4,76.3793,83.0,54.0,98.0,29.1603,941855
PTJPL,2014-05-01,South Coast,4,90.1933,96.0,56.0,122.0,39.0381,941705
PTJPL,2014-06-01,South Coast,4,87.1982,90.0,47.0,123.0,43.1918,940922
PTJPL,2014-07-01,South Coast,4,96.0348,100.0,56.0,133.0,43.9875,940016
PTJPL,2014-08-01,South Coast,4,86.6419,93.0,46.0,122.0,40.8976,941654
PTJPL,2014-09-01,South Coast,4,69.9214,73.0,36.0,101.0,36.4794,941854
PTJPL,2014-10-01,South Coast,4,56.4673,59.0,31.0,79.0,26.9115,941852
PTJPL,2014-11-01,South Coast,4,35.3832,38.0,19.0,50.0,17.6015,941853
PTJPL,2014-12-01,South Coast,4,36.5409,38.0,32.0,42.0,8.4119,941828
PTJPL,2015-01-01,South Coast,4,57.873,59.0,51.0,65.0,11.5888,941756
PTJPL,2015-02-01,South Coast,4,47.1337,49.0,39.0,57.0,13.3605,941621
PTJPL,2015-03-01,South Coast,4,74.8155,79.0,61.0,93.0,24.1882,941854
PTJPL,2015-04-01,South Coast,4,77.1032,82.0,56.0,99.0,28.1297,941855
PTJPL,2015-05-01,South Coast,4,88.5763,95.0,63.0,112.0,29.4928,941453
PTJPL,2015-06-01,South Coast,4,91.5352,94.0,52.0,126.0,42.9291,941273
PTJPL,2015-07-01,South Coast,4,96.3867,102.0,54.0,134.0,43.9244,941618
PTJPL,2015-08-01,South Coast,4,84.8551,91.0,41.0,123.0,43.6959,941850
PTJPL,2015-09-01,South Coast,4,73.7791,78.0,41.0,102.0,34.9471,941855
PTJPL,2015-10-01,South Coast,4,53.1123,57.0,29.0,74.0,25.5249,941849
PTJPL,2015-11-01,South Coast,4,41.5696,44.0,28.0,55.0,15.8655,941855
PTJPL,2015-12-01,South Coast,4,40.9443,42.0,35.0,47.0,8.6974,941850
PTJPL,2016-01-01,South Coast,4,32.7221,34.0,26.0,39.0,9.4574,940647
PTJPL,2016-02-01,South Coast,4,43.2007,47.0,31.0,55.0,16.2534,941839
PTJPL,2016-03-01,South Coast,4,73.115,77.0,59.0,91.0,23.9312,941855
PTJPL,2016-04-01,South Coast,4,77.3397,83.0,60.0,95.0,25.8965,941729
PTJPL,2016-05-01,South Coast,4,85.7032,89.0,60.0,108.0,30.406,940015
PTJPL,2016-06-01,South Coast,4,99.6614,106.0,61.0,133.0,42.3764,941476
PTJPL,2016-07-01,South Coast,4,93.0368,97.0,47.0,134.0,48.117,941694
PTJPL,2016-08-01,South Coast,4,81.9363,85.0,38.0,121.0,44.2948,941782
PTJPL,2016-09-01,South Coast,4,64.995,68.0,33.0,92.0,32.9393,941855
PTJPL,2016-10-01,South Coast,4,52.5836,53.0,31.0,72.0,24.4865,941855
PTJPL,2016-11-01,South Coast,4,48.1012,49.0,34.0,62.0,16.605,941847
PTJPL,2016-12-01,South Coast,4,49.1461,50.0,42.0,57.0,10.7334,941833
PTJPL,2017-01-01,South Coast,4,47.4401,48.0,43.0,52.0,7.0833,941772
PTJPL,2017-02-01,South Coast,4,48.831,50.0,41.0,57.0,10.7978,941839
PTJPL,2017-03-01,South Coast,4,77.8881,82.0,67.0,92.0,20.0419,939420
PTJPL,2017-04-01,South Coast,4,79.9301,84.0,62.0,100.0,27.2259,941854
PTJPL,2017-05-01,South Coast,4,94.3398,95.0,72.0,114.0,31.3019,941848
PTJPL,2017-06-01,South Coast,4,89.9781,93.0,58.0,118.0,36.2859,941728
PTJPL,2017-07-01,South Coast,4,96.9023,102.0,56.0,135.0,43.8679,941474
PTJPL,2017-08-01,South Coast,4,90.8104,97.0,51.0,126.0,41.4093,941130
PTJPL,2017-09-01,South Coast,4,76.443,80.0,50.0,102.0,29.5838,941425
PTJPL,2017-10-01,South Coast,4,43.657,45.0,23.0,61.0,23.0505,941855
PTJPL,2017-11-01,South Coast,4,42.9194,42.0,32.0,53.0,17.1699,941835
PTJPL,2017-12-01,South Coast,4,40.902,42.0,25.0,54.0,17.6094,941833
PTJPL,2018-01-01,South Coast,4,46.3329,48.0,37.0,56.0,12.9483,941853
PTJPL,2018-02-01,South Coast,4,50.906,51.0,41.0,63.0,15.733,941846
PTJPL,2018-03-01,South Coast,4,75.2927,75.0,64.0,88.0,18.0345,941778
PTJPL,2018-04-01,South Coast,4,75.1314,81.0,55.0,95.0,26.0096,941855
PTJPL,2018-05-01,South Coast,4,81.7276,85.0,56.0,106.0,31.6454,941564
PTJPL,2018-06-01,South Coast,4,86.1663,89.0,47.0,120.0,42.1516,941532
PTJPL,2018-07-01,South Coast,4,87.5156,88.0,45.0,126.0,45.3185,941661
PTJPL,2018-08-01,South Coast,4,81.9445,83.0,41.0,118.0,42.3001,941855
PTJPL,2018-09-01,South Coast,4,63.6975,64.0,32.0,91.0,34.0601,941855
PTJPL,2018-10-01,South Coast,4,52.2121,53.0,30.0,72.0,24.6212,941845
PTJPL,2018-11-01,South Coast,4,37.4261,40.0,22.0,51.0,16.216,941855
PTJPL,2018-12-01,South Coast,4,36.2778,36.0,26.0,46.0,13.0206,941716
PTJPL,2019-01-01,South Coast,4,42.6211,43.0,38.0,48.0,8.1274,941688
PTJPL,2019-02-01,South Coast,4,42.9571,43.0,38.0,49.0,7.828,941655
PTJPL,2019-03-01,South Coast,4,78.5003,78.0,68.0,90.0,19.0363,936876
PTJPL,2019-04-01,South Coast,4,86.1776,86.0,70.0,102.0,24.6328,933559
PTJPL,2019-05-01,South Coast,4,90.7604,91.0,73.0,108.0,24.9209,935710
PTJPL,2019-06-01,South Coast,4,97.0755,101.0,69.0,125.0,34.9843,941599
PTJPL,2019-07-01,South Coast,4,96.6608,101.0,58.0,132.0,41.9148,941855
PTJPL,2019-08-01,South Coast,4,89.5722,94.0,51.0,123.0,40.7414,941855
PTJPL,2019-09-01,South Coast,4,74.4654,78.0,48.0,100.0,30.4295,941820
PTJPL,2019-10-01,South Coast,4,54.902,57.0,33.0,74.0,24.0485,941833
PTJPL,2019-11-01,South Coast,4,51.0643,53.0,36.0,67.0,18.0128,941846
PTJPL,2019-12-01,South Coast,4,41.8019,42.0,38.0,46.0,7.7012,941828
PTJPL,2020-01-01,South Coast,4,48.9198,50.0,44.0,55.0,8.7707,941776
PTJPL,2020-02-01,South Coast,4,53.3107,56.0,45.0,65.0,15.0015,941776
PTJPL,2020-03-01,South Coast,4,70.7799,73.0,63.0,82.0,14.6712,941830
PTJPL,2020-04-01,South Coast,4,83.2548,86.0,73.0,97.0,21.1347,941855
PTJPL,2020-05-01,South Coast,4,99.3157,106.0,75.0,126.0,35.3995,941855
PTJPL,2020-06-01,South Coast,4,81.0574,81.0,53.0,108.0,34.7457,941855
PTJPL,2020-07-01,South Coast,4,93.6756,97.0,53.0,132.0,43.8181,941108
PTJPL,2020-08-01,South Coast,4,86.8797,91.0,46.0,124.0,42.6437,941855
PTJPL,2020-09-01,South Coast,4,63.035,64.0,34.0,90.0,30.8849,941855
PTJPL,2020-10-01,South Coast,4,53.9011,55.0,35.0,72.0,23.8606,941483
PTJPL,2020-11-01,South Coast,4,48.1016,49.0,38.0,59.0,16.6771,941841
PTJPL,2020-12-01,South Coast,4,38.8713,41.0,27.0,50.0,13.4973,941840
PTJPL,2021-01-01,South Coast,4,38.544,40.0,29.0,47.0,10.9918,941849
PTJPL,2021-02-01,South Coast,4,48.372,50.0,40.0,57.0,11.7144,941819
PTJPL,2021-03-01,South Coast,4,63.0876,65.0,54.0,76.0,16.7357,941783
PTJPL,2021-04-01,South Coast,4,69.4031,74.0,50.0,89.0,25.2892,941675
PTJPL,2021-05-01,South Coast,4,82.6833,86.0,51.0,111.0,36.3064,940070
PTJPL,2021-06-01,South Coast,4,79.0268,80.0,38.0,117.0,43.1292,941304
PTJPL,2021-07-01,South Coast,4,86.8712,86.0,44.0,126.0,45.9128,941513
PTJPL,2021-08-01,South Coast,4,81.0207,83.0,40.0,118.0,41.9305,930504
PTJPL,2021-09-01,South Coast,4,73.3584,76.0,42.0,102.0,33.773,940351
PTJPL,2021-10-01,South Coast,4,57.9068,59.0,38.0,75.0,22.9132,941855
PTJPL,2021-11-01,South Coast,4,39.585,41.0,23.0,55.0,18.3351,941827
PTJPL,2021-12-01,South Coast,4,28.9147,31.0,20.0,37.0,10.719,941713
PTJPL,2022-01-01,South Coast,4,42.6439,44.0,35.0,51.0,11.4305,941823
PTJPL,2022-02-01,South Coast,4,55.0947,57.0,48.0,65.0,13.7894,941839
PTJPL,2022-03-01,South Coast,4,68.6339,70.0,55.0,82.0,22.0679,941839
PTJPL,2022-04-01,South Coast,4,89.6636,97.0,71.0,109.0,26.4319,941727
PTJPL,2022-05-01,South Coast,4,85.3847,91.0,53.0,113.0,37.1781,941809
PTJPL,2022-06-01,South Coast,4,87.8352,91.0,47.0,124.0,43.561,941663
PTJPL,2022-07-01,South Coast,4,84.7452,86.0,41.0,125.0,45.0451,941496
PTJPL,2022-08-01,South Coast,4,81.0183,83.0,40.0,118.0,42.1013,941818
PTJPL,2022-09-01,South Coast,4,70.7461,73.0,42.0,97.0,31.4963,941855
PTJPL,2022-10-01,South Coast,4,55.5304,58.0,31.0,76.0,26.2807,941855
PTJPL,2022-11-01,South Coast,4,40.7358,44.0,27.0,54.0,15.9325,941837
PTJPL,2022-12-01,South Coast,4,36.886,39.0,30.0,43.0,8.9175,941819
PTJPL,2023-01-01,South Coast,4,40.501,42.0,36.0,47.0,8.1982,941835
PTJPL,2023-02-01,South Coast,4,46.2327,47.0,41.0,52.0,8.8083,941843
PTJPL,2023-03-01,South Coast,4,73.1487,73.0,64.0,83.0,12.688,941793
PTJPL,2023-04-01,South Coast,4,102.9025,105.0,84.0,122.0,27.1353,941205
PTJPL,2023-05-01,South Coast,4,101.2751,103.0,83.0,122.0,29.2858,844751
PTJPL,2023-06-01,South Coast,4,95.6046,99.0,74.0,117.0,31.633,940751
PTJPL,2023-07-01,South Coast,4,97.4305,102.0,62.0,132.0,41.5918,941855
PTJPL,2023-08-01,South Coast,4,95.3551,102.0,65.0,125.0,36.9982,941855
PTJPL,2023-09-01,South Coast,4,81.5115,87.0,63.0,100.0,24.0757,941855
PTJPL,2023-10-01,South Coast,4,66.4918,72.0,48.0,85.0,23.9989,941819
PTJPL,2023-11-01,South Coast,4,46.27,50.0,36.0,58.0,15.4148,941788
PTJPL,2023-12-01,South Coast,4,41.7225,42.0,32.0,51.0,13.658,941763
PTJPL,2024-01-01,South Coast,4,40.0859,39.0,33.0,48.0,10.2988,941844
PTJPL,2024-02-01,South Coast,4,58.1567,58.0,50.0,67.0,11.0597,941842
PTJPL,2024-03-01,South Coast,4,82.4534,82.0,72.0,93.0,14.9591,941846
PTJPL,2024-04-01,South Coast,4,88.1323,91.0,79.0,101.0,19.065,941846
PTJPL,2024-05-01,South Coast,4,100.4598,106.0,82.0,122.0,29.6049,940214
PTJPL,2024-06-01,South Coast,4,99.3937,104.0,69.0,130.0,38.5081,941024
PTJPL,2024-07-01,South Coast,4,103.633,110.0,64.0,141.0,44.3796,941855
PTJPL,2024-08-01,South Coast,4,92.3844,98.0,55.0,127.0,40.2082,941855
PTJPL,2024-09-01,South Coast,4,72.9965,75.0,47.0,97.0,30.0909,941840
PTJPL,2024-10-01,South Coast,4,53.1923,56.0,32.0,73.0,23.3944,941855
PTJPL,2024-11-01,South Coast,4,46.2412,49.0,33.0,59.0,15.3625,941852
PTJPL,2024-12-01,South Coast,4,43.6106,44.0,31.0,57.0,14.8838,941854
PTJPL,2025-01-01,South Coast,4,32.2889,33.0,22.0,42.0,12.0622,941853
PTJPL,2025-02-01,South Coast,4,47.5347,50.0,37.0,58.0,12.9829,941854
PTJPL,2025-03-01,South Coast,4,63.7671,65.0,53.0,77.0,17.9918,941854
PTJPL,2025-04-01,South Coast,4,81.6404,88.0,70.0,97.0,21.5906,941855
PTJPL,2025-05-01,South Coast,4,102.3917,108.0,79.0,128.0,33.1956,941847
PTJPL,2025-06-01,South Coast,4,86.0741,89.0,52.0,117.0,39.4183,941853
PTJPL,2025-07-01,South Coast,4,94.6685,99.0,56.0,130.0,42.6434,941855
PTJPL,2025-08-01,South Coast,4,87.6495,91.0,49.0,123.0,40.1988,941852
PTJPL,2025-09-01,South Coast,4,75.4785,78.0,52.0,97.0,27.0299,941855
PTJPL,2025-10-01,South Coast,4,62.5684,63.0,43.0,80.0,23.6542,941843
PTJPL,2025-11-01,South Coast,4,53.7123,56.0,43.0,64.0,13.2172,941854
PTJPL,2025-12-01,South Coast,4,42.9485,46.0,36.0,50.0,10.2868,941854
PTJPL,2003-10-01,South Lahontan,9,45.4935,37.0,23.0,63.0,30.0444,335871
PTJPL,2003-11-01,South Lahontan,9,31.2946,28.0,22.0,37.0,13.2739,335574
PTJPL,2003-12-01,South Lahontan,9,21.1637,19.0,15.0,25.0,9.7504,309528
PTJPL,2004-01-01,South Lahontan,9,22.1242,20.0,17.0,26.0,8.0748,305391
PTJPL,2004-02-01,South Lahontan,9,23.2238,21.0,17.0,27.0,9.4814,305552
PTJPL,2004-03-01,South Lahontan,9,48.5226,44.0,24.0,63.0,30.547,318726
PTJPL,2004-04-01,South Lahontan,9,66.5605,59.0,34.0,89.0,40.0288,335871
PTJPL,2004-05-01,South Lahontan,9,79.1911,75.0,30.0,118.0,55.1216,335871
PTJPL,2004-06-01,South Lahontan,9,82.3243,88.0,21.0,129.0,60.7791,335871
PTJPL,2004-07-01,South Lahontan,9,85.1266,93.0,19.0,133.0,62.1521,335871
PTJPL,2004-08-01,South Lahontan,9,76.495,80.0,20.0,121.0,54.6895,335871
PTJPL,2004-09-01,South Lahontan,9,53.0912,51.0,12.0,86.0,41.9713,335871
PTJPL,2004-10-01,South Lahontan,9,43.9094,38.0,22.0,61.0,25.7418,335871
PTJPL,2004-11-01,South Lahontan,9,33.8738,31.0,23.0,43.0,13.4729,335863
PTJPL,2004-12-01,South Lahontan,9,23.8575,21.0,15.0,31.0,11.5857,335667
PTJPL,2005-01-01,South Lahontan,9,28.143,27.0,22.0,33.0,8.511,303032
PTJPL,2005-02-01,South Lahontan,9,43.5062,44.0,26.0,61.0,18.5314,304649
PTJPL,2005-03-01,South Lahontan,9,63.2967,59.0,46.0,73.0,25.2353,305720
PTJPL,2005-04-01,South Lahontan,9,77.3207,75.0,49.0,95.0,35.7372,334932
PTJPL,2005-05-01,South Lahontan,9,98.8122,95.0,59.0,131.0,49.2881,335871
PTJPL,2005-06-01,South Lahontan,9,87.6802,91.0,36.0,132.0,54.6146,335871
PTJPL,2005-07-01,South Lahontan,9,97.4653,109.0,36.0,144.0,61.6799,335871
PTJPL,2005-08-01,South Lahontan,9,83.5085,93.0,30.0,126.0,52.9501,335871
PTJPL,2005-09-01,South Lahontan,9,61.9065,64.0,25.0,91.0,39.7951,335871
PTJPL,2005-10-01,South Lahontan,9,46.042,42.0,24.0,63.0,26.2,335871
PTJPL,2005-11-01,South Lahontan,9,31.4628,30.0,19.0,40.0,15.8259,335871
PTJPL,2005-12-01,South Lahontan,9,21.1663,19.0,14.0,25.0,10.3302,321783
PTJPL,2006-01-01,South Lahontan,9,27.9722,26.0,18.0,34.0,11.624,302716
PTJPL,2006-02-01,South Lahontan,9,35.8261,31.0,24.0,45.0,16.6703,305545
PTJPL,2006-03-01,South Lahontan,9,54.2514,49.0,40.0,63.0,20.3463,305549
PTJPL,2006-04-01,South Lahontan,9,84.2929,82.0,59.0,104.0,33.2102,335805
PTJPL,2006-05-01,South Lahontan,9,83.9429,85.0,35.0,126.0,52.8978,335871
PTJPL,2006-06-01,South Lahontan,9,88.3487,98.0,29.0,135.0,58.126,335871
PTJPL,2006-07-01,South Lahontan,9,98.171,112.0,29.0,152.0,64.6402,335871
PTJPL,2006-08-01,South Lahontan,9,77.9627,89.0,21.0,121.0,54.2708,335871
PTJPL,2006-09-01,South Lahontan,9,59.4908,63.0,18.0,93.0,41.8272,335871
PTJPL,2006-10-01,South Lahontan,9,46.5265,42.0,24.0,64.0,26.5921,335871
PTJPL,2006-11-01,South Lahontan,9,31.9428,28.0,20.0,38.0,16.2044,335870
PTJPL,2006-12-01,South Lahontan,9,23.3967,22.0,18.0,28.0,8.0876,335488
PTJPL,2007-01-01,South Lahontan,9,17.8516,17.0,12.0,23.0,7.4212,332362
PTJPL,2007-02-01,South Lahontan,9,28.5515,26.0,21.0,34.0,10.3212,335300
PTJPL,2007-03-01,South Lahontan,9,42.2152,33.0,22.0,51.0,29.7023,335871
PTJPL,2007-04-01,South Lahontan,9,58.3551,52.0,18.0,84.0,44.6959,335871
PTJPL,2007-05-01,South Lahontan,9,83.5027,84.0,29.0,123.0,56.5587,335871
PTJPL,2007-06-01,South Lahontan,9,84.8182,92.0,18.0,134.0,62.3711,335871
PTJPL,2007-07-01,South Lahontan,9,87.4188,96.0,15.0,140.0,66.5465,335871
PTJPL,2007-08-01,South Lahontan,9,71.6093,75.0,14.0,115.0,56.0184,335871
PTJPL,2007-09-01,South Lahontan,9,54.4005,52.0,11.0,89.0,43.414,335871
PTJPL,2007-10-01,South Lahontan,9,41.4076,38.0,14.0,63.0,30.0535,335756
PTJPL,2007-11-01,South Lahontan,9,30.7226,26.0,15.0,43.0,18.3557,332476
PTJPL,2007-12-01,South Lahontan,9,25.2747,24.0,19.0,31.0,8.7737,300073
PTJPL,2008-01-01,South Lahontan,9,23.6609,22.0,17.0,29.0,9.0549,302110
PTJPL,2008-02-01,South Lahontan,9,37.1704,33.0,27.0,43.0,15.616,305301
PTJPL,2008-03-01,South Lahontan,9,52.1687,45.0,30.0,64.0,30.9895,306360
PTJPL,2008-04-01,South Lahontan,9,62.719,55.0,27.0,88.0,42.2655,335871
PTJPL,2008-05-01,South Lahontan,9,76.1031,78.0,34.0,107.0,47.4028,335871
PTJPL,2008-06-01,South Lahontan,9,90.9346,97.0,32.0,136.0,60.0852,335871
PTJPL,2008-07-01,South Lahontan,9,91.8446,103.0,27.0,140.0,59.9318,335871
PTJPL,2008-08-01,South Lahontan,9,87.1375,97.0,25.0,132.0,58.394,335871
PTJPL,2008-09-01,South Lahontan,9,63.8571,66.0,22.0,95.0,43.0332,335871
PTJPL,2008-10-01,South Lahontan,9,41.9034,39.0,15.0,62.0,29.8004,335871
PTJPL,2008-11-01,South Lahontan,9,24.9282,23.0,12.0,34.0,15.1557,335871
PTJPL,2008-12-01,South Lahontan,9,21.6244,19.0,14.0,27.0,10.0946,322255
PTJPL,2009-01-01,South Lahontan,9,25.8516,24.0,17.0,33.0,10.6185,327713
PTJPL,2009-02-01,South Lahontan,9,35.1056,32.0,23.0,44.0,15.1484,331138
PTJPL,2009-03-01,South Lahontan,9,58.8215,49.0,36.0,73.0,31.0766,335342
PTJPL,2009-04-01,South Lahontan,9,73.1075,62.0,44.0,87.0,39.9933,335871
PTJPL,2009-05-01,South Lahontan,9,89.2259,87.0,39.0,126.0,55.8295,335871
PTJPL,2009-06-01,South Lahontan,9,88.8566,91.0,40.0,129.0,51.5645,335871
PTJPL,2009-07-01,South Lahontan,9,95.0466,104.0,31.0,145.0,61.489,335871
PTJPL,2009-08-01,South Lahontan,9,79.3242,88.0,25.0,121.0,52.2855,335871
PTJPL,2009-09-01,South Lahontan,9,65.0576,63.0,23.0,97.0,44.1983,335871
PTJPL,2009-10-01,South Lahontan,9,40.3751,37.0,15.0,60.0,27.998,335871
PTJPL,2009-11-01,South Lahontan,9,26.6871,23.0,13.0,35.0,17.4225,335871
PTJPL,2009-12-01,South Lahontan,9,19.0975,17.0,11.0,25.0,10.1364,330553
PTJPL,2010-01-01,South Lahontan,9,31.2882,30.0,23.0,40.0,10.9349,275844
PTJPL,2010-02-01,South Lahontan,9,37.7228,33.0,26.0,49.0,16.693,304889
PTJPL,2010-03-01,South Lahontan,9,64.6186,57.0,44.0,81.0,27.4428,305519
PTJPL,2010-04-01,South Lahontan,9,73.1859,68.0,46.0,93.0,35.451,335871
PTJPL,2010-05-01,South Lahontan,9,86.472,82.0,51.0,119.0,46.4994,335871
PTJPL,2010-06-01,South Lahontan,9,94.6078,100.0,39.0,139.0,57.7479,335871
PTJPL,2010-07-01,South Lahontan,9,97.6625,105.0,35.0,150.0,63.0035,335871
PTJPL,2010-08-01,South Lahontan,9,84.3336,88.0,27.0,130.0,57.4685,335871
PTJPL,2010-09-01,South Lahontan,9,64.8186,62.0,23.0,97.0,43.814,335871
PTJPL,2010-10-01,South Lahontan,9,46.3887,40.0,22.0,66.0,28.0821,335871
PTJPL,2010-11-01,South Lahontan,9,29.0628,26.0,20.0,33.0,13.4847,335871
PTJPL,2010-12-01,South Lahontan,9,36.5997,37.0,27.0,44.0,12.3757,305494
PTJPL,2011-01-01,South Lahontan,9,32.7044,32.0,24.0,43.0,12.5205,305509
PTJPL,2011-02-01,South Lahontan,9,34.927,33.0,22.0,47.0,15.0751,305534
PTJPL,2011-03-01,South Lahontan,9,66.3474,59.0,47.0,81.0,26.6524,306286
PTJPL,2011-04-01,South Lahontan,9,82.32,73.0,52.0,101.0,40.3762,335854
PTJPL,2011-05-01,South Lahontan,9,95.4161,89.0,64.0,116.0,44.4692,335871
PTJPL,2011-06-01,South Lahontan,9,96.5898,100.0,43.0,140.0,55.1658,335871
PTJPL,2011-07-01,South Lahontan,9,94.0316,102.0,34.0,140.0,57.7501,335871
PTJPL,2011-08-01,South Lahontan,9,87.6669,97.0,28.0,135.0,56.5696,335871
PTJPL,2011-09-01,South Lahontan,9,68.7168,71.0,23.0,102.0,46.6609,335871
PTJPL,2011-10-01,South Lahontan,9,47.9421,44.0,21.0,72.0,29.3526,335871
PTJPL,2011-11-01,South Lahontan,9,33.2028,30.0,23.0,41.0,15.4584,335867
PTJPL,2011-12-01,South Lahontan,9,24.1191,21.0,16.0,30.0,10.9184,316467
PTJPL,2012-01-01,South Lahontan,9,28.7654,26.0,20.0,36.0,12.3058,285358
PTJPL,2012-02-01,South Lahontan,9,48.7251,45.0,31.0,66.0,21.0497,301754
PTJPL,2012-03-01,South Lahontan,9,60.6213,53.0,39.0,75.0,30.5997,305399
PTJPL,2012-04-01,South Lahontan,9,72.47,62.0,33.0,101.0,46.916,334105
PTJPL,2012-05-01,South Lahontan,9,91.3087,87.0,42.0,129.0,59.5711,334812
PTJPL,2012-06-01,South Lahontan,9,89.368,94.0,22.0,140.0,65.5785,335871
PTJPL,2012-07-01,South Lahontan,9,92.8012,97.0,19.0,148.0,69.2073,335845
PTJPL,2012-08-01,South Lahontan,9,83.1155,85.0,21.0,133.0,60.8687,335866
PTJPL,2012-09-01,South Lahontan,9,60.3236,56.0,16.0,96.0,45.7234,335562
PTJPL,2012-10-01,South Lahontan,9,46.4925,40.0,21.0,64.0,31.8264,335010
PTJPL,2012-11-01,South Lahontan,9,33.8785,29.0,20.0,42.0,18.8711,322385
PTJPL,2012-12-01,South Lahontan,9,26.2563,24.0,19.0,32.0,10.8224,320782
PTJPL,2013-01-01,South Lahontan,9,23.7322,22.0,16.0,30.0,9.7474,305273
PTJPL,2013-02-01,South Lahontan,9,24.1352,21.0,17.0,28.0,11.2404,319701
PTJPL,2013-03-01,South Lahontan,9,52.9414,42.0,29.0,65.0,34.4004,331071
PTJPL,2013-04-01,South Lahontan,9,73.8756,62.0,28.0,105.0,53.6667,335871
PTJPL,2013-05-01,South Lahontan,9,84.3025,87.0,28.0,127.0,55.217,335871
PTJPL,2013-06-01,South Lahontan,9,91.2349,96.0,23.0,140.0,64.6321,335871
PTJPL,2013-07-01,South Lahontan,9,89.3925,97.0,24.0,138.0,60.4535,335871
PTJPL,2013-08-01,South Lahontan,9,77.6751,81.0,23.0,120.0,53.481,335871
PTJPL,2013-09-01,South Lahontan,9,62.355,59.0,22.0,91.0,42.6079,335871
PTJPL,2013-10-01,South Lahontan,9,45.0795,39.0,23.0,57.0,28.6478,335871
PTJPL,2013-11-01,South Lahontan,9,24.7131,21.0,12.0,33.0,15.5949,335871
PTJPL,2013-12-01,South Lahontan,9,26.8559,25.0,19.0,32.0,11.6054,335194
PTJPL,2014-01-01,South Lahontan,9,22.9313,20.0,16.0,27.0,10.092,335705
PTJPL,2014-02-01,South Lahontan,9,29.2685,22.0,17.0,31.0,18.9534,335869
PTJPL,2014-03-01,South Lahontan,9,52.1273,39.0,27.0,62.0,35.1346,335871
PTJPL,2014-04-01,South Lahontan,9,70.37,59.0,31.0,94.0,49.9565,335871
PTJPL,2014-05-01,South Lahontan,9,92.2575,89.0,39.0,134.0,59.4262,335871
PTJPL,2014-06-01,South Lahontan,9,93.9458,98.0,32.0,140.0,62.0766,335871
PTJPL,2014-07-01,South Lahontan,9,94.067,100.0,34.0,139.0,60.5252,335871
PTJPL,2014-08-01,South Lahontan,9,90.292,92.0,33.0,133.0,56.7768,335871
PTJPL,2014-09-01,South Lahontan,9,68.2202,65.0,24.0,102.0,46.8537,335871
PTJPL,2014-10-01,South Lahontan,9,45.709,40.0,17.0,66.0,32.2918,335871
PTJPL,2014-11-01,South Lahontan,9,26.3236,21.0,12.0,34.0,18.3954,335871
PTJPL,2014-12-01,South Lahontan,9,29.2123,27.0,20.0,37.0,12.9745,335871
PTJPL,2015-01-01,South Lahontan,9,30.3006,27.0,20.0,37.0,13.7948,335816
PTJPL,2015-02-01,South Lahontan,9,36.2847,29.0,21.0,48.0,20.9289,335837
PTJPL,2015-03-01,South Lahontan,9,57.3861,44.0,28.0,78.0,37.8789,335866
PTJPL,2015-04-01,South Lahontan,9,66.8404,57.0,29.0,93.0,44.8435,335871
PTJPL,2015-05-01,South Lahontan,9,85.8903,82.0,42.0,122.0,49.6948,335871
PTJPL,2015-06-01,South Lahontan,9,95.1345,98.0,36.0,144.0,60.6653,335871
PTJPL,2015-07-01,South Lahontan,9,96.4374,102.0,38.0,143.0,58.4258,335871
PTJPL,2015-08-01,South Lahontan,9,84.8667,87.0,26.0,129.0,57.9995,335871
PTJPL,2015-09-01,South Lahontan,9,69.9271,63.0,31.0,99.0,44.3222,335871
PTJPL,2015-10-01,South Lahontan,9,52.5028,46.0,27.0,70.0,31.6874,335575
PTJPL,2015-11-01,South Lahontan,9,31.6001,27.0,20.0,39.0,16.115,335843
PTJPL,2015-12-01,South Lahontan,9,25.5025,24.0,16.0,34.0,12.0459,335707
PTJPL,2016-01-01,South Lahontan,9,29.162,28.0,20.0,37.0,10.5887,308762
PTJPL,2016-02-01,South Lahontan,9,35.0584,30.0,22.0,41.0,18.5176,335755
PTJPL,2016-03-01,South Lahontan,9,57.4364,51.0,32.0,73.0,34.6921,335866
PTJPL,2016-04-01,South Lahontan,9,76.1578,69.0,39.0,105.0,44.5747,335866
PTJPL,2016-05-01,South Lahontan,9,92.098,87.0,49.0,122.0,51.2751,335871
PTJPL,2016-06-01,South Lahontan,9,102.9,111.0,35.0,156.0,65.4384,335871
PTJPL,2016-07-01,South Lahontan,9,97.9308,107.0,28.0,153.0,65.965,335871
PTJPL,2016-08-01,South Lahontan,9,80.5287,81.0,22.0,129.0,56.9827,335871
PTJPL,2016-09-01,South Lahontan,9,57.9837,53.0,16.0,94.0,42.5041,335871
PTJPL,2016-10-01,South Lahontan,9,49.3909,43.0,21.0,73.0,32.7406,335871
PTJPL,2016-11-01,South Lahontan,9,36.7247,31.0,22.0,44.0,19.79,335871
PTJPL,2016-12-01,South Lahontan,9,30.3634,26.0,19.0,43.0,14.8258,335871
PTJPL,2017-01-01,South Lahontan,9,32.8633,31.0,18.0,48.0,16.5722,305603
PTJPL,2017-02-01,South Lahontan,9,31.4539,27.0,20.0,40.0,15.8942,305332
PTJPL,2017-03-01,South Lahontan,9,61.7938,52.0,38.0,80.0,32.4448,303247
PTJPL,2017-04-01,South Lahontan,9,82.03,79.0,48.0,106.0,41.8952,335871
PTJPL,2017-05-01,South Lahontan,9,102.8169,101.0,60.0,138.0,51.5578,335871
PTJPL,2017-06-01,South Lahontan,9,107.3269,113.0,48.0,157.0,60.4649,335871
PTJPL,2017-07-01,South Lahontan,9,102.7044,117.0,40.0,154.0,59.6733,335871
PTJPL,2017-08-01,South Lahontan,9,87.0019,96.0,34.0,129.0,51.7643,335871
PTJPL,2017-09-01,South Lahontan,9,70.647,75.0,33.0,100.0,38.7813,335871
PTJPL,2017-10-01,South Lahontan,9,46.9298,43.0,20.0,67.0,30.2747,335871
PTJPL,2017-11-01,South Lahontan,9,34.9009,31.0,23.0,41.0,17.2634,335871
PTJPL,2017-12-01,South Lahontan,9,25.9475,23.0,17.0,32.0,12.4116,335868
PTJPL,2018-01-01,South Lahontan,9,33.3671,31.0,21.0,44.0,15.5028,333418
PTJPL,2018-02-01,South Lahontan,9,30.5132,26.0,17.0,39.0,16.7723,333418
PTJPL,2018-03-01,South Lahontan,9,58.3707,52.0,34.0,75.0,30.5054,332121
PTJPL,2018-04-01,South Lahontan,9,78.7286,67.0,47.0,99.0,44.5408,335871
PTJPL,2018-05-01,South Lahontan,9,95.2269,95.0,41.0,137.0,56.6131,335871
PTJPL,2018-06-01,South Lahontan,9,97.1272,107.0,30.0,151.0,64.1143,335871
PTJPL,2018-07-01,South Lahontan,9,103.8775,115.0,30.0,162.0,69.1226,335871
PTJPL,2018-08-01,South Lahontan,9,87.3377,93.0,25.0,137.0,59.7467,335871
PTJPL,2018-09-01,South Lahontan,9,64.0846,65.0,18.0,101.0,45.1078,335871
PTJPL,2018-10-01,South Lahontan,9,46.8303,43.0,18.0,70.0,30.2428,335871
PTJPL,2018-11-01,South Lahontan,9,24.8266,22.0,12.0,33.0,15.7724,335871
PTJPL,2018-12-01,South Lahontan,9,21.7654,20.0,16.0,25.0,8.8614,306171
PTJPL,2019-01-01,South Lahontan,9,28.4986,28.0,18.0,39.0,11.9845,306037
PTJPL,2019-02-01,South Lahontan,9,40.1949,39.0,30.0,49.0,12.8515,304711
PTJPL,2019-03-01,South Lahontan,9,68.9998,64.0,51.0,83.0,25.2093,307224
PTJPL,2019-04-01,South Lahontan,9,86.9606,80.0,58.0,105.0,41.7682,335359
PTJPL,2019-05-01,South Lahontan,9,89.2132,88.0,52.0,121.0,43.8256,335871
PTJPL,2019-06-01,South Lahontan,9,102.3402,112.0,41.0,150.0,61.0836,335871
PTJPL,2019-07-01,South Lahontan,9,103.6094,116.0,37.0,157.0,63.8436,335871
PTJPL,2019-08-01,South Lahontan,9,92.1524,101.0,33.0,137.0,58.0222,335871
PTJPL,2019-09-01,South Lahontan,9,69.8253,71.0,30.0,99.0,41.6702,335871
PTJPL,2019-10-01,South Lahontan,9,43.1694,41.0,20.0,59.0,27.6175,335871
PTJPL,2019-11-01,South Lahontan,9,40.2009,37.0,29.0,47.0,17.1114,335871
PTJPL,2019-12-01,South Lahontan,9,29.1601,29.0,19.0,38.0,13.4549,326027
PTJPL,2020-01-01,South Lahontan,9,33.6908,32.0,23.0,43.0,13.9229,333021
PTJPL,2020-02-01,South Lahontan,9,31.5181,27.0,22.0,36.0,14.8559,335867
PTJPL,2020-03-01,South Lahontan,9,61.8782,56.0,43.0,73.0,27.6067,335820
PTJPL,2020-04-01,South Lahontan,9,81.8791,77.0,55.0,97.0,36.9465,335856
PTJPL,2020-05-01,South Lahontan,9,105.24,107.0,70.0,139.0,48.1256,335871
PTJPL,2020-06-01,South Lahontan,9,102.1481,101.0,51.0,145.0,56.4375,335871
PTJPL,2020-07-01,South Lahontan,9,101.931,107.0,44.0,149.0,59.8776,335871
PTJPL,2020-08-01,South Lahontan,9,90.4532,92.0,40.0,133.0,52.6473,335871
PTJPL,2020-09-01,South Lahontan,9,64.2955,61.0,28.0,91.0,40.4031,335871
PTJPL,2020-10-01,South Lahontan,9,47.573,40.0,23.0,67.0,29.7306,335871
PTJPL,2020-11-01,South Lahontan,9,28.5051,25.0,17.0,36.0,14.6126,335871
PTJPL,2020-12-01,South Lahontan,9,22.6021,21.0,17.0,27.0,8.6013,335851
PTJPL,2021-01-01,South Lahontan,9,25.4647,23.0,17.0,32.0,11.6762,335530
PTJPL,2021-02-01,South Lahontan,9,34.9244,32.0,26.0,40.0,13.5318,314297
PTJPL,2021-03-01,South Lahontan,9,44.2263,37.0,31.0,47.0,21.6184,332738
PTJPL,2021-04-01,South Lahontan,9,65.7232,58.0,28.0,86.0,45.5372,335871
PTJPL,2021-05-01,South Lahontan,9,79.0111,76.0,26.0,118.0,55.3281,335871
PTJPL,2021-06-01,South Lahontan,9,82.661,81.0,23.0,131.0,59.9063,335871
PTJPL,2021-07-01,South Lahontan,9,86.3013,88.0,26.0,135.0,60.796,335871
PTJPL,2021-08-01,South Lahontan,9,74.0216,71.0,24.0,115.0,52.0874,335871
PTJPL,2021-09-01,South Lahontan,9,53.1917,45.0,17.0,84.0,39.3415,335871
PTJPL,2021-10-01,South Lahontan,9,49.5464,42.0,32.0,59.0,24.9579,335871
PTJPL,2021-11-01,South Lahontan,9,31.4149,29.0,17.0,39.0,17.4706,335871
PTJPL,2021-12-01,South Lahontan,9,18.5518,16.0,12.0,22.0,8.8429,335795
PTJPL,2022-01-01,South Lahontan,9,24.3788,23.0,18.0,28.0,8.1566,305530
PTJPL,2022-02-01,South Lahontan,9,30.7206,26.0,21.0,37.0,13.8768,305532
PTJPL,2022-03-01,South Lahontan,9,42.2886,38.0,26.0,49.0,23.5799,319239
PTJPL,2022-04-01,South Lahontan,9,69.8066,64.0,40.0,87.0,39.5137,335861
PTJPL,2022-05-01,South Lahontan,9,81.5279,73.0,33.0,122.0,55.0179,335871
PTJPL,2022-06-01,South Lahontan,9,89.6603,84.0,33.0,131.0,60.5735,335871
PTJPL,2022-07-01,South Lahontan,9,87.3925,85.0,29.0,138.0,59.0053,335871
PTJPL,2022-08-01,South Lahontan,9,81.1096,80.0,27.0,127.0,53.9076,335871
PTJPL,2022-09-01,South Lahontan,9,66.7639,63.0,30.0,99.0,39.9604,335871
PTJPL,2022-10-01,South Lahontan,9,44.5205,40.0,18.0,65.0,29.8755,335871
PTJPL,2022-11-01,South Lahontan,9,30.2645,28.0,21.0,35.0,12.7852,335871
PTJPL,2022-12-01,South Lahontan,9,27.8854,25.0,21.0,33.0,9.4859,305993
PTJPL,2023-01-01,South Lahontan,9,28.6934,27.0,20.0,39.0,11.2657,304846
PTJPL,2023-02-01,South Lahontan,9,33.9336,32.0,25.0,39.0,13.0877,304849
PTJPL,2023-03-01,South Lahontan,9,64.3454,61.0,48.0,77.0,22.2687,305389
PTJPL,2023-04-01,South Lahontan,9,87.8487,86.0,57.0,110.0,40.4896,314581
PTJPL,2023-05-01,South Lahontan,9,95.91,94.0,62.0,129.0,45.757,335855
PTJPL,2023-06-01,South Lahontan,9,97.8808,108.0,50.0,142.0,51.5425,335871
PTJPL,2023-07-01,South Lahontan,9,105.9439,122.0,43.0,159.0,62.6643,335871
PTJPL,2023-08-01,South Lahontan,9,100.2749,111.0,51.0,143.0,53.0106,335871
PTJPL,2023-09-01,South Lahontan,9,81.9921,88.0,53.0,110.0,37.5883,335871
PTJPL,2023-10-01,South Lahontan,9,58.1348,57.0,38.0,75.0,27.4519,335871
PTJPL,2023-11-01,South Lahontan,9,35.0676,32.0,24.0,40.0,14.9327,335871
PTJPL,2023-12-01,South Lahontan,9,30.8199,30.0,24.0,36.0,10.3085,335844
PTJPL,2024-01-01,South Lahontan,9,28.218,26.0,20.0,35.0,11.5656,303097
PTJPL,2024-02-01,South Lahontan,9,46.1081,45.0,36.0,55.0,14.5627,306841
PTJPL,2024-03-01,South Lahontan,9,73.471,66.0,53.0,87.0,26.9666,320465
PTJPL,2024-04-01,South Lahontan,9,97.5827,95.0,71.0,113.0,34.9533,335871
PTJPL,2024-05-01,South Lahontan,9,105.2476,104.0,67.0,143.0,47.1072,335871
PTJPL,2024-06-01,South Lahontan,9,107.0927,113.0,51.0,155.0,58.7309,335871
PTJPL,2024-07-01,South Lahontan,9,107.5961,117.0,45.0,162.0,62.5,335871
PTJPL,2024-08-01,South Lahontan,9,87.6851,90.0,40.0,130.0,49.9283,335871
PTJPL,2024-09-01,South Lahontan,9,69.2287,62.0,37.0,95.0,38.424,335871
PTJPL,2024-10-01,South Lahontan,9,44.7892,38.0,25.0,59.0,25.7209,335871
PTJPL,2024-11-01,South Lahontan,9,27.7578,25.0,19.0,31.0,13.3015,335871
PTJPL,2024-12-01,South Lahontan,9,25.5142,23.0,19.0,31.0,11.2181,335818
PTJPL,2025-01-01,South Lahontan,9,22.3621,21.0,15.0,27.0,10.0829,335818
PTJPL,2025-02-01,South Lahontan,9,39.7968,38.0,28.0,47.0,17.6869,335613
PTJPL,2025-03-01,South Lahontan,9,54.7772,48.0,38.0,62.0,24.945,335805
PTJPL,2025-04-01,South Lahontan,9,66.6812,61.0,40.0,85.0,36.0063,335871
PTJPL,2025-05-01,South Lahontan,9,94.8625,92.0,47.0,136.0,53.3356,335871
PTJPL,2025-06-01,South Lahontan,9,94.5865,102.0,32.0,146.0,60.6256,335871
PTJPL,2025-07-01,South Lahontan,9,88.8189,94.0,29.0,136.0,57.931,335871
PTJPL,2025-08-01,South Lahontan,9,84.0218,87.0,29.0,127.0,54.234,335871
PTJPL,2025-09-01,South Lahontan,9,76.891,77.0,39.0,106.0,41.794,335871
PTJPL,2025-10-01,South Lahontan,9,51.5934,50.0,26.0,72.0,28.4098,335871
PTJPL,2025-11-01,South Lahontan,9,34.0505,30.0,24.0,40.0,15.0003,335848
PTJPL,2025-12-01,South Lahontan,9,32.4006,30.0,25.0,37.0,10.0917,335780
PTJPL,2003-10-01,Tulare Lake,7,50.292,48.0,18.0,82.0,33.3829,14213540
PTJPL,2003-11-01,Tulare Lake,7,34.5968,36.0,20.0,47.0,15.6505,14089690
PTJPL,2003-12-01,Tulare Lake,7,34.3168,33.0,30.0,39.0,6.7508,13333035
PTJPL,2004-01-01,Tulare Lake,7,35.1938,36.0,32.0,39.0,5.2652,12741617
PTJPL,2004-02-01,Tulare Lake,7,57.5764,59.0,49.0,68.0,12.7552,13355327
PTJPL,2004-03-01,Tulare Lake,7,89.7818,89.0,72.0,110.0,24.7325,14211039
PTJPL,2004-04-01,Tulare Lake,7,75.4994,69.0,35.0,114.0,42.3465,14214054
PTJPL,2004-05-01,Tulare Lake,7,91.7337,80.4981,38.4898,144.5032,57.0925,14214085
PTJPL,2004-06-01,Tulare Lake,7,108.5503,126.5066,38.4932,164.5018,64.7452,14214085
PTJPL,2004-07-01,Tulare Lake,7,119.8185,142.5068,38.4851,180.5011,71.8311,14214085
PTJPL,2004-08-01,Tulare Lake,7,102.2106,118.5074,28.4803,160.4999,64.6398,14214085
PTJPL,2004-09-01,Tulare Lake,7,70.7941,77.0,17.0,115.0,47.7116,14214085
PTJPL,2004-10-01,Tulare Lake,7,51.1891,51.0,29.0,73.0,25.6861,14213829
PTJPL,2004-11-01,Tulare Lake,7,37.4987,38.0,30.0,44.0,10.117,11696152
PTJPL,2004-12-01,Tulare Lake,7,28.5379,28.0,21.0,35.0,9.1533,7580700
PTJPL,2005-01-01,Tulare Lake,7,35.4869,36.0,31.0,39.0,5.4736,12232907
PTJPL,2005-02-01,Tulare Lake,7,60.7163,62.0,57.0,66.0,6.4563,13899167
PTJPL,2005-03-01,Tulare Lake,7,90.9198,93.0,82.0,103.0,16.2534,13747382
PTJPL,2005-04-01,Tulare Lake,7,95.2332,94.0,71.0,119.0,27.4959,14212800
PTJPL,2005-05-01,Tulare Lake,7,101.3417,99.0,57.0,144.0,47.2824,14213928
PTJPL,2005-06-01,Tulare Lake,7,105.5244,112.5034,50.4905,154.499,56.1651,14214085
PTJPL,2005-07-01,Tulare Lake,7,127.5433,152.5049,46.4906,188.502,72.044,14214085
PTJPL,2005-08-01,Tulare Lake,7,102.4625,120.5082,30.4813,156.5025,62.5341,14214085
PTJPL,2005-09-01,Tulare Lake,7,76.7684,87.0,24.0,119.0,46.6017,14214085
PTJPL,2005-10-01,Tulare Lake,7,57.4332,60.0,26.0,85.0,31.0357,14214085
PTJPL,2005-11-01,Tulare Lake,7,37.4436,34.0,24.0,52.0,15.8567,14184908
PTJPL,2005-12-01,Tulare Lake,7,26.2542,27.0,20.0,32.0,8.5139,13991780
PTJPL,2006-01-01,Tulare Lake,7,32.4365,33.0,27.0,37.0,6.7053,14195469
PTJPL,2006-02-01,Tulare Lake,7,49.6632,50.0,43.0,57.0,10.9776,14208761
PTJPL,2006-03-01,Tulare Lake,7,67.216,67.0,56.0,80.0,15.3579,13913524
PTJPL,2006-04-01,Tulare Lake,7,82.7923,84.0,64.0,99.0,22.6026,14205154
PTJPL,2006-05-01,Tulare Lake,7,105.6148,104.4975,58.4903,150.5043,50.0838,14214071
PTJPL,2006-06-01,Tulare Lake,7,110.8573,122.5056,46.4921,162.4971,61.5285,14214085
PTJPL,2006-07-01,Tulare Lake,7,127.4685,150.5064,48.0,188.5029,72.1531,14214085
PTJPL,2006-08-01,Tulare Lake,7,104.3944,120.506,32.4833,160.5016,63.3655,14214085
PTJPL,2006-09-01,Tulare Lake,7,76.0535,85.0,23.0,119.0,47.663,14214085
PTJPL,2006-10-01,Tulare Lake,7,56.3168,57.0,29.0,81.0,28.1163,14213963
PTJPL,2006-11-01,Tulare Lake,7,33.024,31.0,22.0,44.0,13.2643,14213772
PTJPL,2006-12-01,Tulare Lake,7,26.9701,26.0,22.0,31.0,6.7972,14212761
PTJPL,2007-01-01,Tulare Lake,7,24.9551,24.0,22.0,28.0,5.0838,14210357
PTJPL,2007-02-01,Tulare Lake,7,41.4661,42.0,36.0,48.0,8.7453,14213116
PTJPL,2007-03-01,Tulare Lake,7,65.9976,55.0,43.0,93.0,27.5323,14213875
PTJPL,2007-04-01,Tulare Lake,7,77.0166,71.0,40.0,114.0,39.0439,14213867
PTJPL,2007-05-01,Tulare Lake,7,96.2513,96.5022,38.4944,148.4969,59.0289,14213922
PTJPL,2007-06-01,Tulare Lake,7,107.7816,122.5071,38.4955,164.4985,66.1821,14214085
PTJPL,2007-07-01,Tulare Lake,7,113.621,132.5077,38.4947,170.5026,68.1302,14214085
PTJPL,2007-08-01,Tulare Lake,7,98.8127,110.5023,29.0,154.4985,62.4858,14214085
PTJPL,2007-09-01,Tulare Lake,7,75.5708,84.0,23.0,119.0,46.6313,14213985
PTJPL,2007-10-01,Tulare Lake,7,56.7317,56.0,24.0,88.0,32.2054,13948568
PTJPL,2007-11-01,Tulare Lake,7,36.0152,34.0,22.0,51.0,16.338,11796543
PTJPL,2007-12-01,Tulare Lake,7,37.3546,38.0,32.0,45.0,9.1451,11094825
PTJPL,2008-01-01,Tulare Lake,7,44.5106,45.0,40.0,49.0,7.231,12954609
PTJPL,2008-02-01,Tulare Lake,7,51.2046,52.0,46.0,57.0,8.365,14213370
PTJPL,2008-03-01,Tulare Lake,7,82.6389,81.0,64.0,103.0,23.0985,14213791
PTJPL,2008-04-01,Tulare Lake,7,85.4114,83.0,47.0,121.0,40.5617,14213985
PTJPL,2008-05-01,Tulare Lake,7,93.7076,98.506,38.4943,140.4977,54.7651,14214073
PTJPL,2008-06-01,Tulare Lake,7,104.7404,112.5014,36.4949,162.4987,65.4946,14214080
PTJPL,2008-07-01,Tulare Lake,7,112.0242,130.5039,36.4887,170.5014,67.0213,14214085
PTJPL,2008-08-01,Tulare Lake,7,96.6119,108.5017,24.4816,154.4977,64.2117,14214085
PTJPL,2008-09-01,Tulare Lake,7,73.0163,77.0,19.0,120.0,49.668,14214081
PTJPL,2008-10-01,Tulare Lake,7,52.0137,50.0,19.0,84.0,32.8149,14214081
PTJPL,2008-11-01,Tulare Lake,7,44.1361,43.0,34.0,56.0,13.4514,14213589
PTJPL,2008-12-01,Tulare Lake,7,26.6619,27.0,22.0,32.0,6.6285,13582331
PTJPL,2009-01-01,Tulare Lake,7,29.9307,31.0,26.0,35.0,6.9405,13970162
PTJPL,2009-02-01,Tulare Lake,7,54.4057,56.0,50.0,60.0,7.9595,14212277
PTJPL,2009-03-01,Tulare Lake,7,80.2893,79.0,64.0,96.0,19.4971,14213778
PTJPL,2009-04-01,Tulare Lake,7,63.2449,58.0,29.0,96.0,35.9832,14213891
PTJPL,2009-05-01,Tulare Lake,7,95.5105,102.5046,34.491,148.5012,58.9807,14213933
PTJPL,2009-06-01,Tulare Lake,7,103.8337,118.5077,38.4892,156.4997,60.2431,14214081
PTJPL,2009-07-01,Tulare Lake,7,108.2859,128.5059,26.4841,168.4981,70.284,14214085
PTJPL,2009-08-01,Tulare Lake,7,92.3767,104.5009,22.48,150.4981,63.0306,14214085
PTJPL,2009-09-01,Tulare Lake,7,71.349,74.0,18.0,119.0,49.4827,14214085
PTJPL,2009-10-01,Tulare Lake,7,56.8485,55.0,31.0,83.0,27.3859,14213930
PTJPL,2009-11-01,Tulare Lake,7,34.77,33.0,23.0,48.0,14.3415,14213276
PTJPL,2009-12-01,Tulare Lake,7,28.9184,28.0,24.0,32.0,6.3217,14203351
PTJPL,2010-01-01,Tulare Lake,7,39.1635,38.0,34.0,44.0,6.973,11057688
PTJPL,2010-02-01,Tulare Lake,7,54.907,56.0,51.0,59.0,5.834,13705425
PTJPL,2010-03-01,Tulare Lake,7,89.9525,91.0,74.0,107.0,19.5923,13290041
PTJPL,2010-04-01,Tulare Lake,7,87.5996,90.0,62.0,114.0,29.6649,14213158
PTJPL,2010-05-01,Tulare Lake,7,111.2523,114.0,70.0,149.0,44.4366,14213819
PTJPL,2010-06-01,Tulare Lake,7,104.0767,108.5015,40.4901,160.5005,62.1582,14214085
PTJPL,2010-07-01,Tulare Lake,7,118.2766,142.5055,36.4861,178.4987,70.5674,14214085
PTJPL,2010-08-01,Tulare Lake,7,103.0545,122.5066,28.483,158.4991,64.1586,14214085
PTJPL,2010-09-01,Tulare Lake,7,83.3036,93.0,28.0,129.0,50.7307,14214085
PTJPL,2010-10-01,Tulare Lake,7,55.6633,57.0,29.0,77.0,27.5495,14210128
PTJPL,2010-11-01,Tulare Lake,7,47.2987,47.0,38.0,59.0,12.2632,14210030
PTJPL,2010-12-01,Tulare Lake,7,34.7554,35.0,31.0,39.0,5.3734,14211919
PTJPL,2011-01-01,Tulare Lake,7,27.3962,26.0,21.0,32.0,7.6765,14183505
PTJPL,2011-02-01,Tulare Lake,7,54.8544,55.0,50.0,60.0,7.7262,14191645
PTJPL,2011-03-01,Tulare Lake,7,85.5875,86.0,76.0,96.0,13.4435,14174480
PTJPL,2011-04-01,Tulare Lake,7,102.0685,102.0,82.0,121.0,25.3238,14212328
PTJPL,2011-05-01,Tulare Lake,7,108.3552,110.0,69.0,145.0,43.4632,14213400
PTJPL,2011-06-01,Tulare Lake,7,108.6076,116.5022,54.493,156.4988,54.0461,14214085
PTJPL,2011-07-01,Tulare Lake,7,128.3745,152.5076,50.4941,186.5008,70.2286,14214085
PTJPL,2011-08-01,Tulare Lake,7,108.7256,130.5057,38.4867,160.5036,62.1363,14214085
PTJPL,2011-09-01,Tulare Lake,7,88.45,104.0,30.0,132.0,51.4009,14214084
PTJPL,2011-10-01,Tulare Lake,7,64.3025,69.0,36.0,90.0,29.1422,14213234
PTJPL,2011-11-01,Tulare Lake,7,42.6809,43.0,35.0,51.0,11.2286,14210418
PTJPL,2011-12-01,Tulare Lake,7,29.0881,29.0,22.0,36.0,9.4853,14182635
PTJPL,2012-01-01,Tulare Lake,7,26.9974,26.0,21.0,32.0,8.3326,14055454
PTJPL,2012-02-01,Tulare Lake,7,46.3125,47.0,38.0,54.0,11.4131,12563027
PTJPL,2012-03-01,Tulare Lake,7,61.566,57.0,40.0,83.0,24.0143,11429343
PTJPL,2012-04-01,Tulare Lake,7,74.2693,75.0,36.0,108.0,38.8285,14102631
PTJPL,2012-05-01,Tulare Lake,7,102.9194,106.5031,42.4963,154.4997,60.9519,14208168
PTJPL,2012-06-01,Tulare Lake,7,108.5231,118.505,38.4919,168.5012,67.7575,14213868
PTJPL,2012-07-01,Tulare Lake,7,121.9492,140.4995,44.4916,184.5011,71.5793,14142813
PTJPL,2012-08-01,Tulare Lake,7,110.087,128.5038,34.49,168.5004,68.0335,14143196
PTJPL,2012-09-01,Tulare Lake,7,76.0601,87.0,22.0,119.0,48.9479,14000909
PTJPL,2012-10-01,Tulare Lake,7,54.912,55.0,20.0,86.0,32.8275,14045325
PTJPL,2012-11-01,Tulare Lake,7,42.6079,44.0,29.0,55.0,15.5674,13329548
PTJPL,2012-12-01,Tulare Lake,7,31.3066,31.0,27.0,35.0,5.4277,13651065
PTJPL,2013-01-01,Tulare Lake,7,35.4379,35.0,31.0,40.0,6.8693,13832254
PTJPL,2013-02-01,Tulare Lake,7,55.9716,57.0,49.0,64.0,11.9398,13289307
PTJPL,2013-03-01,Tulare Lake,7,79.2479,79.0,58.0,103.0,26.1589,13473129
PTJPL,2013-04-01,Tulare Lake,7,87.9551,91.0,40.0,131.0,47.9405,14213943
PTJPL,2013-05-01,Tulare Lake,7,96.1285,102.0,40.0,144.0,55.5661,14214085
PTJPL,2013-06-01,Tulare Lake,7,111.4412,128.5031,40.4951,168.4994,66.7622,14214085
PTJPL,2013-07-01,Tulare Lake,7,115.7218,136.5057,38.4879,172.4986,68.6779,14214085
PTJPL,2013-08-01,Tulare Lake,7,100.355,118.506,30.4811,154.4981,61.2328,14214085
PTJPL,2013-09-01,Tulare Lake,7,73.8657,83.0,24.0,116.0,45.3521,14213560
PTJPL,2013-10-01,Tulare Lake,7,48.3674,48.0,16.0,78.0,31.3814,14207433
PTJPL,2013-11-01,Tulare Lake,7,24.3703,22.0,14.0,34.0,12.4416,14210307
PTJPL,2013-12-01,Tulare Lake,7,24.736,23.0,20.0,29.0,7.1913,14213398
PTJPL,2014-01-01,Tulare Lake,7,25.5524,25.0,19.0,31.0,9.0448,14213260
PTJPL,2014-02-01,Tulare Lake,7,32.0407,29.0,22.0,43.0,13.5378,14176074
PTJPL,2014-03-01,Tulare Lake,7,57.3752,48.0,30.0,88.0,31.3786,14205193
PTJPL,2014-04-01,Tulare Lake,7,83.9207,85.0,36.0,127.0,47.6359,14214031
PTJPL,2014-05-01,Tulare Lake,7,100.7526,105.0,35.0,158.0,64.4097,14214082
PTJPL,2014-06-01,Tulare Lake,7,102.6722,114.5039,30.4898,162.5025,67.5802,14214085
PTJPL,2014-07-01,Tulare Lake,7,105.7559,122.5043,28.4814,166.5,68.9627,14214085
PTJPL,2014-08-01,Tulare Lake,7,94.2592,106.5015,24.4859,150.5006,62.2809,14214085
PTJPL,2014-09-01,Tulare Lake,7,71.6461,76.0,20.0,117.0,47.4714,14214085
PTJPL,2014-10-01,Tulare Lake,7,48.0914,46.0,16.0,78.0,32.1856,14213829
PTJPL,2014-11-01,Tulare Lake,7,41.4528,40.0,29.0,53.0,14.4157,14211319
PTJPL,2014-12-01,Tulare Lake,7,29.3668,28.0,23.0,35.0,8.364,14208926
PTJPL,2015-01-01,Tulare Lake,7,27.7063,27.0,22.0,31.0,7.1135,14150240
PTJPL,2015-02-01,Tulare Lake,7,56.7589,58.0,48.0,66.0,13.2561,14212114
PTJPL,2015-03-01,Tulare Lake,7,70.1425,66.0,43.0,98.0,31.1751,14213813
PTJPL,2015-04-01,Tulare Lake,7,79.756,80.0,42.0,113.0,41.1002,14213830
PTJPL,2015-05-01,Tulare Lake,7,94.3241,96.0,35.0,147.0,58.2828,14213921
PTJPL,2015-06-01,Tulare Lake,7,108.2967,122.5054,30.4856,170.4977,69.9872,14214085
PTJPL,2015-07-01,Tulare Lake,7,108.01,126.5078,28.4885,168.5015,69.3559,14214085
PTJPL,2015-08-01,Tulare Lake,7,90.8691,100.0,24.0,148.0,61.1748,14214085
PTJPL,2015-09-01,Tulare Lake,7,66.6603,66.0,20.0,109.0,44.9195,14211979
PTJPL,2015-10-01,Tulare Lake,7,55.4728,52.0,26.0,85.0,30.9733,14203633
PTJPL,2015-11-01,Tulare Lake,7,47.1972,47.0,38.0,57.0,11.8842,14212255
PTJPL,2015-12-01,Tulare Lake,7,35.9844,36.0,31.0,41.0,6.9376,13924065
PTJPL,2016-01-01,Tulare Lake,7,37.8481,39.0,32.0,44.0,7.2923,13798776
PTJPL,2016-02-01,Tulare Lake,7,65.0163,66.0,59.0,73.0,11.7729,14213219
PTJPL,2016-03-01,Tulare Lake,7,86.607,87.0,70.0,104.0,21.4149,14213678
PTJPL,2016-04-01,Tulare Lake,7,84.5543,89.0,46.0,119.0,40.531,14213546
PTJPL,2016-05-01,Tulare Lake,7,98.0108,101.0,45.0,148.0,54.8356,14213792
PTJPL,2016-06-01,Tulare Lake,7,108.3685,124.5081,34.491,168.4994,67.3872,14214085
PTJPL,2016-07-01,Tulare Lake,7,112.9227,130.5059,30.4811,178.5003,72.8128,14214085
PTJPL,2016-08-01,Tulare Lake,7,92.6333,102.0,24.0,150.0,62.0102,14214085
PTJPL,2016-09-01,Tulare Lake,7,69.4303,70.0,19.0,116.0,48.0048,14213848
PTJPL,2016-10-01,Tulare Lake,7,53.3181,50.0,24.0,82.0,29.7554,14213836
PTJPL,2016-11-01,Tulare Lake,7,34.7008,33.0,22.0,46.0,15.3783,14205783
PTJPL,2016-12-01,Tulare Lake,7,29.6678,29.0,23.0,35.0,8.321,13301435
PTJPL,2017-01-01,Tulare Lake,7,39.371,40.0,35.0,44.0,6.9045,11596602
PTJPL,2017-02-01,Tulare Lake,7,49.6689,50.0,45.0,55.0,8.0374,14212258
PTJPL,2017-03-01,Tulare Lake,7,94.2873,94.0,82.0,108.0,17.9811,14211076
PTJPL,2017-04-01,Tulare Lake,7,97.8806,100.0,72.0,124.0,30.3197,14213591
PTJPL,2017-05-01,Tulare Lake,7,107.9033,106.503,62.4975,148.499,49.9193,14213882
PTJPL,2017-06-01,Tulare Lake,7,114.3679,130.5005,42.4908,172.5014,66.4178,14214085
PTJPL,2017-07-01,Tulare Lake,7,126.2402,148.505,44.4874,188.5006,72.4608,14214085
PTJPL,2017-08-01,Tulare Lake,7,104.5786,120.5049,32.4846,160.5015,63.9129,14214085
PTJPL,2017-09-01,Tulare Lake,7,76.4101,85.0,26.0,120.0,46.6897,14213627
PTJPL,2017-10-01,Tulare Lake,7,57.5571,61.0,21.0,91.0,35.0124,14212268
PTJPL,2017-11-01,Tulare Lake,7,39.0859,37.0,24.0,54.0,17.1532,14213643
PTJPL,2017-12-01,Tulare Lake,7,27.3855,25.0,20.0,33.0,9.7166,14213231
PTJPL,2018-01-01,Tulare Lake,7,36.6462,35.0,31.0,41.0,8.8431,14213252
PTJPL,2018-02-01,Tulare Lake,7,38.3513,36.0,30.0,45.0,11.047,14213687
PTJPL,2018-03-01,Tulare Lake,7,73.6563,74.0,59.0,91.0,20.769,13961577
PTJPL,2018-04-01,Tulare Lake,7,91.4174,91.0,54.0,127.0,40.9419,14213665
PTJPL,2018-05-01,Tulare Lake,7,111.9885,118.0,50.0,165.0,61.2414,14213782
PTJPL,2018-06-01,Tulare Lake,7,113.7142,130.5042,34.486,176.4996,71.1772,14213825
PTJPL,2018-07-01,Tulare Lake,7,125.6416,146.505,42.4863,190.5026,74.6777,14214085
PTJPL,2018-08-01,Tulare Lake,7,104.7407,122.5023,32.4894,162.5023,63.8934,14214085
PTJPL,2018-09-01,Tulare Lake,7,74.0882,82.0,20.0,119.0,48.5361,14213693
PTJPL,2018-10-01,Tulare Lake,7,52.7196,55.0,15.0,85.0,35.2944,14212964
PTJPL,2018-11-01,Tulare Lake,7,33.4776,31.0,19.0,47.0,16.2607,14213126
PTJPL,2018-12-01,Tulare Lake,7,31.4953,31.0,28.0,35.0,6.1162,14181067
PTJPL,2019-01-01,Tulare Lake,7,39.334,38.0,34.0,44.0,8.1209,14072021
PTJPL,2019-02-01,Tulare Lake,7,49.9417,51.0,42.0,58.0,10.6519,13956651
PTJPL,2019-03-01,Tulare Lake,7,80.6751,81.0,69.0,93.0,16.6343,14178923
PTJPL,2019-04-01,Tulare Lake,7,89.9348,91.0,57.0,121.0,35.6799,14211970
PTJPL,2019-05-01,Tulare Lake,7,94.8989,101.0,50.0,134.0,46.8911,14213859
PTJPL,2019-06-01,Tulare Lake,7,120.2556,138.5073,48.4931,178.4986,67.2857,14213866
PTJPL,2019-07-01,Tulare Lake,7,125.1496,148.5074,46.4924,186.5001,71.3249,14214084
PTJPL,2019-08-01,Tulare Lake,7,105.7713,124.504,34.4889,162.5027,63.2728,14214075
PTJPL,2019-09-01,Tulare Lake,7,75.9168,84.0,26.0,117.0,45.7446,14213245
PTJPL,2019-10-01,Tulare Lake,7,54.2125,57.0,19.0,85.0,32.9277,14212872
PTJPL,2019-11-01,Tulare Lake,7,37.4527,35.0,25.0,49.0,15.2999,14213205
PTJPL,2019-12-01,Tulare Lake,7,38.1647,38.0,34.0,42.0,6.3734,14201635
PTJPL,2020-01-01,Tulare Lake,7,33.0978,32.0,28.0,37.0,6.6686,14212148
PTJPL,2020-02-01,Tulare Lake,7,58.3999,59.0,50.0,67.0,12.965,14213436
PTJPL,2020-03-01,Tulare Lake,7,82.2524,83.0,69.0,96.0,17.7618,14212482
PTJPL,2020-04-01,Tulare Lake,7,108.0979,112.0,78.0,136.0,34.888,14210109
PTJPL,2020-05-01,Tulare Lake,7,116.6528,122.5016,54.4942,172.4994,62.3126,14213808
PTJPL,2020-06-01,Tulare Lake,7,113.7001,128.5064,38.4868,174.4989,69.1239,14214085
PTJPL,2020-07-01,Tulare Lake,7,121.8517,144.5081,36.484,186.5009,74.3212,14214085
PTJPL,2020-08-01,Tulare Lake,7,98.8728,116.0,32.0,152.0,59.5029,14214085
PTJPL,2020-09-01,Tulare Lake,7,77.2135,83.0,26.0,121.0,47.3988,14214085
PTJPL,2020-10-01,Tulare Lake,7,52.7811,54.0,18.0,86.0,33.961,14213556
PTJPL,2020-11-01,Tulare Lake,7,39.765,38.0,25.0,54.0,16.3048,14212478
PTJPL,2020-12-01,Tulare Lake,7,26.4609,25.0,20.0,33.0,8.8817,14211382
PTJPL,2021-01-01,Tulare Lake,7,32.2131,32.0,26.0,37.0,8.2486,14206903
PTJPL,2021-02-01,Tulare Lake,7,49.2133,49.0,43.0,55.0,9.5934,14213490
PTJPL,2021-03-01,Tulare Lake,7,67.9272,67.0,53.0,82.0,19.8168,14213289
PTJPL,2021-04-01,Tulare Lake,7,83.3988,85.0,42.0,122.0,43.3338,14213279
PTJPL,2021-05-01,Tulare Lake,7,106.4605,116.5043,36.4905,164.4974,65.4282,14213750
PTJPL,2021-06-01,Tulare Lake,7,106.3449,120.5059,30.4857,168.4995,69.8344,14214085
PTJPL,2021-07-01,Tulare Lake,7,111.1989,128.5028,32.4843,174.4995,70.2257,14214085
PTJPL,2021-08-01,Tulare Lake,7,95.4954,109.0,28.0,151.0,60.8946,14214085
PTJPL,2021-09-01,Tulare Lake,7,63.9088,68.0,18.0,104.0,42.9057,14214085
PTJPL,2021-10-01,Tulare Lake,7,54.2548,56.0,28.0,77.0,27.0018,14213720
PTJPL,2021-11-01,Tulare Lake,7,36.9997,36.0,27.0,45.0,11.5727,14213192
PTJPL,2021-12-01,Tulare Lake,7,25.6217,25.0,22.0,29.0,5.3531,13079263
PTJPL,2022-01-01,Tulare Lake,7,36.7487,35.0,30.0,42.0,8.1138,13204540
PTJPL,2022-02-01,Tulare Lake,7,48.1484,49.0,41.0,56.0,12.466,14205487
PTJPL,2022-03-01,Tulare Lake,7,65.9018,64.0,44.0,89.0,25.8361,14210195
PTJPL,2022-04-01,Tulare Lake,7,83.9288,91.0,43.0,120.0,42.293,14213620
PTJPL,2022-05-01,Tulare Lake,7,103.8833,113.0,40.0,159.0,61.8196,14213735
PTJPL,2022-06-01,Tulare Lake,7,109.19,125.0,37.0,169.0,66.216,14214085
PTJPL,2022-07-01,Tulare Lake,7,113.3397,132.5056,34.4818,174.5009,70.1504,14214085
PTJPL,2022-08-01,Tulare Lake,7,86.8564,95.0,26.0,135.0,56.0637,14214085
PTJPL,2022-09-01,Tulare Lake,7,71.8754,80.0,22.0,114.0,45.6075,14214085
PTJPL,2022-10-01,Tulare Lake,7,53.4624,57.0,17.0,86.0,34.472,14212436
PTJPL,2022-11-01,Tulare Lake,7,43.0696,44.0,31.0,55.0,13.8831,14213656
PTJPL,2022-12-01,Tulare Lake,7,26.7557,27.0,21.0,31.0,6.9143,14209677
PTJPL,2023-01-01,Tulare Lake,7,37.0176,37.0,33.0,41.0,5.6791,14209808
PTJPL,2023-02-01,Tulare Lake,7,57.1863,58.0,52.0,65.0,10.727,14211150
PTJPL,2023-03-01,Tulare Lake,7,79.3755,80.0,71.0,88.0,12.791,14213153
PTJPL,2023-04-01,Tulare Lake,7,114.9877,119.0,93.0,138.0,29.9776,14213576
PTJPL,2023-05-01,Tulare Lake,7,124.2417,132.0,78.0,164.0,51.1853,14213309
PTJPL,2023-06-01,Tulare Lake,7,118.0514,132.5088,56.4883,166.4961,60.1695,14214085
PTJPL,2023-07-01,Tulare Lake,7,130.0788,148.5069,54.4898,188.5021,72.7205,14214085
PTJPL,2023-08-01,Tulare Lake,7,117.6692,136.5072,50.4892,170.5022,63.7047,14214085
PTJPL,2023-09-01,Tulare Lake,7,87.5528,101.0,36.0,128.0,47.917,14214085
PTJPL,2023-10-01,Tulare Lake,7,61.1934,66.0,26.0,90.0,33.9456,14213786
PTJPL,2023-11-01,Tulare Lake,7,41.8823,42.0,28.0,54.0,14.5904,14213087
PTJPL,2023-12-01,Tulare Lake,7,37.0363,38.0,30.0,43.0,8.4465,14182999
PTJPL,2024-01-01,Tulare Lake,7,38.1867,38.0,35.0,42.0,5.85,14149793
PTJPL,2024-02-01,Tulare Lake,7,54.3061,54.0,48.0,60.0,8.3648,14213441
PTJPL,2024-03-01,Tulare Lake,7,84.775,86.0,73.0,97.0,15.647,14213607
PTJPL,2024-04-01,Tulare Lake,7,119.3909,124.0,95.0,144.0,31.1248,14213519
PTJPL,2024-05-01,Tulare Lake,7,117.8617,127.0,56.4935,168.5001,60.2666,14213696
PTJPL,2024-06-01,Tulare Lake,7,123.9657,140.5059,48.4907,186.4999,70.2322,14214085
PTJPL,2024-07-01,Tulare Lake,7,141.8374,166.51,52.4914,212.5003,79.816,14214085
PTJPL,2024-08-01,Tulare Lake,7,103.3182,122.5068,34.4826,156.5002,60.9587,14214085
PTJPL,2024-09-01,Tulare Lake,7,75.7881,85.0,26.0,118.0,45.7536,14214085
PTJPL,2024-10-01,Tulare Lake,7,55.6233,58.0,22.0,84.0,32.2658,14214085
PTJPL,2024-11-01,Tulare Lake,7,34.6893,34.0,23.0,45.0,13.5322,14213334
PTJPL,2024-12-01,Tulare Lake,7,35.5666,36.0,30.0,41.0,8.6641,14211049
PTJPL,2025-01-01,Tulare Lake,7,38.3323,38.0,34.0,43.0,7.0889,14212991
PTJPL,2025-02-01,Tulare Lake,7,54.8926,55.0,47.0,62.0,10.7736,14213305
PTJPL,2025-03-01,Tulare Lake,7,66.5966,69.0,50.0,83.0,20.7911,14213481
PTJPL,2025-04-01,Tulare Lake,7,91.2866,97.0,53.0,124.0,39.2341,14213472
PTJPL,2025-05-01,Tulare Lake,7,117.3576,126.5058,48.4904,176.4997,66.0587,14214085
PTJPL,2025-06-01,Tulare Lake,7,112.8945,130.5064,34.4854,176.4998,70.897,14214085
PTJPL,2025-07-01,Tulare Lake,7,115.7738,138.5078,32.4834,178.5021,71.7979,14214085
PTJPL,2025-08-01,Tulare Lake,7,101.9135,118.5072,30.4829,160.5002,64.4185,14214085
PTJPL,2025-09-01,Tulare Lake,7,82.152,93.0,30.0,127.0,47.969,14211078
PTJPL,2025-10-01,Tulare Lake,7,72.0883,77.0,41.0,102.0,31.9411,14206841
PTJPL,2025-11-01,Tulare Lake,7,41.7069,42.0,28.0,59.0,18.5565,13775937
PTJPL,2025-12-01,Tulare Lake,7,26.4638,27.0,22.0,31.0,6.0132,6771476
