,HR_NAME,area_acres,max_mask_area_acres,year_month,year,month,timestep,DISALEXI_ET_mean_in,EEMETRIC_ET_mean_in,ENSEMBLE_ET_mean_in,GEESEBAL_ET_mean_in,PTJPL_ET_mean_in,SIMS_ET_mean_in,SSEBOP_ET_mean_in,DISALEXI_ET_acre_ft,EEMETRIC_ET_acre_ft,ENSEMBLE_ET_acre_ft,GEESEBAL_ET_acre_ft,PTJPL_ET_acre_ft,SIMS_ET_acre_ft,SSEBOP_ET_acre_ft
0,California Islands,,103500,2003-10,2003.0,10.0,month,0.32335039370078744,0.9061968503937008,1.4313582677165353,2.88086220472441,3.6415629921259844,0.41229133858267725,0.5748031496062992,0.69,1.93,3.05,6.14,7.76,0.88,1.23
1,California Islands,,103500,2003-11,2003.0,11.0,month,0.9020866141732284,0.9140708661417324,0.786716535433071,0.48271259842519687,2.8531338582677166,1.381232283464567,0.43341338582677164,1.92,1.95,1.68,1.03,6.08,2.94,0.92
2,California Islands,,103500,2003-12,2003.0,12.0,month,0.7521377952755905,0.26429133858267717,0.6371102362204725,0.23998818897637797,1.8640866141732284,1.550744094488189,0.7045551181102363,1.6,0.56,1.36,0.51,3.97,3.31,1.5
3,California Islands,,103500,2004-00,,,water_year,22.658751968503935,13.580625984251968,21.5231062992126,29.232460629921263,38.84525984251969,16.99694094488189,11.760354330708662,48.28999999999999,28.95,45.879999999999995,62.29,82.79,36.25,25.070000000000004
4,California Islands,,103500,2004-01,2004.0,1.0,month,1.101677165354331,0.6234173228346457,1.2160236220472442,1.1530314960629922,2.263267716535433,1.772748031496063,1.1246141732283466,2.35,1.33,2.59,2.46,4.82,3.78,2.4
5,California Islands,,103500,2004-02,2004.0,2.0,month,1.2444370078740157,0.5244763779527559,1.346456692913386,1.0290984251968505,2.603216535433071,2.3731417322834645,1.4190354330708663,2.65,1.12,2.87,2.19,5.55,5.06,3.02
6,California Islands,,103500,2004-03,2004.0,3.0,month,3.2858622047244093,2.559397637795276,3.0294409448818898,3.3070866141732287,3.289283464566929,3.1605433070866145,2.1893188976377953,7.0,5.45,6.46,7.05,7.01,6.74,4.67
7,California Islands,,103500,2004-04,2004.0,4.0,month,3.5669291338582676,1.6336889763779527,2.987677165354331,4.586102362204724,3.7001023622047247,2.7952755905511815,1.9130433070866142,7.6,3.48,6.37,9.77,7.89,5.96,4.08
8,California Islands,,103500,2004-05,2004.0,5.0,month,3.1389921259842524,1.0003425196850395,2.5094133858267718,3.6008228346456694,4.630948818897638,1.527779527559055,1.0376574803149607,6.69,2.13,5.35,7.67,9.87,3.26,2.21
9,California Islands,,103500,2004-06,2004.0,6.0,month,3.458405511811024,1.6645,2.3238622047244095,3.1215354330708664,3.1150275590551186,0.6889763779527559,0.7076338582677166,7.37,3.55,4.95,6.65,6.64,1.47,1.51
10,California Islands,,103500,2004-07,2004.0,7.0,month,2.6439566929133855,1.6258149606299213,2.201299212598425,3.3351574803149604,3.6785354330708664,0.5577440944881891,0.7572755905511811,5.64,3.47,4.69,7.11,7.84,1.19,1.61
11,California Islands,,103500,2004-08,2004.0,8.0,month,0.777720472440945,1.096200787401575,1.6662086614173228,3.4498464566929132,3.6600472440944882,0.38276377952755913,0.5005118110236221,1.66,2.34,3.55,7.35,7.8,0.82,1.07
12,California Islands,,103500,2004-09,2004.0,9.0,month,1.4631968503937007,0.768228346456693,1.3875393700787402,2.046216535433071,3.5460472440944883,0.3937007874015748,0.398492125984252,3.12,1.64,2.96,4.36,7.56,0.84,0.85
13,California Islands,,103500,2004-10,2004.0,10.0,month,1.4303307086614172,0.806232283464567,1.4019173228346458,1.900720472440945,3.145157480314961,1.314523622047244,0.5813070866141733,3.05,1.72,2.99,4.05,6.7,2.8,1.24
14,California Islands,,103500,2004-11,2004.0,11.0,month,1.502224409448819,1.08148031496063,1.2612125984251967,0.8000669291338584,3.1530314960629924,1.9269448818897639,1.201984251968504,3.2,2.3,2.69,1.71,6.72,4.11,2.56
15,California Islands,,103500,2004-12,2004.0,12.0,month,0.9729527559055119,0.9917834645669291,1.2810669291338583,1.0801102362204724,2.6840118110236224,2.0888031496062993,1.315988188976378,2.07,2.11,2.73,2.3,5.72,4.45,2.8
16,California Islands,,103500,2005-00,,,water_year,29.85138188976378,17.63476377952756,26.688807086614172,31.690515748031498,41.834996062992126,24.3853937007874,18.818208661417323,63.64,37.58,56.89,67.53,89.16,51.959999999999994,40.09
17,California Islands,,103500,2005-01,2005.0,1.0,month,1.3266023622047245,0.786716535433071,1.5190000000000001,1.290996062992126,2.124956692913386,2.3195551181102365,1.6141732283464567,2.83,1.68,3.24,2.75,4.53,4.94,3.44
18,California Islands,,103500,2005-02,2005.0,2.0,month,1.3135905511811026,0.5580275590551181,1.4724409448818898,0.9253661417322835,2.2605275590551184,2.4420393700787404,1.850736220472441,2.8,1.19,3.14,1.97,4.82,5.2,3.94
19,California Islands,,103500,2005-03,2005.0,3.0,month,2.254712598425197,0.9417992125984253,2.324204724409449,2.0681259842519686,3.033208661417323,3.226157480314961,2.5953425196850395,4.81,2.01,4.95,4.41,6.46,6.88,5.53
20,California Islands,,103500,2005-04,2005.0,4.0,month,4.09038188976378,2.2516259842519686,3.4946929133858267,3.7206417322834646,4.330366141732283,3.4995629921259845,3.0171181102362206,8.72,4.8,7.45,7.93,9.23,7.46,6.43
21,California Islands,,103500,2005-05,2005.0,5.0,month,5.169803149606299,2.4775748031496065,3.623417322834646,4.214311023622047,4.263610236220472,3.122267716535433,2.49298031496063,11.02,5.28,7.72,8.98,9.09,6.65,5.31
22,California Islands,,103500,2005-06,2005.0,6.0,month,4.944539370078741,2.488531496062992,3.07292125984252,3.5494685039370077,3.960972440944882,1.8110236220472442,1.4789448818897637,10.54,5.3,6.55,7.56,8.44,3.86,3.15
23,California Islands,,103500,2005-07,2005.0,7.0,month,3.298488188976378,2.201696850393701,3.156795275590551,5.491956692913386,5.010956692913386,1.1307952755905513,1.1804173228346457,7.03,4.69,6.73,11.7,10.68,2.41,2.52
24,California Islands,,103500,2005-08,2005.0,8.0,month,1.5648740157480314,1.2184173228346458,1.9082519685039372,3.786716535433071,4.0790826771653546,0.5818031496062992,0.7511141732283464,3.34,2.6,4.07,8.07,8.69,1.24,1.6
25,California Islands,,103500,2005-09,2005.0,9.0,month,1.9828818897637797,1.8308779527559056,2.1728858267716538,2.8620354330708664,3.7891141732283464,0.9219173228346457,0.7381023622047245,4.23,3.9,4.63,6.1,8.08,1.96,1.57
26,California Islands,,103500,2005-10,2005.0,10.0,month,1.2238976377952757,0.5556299212598426,0.9150984251968505,1.0445039370078741,2.2992125984251968,0.8213031496062992,0.4378622047244095,2.61,1.18,1.95,2.23,4.9,1.75,0.93
27,California Islands,,103500,2005-11,2005.0,11.0,month,0.686751968503937,0.6042440944881889,0.7031850393700788,0.8531338582677166,2.486476377952756,0.7535000000000001,0.41903543307086616,1.46,1.29,1.5,1.82,5.3,1.61,0.89
28,California Islands,,103500,2005-12,2005.0,12.0,month,0.8914763779527559,0.1198228346456693,0.8147913385826772,1.1485787401574803,2.464224409448819,1.0815826771653545,0.36870866141732284,1.9,0.26,1.74,2.45,5.25,2.31,0.79
29,California Islands,,103500,2006-00,,,water_year,35.66894881889763,20.04244881889764,27.99897637795276,35.23005905511811,41.540570866141735,21.16579133858268,14.318043307086613,76.01,42.709999999999994,59.68,75.10000000000001,88.52999999999999,45.13,30.520000000000003
30,California Islands,,103500,2006-01,2006.0,1.0,month,1.2519685039370079,0.29715748031496064,1.0455314960629922,0.9130433070866142,2.309141732283465,1.7902440944881892,0.9085944881889764,2.67,0.63,2.23,1.95,4.92,3.82,1.94
31,California Islands,,103500,2006-02,2006.0,2.0,month,1.4922952755905512,1.71448031496063,2.2321141732283465,3.3950708661417326,3.4950354330708664,2.2878385826771654,1.3016102362204724,3.18,3.65,4.76,7.24,7.45,4.88,2.77
32,California Islands,,103500,2006-03,2006.0,3.0,month,2.289968503937008,1.9561811023622047,2.2115708661417326,2.0701811023622048,3.485448818897638,2.876204724409449,1.7021574803149606,4.88,4.17,4.71,4.41,7.43,6.13,3.63
33,California Islands,,103500,2006-04,2006.0,4.0,month,3.6220472440944884,1.8250590551181103,2.6056141732283464,2.155425196850394,3.3878818897637797,3.1605433070866145,1.950700787401575,7.72,3.89,5.55,4.59,7.22,6.74,4.16
34,California Islands,,103500,2006-05,2006.0,5.0,month,6.223212598425198,2.317700787401575,3.4234842519685045,3.9715866141732286,3.8271141732283462,2.8904212598425203,2.0003425196850397,13.26,4.94,7.3,8.46,8.16,6.16,4.26
35,California Islands,,103500,2006-06,2006.0,6.0,month,6.101677165354331,3.8120511811023623,4.326602362204725,5.694625984251968,4.420062992125985,2.635606299212599,2.0801102362204724,13.0,8.12,9.22,12.14,9.42,5.62,4.43
36,California Islands,,103500,2006-07,2006.0,7.0,month,5.697704724409449,3.1855511811023622,4.225606299212599,5.976720472440944,5.1574803149606305,1.334208661417323,1.419720472440945,12.14,6.79,9.01,12.74,10.99,2.84,3.03
37,California Islands,,103500,2006-08,2006.0,8.0,month,3.818555118110236,2.182472440944882,3.2300590551181103,4.73228346456693,4.3646023622047245,0.919728346456693,0.9835669291338583,8.14,4.65,6.88,10.09,9.3,1.96,2.1
38,California Islands,,103500,2006-09,2006.0,9.0,month,2.3693937007874015,1.4720984251968505,2.2653188976377954,3.2749055118110237,3.8438897637795275,0.6146102362204725,0.7456338582677166,5.05,3.14,4.83,6.98,8.19,1.31,1.59
39,California Islands,,103500,2006-10,2006.0,10.0,month,1.827456692913386,1.2327952755905511,1.9010629921259843,3.0698385826771655,3.9270787401574805,0.9251968503937008,0.67648031496063,3.89,2.63,4.05,6.54,8.37,1.97,1.44
40,California Islands,,103500,2006-11,2006.0,11.0,month,1.0924330708661418,0.8435472440944883,1.1804173228346457,1.8897637795275593,3.433755905511811,0.5828976377952756,0.5025669291338583,2.33,1.8,2.52,4.03,7.32,1.24,1.07
41,California Islands,,103500,2006-12,2006.0,12.0,month,1.096200787401575,0.35946456692913387,0.8130787401574804,0.8955826771653544,2.3618622047244098,0.9262913385826772,0.3714488188976378,2.34,0.77,1.73,1.91,5.03,1.97,0.79
42,California Islands,,103500,2007-00,,,water_year,31.442318897637797,15.01540157480315,23.93975196850394,29.03320472440945,42.044503937007875,16.018161417322833,9.760354330708662,67.02,32.019999999999996,51.019999999999996,61.879999999999995,89.61,34.13999999999999,20.790000000000003
43,California Islands,,103500,2007-01,2007.0,1.0,month,1.1502913385826772,0.48647637795275595,0.7987007874015748,0.7685708661417323,2.1995905511811022,1.0444015748031497,0.38582677165354334,2.45,1.04,1.7,1.64,4.69,2.23,0.82
44,California Islands,,103500,2007-02,2007.0,2.0,month,1.5200275590551182,0.8432047244094489,1.1266692913385827,0.6918858267716536,2.2851771653543307,1.9892834645669293,0.8185551181102363,3.24,1.8,2.4,1.47,4.87,4.24,1.74
45,California Islands,,103500,2007-03,2007.0,3.0,month,3.082507874015748,2.1478937007874017,2.7685708661417325,2.809653543307087,4.137964566929134,3.004157480314961,1.7240669291338584,6.57,4.58,5.9,5.99,8.82,6.4,3.67
46,California Islands,,103500,2007-04,2007.0,4.0,month,3.4892165354330706,1.6083543307086616,2.62992125984252,2.9352952755905513,3.640535433070866,2.771216535433071,1.4953779527559055,7.44,3.43,5.61,6.26,7.76,5.91,3.19
47,California Islands,,103500,2007-05,2007.0,5.0,month,4.483740157480315,1.5046220472440945,2.9448818897637796,3.5583700787401575,3.8788070866141733,2.096456692913386,1.271484251968504,9.56,3.21,6.28,7.58,8.27,4.47,2.71
48,California Islands,,103500,2007-06,2007.0,6.0,month,4.280381889763779,1.9602874015748033,2.8449173228346463,3.5381732283464573,3.798700787401575,0.797244094488189,0.7915078740157481,9.12,4.18,6.06,7.54,8.1,1.7,1.69
49,California Islands,,103500,2007-07,2007.0,7.0,month,4.277988188976378,2.0058188976377953,3.3567283464566935,4.447448818897638,4.846625984251968,0.6889763779527559,0.8401220472440944,9.12,4.27,7.15,9.48,10.33,1.47,1.79
50,California Islands,,103500,2007-08,2007.0,8.0,month,3.0605944881889764,1.061964566929134,1.7391299212598428,1.830196850393701,3.9195472440944883,0.4330708661417323,0.4320433070866142,6.52,2.26,3.71,3.9,8.35,0.92,0.92
51,California Islands,,103500,2007-09,2007.0,9.0,month,2.08148031496063,0.9609724409448819,1.8356732283464567,2.598425196850394,3.614858267716536,0.7589685039370079,0.4508740157480315,4.44,2.05,3.91,5.54,7.7,1.62,0.96
52,California Islands,,103500,2007-10,2007.0,10.0,month,1.8314133858267716,0.5712165354330709,1.1554409448818899,1.1765314960629922,3.0532913385826776,0.7152244094488189,0.40565354330708664,3.9,1.22,2.46,2.51,6.51,1.52,0.86
53,California Islands,,103500,2007-11,2007.0,11.0,month,0.954724409448819,0.22621259842519686,0.8553149606299214,0.8725393700787403,1.9276574803149606,0.32569685039370083,0.31594488188976383,2.03,0.48,1.82,1.86,4.11,0.69,0.67
54,California Islands,,103500,2007-12,2007.0,12.0,month,0.6988188976377954,0.30861023622047246,0.6673858267716536,0.6400826771653543,1.395732283464567,0.9541456692913386,0.32003937007874017,1.49,0.66,1.42,1.36,2.97,2.03,0.68
55,California Islands,,103500,2008-00,,,water_year,31.354291338582676,16.307661417322837,25.14342913385827,30.271224409448816,39.2574251968504,18.90573622047244,13.124055118110238,66.81,34.76,53.59,64.53,83.66000000000001,40.28,27.95
56,California Islands,,103500,2008-01,2008.0,1.0,month,0.8267716535433072,0.3721102362204724,1.0756929133858268,1.2763543307086616,1.8300748031496064,1.459007874015748,0.6223031496062993,1.76,0.79,2.29,2.72,3.9,3.11,1.33
57,California Islands,,103500,2008-02,2008.0,2.0,month,1.8514212598425197,1.2721653543307088,2.0301259842519683,2.5511811023622046,2.69394094488189,2.3895433070866146,1.3420078740157482,3.95,2.71,4.33,5.44,5.74,5.09,2.86
58,California Islands,,103500,2008-03,2008.0,3.0,month,3.706948818897638,2.790484251968504,3.184870078740158,3.222870078740158,3.5501535433070868,3.962161417322835,2.8993503937007876,7.9,5.95,6.79,6.87,7.57,8.44,6.18
59,California Islands,,103500,2008-04,2008.0,4.0,month,4.341665354330709,2.3218070866141733,3.2071220472440944,3.236562992125984,3.748716535433071,3.4503503937007878,2.523791338582677,9.25,4.95,6.84,6.9,7.99,7.35,5.38
60,California Islands,,103500,2008-05,2008.0,5.0,month,4.515236220472441,1.4183503937007875,2.993153543307087,3.287913385826772,4.2030118110236225,2.1773858267716535,1.385484251968504,9.62,3.02,6.38,7.01,8.96,4.64,2.95
61,California Islands,,103500,2008-06,2008.0,6.0,month,4.534748031496063,1.6080118110236221,2.676137795275591,2.846968503937008,4.229374015748032,1.2390629921259844,1.1461811023622048,9.66,3.43,5.7,6.07,9.01,2.64,2.44
62,California Islands,,103500,2008-07,2008.0,7.0,month,3.1141102362204727,2.252996062992126,3.0174606299212603,5.178704724409449,4.656283464566929,0.9744094488188977,0.9075669291338583,6.64,4.8,6.43,11.04,9.92,2.08,1.93
63,California Islands,,103500,2008-08,2008.0,8.0,month,2.6062992125984255,1.8291692913385829,2.61246062992126,4.27696062992126,4.281409448818898,0.7961496062992127,0.7613818897637795,5.55,3.9,5.57,9.12,9.12,1.7,1.62
64,California Islands,,103500,2008-09,2008.0,9.0,month,2.3721338582677167,1.3365275590551182,1.668263779527559,1.704555118110236,3.6877795275590555,0.4625984251968504,0.4943503937007874,5.06,2.85,3.56,3.63,7.86,0.99,1.05
65,California Islands,,103500,2008-10,2008.0,10.0,month,1.3683661417322837,0.6323188976377954,1.283464566929134,1.913728346456693,3.4190354330708668,0.7874015748031497,0.5172874015748031,2.92,1.35,2.74,4.08,7.29,1.68,1.1
66,California Islands,,103500,2008-11,2008.0,11.0,month,1.1020196850393702,0.25710236220472443,0.6566259842519685,0.44060236220472443,1.810681102362205,1.155948818897638,0.42040551181102365,2.35,0.55,1.4,0.94,3.86,2.46,0.9
67,California Islands,,103500,2008-12,2008.0,12.0,month,1.2341653543307087,0.6785354330708662,0.9661062992125985,0.5580275590551181,1.4337559055118112,1.4916889763779528,0.8825748031496063,2.63,1.45,2.06,1.19,3.06,3.18,1.88
68,California Islands,,103500,2009-00,,,water_year,28.365059055118113,20.502413385826774,24.179192913385826,28.33765354330709,37.79333464566929,19.467287401574804,13.556330708661417,60.47000000000001,43.7,51.54,60.39,80.55999999999999,41.489999999999995,28.890000000000004
69,California Islands,,103500,2009-01,2009.0,1.0,month,1.6408779527559056,2.365629921259843,2.0910629921259845,1.4310157480314962,2.2885984251968505,2.690858267716536,1.9910984251968507,3.5,5.04,4.46,3.05,4.88,5.73,4.24
70,California Islands,,103500,2009-02,2009.0,2.0,month,1.4505314960629923,1.485448818897638,1.7661771653543308,0.6306062992125984,2.0373149606299212,2.3909606299212602,1.8226653543307085,3.09,3.17,3.76,1.34,4.34,5.1,3.88
71,California Islands,,103500,2009-03,2009.0,3.0,month,3.0578582677165356,2.422456692913386,2.7713110236220473,1.1239291338582678,3.4204055118110235,3.095173228346457,2.465937007874016,6.52,5.16,5.91,2.4,7.29,6.6,5.26
72,California Islands,,103500,2009-04,2009.0,4.0,month,3.141732283464567,2.7915078740157484,3.1122913385826774,4.188291338582677,4.4293031496063,2.8065748031496067,1.8223228346456695,6.7,5.95,6.63,8.93,9.44,5.98,3.88
73,California Islands,,103500,2009-05,2009.0,5.0,month,3.4410236220472443,2.201251968503937,2.8436259842519687,4.852535433070867,4.100015748031496,1.6508031496062991,1.092,7.33,4.69,6.06,10.34,8.74,3.52,2.33
74,California Islands,,103500,2009-06,2009.0,6.0,month,3.6439921259842523,2.1909251968503938,2.6488188976377955,4.388582677165354,3.7590551181102367,1.5289960629921262,0.8669291338582678,7.77,4.67,5.65,9.35,8.01,3.26,1.85
75,California Islands,,103500,2009-07,2009.0,7.0,month,3.6795629921259843,2.1605629921259846,2.5748031496062995,3.919204724409449,4.209515748031496,0.7761023622047245,0.7179055118110237,7.84,4.6,5.49,8.35,8.97,1.65,1.53
76,California Islands,,103500,2009-08,2009.0,8.0,month,2.3865118110236225,1.7463188976377952,1.5867834645669292,1.7603543307086615,3.5559724409448825,0.601507874015748,0.47962992125984255,5.09,3.72,3.38,3.75,7.58,1.28,1.02
77,California Islands,,103500,2009-09,2009.0,9.0,month,2.2184173228346458,1.5703543307086616,1.8781220472440947,3.130775590551181,3.329681102362205,0.49127165354330715,0.4775748031496063,4.73,3.35,4.0,6.67,7.1,1.05,1.02
78,California Islands,,103500,2009-10,2009.0,10.0,month,1.689488188976378,1.4878464566929135,1.5700118110236223,2.2762755905511813,3.255051181102362,0.8634015748031496,0.47552362204724413,3.6,3.17,3.35,4.85,6.94,1.84,1.01
79,California Islands,,103500,2009-11,2009.0,11.0,month,1.0010275590551183,1.3786377952755906,0.9311889763779528,1.0859291338582677,2.678192913385827,0.4087637795275591,0.3707637795275591,2.13,2.94,1.98,2.31,5.71,0.87,0.79
80,California Islands,,103500,2009-12,2009.0,12.0,month,0.7613818897637795,1.056488188976378,0.9561811023622048,1.1752834645669292,2.3988346456692913,0.934952755905512,0.3782952755905512,1.62,2.25,2.04,2.5,5.11,1.99,0.81
81,California Islands,,103500,2010-00,,,water_year,32.97911023622047,23.76754724409449,26.82472440944882,34.266354330708666,40.56659055118111,20.192740157480316,14.011299212598427,70.27,50.65,57.18,73.02000000000001,86.46,43.019999999999996,29.869999999999997
82,California Islands,,103500,2010-01,2010.0,1.0,month,1.263948818897638,1.204724409448819,1.7062637795275593,2.104759842519685,2.8586102362204726,1.9445393700787403,1.0568307086614173,2.69,2.57,3.64,4.49,6.09,4.14,2.25
83,California Islands,,103500,2010-02,2010.0,2.0,month,1.6138307086614174,1.423484251968504,2.0263622047244096,2.4840826771653544,2.7583031496062995,2.3043464566929135,1.3324212598425198,3.44,3.03,4.32,5.29,5.88,4.91,2.84
84,California Islands,,103500,2010-03,2010.0,3.0,month,3.281409448818898,3.5754881889763785,3.4519015748031494,3.355015748031496,3.784661417322835,3.6658661417322835,2.973295275590551,6.99,7.62,7.36,7.15,8.07,7.81,6.34
85,California Islands,,103500,2010-04,2010.0,4.0,month,4.431015748031496,3.085586614173229,3.7114015748031495,4.64190157480315,4.015748031496063,3.4597755905511813,2.436153543307087,9.44,6.58,7.91,9.89,8.56,7.37,5.19
86,California Islands,,103500,2010-05,2010.0,5.0,month,4.5443346456692915,2.5748031496062995,3.1071535433070867,3.278673228346457,4.569669291338583,2.8284842519685043,1.7949330708661417,9.69,5.49,6.62,6.99,9.74,6.03,3.83
87,California Islands,,103500,2010-06,2010.0,6.0,month,4.344744094488189,2.4125314960629924,2.9459094488188975,4.452586614173228,3.964397637795276,1.6511456692913389,1.1718582677165355,9.26,5.14,6.28,9.49,8.45,3.52,2.5
88,California Islands,,103500,2010-07,2010.0,7.0,month,4.1975354330708665,2.1496062992125986,2.3591220472440946,3.2160236220472442,3.368023622047244,0.9161259842519686,0.7733661417322835,8.95,4.58,5.03,6.85,7.18,1.95,1.65
89,California Islands,,103500,2010-08,2010.0,8.0,month,3.633688976377953,1.9068818897637798,2.3259173228346457,3.3526181102362203,3.6566259842519684,0.6881220472440945,0.7048937007874015,7.74,4.06,4.96,7.15,7.79,1.47,1.5
90,California Islands,,103500,2010-09,2010.0,9.0,month,2.216704724409449,1.511468503937008,1.7333110236220473,2.843204724409449,3.2584724409448818,0.5272165354330709,0.5429645669291339,4.72,3.22,3.69,6.06,6.94,1.12,1.16
91,California Islands,,103500,2010-10,2010.0,10.0,month,1.5696692913385828,1.6603897637795277,1.5279015748031497,1.7261220472440946,2.116055118110236,1.1896614173228348,0.34166535433070866,3.35,3.54,3.26,3.68,4.51,2.54,0.73
92,California Islands,,103500,2010-11,2010.0,11.0,month,1.1814448818897638,1.2488858267716536,1.0578582677165353,0.7103740157480316,2.3923307086614174,1.1554251968503937,0.6244448818897639,2.52,2.66,2.25,1.51,5.1,2.46,1.33
93,California Islands,,103500,2010-12,2010.0,12.0,month,0.7613818897637795,1.1198228346456693,1.1040748031496064,1.0304685039370078,1.9613149606299214,1.3173582677165356,0.6973622047244096,1.62,2.39,2.35,2.2,4.18,2.81,1.49
94,California Islands,,103500,2011-00,,,water_year,33.587818897637796,24.171177165354333,27.97022440944882,31.41082283464567,39.901744094488194,24.562826771653544,15.14857874015748,71.59,51.519999999999996,59.599999999999994,66.94000000000001,85.05,52.35,32.300000000000004
95,California Islands,,103500,2011-01,2011.0,1.0,month,1.4101338582677165,1.5289291338582678,1.7336535433070865,0.8367007874015748,2.028413385826772,2.3769251968503937,1.771996062992126,3.01,3.26,3.69,1.78,4.32,5.07,3.78
96,California Islands,,103500,2011-02,2011.0,2.0,month,1.5861023622047246,1.8055472440944884,1.8856574803149606,1.8048622047244096,2.6175984251968503,2.2060944881889766,1.4043149606299214,3.38,3.85,4.02,3.85,5.58,4.7,2.99
97,California Islands,,103500,2011-03,2011.0,3.0,month,2.822665354330709,2.4851062992125983,2.6740826771653547,1.7011299212598425,3.850393700787402,3.017803149606299,2.0061614173228346,6.02,5.3,5.7,3.63,8.21,6.43,4.28
98,California Islands,,103500,2011-04,2011.0,4.0,month,4.552551181102363,3.1561102362204725,3.9010629921259845,4.875728346456693,4.5748031496063,3.5532362204724413,2.691885826771654,9.7,6.73,8.31,10.39,9.75,7.57,5.74
99,California Islands,,103500,2011-05,2011.0,5.0,month,4.332763779527559,2.8079409448818904,3.544677165354331,4.707633858267717,4.577543307086614,3.0732637795275592,1.6733976377952757,9.23,5.98,7.55,10.03,9.76,6.55,3.57
100,California Islands,,103500,2011-06,2011.0,6.0,month,4.734681102362205,2.2622401574803153,3.0195157480314965,3.8959251968503943,3.992468503937008,2.3170157480314963,1.2358779527559056,10.09,4.82,6.44,8.3,8.51,4.94,2.63
101,California Islands,,103500,2011-07,2011.0,7.0,month,4.444712598425197,2.436496062992126,3.1680944881889768,4.426566929133858,4.7011299212598425,1.9551535433070866,1.1769960629921261,9.47,5.19,6.75,9.43,10.02,4.17,2.51
102,California Islands,,103500,2011-08,2011.0,8.0,month,3.666893700787402,2.0273897637795275,2.524818897637795,3.475866141732284,3.7603543307086618,1.3481692913385825,0.8668267716535433,7.82,4.32,5.38,7.41,8.01,2.87,1.85
103,California Islands,,103500,2011-09,2011.0,9.0,month,2.524818897637795,1.6323188976377954,1.8288267716535433,2.219444881889764,3.3293385826771655,1.052720472440945,0.6576496062992127,5.38,3.48,3.9,4.73,7.1,2.24,1.4
104,California Islands,,103500,2011-10,2011.0,10.0,month,1.7757598425196852,1.8740157480314963,1.8305393700787402,2.2461496062992126,3.2961299212598427,1.4861338582677166,0.8918188976377953,3.78,3.99,3.9,4.79,7.02,3.17,1.9
105,California Islands,,103500,2011-11,2011.0,11.0,month,1.143444881889764,1.4464212598425197,1.331736220472441,0.572748031496063,2.0400551181102364,1.7466614173228348,0.9856220472440945,2.44,3.08,2.84,1.22,4.35,3.72,2.1
106,California Islands,,103500,2011-12,2011.0,12.0,month,1.5061062992125984,1.7379094488188975,1.443204724409449,0.7564173228346458,1.8110236220472442,1.484712598425197,1.2321377952755905,3.21,3.7,3.08,1.61,3.86,3.16,2.63
107,California Islands,,103500,2012-00,,,water_year,27.757133858267718,22.413346456692913,24.527712598425197,28.795811023622047,40.36393700787402,21.31991338582677,12.601169291338582,59.15,47.74999999999999,52.290000000000006,61.379999999999995,86.02,45.44,26.87
108,California Islands,,103500,2012-01,2012.0,1.0,month,1.90996062992126,2.3129055118110236,1.8966102362204726,1.3170157480314961,3.237590551181103,2.0030826771653545,1.4293031496062991,4.07,4.93,4.04,2.81,6.9,4.27,3.05
109,California Islands,,103500,2012-02,2012.0,2.0,month,2.1383070866141733,1.4241692913385828,1.9082519685039372,1.2338228346456692,2.8127362204724413,2.3598070866141736,1.5778858267716536,4.56,3.04,4.07,2.63,5.99,5.03,3.36
110,California Islands,,103500,2012-03,2012.0,3.0,month,2.718972440944882,1.9712913385826771,2.6444133858267715,3.029755905511811,3.789283464566929,2.7071299212598428,1.5793307086614174,5.79,4.2,5.64,6.46,8.08,5.77,3.37
111,California Islands,,103500,2012-04,2012.0,4.0,month,3.4753661417322834,2.201240157480315,3.0415984251968506,3.7628031496062992,4.085779527559056,3.230783464566929,1.5890866141732285,7.41,4.69,6.48,8.02,8.71,6.89,3.39
112,California Islands,,103500,2012-05,2012.0,5.0,month,3.2890157480314963,2.36151968503937,3.086956692913386,5.045874015748032,4.839779527559056,2.4460787401574806,1.1951377952755906,7.01,5.03,6.58,10.75,10.31,5.21,2.55
113,California Islands,,103500,2012-06,2012.0,6.0,month,3.281409448818898,1.830196850393701,2.0065039370078743,2.16603937007874,3.490244094488189,1.555972440944882,0.6864094488188976,6.99,3.9,4.28,4.62,7.44,3.32,1.46
114,California Islands,,103500,2012-07,2012.0,7.0,month,2.93246062992126,2.0,2.1588503937007877,3.237248031496063,4.02636220472441,0.9736377952755906,0.5552874015748032,6.25,4.26,4.6,6.9,8.58,2.08,1.18
115,California Islands,,103500,2012-08,2012.0,8.0,month,2.3240511811023623,1.9808267716535435,2.059909448818898,3.869909448818898,4.107153543307087,0.6586771653543307,0.5419370078740158,4.95,4.22,4.39,8.25,8.75,1.4,1.16
116,California Islands,,103500,2012-09,2012.0,9.0,month,1.2622795275590553,1.2728503937007873,1.1191377952755908,1.5580275590551182,2.8277992125984253,0.667236220472441,0.3372125984251969,2.69,2.71,2.39,3.32,6.03,1.42,0.72
117,California Islands,,103500,2012-10,2012.0,10.0,month,1.715669291338583,1.2096377952755906,1.149948818897638,0.9770629921259842,2.938720472440945,0.7350236220472441,0.32351968503937006,3.66,2.58,2.45,2.08,6.26,1.57,0.69
118,California Islands,,103500,2012-11,2012.0,11.0,month,1.3023937007874018,1.2538228346456695,1.0865393700787402,1.1038346456692916,2.5288818897637797,0.7615196850393702,0.3661062992125984,2.78,2.67,2.32,2.35,5.39,1.62,0.78
119,California Islands,,103500,2012-12,2012.0,12.0,month,1.0375393700787403,1.0443897637795276,1.1645433070866142,0.5320472440944882,1.5063661417322836,1.7096811023622047,0.9706377952755906,2.21,2.23,2.48,1.13,3.21,3.64,2.07
120,California Islands,,103500,2013-00,,,water_year,23.072633858267718,21.035062992125987,21.28925196850394,27.235074803149608,36.461303149606294,17.981472440944888,12.080755905511813,49.18,44.839999999999996,45.370000000000005,58.04,77.71000000000001,38.33,25.749999999999996
121,California Islands,,103500,2013-01,2013.0,1.0,month,1.6436141732283465,2.3118779527559057,1.973295275590551,1.4279370078740157,1.933240157480315,2.595685039370079,2.0164330708661415,3.5,4.93,4.21,3.04,4.12,5.53,4.3
122,California Islands,,103500,2013-02,2013.0,2.0,month,1.9171535433070868,2.17648031496063,2.036972440944882,1.2701141732283465,2.2488031496062995,2.513267716535433,1.9445393700787403,4.09,4.64,4.34,2.71,4.79,5.36,4.14
123,California Islands,,103500,2013-03,2013.0,3.0,month,2.6767362204724408,1.9317007874015748,2.130263779527559,1.0873858267716536,2.231685039370079,2.665610236220473,2.013437007874016,5.7,4.12,4.54,2.32,4.76,5.68,4.29
124,California Islands,,103500,2013-04,2013.0,4.0,month,2.500511811023622,2.176996062992126,2.6432716535433074,3.4529251968503942,3.152688976377953,2.65594094488189,1.5748031496062993,5.33,4.64,5.63,7.36,6.72,5.66,3.36
125,California Islands,,103500,2013-05,2013.0,5.0,month,2.483397637795276,1.885996062992126,2.065732283464567,2.7915078740157484,4.391645669291338,1.5053070866141733,0.6487519685039371,5.29,4.02,4.4,5.95,9.36,3.21,1.38
126,California Islands,,103500,2013-06,2013.0,6.0,month,2.7665196850393703,1.80794094488189,1.9887007874015747,3.154397637795276,3.4970905511811026,1.0123228346456694,0.5350905511811024,5.9,3.85,4.24,6.72,7.45,2.16,1.14
127,California Islands,,103500,2013-07,2013.0,7.0,month,2.0061614173228346,1.7271496062992127,1.7377598425196852,3.7298858267716537,3.5744606299212602,0.6785354330708662,0.6169133858267717,4.28,3.68,3.7,7.95,7.62,1.45,1.31
128,California Islands,,103500,2013-08,2013.0,8.0,month,1.5258464566929135,1.6124606299212598,1.5861023622047246,4.278330708661418,4.203696850393701,0.5638464566929134,0.4577204724409449,3.25,3.44,3.38,9.12,8.96,1.2,0.98
129,California Islands,,103500,2013-09,2013.0,9.0,month,1.4970905511811023,1.8966102362204726,1.7261220472440946,3.4296456692913386,4.254023622047244,0.584732283464567,0.6128031496062992,3.19,4.04,3.68,7.31,9.07,1.25,1.31
130,California Islands,,103500,2013-10,2013.0,10.0,month,1.4580629921259842,1.426224409448819,1.2331377952755906,1.49298031496063,3.3793228346456696,0.8514212598425198,0.43135826771653546,3.11,3.04,2.63,3.18,7.2,1.81,0.92
131,California Islands,,103500,2013-11,2013.0,11.0,month,0.8955826771653544,1.0582007874015749,0.844232283464567,1.1776771653543308,2.807255905511811,0.5580275590551181,0.33276377952755903,1.91,2.26,1.8,2.51,5.98,1.19,0.71
132,California Islands,,103500,2013-12,2013.0,12.0,month,0.8106811023622048,0.9938385826771654,0.8883937007874017,1.1656968503937009,2.167751968503937,0.5737755905511811,0.41253149606299216,1.73,2.12,1.89,2.48,4.62,1.22,0.88
133,California Islands,,103500,2014-00,,,water_year,18.707055118110233,20.17916535433071,18.79806692913386,25.00256692913386,39.59800393700788,14.947074803149608,8.36142125984252,39.89000000000001,43.01,40.06,53.29,84.4,31.849999999999998,17.82
134,California Islands,,103500,2014-01,2014.0,1.0,month,0.7795275590551182,0.9602874015748033,0.7384448818897638,0.7836338582677166,0.9756929133858268,0.4775748031496063,0.4707283464566929,1.66,2.05,1.57,1.67,2.08,1.02,1.0
135,California Islands,,103500,2014-02,2014.0,2.0,month,1.0773700787401577,1.14001968503937,1.203696850393701,1.8637440944881891,2.428964566929134,0.8808622047244095,0.23142913385826774,2.3,2.43,2.57,3.97,5.18,1.88,0.49
136,California Islands,,103500,2014-03,2014.0,3.0,month,2.4104763779527563,2.072236220472441,2.2458070866141733,2.4008897637795275,3.896952755905512,2.203696850393701,1.0273897637795277,5.14,4.42,4.79,5.12,8.31,4.7,2.19
137,California Islands,,103500,2014-04,2014.0,4.0,month,2.624102362204724,3.1071535433070867,3.022937007874016,2.705236220472441,4.090720472440945,3.4700433070866143,1.9551535433070866,5.59,6.62,6.44,5.77,8.72,7.4,4.17
138,California Islands,,103500,2014-05,2014.0,5.0,month,2.3577559055118114,2.286889763779528,2.51044094488189,3.4953779527559057,4.2362204724409445,2.2951062992125983,1.0171181102362206,5.03,4.87,5.35,7.45,9.03,4.89,2.17
139,California Islands,,103500,2014-06,2014.0,6.0,month,2.2141377952755907,1.386511811023622,1.397208661417323,1.863232283464567,4.256248031496063,0.9470196850393702,0.48998818897637797,4.72,2.96,2.98,3.97,9.07,2.02,1.04
140,California Islands,,103500,2014-07,2014.0,7.0,month,0.6223228346456693,2.2965866141732287,1.1776496062992126,2.0212322834645673,4.452334645669291,0.9829409448818898,0.6749173228346458,1.33,4.89,2.51,4.31,9.49,2.09,1.44
141,California Islands,,103500,2014-08,2014.0,8.0,month,1.4991456692913385,1.9291338582677167,1.939748031496063,3.71996062992126,3.392673228346457,0.9777480314960632,0.5837047244094489,3.2,4.11,4.13,7.93,7.23,2.08,1.24
142,California Islands,,103500,2014-09,2014.0,9.0,month,1.9578897637795278,1.5220826771653544,1.5963700787401576,2.3129055118110236,3.513866141732284,0.7288582677165355,0.7343385826771655,4.17,3.24,3.4,4.93,7.49,1.55,1.57
143,California Islands,,103500,2014-10,2014.0,10.0,month,1.5138661417322834,0.7853464566929135,0.6983897637795277,0.5357755905511812,2.8315629921259844,0.4888740157480316,0.33755511811023625,3.23,1.67,1.49,1.14,6.03,1.04,0.72
144,California Islands,,103500,2014-11,2014.0,11.0,month,1.1215354330708662,0.7374173228346457,0.6186220472440945,0.25436614173228345,2.231429133858268,0.5614527559055118,0.33173622047244095,2.39,1.57,1.32,0.54,4.76,1.2,0.71
145,California Islands,,103500,2014-12,2014.0,12.0,month,1.1708307086614174,0.8250590551181102,1.2386181102362206,0.48408267716535436,2.1328307086614178,1.8034921259842522,1.118452755905512,2.5,1.76,2.64,1.03,4.55,3.84,2.38
146,California Islands,,103500,2015-00,,,water_year,32.510448818897636,22.204377952755905,24.404314960629925,24.914763779527558,39.65490551181103,19.02327952755906,13.311885826771654,69.31,47.32000000000001,52.01,53.10000000000001,84.52000000000001,40.52,28.36
147,California Islands,,103500,2015-01,2015.0,1.0,month,1.3457716535433073,1.2451220472440947,1.910988188976378,1.6473818897637795,2.7678858267716535,2.4744960629921264,1.8445748031496065,2.87,2.65,4.07,3.51,5.9,5.27,3.93
148,California Islands,,103500,2015-02,2015.0,2.0,month,2.229716535433071,2.2358779527559056,2.3967834645669295,2.157137795275591,3.0061614173228346,2.5405669291338584,2.0431377952755905,4.75,4.77,5.11,4.6,6.41,5.41,4.35
149,California Islands,,103500,2015-03,2015.0,3.0,month,3.8740157480314963,3.9150984251968506,3.5617952755905513,3.024992125984252,3.6138307086614176,3.8223228346456697,3.2478622047244095,8.26,8.34,7.59,6.45,7.7,8.15,6.92
150,California Islands,,103500,2015-04,2015.0,4.0,month,3.608696850393701,2.9041417322834646,3.208492125984252,3.954468503937008,4.252311023622048,2.5159173228346456,1.7870590551181105,7.69,6.19,6.84,8.43,9.06,5.36,3.81
151,California Islands,,103500,2015-05,2015.0,5.0,month,4.165354330708661,2.047586614173228,2.534405511811024,3.061964566929134,4.203354330708661,1.2961299212598427,0.7880866141732283,8.88,4.36,5.4,6.53,8.96,2.76,1.68
152,California Islands,,103500,2015-06,2015.0,6.0,month,4.161248031496063,2.029783464566929,2.6083543307086616,4.024307086614173,3.891133858267717,0.8890787401574803,0.395755905511811,8.87,4.33,5.56,8.58,8.29,1.89,0.84
153,California Islands,,103500,2015-07,2015.0,7.0,month,3.554606299212599,2.1533740157480317,2.273192913385827,2.46046062992126,3.925708661417323,1.141732283464567,0.483740157480315,7.58,4.59,4.84,5.24,8.37,2.43,1.03
154,California Islands,,103500,2015-08,2015.0,8.0,month,3.349196850393701,1.502224409448819,1.7114015748031497,1.7196181102362205,3.611775590551181,0.6809330708661417,0.4799724409448819,7.14,3.2,3.65,3.66,7.7,1.45,1.02
155,California Islands,,103500,2015-09,2015.0,9.0,month,2.4156102362204726,1.8233464566929136,1.6432716535433072,1.590208661417323,3.18692125984252,0.8082834645669292,0.4539527559055118,5.15,3.89,3.5,3.39,6.79,1.72,0.97
156,California Islands,,103500,2015-10,2015.0,10.0,month,1.6977047244094488,1.373503937007874,1.1848700787401576,0.9037992125984252,3.3598070866141736,0.8305393700787402,0.6648425196850394,3.62,2.93,2.53,1.93,7.16,1.77,1.42
157,California Islands,,103500,2015-11,2015.0,11.0,month,1.132488188976378,1.0280708661417324,0.7764448818897638,0.45909055118110237,2.786716535433071,0.5970551181102363,0.45292519685039373,2.41,2.19,1.65,0.98,5.94,1.27,0.97
158,California Islands,,103500,2015-12,2015.0,12.0,month,0.8777834645669292,0.9116732283464568,0.6877795275590551,0.27935826771653544,1.9192047244094488,0.8052047244094489,0.4015748031496063,1.87,1.94,1.47,0.6,4.09,1.72,0.86
159,California Islands,,103500,2016-00,,,water_year,31.98605118110236,20.944448818897637,24.401417322834646,28.968531496062994,39.92590944881889,18.187015748031495,12.801244094488192,68.17,44.64,52.00000000000001,61.76,85.1,38.76,27.29
160,California Islands,,103500,2016-01,2016.0,1.0,month,1.37898031496063,1.5005118110236222,1.4792874015748032,0.5066771653543307,1.755220472440945,1.9185196850393702,1.2875708661417324,2.94,3.2,3.15,1.08,3.74,4.09,2.74
161,California Islands,,103500,2016-02,2016.0,2.0,month,2.3043464566929135,2.289283464566929,2.5107834645669294,2.2978425196850396,2.6056141732283464,3.49298031496063,2.5166023622047247,4.91,4.88,5.35,4.9,5.55,7.44,5.36
162,California Islands,,103500,2016-03,2016.0,3.0,month,3.5720629921259848,2.6538858267716536,3.0807952755905514,2.9024291338582677,3.6121181102362208,3.1982204724409455,2.441629921259843,7.61,5.66,6.57,6.19,7.7,6.82,5.2
163,California Islands,,103500,2016-04,2016.0,4.0,month,3.97398031496063,2.2403267716535433,3.0982559055118113,3.326259842519685,4.244437007874016,3.049984251968504,1.7726811023622049,8.47,4.77,6.6,7.09,9.05,6.5,3.78
164,California Islands,,103500,2016-05,2016.0,5.0,month,3.3393582677165354,1.5541496062992126,2.3053858267716536,2.9880984251968505,4.021118110236221,1.5301850393700789,1.016464566929134,7.12,3.31,4.91,6.37,8.57,3.26,2.17
165,California Islands,,103500,2016-06,2016.0,6.0,month,4.724409448818898,2.485476377952756,3.0118110236220472,5.362830708661418,4.337866141732284,0.8560787401574803,0.7645866141732284,10.07,5.3,6.42,11.43,9.25,1.82,1.63
166,California Islands,,103500,2016-07,2016.0,7.0,month,3.749744094488189,1.8808622047244095,2.647724409448819,4.805204724409449,4.190003937007875,0.7391299212598426,0.5809645669291339,7.99,4.01,5.64,10.24,8.93,1.58,1.24
167,California Islands,,103500,2016-08,2016.0,8.0,month,3.16603937007874,1.726464566929134,2.1725433070866145,3.268744094488189,3.9551535433070866,0.6261535433070866,0.534748031496063,6.75,3.68,4.63,6.97,8.43,1.33,1.14
168,California Islands,,103500,2016-09,2016.0,9.0,month,2.069153543307087,1.300240157480315,1.4457362204724409,1.8681968503937008,3.1386496062992126,0.5429645669291339,0.36665354330708666,4.41,2.77,3.08,3.98,6.69,1.16,0.78
169,California Islands,,103500,2016-10,2016.0,10.0,month,1.7124291338582678,1.3111929133858267,1.1410472440944883,0.6775078740157481,2.2293740157480317,0.9910984251968504,0.4015748031496063,3.65,2.79,2.43,1.44,4.75,2.11,0.86
170,California Islands,,103500,2016-11,2016.0,11.0,month,1.4200629921259844,1.99144094488189,1.3471417322834645,1.334476377952756,2.754192913385827,0.8312204724409449,0.647724409448819,3.03,4.24,2.87,2.84,5.87,1.77,1.38
171,California Islands,,103500,2016-12,2016.0,12.0,month,0.9534409448818899,1.2225275590551181,1.1550826771653544,0.7750787401574804,1.830196850393701,1.4094488188976377,0.7915078740157481,2.03,2.61,2.46,1.65,3.9,3.0,1.69
172,California Islands,,103500,2017-00,,,water_year,32.17636220472441,23.96953149606299,26.51557874015748,33.1568031496063,37.28380708661418,21.17528346456693,15.469700787401576,68.59,51.080000000000005,56.529999999999994,70.66999999999999,79.46000000000001,45.11,32.97
173,California Islands,,103500,2017-01,2017.0,1.0,month,1.466279527559055,1.1543976377952756,1.317700787401575,1.0085590551181103,1.338240157480315,1.9435118110236222,1.35296062992126,3.13,2.46,2.81,2.15,2.85,4.14,2.88
174,California Islands,,103500,2017-02,2017.0,2.0,month,1.3847992125984254,0.6836692913385828,1.4166377952755906,1.2458070866141733,1.4457362204724409,1.8757283464566932,1.4724409448818898,2.95,1.46,3.02,2.66,3.08,4.0,3.14
175,California Islands,,103500,2017-03,2017.0,3.0,month,3.410133858267717,2.9243425196850397,3.441629921259843,3.7767874015748037,3.534062992125984,3.532007874015748,2.9794606299212596,7.27,6.23,7.34,8.05,7.53,7.53,6.35
176,California Islands,,103500,2017-04,2017.0,4.0,month,4.741870078740158,3.1054448818897638,3.522082677165354,3.884629921259843,3.33242125984252,3.7038700787401577,3.0318385826771657,10.11,6.62,7.51,8.28,7.1,7.89,6.46
177,California Islands,,103500,2017-05,2017.0,5.0,month,4.608696850393701,2.555972440944882,3.2509409448818896,4.924342519685039,3.952413385826772,1.9240000000000002,1.5200275590551182,9.82,5.45,6.93,10.5,8.42,4.1,3.24
178,California Islands,,103500,2017-06,2017.0,6.0,month,5.241011811023623,2.4046574803149605,3.047586614173228,4.495720472440945,3.81342125984252,1.647724409448819,1.1013346456692914,11.17,5.13,6.5,9.58,8.13,3.51,2.35
179,California Islands,,103500,2017-07,2017.0,7.0,month,3.4006692913385828,2.558712598425197,3.015405511811024,5.394043307086615,4.779185039370079,1.3204370078740157,0.9517283464566929,7.25,5.45,6.43,11.5,10.19,2.81,2.03
180,California Islands,,103500,2017-08,2017.0,8.0,month,2.4906417322834646,2.132488188976378,2.282779527559055,3.4176653543307087,4.254366141732284,0.916468503937008,0.5744606299212599,5.31,4.54,4.87,7.28,9.07,1.95,1.22
181,California Islands,,103500,2017-09,2017.0,9.0,month,1.3463267716535434,1.924685039370079,1.5775433070866143,2.222185039370079,4.020196850393701,1.0797677165354331,0.6446417322834646,2.87,4.1,3.36,4.74,8.57,2.3,1.37
182,California Islands,,103500,2017-10,2017.0,10.0,month,1.4666220472440947,1.4097913385826772,1.228688976377953,0.26531889763779526,2.43751968503937,1.2115708661417324,0.8849724409448819,3.13,3.0,2.62,0.57,5.2,2.58,1.89
183,California Islands,,103500,2017-11,2017.0,11.0,month,0.6771653543307087,0.8644291338582677,0.7292007874015748,0.5833622047244095,1.4690157480314963,0.7559055118110236,0.4467637795275591,1.44,1.84,1.55,1.24,3.13,1.61,0.95
184,California Islands,,103500,2017-12,2017.0,12.0,month,0.7141377952755905,0.8644291338582677,0.7360511811023622,0.6011653543307087,1.7196181102362205,0.6720314960629922,0.4686732283464567,1.52,1.84,1.57,1.28,3.66,1.43,1.0
185,California Islands,,103500,2018-00,,,water_year,26.55904724409449,19.627523622047242,22.164669291338587,24.244094488188978,36.489559055118114,20.90584645669291,10.147893700787403,56.6,41.82,47.23,51.67,77.75,44.55,21.630000000000003
186,California Islands,,103500,2018-01,2018.0,1.0,month,0.8117086614173229,1.0297834645669293,0.9287913385826773,0.7880866141732283,2.688464566929134,1.3991771653543308,0.5364606299212599,1.73,2.19,1.98,1.68,5.73,2.98,1.14
187,California Islands,,103500,2018-02,2018.0,2.0,month,1.3348149606299213,0.9746653543307087,1.246492125984252,1.2156811023622047,2.140704724409449,1.5258464566929135,0.39061811023622045,2.84,2.08,2.66,2.59,4.56,3.25,0.83
188,California Islands,,103500,2018-03,2018.0,3.0,month,2.1458385826771655,2.1122913385826774,2.16946062992126,1.4026023622047246,3.2050669291338583,2.7617244094488194,1.2704566929133858,4.57,4.5,4.62,2.99,6.83,5.89,2.71
189,California Islands,,103500,2018-04,2018.0,4.0,month,3.001712598425197,3.173228346456693,3.421090551181103,4.730228346456693,4.252653543307087,3.4060236220472446,2.181787401574803,6.4,6.76,7.29,10.08,9.06,7.26,4.65
190,California Islands,,103500,2018-05,2018.0,5.0,month,3.6035590551181103,1.4505314960629923,2.440944881889764,2.534405511811024,3.858952755905512,2.363232283464567,0.9702165354330708,7.68,3.09,5.2,5.4,8.22,5.04,2.07
191,California Islands,,103500,2018-06,2018.0,6.0,month,3.7059212598425195,1.7733661417322837,2.6600472440944887,4.147208661417324,3.6045866141732286,1.8637440944881891,0.9027716535433071,7.9,3.78,5.67,8.84,7.68,3.97,1.92
192,California Islands,,103500,2018-07,2018.0,7.0,month,3.7381023622047245,2.588496062992126,2.9753503937007872,4.376582677165355,4.427937007874016,1.9335826771653544,0.9147559055118111,7.97,5.52,6.34,9.33,9.44,4.12,1.95
193,California Islands,,103500,2018-08,2018.0,8.0,month,3.0318385826771657,1.9287913385826774,2.047244094488189,1.8712755905511813,3.6566259842519684,1.8661417322834646,0.7343385826771655,6.46,4.11,4.36,3.99,7.79,3.98,1.57
194,California Islands,,103500,2018-09,2018.0,9.0,month,2.3276259842519686,1.457720472440945,1.5813070866141732,1.7281771653543307,3.028413385826772,1.1468661417322836,0.4460787401574803,4.96,3.11,3.37,3.68,6.45,2.44,0.95
195,California Islands,,103500,2018-10,2018.0,10.0,month,1.5662440944881892,1.2451220472440947,1.3111929133858267,1.386511811023622,3.101677165354331,1.3358425196850394,0.3851417322834646,3.34,2.65,2.79,2.96,6.61,2.85,0.82
196,California Islands,,103500,2018-11,2018.0,11.0,month,0.9866496062992126,0.483740157480315,0.6977047244094488,0.8565551181102362,2.429988188976378,0.9993149606299213,0.2331377952755906,2.1,1.03,1.49,1.83,5.18,2.13,0.5
197,California Islands,,103500,2018-12,2018.0,12.0,month,1.111263779527559,0.6312913385826773,1.2434094488188976,1.0989370078740157,1.8606653543307088,1.6888070866141733,0.9924685039370079,2.37,1.35,2.65,2.34,3.97,3.6,2.12
198,California Islands,,103500,2019-00,,,water_year,25.408602362204725,24.022259842519688,25.955153543307087,31.524133858267717,36.69701968503937,25.423484251968507,15.24991338582677,54.16,51.19,55.31999999999999,67.19000000000001,78.22,54.19,32.510000000000005
199,California Islands,,103500,2019-01,2019.0,1.0,month,1.0366299212598427,1.4738110236220474,1.5682992125984254,1.1643267716535433,1.6761377952755907,1.9876771653543308,1.6614173228346458,2.21,3.14,3.34,2.48,3.57,4.24,3.54
200,California Islands,,103500,2019-02,2019.0,2.0,month,1.294763779527559,1.7168779527559055,1.68503937007874,0.8723031496062993,1.6562834645669293,2.2304015748031496,1.9780905511811024,2.76,3.66,3.59,1.86,3.53,4.75,4.22
201,California Islands,,103500,2019-03,2019.0,3.0,month,2.6528582677165353,3.0742913385826776,3.2749055118110237,3.069153543307087,3.5381732283464573,3.658677165354331,3.013692913385827,5.65,6.55,6.98,6.54,7.54,7.8,6.42
202,California Islands,,103500,2019-04,2019.0,4.0,month,2.4235196850393703,3.604244094488189,3.1420748031496064,3.481685039370079,3.0469015748031496,3.304003937007874,2.6175984251968503,5.17,7.68,6.7,7.42,6.49,7.04,5.58
203,California Islands,,103500,2019-05,2019.0,5.0,month,2.7133070866141735,2.7784999999999997,3.2307440944881893,5.495035433070867,4.202669291338583,3.047586614173228,1.3132480314960628,5.78,5.92,6.89,11.71,8.96,6.5,2.8
204,California Islands,,103500,2019-06,2019.0,6.0,month,3.747236220472441,1.9620000000000002,2.467649606299213,3.7500866141732287,3.494007874015748,1.707976377952756,0.5929488188976378,7.99,4.18,5.26,7.99,7.45,3.64,1.26
205,California Islands,,103500,2019-07,2019.0,7.0,month,3.5354330708661417,2.199248031496063,2.608011811023622,3.864429133858268,3.8873661417322833,1.9270787401574805,0.7935629921259844,7.54,4.69,5.56,8.24,8.29,4.11,1.69
206,California Islands,,103500,2019-08,2019.0,8.0,month,2.776165354330709,2.6152007874015752,2.6573110236220474,3.7360511811023627,3.9010629921259845,1.9154409448818899,0.9664488188976378,5.92,5.57,5.66,7.96,8.31,4.08,2.06
207,California Islands,,103500,2019-09,2019.0,9.0,month,1.5645314960629921,2.237933070866142,2.0688110236220476,2.7490590551181104,3.9020866141732284,1.6206771653543308,0.7021574803149607,3.33,4.77,4.41,5.86,8.32,3.45,1.5
208,California Islands,,103500,2019-10,2019.0,10.0,month,1.0078740157480317,1.6045866141732286,1.3283110236220474,1.1126338582677167,2.7959606299212596,1.5778858267716536,0.7572755905511811,2.15,3.42,2.83,2.37,5.96,3.36,1.61
209,California Islands,,103500,2019-11,2019.0,11.0,month,0.8613503937007875,1.0089015748031498,1.1718582677165355,1.4173228346456694,2.17494094488189,1.258472440944882,0.5953425196850394,1.84,2.15,2.5,3.02,4.64,2.68,1.27
210,California Islands,,103500,2019-12,2019.0,12.0,month,0.9311889763779528,1.0431377952755905,1.1674094488188977,0.5984251968503937,1.4371771653543308,1.8137637795275592,1.1116062992125986,1.98,2.22,2.49,1.28,3.06,3.87,2.37
211,California Islands,,103500,2020-00,,,water_year,24.05614566929134,21.032870078740157,23.541251968503943,27.30742913385827,35.93015748031497,24.669980314960636,14.315303149606299,51.269999999999996,44.82,50.17000000000001,58.199999999999996,76.58999999999999,52.580000000000005,30.53
212,California Islands,,103500,2020-01,2020.0,1.0,month,1.3803503937007873,1.1239291338582678,1.5546062992125986,0.5159173228346458,1.8219803149606302,2.1280393700787403,1.695996062992126,2.94,2.4,3.31,1.1,3.88,4.54,3.61
213,California Islands,,103500,2020-02,2020.0,2.0,month,1.7610393700787403,1.841492125984252,2.187263779527559,2.188976377952756,2.4686732283464567,2.4878464566929135,1.818212598425197,3.75,3.92,4.66,4.67,5.26,5.3,3.88
214,California Islands,,103500,2020-03,2020.0,3.0,month,1.8394370078740159,1.523452755905512,1.9746653543307089,1.5994527559055118,2.1420748031496064,3.0558031496062994,1.8510787401574804,3.92,3.25,4.21,3.41,4.57,6.51,3.95
215,California Islands,,103500,2020-04,2020.0,4.0,month,3.1009921259842517,3.097228346456693,3.3943858267716536,4.403287401574803,3.681271653543307,3.5090708661417325,2.564531496062992,6.61,6.6,7.23,9.38,7.85,7.48,5.47
216,California Islands,,103500,2020-05,2020.0,5.0,month,3.5268740157480316,2.4406023622047246,2.6785354330708664,2.940090551181102,3.6343700787401576,2.3423503937007877,1.3276259842519684,7.52,5.2,5.71,6.27,7.75,4.99,2.83
217,California Islands,,103500,2020-06,2020.0,6.0,month,2.441629921259843,1.731255905511811,1.810681102362205,1.6288937007874016,2.748031496062992,2.0154055118110237,0.837728346456693,5.2,3.69,3.86,3.47,5.86,4.3,1.79
218,California Islands,,103500,2020-07,2020.0,7.0,month,2.9472795275590555,2.0431377952755905,2.4402598425196853,4.76103937007874,4.546732283464567,1.7083188976377954,0.6699763779527559,6.28,4.35,5.2,10.15,9.69,3.64,1.43
219,California Islands,,103500,2020-08,2020.0,8.0,month,2.6453267716535436,2.133173228346457,2.395755905511811,4.121535433070866,4.745633858267717,1.6357401574803152,0.6733976377952756,5.64,4.55,5.11,8.78,10.11,3.49,1.44
220,California Islands,,103500,2020-09,2020.0,9.0,month,1.6128031496062993,1.441972440944882,1.43751968503937,2.0198543307086614,3.7333110236220475,1.1372834645669292,0.41253149606299216,3.44,3.07,3.06,4.3,7.96,2.42,0.88
221,California Islands,,103500,2020-10,2020.0,10.0,month,0.7894566929133858,0.9031141732283465,0.8719606299212599,0.882232283464567,2.603216535433071,1.0616220472440945,0.40123228346456696,1.68,1.92,1.86,1.88,5.55,2.26,0.86
222,California Islands,,103500,2020-11,2020.0,11.0,month,0.5960275590551181,0.502224409448819,0.49606299212598426,0.4231417322834646,2.0643622047244095,0.8319055118110237,0.28517716535433074,1.27,1.07,1.06,0.9,4.4,1.77,0.61
223,California Islands,,103500,2020-12,2020.0,12.0,month,0.42553937007874015,0.5422795275590552,0.543992125984252,0.41903543307086616,1.7391299212598428,1.0321811023622047,0.3591220472440945,0.91,1.16,1.16,0.89,3.71,2.2,0.77
224,California Islands,,103500,2021-00,,,water_year,13.773712598425199,15.95514566929134,16.659358267716534,21.983562992125982,37.23998031496063,17.367334645669292,5.882232283464567,29.349999999999994,34.00000000000001,35.510000000000005,46.86000000000001,79.36,37.01,12.530000000000001
225,California Islands,,103500,2021-01,2021.0,1.0,month,0.8654566929133859,1.0670984251968505,1.073263779527559,1.1660393700787401,2.1605629921259846,1.1835,0.503251968503937,1.84,2.27,2.29,2.49,4.6,2.52,1.07
226,California Islands,,103500,2021-02,2021.0,2.0,month,1.3228346456692914,1.1222165354330709,1.3231771653543307,0.93598031496063,2.8863385826771655,1.8705905511811023,1.0551181102362206,2.82,2.39,2.82,1.99,6.15,3.99,2.25
227,California Islands,,103500,2021-03,2021.0,3.0,month,1.5525511811023625,2.074291338582677,1.9839094488188977,1.5556299212598426,2.8038346456692915,2.646696850393701,1.3098267716535432,3.31,4.42,4.23,3.32,5.98,5.64,2.79
228,California Islands,,103500,2021-04,2021.0,4.0,month,1.3748700787401575,1.0006850393700788,1.1550826771653544,1.2434094488188976,3.815129921259843,1.8613503937007876,0.3118779527559055,2.93,2.13,2.46,2.65,8.13,3.97,0.66
229,California Islands,,103500,2021-05,2021.0,5.0,month,1.6648425196850394,1.3355000000000001,1.6104055118110236,2.4488188976377954,3.8866811023622048,1.4536102362204726,0.19856299212598424,3.55,2.85,3.43,5.22,8.28,3.1,0.42
230,California Islands,,103500,2021-06,2021.0,6.0,month,1.7439251968503937,1.7559055118110238,1.6826417322834646,2.06401968503937,3.6285511811023623,1.465937007874016,0.25915748031496066,3.72,3.74,3.59,4.4,7.73,3.12,0.55
231,California Islands,,103500,2021-07,2021.0,7.0,month,1.4799724409448818,2.4440275590551184,2.3423503937007877,4.179389763779527,4.15748031496063,1.5159173228346459,0.43341338582677164,3.15,5.21,4.99,8.91,8.86,3.23,0.92
232,California Islands,,103500,2021-08,2021.0,8.0,month,1.1687795275590551,1.9893858267716538,2.1934251968503937,4.209173228346457,4.158507874015748,1.4686732283464567,0.45532283464566936,2.49,4.24,4.67,8.97,8.86,3.13,0.97
233,California Islands,,103500,2021-09,2021.0,9.0,month,0.7894566929133858,1.2184173228346458,1.3830866141732285,2.456692913385827,3.3361850393700787,0.9753503937007875,0.31016929133858273,1.68,2.6,2.95,5.24,7.11,2.08,0.66
234,California Islands,,103500,2021-10,2021.0,10.0,month,0.5025669291338583,0.8921614173228347,1.0023976377952757,1.4166377952755906,2.9233149606299214,1.4176653543307087,0.2553937007874016,1.07,1.9,2.14,3.02,6.23,3.02,0.54
235,California Islands,,103500,2021-11,2021.0,11.0,month,0.2071771653543307,0.27011417322834647,0.568984251968504,0.7750787401574804,1.98801968503937,0.8493661417322834,0.30092519685039376,0.44,0.58,1.21,1.65,4.24,1.81,0.64
236,California Islands,,103500,2021-12,2021.0,12.0,month,0.1471535433070866,0.28038188976377953,0.6956535433070866,0.806232283464567,1.3793228346456692,1.032523622047244,0.2933937007874016,0.31,0.6,1.48,1.72,2.94,2.2,0.63
237,California Islands,,103500,2022-00,,,water_year,17.194787401574803,21.146866141732286,24.744271653543308,34.245811023622046,40.14960236220473,25.21602755905512,12.636767716535434,36.64,45.08,52.74,73.0,85.58000000000001,53.739999999999995,26.919999999999998
238,California Islands,,103500,2022-01,2022.0,1.0,month,0.9972598425196851,0.7802125984251969,1.45498031496063,1.0725787401574804,2.2170472440944886,2.1215354330708664,1.3906181102362205,2.13,1.66,3.1,2.29,4.73,4.52,2.96
239,California Islands,,103500,2022-02,2022.0,2.0,month,1.3899330708661417,1.9904133858267719,2.5761732283464567,2.7901417322834647,3.0605944881889764,3.0403976377952757,2.1930826771653544,2.96,4.24,5.49,5.95,6.52,6.48,4.67
240,California Islands,,103500,2022-03,2022.0,3.0,month,1.7891141732283466,2.6754527559055123,2.868196850393701,2.7750787401574804,3.744606299212599,3.420748031496063,2.2673740157480315,3.81,5.7,6.11,5.91,7.98,7.29,4.83
241,California Islands,,103500,2022-04,2022.0,4.0,month,2.6545708661417327,2.794248031496063,3.5090708661417325,5.248200787401576,5.004791338582677,3.4505314960629923,2.089011811023622,5.66,5.96,7.48,11.19,10.67,7.35,4.45
242,California Islands,,103500,2022-05,2022.0,5.0,month,2.8983228346456698,2.2338228346456694,2.4488188976377954,2.619649606299213,3.5570000000000004,2.550838582677166,1.1143425196850394,6.18,4.76,5.22,5.58,7.58,5.44,2.37
243,California Islands,,103500,2022-06,2022.0,6.0,month,2.241696850393701,2.0859291338582677,2.3108543307086618,3.7110590551181106,3.508728346456693,1.8438897637795277,0.7021574803149607,4.78,4.45,4.93,7.91,7.48,3.93,1.5
244,California Islands,,103500,2022-07,2022.0,7.0,month,1.7048937007874017,2.3841141732283466,2.570011811023622,5.401232283464568,4.658334645669292,1.693255905511811,0.7175629921259843,3.63,5.08,5.48,11.51,9.93,3.61,1.53
245,California Islands,,103500,2022-08,2022.0,8.0,month,1.4217716535433071,2.4433425196850393,2.4118464566929134,4.038,3.9558385826771656,1.7463188976377952,0.6990748031496063,3.03,5.21,5.14,8.61,8.43,3.72,1.49
246,California Islands,,103500,2022-09,2022.0,9.0,month,1.2403267716535433,2.3166732283464566,2.3272834645669294,3.59192125984252,4.152003937007874,2.0489566929133862,0.6138307086614174,2.64,4.94,4.96,7.66,8.85,4.37,1.31
247,California Islands,,103500,2022-10,2022.0,10.0,month,1.0712086614173228,1.7086614173228347,1.5552874015748033,2.1372834645669294,2.7090039370078745,1.143787401574803,0.4519015748031497,2.28,3.64,3.31,4.56,5.77,2.44,0.96
248,California Islands,,103500,2022-11,2022.0,11.0,month,0.6494370078740158,1.1160551181102363,0.952755905511811,1.102704724409449,2.8788070866141737,1.180759842519685,0.4905866141732284,1.38,2.38,2.03,2.35,6.14,2.52,1.05
249,California Islands,,103500,2022-12,2022.0,12.0,month,0.2781732283464567,0.864204724409449,1.007496062992126,0.9173700787401576,2.0045551181102366,1.2523228346456694,0.5791653543307087,0.59,1.84,2.15,1.96,4.27,2.67,1.23
250,California Islands,,103500,2023-00,,,water_year,26.289476377952756,23.82449212598425,26.92225196850394,36.32853149606299,37.13429921259843,26.405696850393703,17.03003937007874,56.01,50.769999999999996,57.379999999999995,77.44000000000001,79.14999999999999,56.279999999999994,36.28
251,California Islands,,103500,2023-01,2023.0,1.0,month,0.9394055118110237,1.0503267716535434,1.4204055118110237,0.9315314960629922,1.8055472440944884,1.9438543307086615,1.4546377952755907,2.0,2.24,3.03,1.99,3.85,4.14,3.1
252,California Islands,,103500,2023-02,2023.0,2.0,month,1.553236220472441,1.5446771653543308,1.7884291338582678,1.7261220472440946,1.6812716535433072,2.2512834645669293,1.7969881889763781,3.31,3.29,3.81,3.68,3.58,4.8,3.83
253,California Islands,,103500,2023-03,2023.0,3.0,month,2.502224409448819,2.201299212598425,2.737417322834646,3.3457716535433075,3.0287559055118116,3.033208661417323,2.1835,5.33,4.69,5.83,7.13,6.46,6.46,4.65
254,California Islands,,103500,2023-04,2023.0,4.0,month,4.184870078740158,2.6525157480314965,3.053062992125984,4.108523622047244,3.173228346456693,2.8695669291338586,2.2957874015748034,8.92,5.65,6.51,8.76,6.76,6.12,4.89
255,California Islands,,103500,2023-05,2023.0,5.0,month,4.2988700787401575,2.8401220472440944,3.4796299212598427,5.225606299212599,4.091062992125984,2.988358267716536,1.980484251968504,9.16,6.05,7.42,11.14,8.72,6.37,4.22
256,California Islands,,103500,2023-06,2023.0,6.0,month,3.9185196850393704,3.1095511811023626,3.361177165354331,5.240669291338583,3.8568976377952757,2.9599448818897636,1.8699094488188976,8.35,6.63,7.16,11.17,8.22,6.31,3.99
257,California Islands,,103500,2023-07,2023.0,7.0,month,3.8113661417322837,2.981854330708661,3.2851771653543307,5.951043307086614,4.907566929133858,2.435811023622047,1.6384803149606302,8.12,6.36,7.0,12.68,10.46,5.19,3.49
258,California Islands,,103500,2023-08,2023.0,8.0,month,1.9616574803149607,2.153031496062992,2.6169133858267717,3.797673228346457,4.155082677165355,2.4505314960629923,1.2728503937007873,4.18,4.59,5.58,8.09,8.86,5.22,2.71
259,California Islands,,103500,2023-09,2023.0,9.0,month,1.1205078740157481,1.602192913385827,1.6645,1.844232283464567,2.8425196850393704,1.8962677165354331,1.0157480314960632,2.39,3.41,3.55,3.93,6.06,4.04,2.16
260,California Islands,,103500,2023-10,2023.0,10.0,month,1.128724409448819,1.4529251968503938,1.371448818897638,1.2865472440944883,2.7336535433070868,1.603216535433071,0.9181771653543308,2.41,3.1,2.92,2.74,5.83,3.42,1.96
261,California Islands,,103500,2023-11,2023.0,11.0,month,0.8856574803149606,1.2458070866141733,1.2012992125984254,0.8579251968503937,2.273877952755906,1.5460472440944881,0.8723031496062993,1.89,2.66,2.56,1.83,4.85,3.3,1.86
262,California Islands,,103500,2023-12,2023.0,12.0,month,1.0349212598425197,0.83396062992126,1.0554606299212599,0.6456692913385826,1.748716535433071,1.3245472440944883,0.925708661417323,2.21,1.78,2.25,1.38,3.73,2.82,1.97
263,California Islands,,103500,2024-00,,,water_year,37.02191338582677,25.525102362204727,28.880177165354336,33.993838582677164,37.40842125984252,25.92433858267717,18.014377952755908,78.91000000000001,54.43000000000001,61.56,72.46000000000001,79.74000000000001,55.24999999999999,38.400000000000006
264,California Islands,,103500,2024-01,2024.0,1.0,month,1.2868897637795276,1.1567952755905513,1.363917322834646,0.5398818897637795,1.603216535433071,1.689488188976378,1.3471417322834645,2.74,2.47,2.91,1.15,3.42,3.6,2.87
265,California Islands,,103500,2024-02,2024.0,2.0,month,1.8815472440944883,1.414925196850394,1.8671692913385827,1.8233464566929136,2.3998622047244096,2.0575157480314963,1.4364960629921262,4.01,3.02,3.98,3.89,5.11,4.39,3.06
266,California Islands,,103500,2024-03,2024.0,3.0,month,3.303661417322835,2.6631299212598427,2.9233149606299214,2.891476377952756,2.8907913385826776,3.289968503937008,2.6097244094488192,7.04,5.68,6.23,6.16,6.16,7.01,5.56
267,California Islands,,103500,2024-04,2024.0,4.0,month,4.640877952755906,3.2831220472440945,3.273192913385827,3.4310157480314962,3.4032874015748034,3.350905511811024,2.700444881889764,9.89,7.0,6.98,7.31,7.25,7.14,5.76
268,California Islands,,103500,2024-05,2024.0,5.0,month,5.8093110236220475,3.5035826771653547,3.6963385826771655,4.940090551181103,4.371448818897639,2.755220472440945,2.109551181102362,12.38,7.47,7.88,10.53,9.32,5.87,4.5
269,California Islands,,103500,2024-06,2024.0,6.0,month,5.319066929133858,2.675748031496063,3.462169291338583,5.346114173228347,4.096543307086614,2.2050669291338583,1.314275590551181,11.34,5.7,7.38,11.39,8.73,4.7,2.8
270,California Islands,,103500,2024-07,2024.0,7.0,month,5.092775590551182,2.543649606299213,3.4553228346456692,5.0,4.677507874015748,2.2351929133858266,1.4255393700787402,10.85,5.42,7.36,10.66,9.97,4.76,3.04
271,California Islands,,103500,2024-08,2024.0,8.0,month,4.080110236220473,2.6645,3.0866141732283467,4.530984251968504,3.9503582677165356,2.219102362204725,1.3413228346456694,8.7,5.68,6.58,9.66,8.42,4.73,2.86
272,California Islands,,103500,2024-09,2024.0,9.0,month,2.558370078740158,2.086956692913386,2.123929133858268,2.7007874015748032,3.2591574803149608,1.6480669291338583,1.0136929133858268,5.45,4.45,4.53,5.76,6.95,3.51,2.16
273,California Islands,,103500,2024-10,2024.0,10.0,month,2.070866141732284,1.6963385826771655,1.819240157480315,2.8014370078740156,3.3536456692913386,1.2276614173228348,0.7805551181102363,4.41,3.62,3.88,5.97,7.15,2.62,1.66
274,California Islands,,103500,2024-11,2024.0,11.0,month,1.2451220472440947,0.9503582677165354,1.0633346456692914,1.1513188976377953,2.8065748031496067,1.2358779527559056,0.530984251968504,2.65,2.03,2.27,2.45,5.98,2.63,1.13
275,California Islands,,103500,2024-12,2024.0,12.0,month,0.9520708661417324,0.883259842519685,1.0051338582677165,1.563503937007874,2.1424173228346457,0.8151299212598425,0.43957480314960634,2.03,1.88,2.14,3.33,4.57,1.74,0.94
276,California Islands,,103500,2025-00,,,water_year,32.504279527559056,20.85827165354331,25.726803149606294,35.08079133858268,38.5782283464567,21.895917322834645,12.100657480314961,69.25999999999999,44.46,54.82999999999999,74.76,82.22,46.66000000000001,25.78
277,California Islands,,103500,2025-01,2025.0,1.0,month,1.1598779527559056,0.8671692913385827,0.9445393700787401,0.4436850393700788,1.5984251968503937,1.2509409448818898,0.575488188976378,2.47,1.85,2.01,0.95,3.41,2.67,1.23
278,California Islands,,103500,2025-02,2025.0,2.0,month,1.6456692913385826,0.8380708661417323,1.1793897637795276,0.7651496062992126,1.7973307086614174,1.563503937007874,0.7196181102362206,3.51,1.79,2.51,1.63,3.83,3.33,1.53
279,California Islands,,103500,2025-03,2025.0,3.0,month,2.6480669291338588,1.5220826771653544,2.3327637795275593,2.230744094488189,2.6381377952755907,2.8401220472440944,1.8267716535433072,5.64,3.24,4.97,4.75,5.62,6.05,3.89
280,California Islands,,103500,2025-04,2025.0,4.0,month,4.295787401574803,2.580964566929134,3.3923307086614174,4.453267716535433,4.091062992125984,3.0041062992125984,1.9798031496062993,9.16,5.5,7.23,9.49,8.72,6.4,4.22
281,California Islands,,103500,2025-05,2025.0,5.0,month,4.954811023622048,2.9037992125984253,3.555287401574803,4.959602362204724,4.354673228346457,2.754192913385827,1.7189330708661417,10.56,6.19,7.58,10.57,9.28,5.87,3.66
282,California Islands,,103500,2025-06,2025.0,6.0,month,4.566586614173229,1.9154409448818899,2.786031496062992,4.34988188976378,3.6692913385826773,1.7476889763779528,0.9404330708661418,9.73,4.08,5.94,9.27,7.82,3.72,2.0
283,California Islands,,103500,2025-07,2025.0,7.0,month,3.736389763779528,2.065732283464567,2.590208661417323,3.737417322834646,3.8093110236220475,1.7028425196850396,0.8010944881889764,7.96,4.4,5.52,7.97,8.12,3.63,1.71
284,California Islands,,103500,2025-08,2025.0,8.0,month,3.120165354330709,2.125984251968504,2.5371456692913386,4.997259842519686,4.614515748031496,1.7689133858267716,0.8959251968503937,6.65,4.53,5.41,10.65,9.83,3.77,1.91
285,California Islands,,103500,2025-09,2025.0,9.0,month,2.1088661417322836,2.5090708661417325,2.5213976377952756,3.6275236220472444,3.7028425196850394,1.9849370078740158,0.8914763779527559,4.49,5.35,5.37,7.73,7.89,4.23,1.9
286,California Islands,,103500,2025-10,2025.0,10.0,month,1.5963700787401576,1.4912716535433073,1.3858267716535435,1.054775590551181,2.8651141732283465,1.608696850393701,0.6977047244094488,3.4,3.18,2.95,2.25,6.11,3.43,1.49
287,California Islands,,103500,2025-11,2025.0,11.0,month,1.1561102362204725,0.7281771653543307,1.1431023622047245,1.0277283464566929,1.8558700787401576,1.3170157480314961,0.7418700787401574,2.46,1.55,2.44,2.19,3.96,2.81,1.58
288,California Islands,,103500,2025-12,2025.0,12.0,month,1.1222165354330709,0.667236220472441,1.163984251968504,0.8312204724409449,2.0773700787401577,1.4837401574803148,1.1170826771653544,2.39,1.42,2.48,1.77,4.43,3.16,2.38
289,California Islands,,103500,2026-00,,,water_year,,,,,,,,,,,,,,
290,Central Coast,2.307070899979725,2458013400,2003-10,2003.0,10.0,month,1.3787637795275591,1.9900590551181103,1.5800590551181102,1.5095078740157482,1.8566181102362205,1.4321259842519685,1.475255905511811,69787.19,100728.37,79975.91,76404.9,93974.16,72488.16,74671.21
291,Central Coast,2.307070899979725,2458013400,2003-11,2003.0,11.0,month,0.697732283464567,1.0935905511811024,0.9511574803149607,0.6209173228346457,1.7232362204724412,1.2517637795275591,0.8172992125984252,35316.26,55352.93,48143.57,31428.21,87222.93,63358.99,41368.23
292,Central Coast,2.307070899979725,2458013400,2003-12,2003.0,12.0,month,0.5082637795275591,0.9144370078740158,0.7683976377952756,0.3716653543307087,1.1363661417322837,1.3850708661417324,0.739720472440945,25726.16,46284.93,38893.04,18812.13,57518.05,70106.43,37441.52
293,Central Coast,2.307070899979725,2458013400,2004-00,,,water_year,24.012259842519686,25.361346456692917,23.807059055118113,25.351917322834645,27.704657480314967,22.639326771653547,19.01216535433071,1215399.0300000003,1283684.1,1205012.6400000001,1283206.8199999998,1402292.58,1145906.98,962315.3900000001
294,Central Coast,2.307070899979725,2458013400,2004-01,2004.0,1.0,month,0.8143818897637797,0.8933543307086614,0.9646141732283465,0.6735236220472443,1.5065984251968505,1.1803700787401576,0.8818425196850395,41220.57,45217.82,48824.69,34090.92,76257.64,59745.34,44635.14
295,Central Coast,2.307070899979725,2458013400,2004-02,2004.0,2.0,month,1.1189173228346458,1.0365000000000002,1.236251968503937,0.73651968503937,1.7018070866141735,1.7400708661417323,1.204492125984252,56634.86,52463.25,62573.85,37279.51,86138.28,88075.03,60966.3
296,Central Coast,2.307070899979725,2458013400,2004-03,2004.0,3.0,month,2.525248031496063,2.399728346456693,2.454566929133858,1.5825669291338584,3.0282165354330712,2.4523425196850392,2.249236220472441,127817.37,121464.1,124239.8,80102.84,153275.51,124127.21,113846.82
297,Central Coast,2.307070899979725,2458013400,2004-04,2004.0,4.0,month,2.59544094488189,2.503228346456693,2.596437007874016,2.677417322834646,3.1596653543307087,2.3920314960629923,2.101271653543307,131370.24,126702.83,131420.66,135519.54,159928.9,121074.52,106357.48
298,Central Coast,2.307070899979725,2458013400,2004-05,2004.0,5.0,month,3.0833110236220476,2.725641732283465,2.819889763779528,3.4754330708661416,3.3663897637795275,2.2765236220472445,1.8983503937007875,156064.16,137960.46,142730.89,175911.72,170392.41,115228.0,96086.47
299,Central Coast,2.307070899979725,2458013400,2004-06,2004.0,6.0,month,3.4212244094488193,3.2202519685039372,2.953637795275591,3.939161417322835,2.900488188976378,2.1886062992125987,1.9208622047244097,173167.91,162995.53,149500.65,199383.69,146810.44,110777.99,97225.92
300,Central Coast,2.307070899979725,2458013400,2004-07,2004.0,7.0,month,3.325803149606299,3.21948031496063,2.908964566929134,4.21051968503937,2.794385826771654,2.298255905511811,1.9860590551181103,168338.09,162956.48,147239.48,213118.7,141439.99,116327.99,100525.91
301,Central Coast,2.307070899979725,2458013400,2004-08,2004.0,8.0,month,2.800606299212599,3.034173228346457,2.6462952755905516,3.4802874015748033,2.6050393700787406,2.1321456692913388,2.0150984251968507,141754.85,153577.02,133944.27,176157.43,131856.07,107920.2,101995.76
302,Central Coast,2.307070899979725,2458013400,2004-09,2004.0,9.0,month,1.7425669291338584,2.33090157480315,1.9267874015748032,2.074397637795276,1.9258464566929134,1.91001968503937,1.722677165354331,88201.37,117980.38,97525.83,104997.23,97478.2,96677.12,87194.63
303,Central Coast,2.307070899979725,2458013400,2004-10,2004.0,10.0,month,1.2508346456692914,1.6562519685039372,1.54003937007874,1.3660393700787403,2.030405511811024,1.8763503937007875,1.320503937007874,63311.96,83832.47,77950.28,69143.13,102770.54,94972.92,66838.32
304,Central Coast,2.307070899979725,2458013400,2004-11,2004.0,11.0,month,0.9131299212598426,1.1241181102362205,1.0996850393700788,0.6105314960629922,1.6573188976377953,1.2868897637795276,1.0950708661417323,46218.77,56898.1,55661.41,30902.52,83886.47,65136.92,55427.86
305,Central Coast,2.307070899979725,2458013400,2004-12,2004.0,12.0,month,0.6774094488188976,0.9728622047244094,0.9659330708661418,0.7288110236220473,1.4315944881889764,1.1316417322834647,0.9771102362204725,34287.6,49242.17,48891.45,36889.33,72461.26,57278.92,49457.19
306,Central Coast,2.307070899979725,2458013400,2005-00,,,water_year,27.64950787401575,25.955826771653545,26.388614173228344,27.81982283464567,31.363952755905515,25.513003937007873,20.620826771653547,1399501.1300000001,1313774.16,1335680.04,1408121.7599999998,1587510.61,1291360.35,1043739.0399999999
307,Central Coast,2.307070899979725,2458013400,2005-01,2005.0,1.0,month,1.0107913385826772,0.8613897637795276,1.0999212598425196,0.8129133858267716,1.536452755905512,1.449488188976378,1.0053858267716536,51161.98,43599.91,55673.36,41146.24,77768.74,73366.96,50888.38
308,Central Coast,2.307070899979725,2458013400,2005-02,2005.0,2.0,month,1.1886929133858268,1.1151220472440946,1.305228346456693,0.7091141732283466,2.104,1.701732283464567,1.2131259842519686,60166.61,56442.76,66065.14,35892.36,106495.58,86134.49,61403.31
309,Central Coast,2.307070899979725,2458013400,2005-03,2005.0,3.0,month,2.5066535433070865,2.048708661417323,2.4011259842519688,1.9179881889763781,2.888996062992126,2.8509370078740157,1.9903700787401575,126876.2,103696.97,121534.84,97080.45,146228.76,144302.37,100744.11
310,Central Coast,2.307070899979725,2458013400,2005-04,2005.0,4.0,month,3.0872480314960633,2.739787401574803,2.931688976377953,2.7814960629921264,3.8321062992125983,2.9210787401574807,2.2826259842519687,156263.44,138676.45,148389.7,140787.57,193965.01,147852.65,115536.87
311,Central Coast,2.307070899979725,2458013400,2005-05,2005.0,5.0,month,3.676488188976378,3.066657480314961,3.3016220472440945,3.318889763779528,3.9435354330708665,3.1025,2.3910590551181103,186088.28,155221.23,167114.14,167988.16,199605.08,157035.43,121025.3
312,Central Coast,2.307070899979725,2458013400,2005-06,2005.0,6.0,month,3.7153503937007875,2.9328031496062996,3.076452755905512,3.8329448818897642,3.2763228346456694,2.457236220472441,2.1126811023622047,188055.32,148446.09,155717.03,194007.46,165833.6,124374.9,106934.98
313,Central Coast,2.307070899979725,2458013400,2005-07,2005.0,7.0,month,4.270897637795276,3.556417322834646,3.475700787401575,4.786015748031496,3.2605314960629923,2.6093031496062995,2.3540905511811023,216174.77,180010.8,175925.27,242247.87,165034.31,132071.89,119154.11
314,Central Coast,2.307070899979725,2458013400,2005-08,2005.0,8.0,month,3.352964566929134,3.3983622047244095,3.007763779527559,4.333771653543307,2.849964566929134,2.353374015748032,2.166295275590551,169712.88,172010.72,152240.28,219357.19,144253.15,119117.84,109648.7
315,Central Coast,2.307070899979725,2458013400,2005-09,2005.0,9.0,month,1.9990472440944882,2.4833464566929133,2.183452755905512,2.621307086614173,2.5527244094488193,1.772472440944882,1.7125078740157482,101183.32,125696.49,110517.14,132679.48,129208.11,89715.06,86679.91
316,Central Coast,2.307070899979725,2458013400,2005-10,2005.0,10.0,month,1.2861614173228348,1.6810984251968504,1.4643779527559055,1.2390078740157482,2.019929133858268,1.4606574803149608,1.308228346456693,65100.05,85090.09,74120.62,62713.34,102240.27,73932.3,66216.99
317,Central Coast,2.307070899979725,2458013400,2005-11,2005.0,11.0,month,0.6672992125984253,1.2163700787401577,0.939488188976378,0.5975944881889764,1.191015748031496,1.1296771653543307,0.9897244094488189,33775.86,61567.51,47552.92,30247.71,60284.18,57179.48,50095.66
318,Central Coast,2.307070899979725,2458013400,2005-12,2005.0,12.0,month,0.5162086614173229,0.7004133858267717,0.7350708661417323,0.5303385826771654,1.068763779527559,1.2610669291338583,0.7408937007874016,26128.3,35451.96,37206.18,26843.5,54096.3,63829.87,37500.91
319,Central Coast,2.307070899979725,2458013400,2006-00,,,water_year,26.5361968503937,26.640440944881888,25.83712598425197,28.611326771653545,29.71044881889764,24.929913385826772,19.969039370078743,1343150.0299999998,1348426.44,1307766.05,1448184.3599999999,1503817.27,1261846.77,1010748.3199999998
320,Central Coast,2.307070899979725,2458013400,2006-01,2006.0,1.0,month,0.8779606299212599,0.9471338582677167,0.9928503937007874,0.542007874015748,1.2721181102362205,1.438224409448819,0.9874527559055118,44438.65,47939.91,50253.89,27434.15,64389.24,72796.84,49980.68
321,Central Coast,2.307070899979725,2458013400,2006-02,2006.0,2.0,month,1.2205748031496064,1.3931023622047245,1.3604094488188978,0.8135551181102363,1.723244094488189,1.5298464566929135,1.304448818897638,61780.33,70512.95,68858.17,41178.72,87223.33,77434.36,66025.68
322,Central Coast,2.307070899979725,2458013400,2006-03,2006.0,3.0,month,1.953696850393701,1.705003937007874,1.9566574803149608,1.1956653543307088,2.5846377952755906,2.7903818897637795,1.533492125984252,98887.87,86300.09,99037.73,60519.52,130823.43,141237.33,77618.89
323,Central Coast,2.307070899979725,2458013400,2006-04,2006.0,4.0,month,2.771527559055118,2.2470826771653543,2.6784724409448817,2.763610236220473,3.5240511811023625,2.9327086614173226,1.9888937007874017,140283.0,113737.82,135572.95,139882.26,178372.57,148441.31,100669.39
324,Central Coast,2.307070899979725,2458013400,2006-05,2006.0,5.0,month,4.152531496062992,3.471141732283465,3.6592559055118112,4.061681102362205,4.2895944881889765,3.1661417322834646,2.578929133858268,210183.58,175694.51,185216.06,205585.12,217121.13,160256.7,130534.48
325,Central Coast,2.307070899979725,2458013400,2006-06,2006.0,6.0,month,3.894826771653544,3.4134094488188977,3.3506062992125987,4.400562992125985,3.3306299212598427,2.5434133858267716,2.3495039370078743,197139.66,172772.35,169593.52,222737.89,168582.4,128736.83,118921.95
326,Central Coast,2.307070899979725,2458013400,2006-07,2006.0,7.0,month,4.129594488188976,4.088381889763779,3.636771653543307,5.168165354330709,3.3962598425196853,2.6652362204724414,2.4614448818897636,209022.61,206936.6,184078.0,261590.67,171904.31,134902.98,124587.93
327,Central Coast,2.307070899979725,2458013400,2006-08,2006.0,8.0,month,3.060291338582677,3.181283464566929,2.8616929133858267,4.380444881889764,2.9795669291338585,2.20394094488189,1.9948110236220473,154899.0,161023.11,144846.79,221719.59,150813.08,111554.17,100968.9
328,Central Coast,2.307070899979725,2458013400,2006-09,2006.0,9.0,month,2.005523622047244,2.59601968503937,2.2014724409448823,2.918692913385827,2.3306377952755906,1.8086181102362204,1.731216535433071,101511.12,131399.54,111429.22,147731.89,117967.03,91544.6,87626.86
329,Central Coast,2.307070899979725,2458013400,2006-10,2006.0,10.0,month,1.078696850393701,1.7095866141732283,1.4237086614173229,1.2393976377952756,2.1740551181102363,1.4495905511811025,1.262448818897638,54599.07,86532.04,72062.11,62733.07,110041.47,73372.14,63899.82
330,Central Coast,2.307070899979725,2458013400,2006-11,2006.0,11.0,month,0.5797755905511811,1.0226338582677166,0.8673622047244095,0.5837716535433071,1.4370118110236223,1.0872716535433071,0.756976377952756,29345.79,51761.4,43902.21,29548.05,72735.46,55033.09,38314.94
331,Central Coast,2.307070899979725,2458013400,2006-12,2006.0,12.0,month,0.4105826771653544,0.8688622047244094,0.7660708661417324,0.4836889763779528,1.2495511811023623,1.259271653543307,0.6519015748031496,20781.96,43978.13,38775.27,24482.29,63247.0,63739.0,32996.5
332,Central Coast,2.307070899979725,2458013400,2007-00,,,water_year,22.338807086614175,24.88372440944882,23.0331220472441,25.493976377952755,28.609720472440948,21.569822834645674,17.227500000000003,1130695.93,1259508.87,1165839.22,1290397.25,1448103.04,1091773.19,871983.1799999999
333,Central Coast,2.307070899979725,2458013400,2007-01,2007.0,1.0,month,0.6341771653543308,1.0120708661417324,0.839468503937008,0.6271811023622048,1.389464566929134,0.9712007874015749,0.7425354330708661,32099.37,51226.75,42490.34,31745.25,70328.82,49158.08,37584.0
334,Central Coast,2.307070899979725,2458013400,2007-02,2007.0,2.0,month,0.9446535433070866,1.051992125984252,1.1054094488188977,0.7694291338582678,1.7801338582677166,1.5288110236220473,0.9090551181102363,47814.37,53247.39,55951.15,38945.25,90102.85,77381.95,46012.53
335,Central Coast,2.307070899979725,2458013400,2007-03,2007.0,3.0,month,1.958688976377953,2.1923622047244096,2.0581377952755906,1.556681102362205,2.9980708661417323,2.0603228346456692,1.723704724409449,99140.55,110968.1,104174.23,78792.61,151749.67,104284.83,87246.64
336,Central Coast,2.307070899979725,2458013400,2007-04,2007.0,4.0,month,2.398224409448819,2.354417322834646,2.434492125984252,2.5153582677165356,3.0386377952755907,2.408759842519685,1.8400314960629922,121387.98,119170.65,123223.69,127316.8,153802.99,121921.23,93134.61
337,Central Coast,2.307070899979725,2458013400,2007-05,2007.0,5.0,month,2.906956692913386,3.2523346456692916,2.9417834645669294,4.074681102362205,3.4100472440944882,2.1382874015748032,1.8288622047244094,147137.85,164619.42,148900.64,206243.12,172602.17,108231.06,92569.27
338,Central Coast,2.307070899979725,2458013400,2007-06,2007.0,6.0,month,3.1422086614173232,2.9099370078740163,2.7520511811023627,3.720692913385827,2.734464566929134,2.182405511811024,1.8399015748031498,159045.31,147288.7,139297.19,188325.74,138407.03,110464.14,93128.04
339,Central Coast,2.307070899979725,2458013400,2007-07,2007.0,7.0,month,3.407657480314961,3.230393700787402,2.9866653543307087,4.04194094488189,2.893492125984252,2.3159566929133857,2.060783464566929,172481.21,163508.87,151172.37,204585.95,146456.33,117223.93,104308.14
340,Central Coast,2.307070899979725,2458013400,2007-08,2007.0,8.0,month,3.0024803149606303,3.09498031496063,2.8102322834645674,3.5710511811023626,2.976972440944882,2.271964566929134,2.0221062992125987,151972.85,156654.81,142242.07,180751.51,150681.75,114997.24,102350.47
341,Central Coast,2.307070899979725,2458013400,2007-09,2007.0,9.0,month,1.874704724409449,2.1841535433070867,2.047740157480315,2.3101023622047245,2.527818897637795,1.89598031496063,1.5891929133858267,94889.62,110552.61,103647.95,116927.61,127947.5,95966.5,80438.22
342,Central Coast,2.307070899979725,2458013400,2007-10,2007.0,10.0,month,1.0360787401574805,1.587956692913386,1.4568228346456695,1.1896141732283465,2.133811023622047,1.7499133858267717,1.324763779527559,52441.92,80375.65,73738.21,60213.24,108004.49,88573.21,67053.94
343,Central Coast,2.307070899979725,2458013400,2007-11,2007.0,11.0,month,0.656720472440945,1.0690511811023622,0.919267716535433,0.7267755905511811,1.7411574803149608,0.9132165354330709,0.9022047244094489,33240.41,54110.85,46529.44,36786.31,88130.03,46223.16,45665.79
344,Central Coast,2.307070899979725,2458013400,2007-12,2007.0,12.0,month,0.471976377952756,0.8036653543307087,0.7455393700787402,0.5015629921259842,1.088984251968504,1.258204724409449,0.6776141732283465,23889.45,40678.14,37736.05,25387.0,55119.78,63685.0,34297.96
345,Central Coast,2.307070899979725,2458013400,2008-00,,,water_year,23.506370078740158,25.17243307086614,23.799562992125985,25.494641732283466,28.215066929133858,23.095035433070873,19.33584251968504,1189793.03,1274122.0799999998,1204633.22,1290430.94,1428127.3499999999,1168973.02,978698.57
346,Central Coast,2.307070899979725,2458013400,2008-01,2008.0,1.0,month,0.6706417322834647,0.8235196850393701,0.9237047244094488,0.7151653543307086,1.2136377952755906,1.405007874015748,0.8931850393700789,33945.05,41683.08,46754.03,36198.65,61429.21,71115.56,45209.25
347,Central Coast,2.307070899979725,2458013400,2008-02,2008.0,2.0,month,1.2046141732283466,1.2130157480314963,1.30246062992126,0.9931417322834646,1.5869409448818899,1.7193937007874018,1.132992125984252,60972.47,61397.73,65925.05,50268.63,80324.24,87028.44,57347.27
348,Central Coast,2.307070899979725,2458013400,2008-03,2008.0,3.0,month,2.2533937007874014,2.192291338582677,2.1244015748031497,1.2945314960629923,2.786929133858268,2.0632992125984253,1.9145157480314963,114057.26,110964.51,107528.22,65523.71,141062.56,104435.48,96904.69
349,Central Coast,2.307070899979725,2458013400,2008-04,2008.0,4.0,month,2.5975354330708664,2.6337244094488192,2.6910708661417324,2.606574803149606,3.2220590551181103,2.5808188976377955,2.3464094488188976,131476.26,133307.99,136210.62,131933.79,163087.0,130630.14,118765.32
350,Central Coast,2.307070899979725,2458013400,2008-05,2008.0,5.0,month,2.9893740157480315,2.4890708661417325,2.6309488188976378,2.8278385826771655,3.324035433070866,2.346165354330709,2.0155984251968504,151309.47,125986.24,133167.5,143133.23,168248.61,118752.97,102021.07
351,Central Coast,2.307070899979725,2458013400,2008-06,2008.0,6.0,month,3.1730511811023625,3.4773228346456695,3.043507874015748,4.270854330708661,2.97851968503937,2.424748031496063,2.1988740157480318,160606.43,176007.37,154049.5,216172.58,150760.07,122730.49,111297.7
352,Central Coast,2.307070899979725,2458013400,2008-07,2008.0,7.0,month,3.6672677165354335,3.2961732283464573,3.117972440944882,4.556366141732284,3.024204724409449,2.4032874015748034,2.072437007874016,185621.58,166838.35,157818.58,230623.98,153072.45,121644.24,104898.0
353,Central Coast,2.307070899979725,2458013400,2008-08,2008.0,8.0,month,2.9651417322834646,3.160181102362205,2.8271259842519685,3.7486456692913386,2.787456692913386,2.351244094488189,2.159425196850394,150082.93,159955.0,143097.16,189740.59,141089.27,119010.03,109300.97
354,Central Coast,2.307070899979725,2458013400,2008-09,2008.0,9.0,month,1.8205748031496065,2.42646062992126,2.016740157480315,2.0635708661417325,2.3273307086614174,1.879736220472441,1.6978228346456692,92149.8,122817.17,102078.86,104449.23,117799.64,95144.3,85936.61
355,Central Coast,2.307070899979725,2458013400,2008-10,2008.0,10.0,month,0.8142007874015749,1.8764370078740158,1.4676417322834647,1.215232283464567,1.7662795275590553,1.6077755905511812,1.5474094488188979,41211.4,94977.3,74285.82,61509.92,89401.6,81378.8,78323.32
356,Central Coast,2.307070899979725,2458013400,2008-11,2008.0,11.0,month,0.5994055118110236,1.0562480314960632,0.9704645669291339,0.6519251968503937,1.359677165354331,1.3686062992125985,0.9410905511811024,30339.37,53462.81,49120.81,32997.7,68821.11,69273.06,47634.02
357,Central Coast,2.307070899979725,2458013400,2008-12,2008.0,12.0,month,0.6126535433070867,0.702484251968504,0.7495314960629922,0.37351574803149606,1.1627992125984252,1.0867480314960631,0.72748031496063,31009.93,35556.78,37938.11,18905.79,58855.98,55006.59,36821.98
358,Central Coast,2.307070899979725,2458013400,2009-00,,,water_year,21.71266141732284,25.76938582677166,23.911338582677164,26.731956692913386,27.30791338582677,23.873988188976384,19.97301181102362,1099003.09,1304337.3100000003,1210290.8299999998,1353058.58,1382211.0700000003,1208400.2899999998,1010949.3799999999
359,Central Coast,2.307070899979725,2458013400,2009-01,2009.0,1.0,month,0.7275039370078741,1.0471102362204725,0.9674488188976379,0.6402716535433071,1.1295511811023622,1.2762007874015748,1.1574055118110236,36823.17,53000.29,48968.17,32407.84,57173.1,64595.89,58582.97
360,Central Coast,2.307070899979725,2458013400,2009-02,2009.0,2.0,month,1.0202165354330708,1.1538070866141732,1.2758661417322834,0.9223858267716536,1.6931771653543308,1.9275669291338584,1.1467716535433072,51639.05,58400.83,64578.95,46687.27,85701.47,97565.28,58044.73
361,Central Coast,2.307070899979725,2458013400,2009-03,2009.0,3.0,month,2.163984251968504,2.212728346456693,2.3733228346456694,2.177535433070866,3.0572125984251968,2.4918937007874016,2.008188976377953,109531.73,111998.95,120127.56,110217.63,154743.17,126129.12,101646.03
362,Central Coast,2.307070899979725,2458013400,2009-04,2009.0,4.0,month,2.4516259842519683,2.6438937007874017,2.559425196850394,2.577437007874016,2.8227795275590553,2.424251968503937,2.3019488188976376,124090.94,133822.72,129547.28,130458.96,142877.16,122705.38,116514.91
363,Central Coast,2.307070899979725,2458013400,2009-05,2009.0,5.0,month,2.8425866141732286,2.910232283464567,2.7835354330708664,3.812377952755906,3.009799212598425,2.4221181102362204,1.9017795275590552,143879.71,147303.65,140890.79,192966.45,152343.31,122597.37,96260.04
364,Central Coast,2.307070899979725,2458013400,2009-06,2009.0,6.0,month,2.8254015748031494,3.162724409448819,2.861992125984252,4.126736220472441,3.2798031496062996,2.286208661417323,1.9131259842519688,143009.88,160083.73,144861.94,208877.93,166009.76,115718.21,96834.35
365,Central Coast,2.307070899979725,2458013400,2009-07,2009.0,7.0,month,3.439665354330709,3.306988188976378,3.010181102362205,4.120653543307086,2.8456102362204723,2.5188543307086615,2.218712598425197,174101.31,167385.75,152362.64,208570.05,144032.75,127493.75,112301.85
366,Central Coast,2.307070899979725,2458013400,2009-08,2009.0,8.0,month,2.5314291338582677,3.112224409448819,2.6740551181102368,3.477429133858268,2.6272559055118108,2.4208149606299214,2.1788110236220475,128130.24,157527.64,135349.36,176012.75,132980.58,122531.41,110282.2
367,Central Coast,2.307070899979725,2458013400,2009-09,2009.0,9.0,month,1.683988188976378,2.584507874015748,2.217874015748032,2.6364566929133857,2.553968503937008,2.042948818897638,1.9302874015748033,85236.36,130816.86,112259.4,133446.29,129271.08,103405.43,97702.98
368,Central Coast,2.307070899979725,2458013400,2009-10,2009.0,10.0,month,1.2365551181102363,2.0166535433070867,1.6282047244094489,1.2955787401574803,2.0063897637795276,1.8267362204724409,1.5424330708661418,62589.19,102074.47,82412.84,65576.72,101554.96,92461.66,78071.44
369,Central Coast,2.307070899979725,2458013400,2009-11,2009.0,11.0,month,0.6253740157480315,1.2663503937007876,0.984740157480315,0.6245236220472441,1.3104330708661416,1.012503937007874,1.1328740157480315,31653.79,64097.3,49843.38,31610.74,66328.58,51248.67,57341.29
370,Central Coast,2.307070899979725,2458013400,2009-12,2009.0,12.0,month,0.5166299212598425,0.745968503937008,0.7930433070866142,0.4646653543307087,1.1604370078740158,1.1956299212598427,0.7656220472440946,26149.62,37757.77,40140.5,23519.39,58736.41,60517.73,38752.55
371,Central Coast,2.307070899979725,2458013400,2010-00,,,water_year,25.330818897637798,25.326700787401574,25.179531496062992,25.79254330708661,30.290078740157483,24.60489763779528,20.642011811023625,1282138.9,1281930.46,1274481.3900000001,1305509.4300000002,1533155.66,1245395.8499999999,1044811.34
372,Central Coast,2.307070899979725,2458013400,2010-01,2010.0,1.0,month,0.8528779527559056,0.8247637795275592,1.0722755905511812,0.8101102362204724,1.5632992125984253,1.3658228346456693,1.0250944881889765,43169.07,41746.05,54274.05,41004.35,79127.59,69132.17,51885.95
373,Central Coast,2.307070899979725,2458013400,2010-02,2010.0,2.0,month,1.3103503937007874,1.0870433070866143,1.4013503937007874,1.1370984251968506,2.147511811023622,1.6846062992125985,1.1798149606299213,66324.39,55021.53,70930.43,57555.11,108697.96,85267.65,59717.24
374,Central Coast,2.307070899979725,2458013400,2010-03,2010.0,3.0,month,2.527771653543307,2.2572952755905513,2.4831496062992127,2.407688976377953,3.1156141732283467,2.4674251968503937,1.984755905511811,127945.11,114254.74,125686.53,121867.03,157699.21,124890.63,100459.95
375,Central Coast,2.307070899979725,2458013400,2010-04,2010.0,4.0,month,2.947181102362205,2.456409448818898,2.803889763779528,2.552618110236221,3.432732283464567,3.127476377952756,2.0523307086614175,149173.84,124333.06,141921.04,129202.73,173750.39,158299.63,103880.3
376,Central Coast,2.307070899979725,2458013400,2010-05,2010.0,5.0,month,3.327145669291339,3.0168661417322835,3.1021062992125983,3.446208661417323,3.979929133858268,2.7358070866141735,2.3309212598425195,168406.04,152701.0,157015.5,174432.51,201447.18,138474.98,117981.38
377,Central Coast,2.307070899979725,2458013400,2010-06,2010.0,6.0,month,3.506417322834646,3.01301968503937,2.9706023622047244,3.3995708661417328,3.2553464566929136,2.4357755905511813,2.2173543307086616,177480.01,152506.31,150359.33,172071.9,164771.87,123288.66,112233.1
378,Central Coast,2.307070899979725,2458013400,2010-07,2010.0,7.0,month,3.7502677165354332,3.222811023622047,3.098413385826772,4.127870078740157,3.2020236220472444,2.415283464566929,2.173110236220473,189822.69,163125.06,156828.58,208935.32,162072.89,122251.43,109993.65
379,Central Coast,2.307070899979725,2458013400,2010-08,2010.0,8.0,month,2.828397637795276,2.932181102362205,2.6887834645669293,3.221456692913386,2.758685039370079,2.3496220472440945,2.255433070866142,143161.53,148414.61,136094.85,163056.51,139632.97,118927.93,114160.48
380,Central Coast,2.307070899979725,2458013400,2010-09,2010.0,9.0,month,1.9018503937007876,2.4873385826771655,2.152972440944882,2.3051535433070867,2.357677165354331,1.988208661417323,1.9822677165354332,96263.62,125898.56,108974.36,116677.12,119335.65,100634.71,100334.01
381,Central Coast,2.307070899979725,2458013400,2010-10,2010.0,10.0,month,1.303696850393701,1.8380866141732284,1.572496062992126,1.3422519685039371,1.8677992125984255,1.8090984251968503,1.4307795275590551,65987.62,93036.17,79593.1,67939.12,94540.1,91568.91,72420.01
382,Central Coast,2.307070899979725,2458013400,2010-11,2010.0,11.0,month,0.7868937007874017,0.9584842519685041,1.0125905511811024,0.5522165354330709,1.539708661417323,1.3761141732283464,0.9917519685039371,39829.23,48514.42,51253.05,27950.87,77933.54,69653.08,50198.29
383,Central Coast,2.307070899979725,2458013400,2010-12,2010.0,12.0,month,0.5221102362204725,0.8445078740157481,0.8344291338582678,0.3754448818897638,1.4437598425196851,1.2344251968503936,0.7793228346456693,26427.01,42745.42,42235.27,19003.43,73077.02,62481.38,39446.03
384,Central Coast,2.307070899979725,2458013400,2011-00,,,water_year,23.985625984251968,24.60004724409449,24.57186220472441,26.799275590551183,31.35342125984252,24.319925196850395,19.756996062992126,1214050.94,1245150.34,1243723.74,1356465.98,1586977.5799999998,1230971.75,1000015.5700000001
385,Central Coast,2.307070899979725,2458013400,2011-01,2011.0,1.0,month,0.9192401574803151,1.021771653543307,1.038279527559055,0.5233503937007875,1.394244094488189,1.236724409448819,1.092196850393701,46528.05,51717.76,52553.32,26489.78,70570.74,62597.76,55282.38
386,Central Coast,2.307070899979725,2458013400,2011-02,2011.0,2.0,month,1.056185039370079,1.1244015748031497,1.2058464566929135,0.8358425196850394,1.6892047244094488,1.5374685039370077,1.093507874015748,53459.62,56912.45,61034.85,42306.81,85500.4,77820.15,55348.74
387,Central Coast,2.307070899979725,2458013400,2011-03,2011.0,3.0,month,1.8818582677165354,1.7124212598425197,1.9273464566929135,1.3723661417322837,3.0808937007874015,2.3680944881889765,1.5917204724409448,95251.71,86675.52,97554.13,69463.37,155941.81,119862.93,80566.16
388,Central Coast,2.307070899979725,2458013400,2011-04,2011.0,4.0,month,2.7479763779527557,2.4436771653543308,2.6463661417322832,2.8487401574803153,3.7495708661417324,2.3843267716535435,2.1368307086614173,139090.94,123688.6,133947.86,144191.18,189787.42,120684.54,108157.33
389,Central Coast,2.307070899979725,2458013400,2011-05,2011.0,5.0,month,3.2068385826771655,3.0892362204724413,3.2075354330708663,4.30074409448819,4.0663700787401575,2.799696850393701,2.0711062992125986,162316.61,156364.07,162351.88,217685.48,205822.45,141708.81,104830.64
390,Central Coast,2.307070899979725,2458013400,2011-06,2011.0,6.0,month,3.3349606299212597,2.953933070866142,3.023157480314961,3.598948818897638,3.570141732283465,2.6876929133858267,2.0401299212598425,168801.6,149515.6,153019.44,182163.57,180705.47,136039.65,103262.75
391,Central Coast,2.307070899979725,2458013400,2011-07,2011.0,7.0,month,3.620700787401575,3.132531496062992,3.1780629921259846,4.277708661417323,3.5562677165354333,2.590267716535433,2.3908543307086614,183264.56,158555.49,160860.11,216519.52,180003.23,131108.4,121014.93
392,Central Coast,2.307070899979725,2458013400,2011-08,2011.0,8.0,month,2.679787401574803,3.1183031496062994,2.775472440944882,4.153433070866142,3.02090157480315,2.336244094488189,2.2676456692913387,135639.5,157835.32,140482.68,210229.21,152905.26,118250.79,114778.63
393,Central Coast,2.307070899979725,2458013400,2011-09,2011.0,9.0,month,1.9253779527559056,2.362692913385827,2.1502795275590554,2.618228346456693,2.3745590551181106,1.9597716535433072,1.8711496062992128,97454.49,119589.52,108838.05,132523.64,120190.14,99195.35,94709.68
394,Central Coast,2.307070899979725,2458013400,2011-10,2011.0,10.0,month,1.300437007874016,1.6848543307086614,1.5111574803149608,0.9587047244094489,1.6425551181102362,1.8480275590551183,1.5850000000000002,65822.62,85280.2,76488.4,48525.58,83139.19,93539.34,80226.0
395,Central Coast,2.307070899979725,2458013400,2011-11,2011.0,11.0,month,0.726700787401575,1.0186732283464568,0.9928818897637796,0.4311102362204725,1.5732874015748033,1.5281181102362205,0.9135354330708663,36782.52,51560.93,50255.48,21820.98,79633.15,77346.88,46239.3
396,Central Coast,2.307070899979725,2458013400,2011-12,2011.0,12.0,month,0.538484251968504,0.9198464566929134,0.7528070866141733,0.4854724409448819,1.0813149606299213,0.7457677165354331,0.8911338582677165,27255.8,46558.74,38103.91,24572.56,54731.59,37747.61,45105.43
397,Central Coast,2.307070899979725,2458013400,2012-00,,,water_year,22.902909448818903,23.792527559055117,23.436200787401575,26.70008267716536,26.854956692913387,23.519610236220473,19.79323228346457,1159248.41,1204277.1199999999,1186241.35,1351445.25,1359284.31,1190463.2,1001849.7
398,Central Coast,2.307070899979725,2458013400,2012-01,2012.0,1.0,month,0.7013464566929134,1.0258110236220472,0.9446614173228347,0.7142795275590552,1.2696299212598428,1.1635000000000002,0.9170275590551181,35499.19,51922.22,47814.77,36153.81,64263.3,58891.45,46416.06
399,Central Coast,2.307070899979725,2458013400,2012-02,2012.0,2.0,month,1.041224409448819,1.1962874015748033,1.2728228346456694,1.1661850393700788,1.766023622047244,1.3551181102362206,1.109992125984252,52702.38,60551.01,64424.91,59027.35,89388.65,68590.35,56183.11
400,Central Coast,2.307070899979725,2458013400,2012-03,2012.0,3.0,month,1.5505196850393703,1.5679448818897639,1.8440433070866145,1.8504409448818897,2.3623818897637796,2.2925,1.5408385826771656,78480.75,79362.74,93337.67,93661.49,119573.78,116036.65,77990.73
401,Central Coast,2.307070899979725,2458013400,2012-04,2012.0,4.0,month,2.7688149606299213,2.3411062992125986,2.7169606299212603,2.790846456692914,3.251248031496063,2.9883031496062995,2.172496062992126,140145.7,118496.9,137521.06,141260.84,164564.42,151255.27,109962.56
402,Central Coast,2.307070899979725,2458013400,2012-05,2012.0,5.0,month,3.378976377952756,3.07246062992126,3.077173228346457,4.140149606299213,3.2616141732283466,2.5540748031496068,2.381791338582677,171029.49,155514.96,155753.49,209556.86,165089.11,129276.46,120556.2
403,Central Coast,2.307070899979725,2458013400,2012-06,2012.0,6.0,month,3.0511889763779534,2.8832598425196854,2.7663031496062995,3.6432795275590553,2.8256141732283466,2.404488188976378,2.0615551181102365,154438.28,145938.42,140018.56,184407.4,143020.64,121705.02,104347.2
404,Central Coast,2.307070899979725,2458013400,2012-07,2012.0,7.0,month,3.0357322834645672,2.8298700787401576,2.814232283464567,3.9608188976377954,2.9905433070866145,2.4310472440944886,2.2345866141732285,153655.93,143236.05,142444.53,200479.9,151368.65,123049.33,113105.32
405,Central Coast,2.307070899979725,2458013400,2012-08,2012.0,8.0,month,2.829614173228347,2.972937007874016,2.717952755905512,4.06140157480315,2.6845157480314965,2.381496062992126,2.244429133858268,143223.1,150477.5,137571.27,205570.97,135878.83,120541.26,113603.51
406,Central Coast,2.307070899979725,2458013400,2012-09,2012.0,9.0,month,1.9798700787401575,2.279476377952756,2.025204724409449,2.4973937007874016,2.146228346456693,1.8271692913385829,1.7408464566929136,100212.65,115377.45,102507.3,126407.51,108633.0,92483.58,88114.28
407,Central Coast,2.307070899979725,2458013400,2012-10,2012.0,10.0,month,1.2108622047244095,1.6898818897637797,1.4730236220472441,1.2468385826771653,1.9347795275590551,1.5653779527559055,1.3414370078740157,61288.72,85534.67,74558.23,63109.7,97930.36,79232.81,67897.87
408,Central Coast,2.307070899979725,2458013400,2012-11,2012.0,11.0,month,0.6544960629921259,1.0413818897637797,0.9253818897637796,0.6296614173228346,1.3667480314960632,1.2718779527559056,0.8267283464566929,33127.82,52710.35,46838.92,31870.8,69179.0,64377.08,41845.49
409,Central Coast,2.307070899979725,2458013400,2012-12,2012.0,12.0,month,0.5619094488188977,0.7293937007874015,0.7418897637795276,0.34794094488188976,1.0295826771653545,1.3320866141732284,0.750240157480315,28441.48,36918.82,37551.32,17611.3,52113.12,67424.59,37973.98
410,Central Coast,2.307070899979725,2458013400,2013-00,,,water_year,21.16196062992126,23.537661417322838,22.842952755905518,24.334181102362205,27.05710236220472,23.25600393700788,20.314661417322835,1071128.93,1191376.8499999999,1156213.65,1231693.3299999998,1369516.08,1177120.54,1028242.25
411,Central Coast,2.307070899979725,2458013400,2013-01,2013.0,1.0,month,0.8942795275590552,1.0374055118110237,1.046988188976378,0.6697322834645669,1.393531496062992,1.2799094488188978,1.056291338582677,45264.65,52509.08,52994.11,33899.02,70534.67,64783.6,53465.0
412,Central Coast,2.307070899979725,2458013400,2013-02,2013.0,2.0,month,1.1533740157480317,1.119228346456693,1.2426417322834646,0.9717952755905511,1.8174173228346457,1.2890866141732285,1.1416417322834647,58378.91,56650.6,62897.27,49188.17,91989.98,65248.11,57785.08
413,Central Coast,2.307070899979725,2458013400,2013-03,2013.0,3.0,month,1.7625354330708662,1.7218110236220474,1.8868110236220472,1.2578700787401575,2.4434251968503937,2.0465314960629923,1.8566417322834647,89212.09,87150.79,95502.39,63668.06,123675.85,103586.77,93975.35
414,Central Coast,2.307070899979725,2458013400,2013-04,2013.0,4.0,month,2.2630748031496064,2.1420905511811026,2.271937007874016,2.0840590551181104,2.630893700787402,2.381937007874016,2.1362677165354333,114547.27,108423.56,114995.84,105486.25,133164.71,120563.58,108128.84
415,Central Coast,2.307070899979725,2458013400,2013-05,2013.0,5.0,month,2.7500078740157483,2.562472440944882,2.597665354330709,2.8722204724409455,3.0531141732283467,2.433799212598425,2.0790826771653546,139193.77,129701.52,131482.83,145379.65,154535.73,123188.62,105234.37
416,Central Coast,2.307070899979725,2458013400,2013-06,2013.0,6.0,month,2.978503937007874,2.9277677165354334,2.8333779527559058,3.491826771653544,2.955220472440945,2.4945787401574804,2.3676062992125986,150759.27,148191.22,143413.61,176741.5,149580.76,126265.02,119838.22
417,Central Coast,2.307070899979725,2458013400,2013-07,2013.0,7.0,month,2.846937007874016,3.2365905511811026,2.9823307086614173,4.649271653543307,3.1055236220472446,2.6390157480314964,2.4691102362204727,144099.91,163822.52,150952.97,235326.47,157188.47,133575.81,124975.92
418,Central Coast,2.307070899979725,2458013400,2013-08,2013.0,8.0,month,2.3930433070866144,2.907629921259843,2.7123188976377954,3.753165354330709,2.911507874015748,2.4843582677165355,2.326716535433071,121125.73,147171.93,137286.11,189969.36,147368.21,125747.71,117768.55
419,Central Coast,2.307070899979725,2458013400,2013-09,2013.0,9.0,month,1.6929370078740158,2.422007874015748,2.1285866141732286,2.3597992125984253,2.4153582677165355,2.037444881889764,1.9628976377952756,85689.31,122591.79,107740.05,119443.05,122255.22,103126.84,99353.58
420,Central Coast,2.307070899979725,2458013400,2013-10,2013.0,10.0,month,0.8402086614173229,1.596740157480315,1.3596653543307087,1.2596456692913387,1.8979448818897637,1.3873740157480317,1.289251968503937,42527.81,80820.23,68820.51,63757.94,96065.94,70223.0,65256.48
421,Central Coast,2.307070899979725,2458013400,2013-11,2013.0,11.0,month,0.5222716535433072,1.0213740157480315,0.8435039370078741,0.6394763779527559,1.2853346456692913,0.9779566929133858,0.7778740157480315,26435.18,51697.63,42694.6,32367.59,65058.2,49500.03,39372.69
422,Central Coast,2.307070899979725,2458013400,2013-12,2013.0,12.0,month,0.37444488188976377,0.79746062992126,0.6806102362204726,0.5753661417322835,1.0735590551181102,0.8233503937007874,0.5922598425196851,18952.82,40364.08,34449.61,29122.6,54339.02,41674.51,29977.69
423,Central Coast,2.307070899979725,2458013400,2014-00,,,water_year,20.201484251968505,24.488625984251968,22.806456692913386,25.590496062992123,26.48312992125984,22.87003543307087,19.696090551181104,1022513.69,1239510.64,1154366.3800000001,1295282.68,1340464.01,1157584.46,996932.7900000002
424,Central Coast,2.307070899979725,2458013400,2014-01,2014.0,1.0,month,0.4999606299212599,0.8899724409448819,0.6776299212598426,0.6504448818897638,0.7720393700787402,0.7323070866141733,0.7221968503937009,25305.89,45046.64,34298.76,32922.77,39077.37,37066.29,36554.55
425,Central Coast,2.307070899979725,2458013400,2014-02,2014.0,2.0,month,0.7132637795275591,0.8795866141732284,0.9463346456692914,0.9226535433070867,1.2713976377952758,1.4013897637795276,0.6506929133858268,36102.4,44520.95,47899.46,46700.82,64352.77,70932.42,32935.32
426,Central Coast,2.307070899979725,2458013400,2014-03,2014.0,3.0,month,1.6339251968503938,1.659704724409449,1.7425236220472442,1.146476377952756,2.1696141732283465,2.234716535433071,1.6288149606299211,82702.38,84007.23,88199.18,58029.79,109816.69,113111.9,82443.72
427,Central Coast,2.307070899979725,2458013400,2014-04,2014.0,4.0,month,2.4148661417322836,2.4148976377952756,2.6673818897637793,2.566673228346457,3.2221259842519685,2.894716535433071,2.490913385826772,122230.31,122231.9,135011.59,129914.14,163090.39,146518.31,126079.5
428,Central Coast,2.307070899979725,2458013400,2014-05,2014.0,5.0,month,2.705417322834646,2.848496062992126,2.8190708661417325,3.084692913385827,3.144255905511811,2.7510984251968504,2.5505866141732283,136936.78,144178.82,142689.44,156134.11,159148.93,139248.97,129099.91
429,Central Coast,2.307070899979725,2458013400,2014-06,2014.0,6.0,month,2.887704724409449,3.3535905511811026,2.9431889763779533,4.152055118110236,2.9765944881889768,2.490629921259843,2.3637244094488192,146163.4,169744.57,148971.78,210159.47,150662.62,126065.15,119641.73
430,Central Coast,2.307070899979725,2458013400,2014-07,2014.0,7.0,month,3.9229133858267717,3.371082677165355,3.2641220472440944,4.1135,3.2343070866141734,2.6710157480314964,2.427043307086614,198561.28,170629.95,165216.05,208207.97,163706.94,135195.52,122846.67
431,Central Coast,2.307070899979725,2458013400,2014-08,2014.0,8.0,month,2.2200629921259845,3.275129921259843,2.7641023622047247,3.970279527559055,2.9396062992125986,2.5128425196850395,2.377732283464567,112370.2,165773.22,139907.17,200958.76,148790.44,127189.46,120350.75
432,Central Coast,2.307070899979725,2458013400,2014-09,2014.0,9.0,month,1.466444881889764,2.3805905511811023,2.0983228346456695,2.509232283464567,2.4963503937007876,1.9926377952755907,1.825,74225.24,120495.42,106208.23,127006.72,126354.7,100858.9,92373.78
433,Central Coast,2.307070899979725,2458013400,2014-10,2014.0,10.0,month,1.044196850393701,1.7408582677165354,1.414984251968504,1.0673937007874015,1.6487047244094488,1.5821692913385828,1.5281377952755908,52852.83,88114.88,71620.52,54026.95,83450.46,80082.72,77347.87
434,Central Coast,2.307070899979725,2458013400,2014-11,2014.0,11.0,month,0.8079291338582678,1.1516456692913386,1.0672952755905514,0.7845826771653543,1.6393425196850393,1.2548110236220473,0.9988700787401575,40893.96,58291.43,54021.97,39712.26,82976.58,63513.23,50558.58
435,Central Coast,2.307070899979725,2458013400,2014-12,2014.0,12.0,month,0.5674212598425197,0.8721377952755907,0.9391850393700788,0.5695196850393701,1.3920472440944882,1.4247992125984252,0.9448267716535433,28720.46,44143.93,47537.57,28826.68,70459.54,72117.31,47823.13
436,Central Coast,2.307070899979725,2458013400,2015-00,,,water_year,20.249275590551182,26.022937007874017,23.95864566929134,24.65675984251969,27.915035433070866,24.749767716535438,21.897842519685042,1024932.67,1317170.98,1212685.3,1248020.9000000001,1412941.0,1252728.56,1108376.16
437,Central Coast,2.307070899979725,2458013400,2015-01,2015.0,1.0,month,1.0526850393700788,0.9945,1.1138700787401576,0.8434173228346457,1.35644094488189,1.0858070866141734,1.2217874015748031,53282.46,50337.38,56379.39,42690.22,68657.3,54958.96,61841.71
438,Central Coast,2.307070899979725,2458013400,2015-02,2015.0,2.0,month,1.3352165354330707,1.3505944881889766,1.4758070866141735,1.1020748031496064,1.8690590551181103,1.7254330708661418,1.3813307086614173,67583.01,68361.38,74699.11,55782.37,94603.86,87334.12,69917.12
439,Central Coast,2.307070899979725,2458013400,2015-03,2015.0,3.0,month,1.9974685039370081,2.3965393700787403,2.261712598425197,1.9616259842519685,2.4468464566929136,2.3778464566929136,2.2437913385826773,101103.41,121302.69,114478.33,99289.21,123849.02,120356.53,113571.23
440,Central Coast,2.307070899979725,2458013400,2015-04,2015.0,4.0,month,2.0027125984251968,2.4381299212598426,2.3170826771653545,1.8576338582677168,2.8113149606299213,2.611818897637795,2.123933070866142,101368.84,123407.82,117280.92,94025.57,142296.87,132199.23,107504.51
441,Central Coast,2.307070899979725,2458013400,2015-05,2015.0,5.0,month,2.3971653543307085,2.753933070866142,2.580527559055118,3.622677165354331,3.2645787401574804,2.309165354330709,1.8631377952755908,121334.37,139392.44,130615.39,183364.6,165239.17,116880.18,94304.15
442,Central Coast,2.307070899979725,2458013400,2015-06,2015.0,6.0,month,2.7613503937007877,3.271712598425197,2.9352362204724414,3.9143976377952763,3.0385551181102364,2.6062834645669293,2.442413385826772,139767.88,165600.25,148569.24,198130.25,153798.81,131919.05,123624.63
443,Central Coast,2.307070899979725,2458013400,2015-07,2015.0,7.0,month,2.7241811023622047,3.279968503937008,3.0357322834645672,3.648251968503937,3.25896062992126,2.9858346456692915,2.5775826771653545,137886.52,166018.13,153655.93,184659.08,164954.8,151130.32,130466.33
444,Central Coast,2.307070899979725,2458013400,2015-08,2015.0,8.0,month,2.1603858267716536,3.1245551181102362,2.670641732283465,3.0258937007874014,2.834649606299213,2.607429133858268,2.477677165354331,109349.59,158151.76,135176.59,153157.94,143477.97,131977.03,125409.54
445,Central Coast,2.307070899979725,2458013400,2015-09,2015.0,9.0,month,1.3985629921259843,2.6483622047244095,2.146570866141732,2.2592913385826776,2.354535433070866,2.1783700787401576,2.0943543307086614,70789.34,134048.89,108650.34,114355.77,119176.62,110259.88,106007.36
446,Central Coast,2.307070899979725,2458013400,2015-10,2015.0,10.0,month,1.0482125984251969,1.9089645669291337,1.536984251968504,1.3742401574803151,2.023181102362205,1.6049291338582679,1.5079803149606301,53056.09,96623.71,77795.64,69558.22,102404.87,81234.72,76327.59
447,Central Coast,2.307070899979725,2458013400,2015-11,2015.0,11.0,month,0.7224606299212599,1.1056889763779527,1.100208661417323,0.655267716535433,1.6929055118110237,1.6988307086614174,1.0660078740157481,36567.9,55965.3,55687.91,33166.88,85687.72,85987.62,53956.81
448,Central Coast,2.307070899979725,2458013400,2015-12,2015.0,12.0,month,0.5661574803149606,0.8900866141732284,0.895976377952756,0.5460708661417323,1.4121929133858269,1.2731811023622048,0.852748031496063,28656.5,45052.42,45350.53,27639.8,71479.23,64443.04,43162.5
449,Central Coast,2.307070899979725,2458013400,2016-00,,,water_year,22.669177165354334,26.05742125984252,25.25508267716536,27.016421259842524,29.84822440944882,26.154480314960637,22.38762598425197,1147417.87,1318916.45,1278305.4600000002,1367456.97,1510790.87,1323829.15,1133166.94
450,Central Coast,2.307070899979725,2458013400,2016-01,2016.0,1.0,month,0.7661732283464567,0.9061732283464567,0.9936102362204725,0.7061417322834646,1.4410669291338583,1.4761377952755905,0.9350236220472442,38780.45,45866.66,50292.35,35741.91,72940.71,74715.85,47326.94
451,Central Coast,2.307070899979725,2458013400,2016-02,2016.0,2.0,month,1.669224409448819,1.6165157480314962,1.7841574803149607,1.188976377952756,2.0736771653543307,1.9883149606299213,1.842283464566929,84489.08,81821.19,90306.51,60180.96,104960.77,100640.09,93248.6
452,Central Coast,2.307070899979725,2458013400,2016-03,2016.0,3.0,month,2.272232283464567,2.1498307086614172,2.4157716535433074,2.0033149606299214,2.840153543307087,2.7344015748031496,2.16751968503937,115010.79,108815.34,122276.14,101399.33,143756.56,138403.84,109710.68
453,Central Coast,2.307070899979725,2458013400,2016-04,2016.0,4.0,month,2.33055905511811,2.466200787401575,2.6293818897637795,2.6506968503937007,3.2442244094488193,2.7781653543307088,2.334685039370079,117963.04,124828.65,133088.19,134167.06,164208.92,140618.98,118171.88
454,Central Coast,2.307070899979725,2458013400,2016-05,2016.0,5.0,month,2.6825590551181104,2.6822874015748033,2.767625984251969,3.7970472440944882,3.6681535433070867,2.448448818897638,2.142917322834646,135779.79,135766.04,140085.52,192190.47,185666.42,123930.12,108465.41
455,Central Coast,2.307070899979725,2458013400,2016-06,2016.0,6.0,month,3.059346456692914,3.184996062992126,3.053535433070866,3.7755314960629924,3.0541023622047248,2.8294133858267716,2.6071535433070867,154851.18,161211.03,154557.05,191101.43,154585.74,143212.94,131963.08
456,Central Coast,2.307070899979725,2458013400,2016-07,2016.0,7.0,month,3.1679251968503936,3.385220472440945,3.111933070866142,4.213641732283465,3.145015748031496,2.776118110236221,2.616677165354331,160346.97,171345.54,157512.89,213276.72,159187.39,140515.36,132445.13
457,Central Coast,2.307070899979725,2458013400,2016-08,2016.0,8.0,month,2.877976377952756,3.2710393700787406,2.8455787401574804,3.8520393700787405,2.854496062992126,2.4478464566929135,2.290783464566929,145670.99,165566.18,144031.16,194973.94,144482.52,123899.63,115949.77
458,Central Coast,2.307070899979725,2458013400,2016-09,2016.0,9.0,month,1.5063503937007874,2.4904173228346456,2.1203188976377954,2.2534527559055118,2.3990551181102364,2.098692913385827,2.0238464566929135,76245.09,126054.39,107321.57,114060.25,121430.02,106226.96,102438.55
459,Central Coast,2.307070899979725,2458013400,2016-10,2016.0,10.0,month,0.9427755905511812,1.8698228346456693,1.5314685039370077,0.956244094488189,1.9764409448818898,1.9002992125984253,1.5221692913385827,47719.31,94642.52,77516.46,48401.03,100039.08,96185.11,77045.77
460,Central Coast,2.307070899979725,2458013400,2016-11,2016.0,11.0,month,0.8461338582677166,1.3053858267716536,1.0853779527559055,0.6507086614173229,1.2739291338582677,1.2316771653543308,1.0942952755905513,42827.72,66073.11,54937.24,32936.12,64480.9,62342.29,55388.6
461,Central Coast,2.307070899979725,2458013400,2016-12,2016.0,12.0,month,0.6173503937007875,0.9725236220472442,0.9191338582677165,0.5119448818897637,1.2449370078740158,1.2853622047244095,0.8888149606299214,31247.67,49225.03,46522.67,25912.48,63013.45,65059.6,44988.05
462,Central Coast,2.307070899979725,2458013400,2017-00,,,water_year,24.227720472440947,26.66055511811024,25.939783464566936,27.06958661417323,29.929236220472443,27.072023622047244,22.581531496062997,1226304.74,1349444.52,1312962.1199999999,1370147.9900000002,1514891.3499999999,1370271.34,1142981.5999999999
463,Central Coast,2.307070899979725,2458013400,2017-01,2017.0,1.0,month,0.9491023622047244,0.8987637795275591,1.0893937007874017,0.8683188976377952,1.3426141732283468,1.539724409448819,1.0136850393700787,48039.55,45491.62,55140.5,43950.63,67957.45,77934.34,51308.45
464,Central Coast,2.307070899979725,2458013400,2017-02,2017.0,2.0,month,1.1325354330708663,1.015708661417323,1.2366850393700788,0.9210472440944882,1.4601062992125986,1.8893937007874018,1.2134173228346457,57324.15,51410.88,62595.77,46619.52,73904.41,95633.12,61418.05
465,Central Coast,2.307070899979725,2458013400,2017-03,2017.0,3.0,month,2.4648228346456693,2.1386181102362207,2.400677165354331,1.778944881889764,3.021972440944882,2.6111062992125986,2.0390866141732285,124758.91,108247.8,121512.12,90042.67,152959.46,132163.16,103209.94
466,Central Coast,2.307070899979725,2458013400,2017-04,2017.0,4.0,month,2.5501181102362205,2.4979015748031497,2.774476377952756,2.6630433070866144,3.5576181102362208,3.0622952755905515,2.3892795275590553,129076.19,126433.21,140432.26,134791.99,180071.58,155000.43,120935.22
467,Central Coast,2.307070899979725,2458013400,2017-05,2017.0,5.0,month,3.0303937007874016,3.1571732283464566,3.1421850393700788,4.150137795275591,3.9755354330708665,2.746023622047244,2.434992125984252,153385.71,159802.75,159044.12,210062.42,201224.79,138992.1,123249.0
468,Central Coast,2.307070899979725,2458013400,2017-06,2017.0,6.0,month,3.6225866141732284,3.4107716535433075,3.2958267716535437,4.293732283464567,3.396748031496063,2.821232283464567,2.575248031496063,183360.01,172638.83,166820.81,217330.57,171929.02,142798.85,130348.16
469,Central Coast,2.307070899979725,2458013400,2017-07,2017.0,7.0,month,3.5990866141732285,3.6135472440944882,3.4232007874015746,4.5474370078740165,3.416736220472441,3.0120511811023625,2.78655905511811,182170.54,182902.48,173267.94,230172.03,172940.74,152457.29,141043.83
470,Central Coast,2.307070899979725,2458013400,2017-08,2017.0,8.0,month,2.9009094488188976,3.1018228346456693,2.9047795275590556,3.8542677165354333,3.0573661417322837,2.618937007874016,2.4024055118110237,146831.77,157001.15,147027.65,195086.73,154750.94,132559.51,121599.61
471,Central Coast,2.307070899979725,2458013400,2017-09,2017.0,9.0,month,1.5719055118110237,2.6785157480314963,2.1365787401574803,1.873759842519685,2.205232283464567,2.3539212598425197,2.2215787401574802,79563.21,135575.14,108144.58,94841.8,111619.53,119145.54,112446.92
472,Central Coast,2.307070899979725,2458013400,2017-10,2017.0,10.0,month,0.893732283464567,1.7944803149606299,1.4850748031496064,0.8310354330708661,1.7331732283464567,1.7286850393700788,1.7827637795275593,45236.95,90829.0,75168.21,42063.5,87725.9,87498.72,90235.96
473,Central Coast,2.307070899979725,2458013400,2017-11,2017.0,11.0,month,0.5921574803149607,1.0085314960629923,0.9031338582677165,0.6395000000000001,1.3446338582677166,1.180700787401575,0.7999724409448818,29972.51,51047.6,45712.82,32368.79,68059.68,59762.08,40491.22
474,Central Coast,2.307070899979725,2458013400,2017-12,2017.0,12.0,month,0.4378425196850394,0.9961653543307087,0.696724409448819,0.44830314960629924,1.0110826771653543,0.7888622047244095,0.7895196850393701,22161.74,50421.68,35265.24,22691.21,51176.73,39928.87,39962.15
475,Central Coast,2.307070899979725,2458013400,2018-00,,,water_year,21.671122047244097,26.714877952755906,24.441917322834648,25.41899606299213,28.088342519685042,25.076027559055117,22.00244881889764,1096900.54,1352194.14,1237146.47,1286602.07,1421713.1,1269242.45,1113670.9100000001
476,Central Coast,2.307070899979725,2458013400,2018-01,2018.0,1.0,month,0.6651889763779528,0.8699133858267717,0.8893582677165355,0.5854645669291338,1.401251968503937,1.4286141732283466,0.8150905511811024,33669.05,44031.34,45015.55,29633.74,70925.45,72310.41,41256.44
477,Central Coast,2.307070899979725,2458013400,2018-02,2018.0,2.0,month,1.00298031496063,1.341988188976378,1.2112519685039371,0.7872244094488189,1.5177480314960632,1.3047913385826773,1.268968503937008,50766.62,67925.77,61308.45,39845.97,76821.99,66043.02,64229.82
478,Central Coast,2.307070899979725,2458013400,2018-03,2018.0,3.0,month,1.634720472440945,2.0100393700787405,1.9338464566929137,1.6138937007874017,2.0738740157480318,2.814330708661417,1.781929133858268,82742.64,101739.69,97883.13,81688.47,104970.73,142449.52,90193.72
479,Central Coast,2.307070899979725,2458013400,2018-04,2018.0,4.0,month,2.6527086614173228,2.9650314960629927,2.9521417322834647,3.289685039370079,3.347661417322835,2.88496062992126,2.4958267716535434,134268.89,150077.35,149424.93,166509.94,169444.46,146024.5,126328.19
480,Central Coast,2.307070899979725,2458013400,2018-05,2018.0,5.0,month,2.9379015748031496,2.7315551181102364,2.906204724409449,3.615204724409449,3.7954881889763783,2.5275511811023623,2.307740157480315,148704.15,138259.77,147099.79,182986.37,192111.56,127933.95,116808.05
481,Central Coast,2.307070899979725,2458013400,2018-06,2018.0,6.0,month,3.2281417322834645,3.0804724409448823,3.0548818897637795,3.6814999999999998,3.147468503937008,2.744874015748032,2.579649606299213,163394.88,155920.49,154625.2,186341.96,159311.54,138933.91,130570.95
482,Central Coast,2.307070899979725,2458013400,2018-07,2018.0,7.0,month,3.2785590551181105,3.966464566929134,3.421909448818898,4.541011811023623,3.5592952755905514,3.010858267716536,2.7905590551181105,165946.79,200765.66,173202.58,229846.81,180156.47,152396.91,141246.3
483,Central Coast,2.307070899979725,2458013400,2018-08,2018.0,8.0,month,2.7078818897637795,3.4173897637795276,2.870047244094488,3.0372598425196853,2.8542047244094486,2.643377952755906,2.6290629921259843,137061.53,172973.82,145269.65,153733.25,144467.77,133796.61,133072.05
484,Central Coast,2.307070899979725,2458013400,2018-09,2018.0,9.0,month,1.6393070866141732,2.5328464566929134,2.1173425196850397,2.348913385826772,2.30246062992126,2.0184212598425195,1.9613661417322836,82974.79,128201.97,107170.92,118892.06,116540.82,102163.95,99276.06
485,Central Coast,2.307070899979725,2458013400,2018-10,2018.0,10.0,month,0.8477795275590552,1.758700787401575,1.4204015748031498,1.090692913385827,1.691775590551181,1.6470472440944883,1.4861338582677166,42911.01,89018.0,71894.72,55206.26,85630.52,83366.56,75221.81
486,Central Coast,2.307070899979725,2458013400,2018-11,2018.0,11.0,month,0.48931496062992125,1.0181771653543308,0.8601220472440946,0.5907677165354331,1.1347519685039371,1.152988188976378,0.8473149606299213,24767.05,51535.82,43535.74,29902.16,57436.34,58359.39,42887.5
487,Central Coast,2.307070899979725,2458013400,2018-12,2018.0,12.0,month,0.6465275590551182,0.7657834645669293,0.8687755905511811,0.4619763779527559,1.3436417322834648,1.3217677165354331,0.896232283464567,32724.49,38760.72,43973.75,23383.29,68009.46,66902.29,45363.49
488,Central Coast,2.307070899979725,2458013400,2019-00,,,water_year,21.900539370078743,26.796787401574804,25.392527559055118,26.52388976377953,29.88350393700788,27.069169291338586,22.756393700787406,1108512.6700000002,1356340.04,1285262.3399999999,1342527.1,1512576.55,1370126.8499999999,1151832.3900000001
489,Central Coast,2.307070899979725,2458013400,2019-01,2019.0,1.0,month,0.7038543307086614,1.075492125984252,1.0324055118110236,0.5368031496062993,1.3028425196850393,1.5271377952755905,1.0847677165354332,35626.13,54436.86,52256.0,27170.7,65944.38,77297.26,54906.35
490,Central Coast,2.307070899979725,2458013400,2019-02,2019.0,2.0,month,1.0724566929133859,1.0544370078740157,1.2825433070866141,0.7383622047244095,1.5813897637795276,1.925484251968504,1.294507874015748,54283.22,53371.14,64916.92,37372.77,80043.26,97459.87,65522.51
491,Central Coast,2.307070899979725,2458013400,2019-03,2019.0,3.0,month,2.0471259842519687,2.042464566929134,2.2148779527559057,1.5387401574803152,2.7696377952755906,2.8253385826771655,1.9459055118110238,103616.86,103380.92,112107.75,77884.52,140187.35,143006.69,98493.51
492,Central Coast,2.307070899979725,2458013400,2019-04,2019.0,4.0,month,2.3705944881889764,2.7981338582677164,2.8010708661417323,2.9823937007874015,3.460610236220473,2.723748031496063,2.491448818897638,119989.47,141629.7,141778.36,150956.15,175161.45,137864.6,126106.6
493,Central Coast,2.307070899979725,2458013400,2019-05,2019.0,5.0,month,2.699496062992126,2.703566929133858,2.939897637795276,3.4777047244094486,3.881452755905512,3.1216299212598426,2.159169291338583,136637.07,136843.12,148805.18,176026.7,196462.72,158003.7,109288.02
494,Central Coast,2.307070899979725,2458013400,2019-06,2019.0,6.0,month,3.3225590551181106,3.5306141732283467,3.3654606299212597,4.896429133858268,3.8342755905511816,2.861511811023622,2.6705984251968506,168173.89,178704.76,170345.38,247836.53,194074.81,144837.62,135174.4
495,Central Coast,2.307070899979725,2458013400,2019-07,2019.0,7.0,month,3.355681102362205,3.662665354330709,3.3667795275590553,4.3830787401574804,3.2872874015748033,2.9797244094488193,2.9113464566929137,169850.38,185388.63,170412.14,221852.91,166388.58,150821.05,147360.04
496,Central Coast,2.307070899979725,2458013400,2019-08,2019.0,8.0,month,2.776606299212599,3.5824803149606304,3.0392992125984253,3.8074881889763783,3.130633858267717,2.749452755905512,2.6558464566929136,140540.07,181330.0,153836.47,192718.95,158459.44,139165.67,134427.71
497,Central Coast,2.307070899979725,2458013400,2019-09,2019.0,9.0,month,1.5685433070866144,2.804271653543307,2.2008937007874017,2.0194527559055118,2.465204724409449,2.2333385826771655,2.3131220472440948,79393.03,141940.37,111399.93,102216.16,124778.24,113042.15,117080.45
498,Central Coast,2.307070899979725,2458013400,2019-10,2019.0,10.0,month,0.8335,2.1610669291338587,1.568208661417323,1.174263779527559,1.7800944881889764,1.7083818897637795,1.8000708661417324,42188.24,109384.07,79376.09,59436.27,90100.85,86471.07,91111.97
499,Central Coast,2.307070899979725,2458013400,2019-11,2019.0,11.0,month,0.6147125984251969,1.1521929133858269,0.9309960629921261,0.8291889763779527,1.4732716535433072,0.9659724409448819,0.8488779527559055,31114.15,58319.13,47123.08,41970.04,74570.78,48893.44,42966.61
500,Central Coast,2.307070899979725,2458013400,2019-12,2019.0,12.0,month,0.5606614173228347,0.8344015748031496,0.853236220472441,0.4625708661417323,1.5081771653543308,1.4081220472440945,0.7700984251968505,28378.31,42233.88,43187.21,23413.38,76337.55,71273.18,38979.13
501,Central Coast,2.307070899979725,2458013400,2020-00,,,water_year,22.992503937007875,26.777133858267717,25.47551181102362,27.610803149606298,30.859496062992125,25.180047244094485,22.6994094488189,1163783.29,1355345.25,1289462.66,1397542.08,1561977.1700000002,1274507.48,1148948.09
502,Central Coast,2.307070899979725,2458013400,2020-01,2020.0,1.0,month,0.8508188976377954,0.9203228346456693,1.0069212598425197,0.6910590551181103,1.590952755905512,1.1648779527559057,0.972263779527559,43064.85,46582.85,50966.1,34978.49,80527.3,58961.19,49211.88
503,Central Coast,2.307070899979725,2458013400,2020-02,2020.0,2.0,month,1.229740157480315,1.4408464566929133,1.4446535433070868,1.072984251968504,2.0229685039370082,1.4128464566929133,1.5018779527559056,62244.25,72929.55,73122.25,54309.92,102394.11,71512.31,76018.71
504,Central Coast,2.307070899979725,2458013400,2020-03,2020.0,3.0,month,1.6599606299212597,1.8217874015748032,2.0365433070866144,1.7765590551181103,2.703263779527559,2.619236220472441,1.7715866141732284,84020.19,92211.17,103081.21,89921.91,136827.78,132574.66,89670.22
505,Central Coast,2.307070899979725,2458013400,2020-04,2020.0,4.0,month,2.7508503937007878,2.534996062992126,2.8994960629921263,3.1518110236220473,3.7326496062992125,2.891220472440945,2.4656141732283468,139236.41,128310.78,146760.23,159531.34,188930.94,146341.35,124798.96
506,Central Coast,2.307070899979725,2458013400,2020-05,2020.0,5.0,month,3.0531299212598424,3.08042125984252,3.2042952755905514,3.891232283464567,3.8855236220472444,2.9841968503937006,2.758551181102362,154536.52,155917.89,162187.87,196957.72,196668.77,151047.42,139626.19
507,Central Coast,2.307070899979725,2458013400,2020-06,2020.0,6.0,month,3.0433307086614176,3.38903937007874,3.1253346456692914,3.811704724409449,3.313393700787402,2.726295275590551,2.695177165354331,154040.53,171538.84,158191.22,192932.37,167709.97,137993.54,136418.47
508,Central Coast,2.307070899979725,2458013400,2020-07,2020.0,7.0,month,3.401240157480315,3.491433070866142,3.2052598425196854,4.630637795275591,3.4090708661417324,2.6508503937007872,2.521035433070866,172156.39,176721.57,162236.7,234383.3,172552.75,134174.83,127604.15
509,Central Coast,2.307070899979725,2458013400,2020-08,2020.0,8.0,month,2.9631220472440947,3.562236220472441,3.024476377952756,3.890956692913386,2.954791338582677,2.63003937007874,2.577933070866142,149980.7,180305.33,153086.2,196943.77,149559.04,133121.47,130484.07
510,Central Coast,2.307070899979725,2458013400,2020-09,2020.0,9.0,month,2.031437007874016,2.3883897637795277,2.1760905511811024,2.2278346456692915,2.4853385826771657,2.018007874015748,2.016322834645669,102822.75,120890.19,110144.5,112763.57,125797.33,102143.02,102057.73
511,Central Coast,2.307070899979725,2458013400,2020-10,2020.0,10.0,month,1.179933070866142,1.8067874015748033,1.4328622047244095,1.0345511811023622,1.6181811023622048,1.5370354330708662,1.5442755905511814,59723.22,91451.94,72525.42,52364.6,81905.48,77798.23,78164.7
512,Central Coast,2.307070899979725,2458013400,2020-11,2020.0,11.0,month,0.5337283464566929,1.0585708661417323,0.8907874015748033,0.5659448818897638,1.2896535433070866,1.0813346456692914,0.8416692913385827,27015.07,53580.38,45087.89,28645.74,65276.81,54732.59,42601.74
513,Central Coast,2.307070899979725,2458013400,2020-12,2020.0,12.0,month,0.4904645669291339,0.8631181102362205,0.7450826771653544,0.5335787401574803,1.1290590551181103,0.9380157480314961,0.7263897637795276,24825.24,43687.39,37712.93,27007.5,57148.19,47478.39,36766.78
514,Central Coast,2.307070899979725,2458013400,2021-00,,,water_year,22.04560236220473,27.26838188976378,24.24950787401575,26.08085826771654,27.074988188976377,23.125374015748037,21.976204724409452,1115855.15,1380210.17,1227407.52,1320102.75,1370421.38,1170508.63,1112342.54
515,Central Coast,2.307070899979725,2458013400,2021-01,2021.0,1.0,month,0.6403031496062993,1.0093425196850394,0.9178740157480315,0.8091771653543308,1.2191732283464567,1.0550393700787402,0.8483149606299213,32409.44,51088.65,46458.9,40957.13,61709.39,53401.63,42938.12
516,Central Coast,2.307070899979725,2458013400,2021-02,2021.0,2.0,month,1.0588976377952757,1.3149055118110238,1.2283070866141734,0.9756141732283465,1.6824251968503938,1.1615511811023622,1.2450905511811023,53596.92,66554.96,62171.71,49381.46,85157.25,58792.81,63021.22
517,Central Coast,2.307070899979725,2458013400,2021-03,2021.0,3.0,month,1.6845629921259844,1.856003937007874,1.9343385826771653,1.2806889763779528,2.5116338582677167,2.3283661417322836,1.8463031496062992,85265.45,93943.07,97908.04,64823.06,127128.28,117852.05,93452.06
518,Central Coast,2.307070899979725,2458013400,2021-04,2021.0,4.0,month,2.332696850393701,2.6364055118110237,2.607748031496063,3.0158818897637794,3.1053346456692914,2.29796062992126,2.3015787401574803,118071.25,133443.7,131993.18,152651.19,157178.91,116313.05,116496.18
519,Central Coast,2.307070899979725,2458013400,2021-05,2021.0,5.0,month,2.9995433070866144,3.1223976377952756,2.978240157480315,3.6088070866141737,3.2623385826771654,2.5723149606299214,2.5130984251968504,151824.2,158042.56,150745.92,182662.55,165125.78,130199.7,127202.41
520,Central Coast,2.307070899979725,2458013400,2021-06,2021.0,6.0,month,3.3198110236220475,3.3334803149606302,3.109165354330709,3.624027559055118,3.060834645669291,2.745535433070866,2.683700787401575,168034.79,168726.67,157372.8,183432.95,154926.5,138967.39,135837.58
521,Central Coast,2.307070899979725,2458013400,2021-07,2021.0,7.0,month,3.2908503937007874,3.952952755905512,3.352279527559056,4.761720472440945,3.2006338582677167,2.8500866141732284,2.8167637795275593,166568.93,200081.75,169678.21,241018.15,162002.55,144259.33,142572.67
522,Central Coast,2.307070899979725,2458013400,2021-08,2021.0,8.0,month,2.823657480314961,3.571799212598425,2.913897637795276,3.5876653543307087,2.800968503937008,2.5108503937007876,2.5446377952755905,142921.6,180789.37,147489.17,181592.45,141773.18,127088.63,128798.8
523,Central Coast,2.307070899979725,2458013400,2021-09,2021.0,9.0,month,1.6911535433070868,2.7426181102362204,2.1389251968503937,2.283200787401575,2.194751968503937,2.047283464566929,2.0643818897637796,85599.04,138819.73,108263.35,115565.97,111089.06,103624.83,104490.28
524,Central Coast,2.307070899979725,2458013400,2021-10,2021.0,10.0,month,0.895720472440945,2.0431614173228345,1.5820078740157482,1.2063385826771653,1.8418976377952756,1.8804015748031497,1.6649094488188976,45337.58,103416.19,80074.55,61059.76,93229.07,95177.97,84270.67
525,Central Coast,2.307070899979725,2458013400,2021-11,2021.0,11.0,month,0.6575629921259843,1.2284133858267716,1.0848149606299213,0.7503622047244095,1.5848582677165355,1.180271653543307,1.23048031496063,33283.06,62177.09,54908.74,37980.16,80218.82,59740.36,62281.71
526,Central Coast,2.307070899979725,2458013400,2021-12,2021.0,12.0,month,0.5146929133858268,0.7240787401574804,0.7600078740157481,0.5320511811023622,1.1413937007874015,1.1070905511811024,0.6758700787401576,26051.58,36649.8,38468.38,26930.18,57772.52,56036.24,34209.68
527,Central Coast,2.307070899979725,2458013400,2022-00,,,water_year,21.02609842519685,28.448838582677165,25.280212598425194,24.644610236220476,27.427472440944882,26.01194488188976,24.542866141732283,1064252.18,1439959.8900000001,1279577.43,1247405.94,1388262.64,1316614.6199999999,1242256.0599999998
528,Central Coast,2.307070899979725,2458013400,2022-01,2022.0,1.0,month,0.9599370078740158,1.1901417322834646,1.1130669291338582,0.7223031496062992,1.472736220472441,1.0725866141732283,1.2579685039370079,48587.95,60239.94,56338.74,36559.93,74543.68,54289.8,63673.04
529,Central Coast,2.307070899979725,2458013400,2022-02,2022.0,2.0,month,1.158248031496063,1.6458976377952756,1.4370748031496063,0.7721456692913387,1.7104409448818898,1.586484251968504,1.6439724409448822,58625.62,83308.38,72738.65,39082.75,86575.29,80301.12,83210.93
530,Central Coast,2.307070899979725,2458013400,2022-03,2022.0,3.0,month,1.733259842519685,2.1423937007874017,2.0818543307086617,1.5888070866141732,2.507767716535433,2.381740157480315,2.0016771653543306,87730.28,108438.91,105374.66,80418.69,126932.59,120553.61,101316.43
531,Central Coast,2.307070899979725,2458013400,2022-04,2022.0,4.0,month,2.340228346456693,2.7468543307086617,2.653728346456693,2.6015433070866143,2.884893700787402,2.7787755905511813,2.4470984251968506,118452.46,139034.15,134320.5,131679.12,146021.12,140649.87,123861.77
532,Central Coast,2.307070899979725,2458013400,2022-05,2022.0,5.0,month,2.682641732283465,3.020673228346457,2.818696850393701,2.778866141732284,2.9079803149606303,2.7275590551181104,2.65603937007874,135783.98,152893.7,142670.51,140654.45,147189.66,138057.5,134437.48
533,Central Coast,2.307070899979725,2458013400,2022-06,2022.0,6.0,month,2.711748031496063,3.303937007874016,3.0201653543307088,3.0783031496062994,2.867917322834646,3.045433070866142,3.0757283464566934,137257.22,167231.32,152868.0,155810.69,145161.84,154146.94,155680.36
534,Central Coast,2.307070899979725,2458013400,2022-07,2022.0,7.0,month,3.0865787401574805,3.757413385826772,3.249393700787402,4.088354330708662,3.1735196850393703,2.8974173228346456,2.836673228346457,156229.56,190184.37,164470.57,206935.2,160630.14,146655.01,143580.4
535,Central Coast,2.307070899979725,2458013400,2022-08,2022.0,8.0,month,2.668574803149607,3.5292047244094493,2.988267716535433,3.7480590551181105,2.86490157480315,2.749259842519685,2.7115787401574805,135071.97,178633.42,151253.47,189710.9,145009.2,139155.9,137248.65
536,Central Coast,2.307070899979725,2458013400,2022-09,2022.0,9.0,month,1.6169055118110238,3.1166692913385825,2.4911338582677165,2.777476377952756,2.4691653543307086,2.6049251968503935,2.3408700787401577,81840.92,157752.62,126090.66,140584.11,124978.71,131850.3,118484.94
537,Central Coast,2.307070899979725,2458013400,2022-10,2022.0,10.0,month,0.9434055118110236,1.9503149606299213,1.431244094488189,1.193228346456693,1.7075826771653544,1.4561929133858267,1.4992795275590551,47751.2,98716.69,72443.52,60396.17,86430.61,73706.33,75887.19
538,Central Coast,2.307070899979725,2458013400,2022-11,2022.0,11.0,month,0.5310629921259843,1.2803976377952757,1.0220905511811023,0.5413425196850394,1.4133425196850393,1.3446535433070868,0.9842559055118111,26880.16,64808.31,51733.9,27400.47,71537.42,68060.67,49818.87
539,Central Coast,2.307070899979725,2458013400,2022-12,2022.0,12.0,month,0.5027125984251969,0.6536692913385828,0.7434566929133859,0.440244094488189,1.378783464566929,1.179208661417323,0.6852086614173228,25445.19,33085.97,37630.63,22283.29,69788.19,59686.55,34682.36
540,Central Coast,2.307070899979725,2458013400,2023-00,,,water_year,24.711972440944884,27.3081062992126,26.59402755905512,27.965881889763782,32.09221653543308,26.55682283464567,22.942972440944885,1250815.5299999998,1382220.8099999998,1346077.19,1415514.65,1624372.27,1344194.0399999998,1161276.23
541,Central Coast,2.307070899979725,2458013400,2023-01,2023.0,1.0,month,0.8727047244094488,0.9002716535433072,1.040027559055118,0.3922874015748032,1.2984685039370079,1.5424645669291341,1.0326574803149609,44172.62,45567.94,52641.8,19855.93,65722.98,78073.03,52268.75
542,Central Coast,2.307070899979725,2458013400,2023-02,2023.0,2.0,month,1.3146377952755908,1.1935472440944883,1.3498267716535435,0.7998897637795276,1.553515748031496,1.6693267716535434,1.2327637795275592,66541.4,60412.31,68322.52,40487.04,78632.4,84494.26,62397.29
543,Central Coast,2.307070899979725,2458013400,2023-03,2023.0,3.0,month,1.857720472440945,1.6988307086614174,1.988720472440945,1.7201181102362206,2.468255905511811,2.867744094488189,1.625755905511811,94029.95,85987.62,100660.62,87065.1,124932.67,145153.08,82288.89
544,Central Coast,2.307070899979725,2458013400,2023-04,2023.0,4.0,month,3.380677165354331,2.83248031496063,3.0597362204724408,3.284259842519685,4.100287401574803,2.551488188976378,2.4616259842519685,171115.58,143368.17,154870.91,166235.34,207539.21,129145.54,124597.1
545,Central Coast,2.307070899979725,2458013400,2023-05,2023.0,5.0,month,3.456956692913386,3.2822204724409447,3.3638307086614176,4.114515748031496,4.332661417322835,2.9151338582677164,2.475429133858268,174976.53,166132.12,170262.88,208259.38,219301.0,147551.75,125295.75
546,Central Coast,2.307070899979725,2458013400,2023-06,2023.0,6.0,month,3.4045787401574805,3.307488188976378,3.297649606299213,4.295669291338583,3.9225275590551183,2.780984251968504,2.5398149606299216,172325.38,167411.06,166913.08,217428.61,198541.75,140761.66,128554.69
547,Central Coast,2.307070899979725,2458013400,2023-07,2023.0,7.0,month,3.8233070866141734,3.9105629921259846,3.6973425196850394,4.604208661417323,3.687200787401575,3.2502125984251973,3.250641732283465,193519.63,197936.16,187143.84,233045.57,186630.51,164512.01,164533.74
548,Central Coast,2.307070899979725,2458013400,2023-08,2023.0,8.0,month,2.9663188976377954,3.6465157480314963,3.2733031496062996,3.9272244094488187,3.417661417322835,2.9476732283464573,2.997358267716536,150142.52,184571.2,165680.76,198779.49,172987.57,149198.75,151713.6
549,Central Coast,2.307070899979725,2458013400,2023-09,2023.0,9.0,month,1.6578897637795276,2.6518070866141734,2.3267992125984254,2.6528937007874016,2.811929133858268,2.051740157480315,2.158181102362205,83915.37,134223.26,117772.73,134278.26,142327.96,103850.41,109238.0
550,Central Coast,2.307070899979725,2458013400,2023-10,2023.0,10.0,month,1.1161771653543306,2.0543385826771656,1.6187598425196852,1.086755905511811,2.042685039370079,1.7263779527559056,1.7528267716535433,56496.17,103981.93,81934.78,55006.99,103392.08,87381.95,88720.68
551,Central Coast,2.307070899979725,2458013400,2023-11,2023.0,11.0,month,0.5554842519685039,1.4755944881889764,1.0748425196850393,0.4050511811023622,1.6201811023622048,1.3631574803149609,1.0005472440944883,28116.26,74688.35,54403.98,20501.98,82006.71,68997.27,50643.47
552,Central Coast,2.307070899979725,2458013400,2023-12,2023.0,12.0,month,0.5303070866141733,0.8233582677165354,0.7334291338582678,0.2741338582677166,1.2350669291338583,0.978251968503937,0.6696259842519686,26841.9,41674.91,37123.08,13875.5,62513.86,49514.98,33893.64
553,Central Coast,2.307070899979725,2458013400,2024-00,,,water_year,26.607681102362207,28.27222440944882,27.378578740157483,27.202791338582678,32.109181102362214,27.767948818897636,24.013429133858267,1346768.2799999998,1431020.4000000001,1385787.86,1376890.24,1625230.92,1405496.1099999999,1215458.23
554,Central Coast,2.307070899979725,2458013400,2024-01,2024.0,1.0,month,0.8180157480314961,0.8369409448818897,0.9920669291338583,0.517496062992126,1.6336141732283465,1.538547244094488,0.9295000000000001,41404.5,42362.41,50214.23,26193.46,82686.64,77874.75,47047.36
555,Central Coast,2.307070899979725,2458013400,2024-02,2024.0,2.0,month,1.3360472440944884,0.9547755905511812,1.388161417322835,0.8898976377952756,1.9703070866141734,1.993425196850394,1.2677677165354333,67625.06,48326.7,70262.86,45042.85,99728.61,100898.75,64169.04
556,Central Coast,2.307070899979725,2458013400,2024-03,2024.0,3.0,month,2.2664881889763784,1.9634291338582677,2.220956692913386,1.5018188976377953,2.553015748031496,2.769185039370079,1.995716535433071,114720.05,99380.48,112415.43,76015.72,129222.86,140164.43,101014.73
557,Central Coast,2.307070899979725,2458013400,2024-04,2024.0,4.0,month,3.410492125984252,2.595122047244095,3.133811023622047,3.096708661417323,4.196866141732284,3.1367204724409454,2.6391889763779526,172624.69,131354.1,158620.26,156742.29,212427.61,158767.52,133584.58
558,Central Coast,2.307070899979725,2458013400,2024-05,2024.0,5.0,month,3.7300157480314966,3.3601338582677163,3.4937007874015746,4.089511811023622,4.195779527559055,3.079775590551181,2.7632834645669293,188797.62,170075.76,176836.36,206993.79,212372.61,155885.21,139865.72
559,Central Coast,2.307070899979725,2458013400,2024-06,2024.0,6.0,month,3.812429133858268,3.568834645669291,3.5074763779527562,4.372263779527559,3.583661417322835,2.9828937007874017,2.8706811023622048,192969.04,180639.31,177533.62,221305.5,181389.78,150981.46,145301.74
560,Central Coast,2.307070899979725,2458013400,2024-07,2024.0,7.0,month,4.006606299212598,4.0520000000000005,3.6773267716535436,4.479429133858268,3.584444881889764,3.1374606299212604,3.034318897637796,202797.46,205095.1,186130.73,226729.76,181429.44,158804.99,153584.39
561,Central Coast,2.307070899979725,2458013400,2024-08,2024.0,8.0,month,3.0193385826771655,3.7409094488188974,3.1856535433070867,3.962751968503937,3.135224409448819,2.8464251968503937,2.8450354330708665,152826.15,189349.01,161244.31,200577.74,158691.8,144074.0,144003.66
562,Central Coast,2.307070899979725,2458013400,2024-09,2024.0,9.0,month,2.0062795275590553,2.8467874015748036,2.3523937007874016,2.526972440944882,2.3583346456692915,2.215728346456693,2.244937007874016,101549.38,144092.34,119068.22,127904.66,119368.92,112150.8,113629.22
563,Central Coast,2.307070899979725,2458013400,2024-10,2024.0,10.0,month,1.0658346456692913,2.043818897637795,1.5957637795275592,1.2538818897637796,1.9870236220472441,1.6578700787401577,1.7135196850393704,53948.04,103449.47,80770.81,63466.2,100574.73,83914.37,86731.12
564,Central Coast,2.307070899979725,2458013400,2024-11,2024.0,11.0,month,0.5500669291338584,1.110255905511811,0.8935905511811023,0.5562952755905511,1.2133307086614173,1.2840039370078742,0.805988188976378,27842.06,56196.46,45229.77,28157.31,61413.67,64990.85,40795.71
565,Central Coast,2.307070899979725,2458013400,2024-12,2024.0,12.0,month,0.5685787401574803,0.7603740157480315,0.7855629921259842,0.6137125984251969,1.0359291338582677,1.09096062992126,0.787984251968504,28779.05,38486.92,39761.88,31063.54,52434.35,55219.81,39884.43
566,Central Coast,2.307070899979725,2458013400,2025-00,,,water_year,22.136169291338586,28.08418503937008,25.488547244094487,27.1128937007874,29.824787401574802,26.04673228346457,22.343559055118114,1120439.2599999998,1421502.6700000002,1290122.4499999997,1372340.01,1509604.58,1318375.42,1130936.44
567,Central Coast,2.307070899979725,2458013400,2025-01,2025.0,1.0,month,0.6767795275590552,1.0489448818897638,0.9710708661417323,0.5503425196850394,1.2743661417322834,1.3196023622047244,1.0375984251968504,34255.72,53093.15,49151.5,27856.01,64503.02,66792.69,52518.84
568,Central Coast,2.307070899979725,2458013400,2025-02,2025.0,2.0,month,1.0684685039370079,1.4710866141732284,1.407692913385827,1.0559448818897639,1.9538661417322836,1.8112913385826772,1.1795826771653544,54081.36,74460.18,71251.46,53447.46,98896.44,91679.91,59705.49
569,Central Coast,2.307070899979725,2458013400,2025-03,2025.0,3.0,month,1.9558307086614175,2.0543582677165357,2.1615472440944883,1.7955,2.528862204724409,2.7362755905511813,1.9099448818897637,98995.88,103982.93,109408.38,90880.62,128000.31,138498.7,96673.33
570,Central Coast,2.307070899979725,2458013400,2025-04,2025.0,4.0,month,2.6925551181102363,2.632582677165354,2.810992125984252,3.0433425196850394,3.524385826771654,2.6904251968503936,2.309641732283465,136285.75,133250.2,142280.53,154041.13,178389.5,136177.94,116904.3
571,Central Coast,2.307070899979725,2458013400,2025-05,2025.0,5.0,month,3.100161417322835,3.2540905511811022,3.159086614173228,3.478771653543307,4.01957874015748,2.845511811023622,2.603220472440945,156917.06,164708.3,159899.6,176080.71,203454.07,144027.77,131764.01
572,Central Coast,2.307070899979725,2458013400,2025-06,2025.0,6.0,month,3.2761062992125987,3.3731141732283465,3.1113582677165352,3.8798425196850395,3.1069251968503937,2.7193976377952755,2.578393700787402,165822.64,170732.77,157483.8,196381.22,157259.41,137644.41,130507.38
573,Central Coast,2.307070899979725,2458013400,2025-07,2025.0,7.0,month,3.0498740157480317,3.5580551181102367,3.175649606299213,4.497582677165354,3.4071653543307088,2.748755905511811,2.5211299212598424,154371.72,180093.7,160737.95,227648.61,172456.3,139130.4,127608.93
574,Central Coast,2.307070899979725,2458013400,2025-08,2025.0,8.0,month,2.7141889763779528,3.6495393700787404,3.03942125984252,3.875220472440945,3.1149330708661416,2.7735551181102367,2.7000826771653545,137380.77,184724.25,153842.65,196147.27,157664.74,140385.63,136666.76
575,Central Coast,2.307070899979725,2458013400,2025-09,2025.0,9.0,month,1.4177244094488188,3.127964566929134,2.3768110236220474,2.512456692913386,2.6584212598425196,2.3690826771653546,2.196472440944882,71759.21,158324.34,120304.12,127169.93,134558.04,119912.94,111176.14
576,Central Coast,2.307070899979725,2458013400,2025-10,2025.0,10.0,month,1.0384606299212598,1.9014724409448822,1.6621299212598426,1.234515748031496,2.1866732283464567,1.8983464566929136,1.6231535433070867,52562.48,96244.49,84129.99,62485.97,110680.15,96086.27,82157.17
577,Central Coast,2.307070899979725,2458013400,2025-11,2025.0,11.0,month,0.774984251968504,1.1307913385826773,1.1644370078740158,0.9277559055118111,1.6626850393700787,1.4345944881889763,1.1482519685039372,39226.42,57235.87,58938.88,46959.08,84158.08,72613.11,58119.66
578,Central Coast,2.307070899979725,2458013400,2025-12,2025.0,12.0,month,0.7221850393700787,0.8731889763779528,0.9949645669291338,0.7746299212598425,1.5238031496062994,1.0910787401574804,1.1037677165354332,36553.95,44197.13,50360.9,39208.49,77128.47,55225.79,55868.05
579,Central Coast,2.307070899979725,2458013400,2026-00,,,water_year,,,,,,,,,,,,,,
580,Colorado River,18495014.911079578,2359125000,2003-10,2003.0,10.0,month,2.7938464566929135,3.156259842519685,2.7048110236220477,2.5699763779527562,2.8790590551181103,2.4506023622047244,2.312649606299213,135723.51,153329.35,131398.22,124848.03,139863.09,119048.91,112347.24
581,Colorado River,18495014.911079578,2359125000,2003-11,2003.0,11.0,month,1.405496062992126,1.7200944881889764,1.5147795275590552,1.3721062992125985,2.0498779527559057,1.5336377952755906,1.3273346456692914,68278.22,83561.24,73587.15,66656.16,99581.94,74503.27,64481.18
582,Colorado River,18495014.911079578,2359125000,2003-12,2003.0,12.0,month,1.0781496062992126,1.4793503937007875,1.312704724409449,1.253456692913386,1.741736220472441,1.2631929133858266,1.1680629921259844,52375.91,71866.02,63770.47,60892.23,84612.58,61365.21,56743.85
583,Colorado River,18495014.911079578,2359125000,2004-00,,,water_year,40.49965354330709,46.17564566929134,39.935377952755914,38.27992913385827,40.37610236220472,40.27434645669292,36.04505511811024,1967450.7000000002,2243187.2800000003,1940038.53,1859617.7500000002,1961448.6900000002,1956505.45,1751048.8099999998
584,Colorado River,18495014.911079578,2359125000,2004-01,2004.0,1.0,month,1.277937007874016,1.5646732283464568,1.5315078740157482,1.6974606299212598,1.7923385826771654,1.5215314960629922,1.3845039370078742,62081.47,76010.96,74399.8,82461.7,87070.82,73915.16,67258.43
585,Colorado River,18495014.911079578,2359125000,2004-02,2004.0,2.0,month,1.8271456692913388,2.1091377952755908,2.066393700787402,2.0590157480314963,2.3063858267716535,2.14944094488189,1.9151889763779528,88761.72,102460.75,100384.26,100025.84,112042.95,104418.65,93038.82
586,Colorado River,18495014.911079578,2359125000,2004-03,2004.0,3.0,month,3.615208661417323,3.7340511811023624,3.8026299212598427,3.960224409448819,4.266846456692914,3.911759842519685,3.5805590551181106,175624.83,181398.14,184729.65,192385.51,207281.04,190031.13,173941.58
587,Colorado River,18495014.911079578,2359125000,2004-04,2004.0,4.0,month,4.319106299212598,4.807232283464567,4.555240157480315,4.638614173228347,4.681397637795276,4.67042125984252,4.170645669291338,209819.79,233532.68,221291.04,225341.31,227419.7,226886.48,202607.66
588,Colorado River,18495014.911079578,2359125000,2004-05,2004.0,5.0,month,4.9664212598425195,6.105582677165354,5.341240157480315,5.228893700787402,5.3990236220472445,5.479744094488189,4.87198031496063,241265.99,296605.82,259474.49,254016.76,262281.58,266202.93,236678.1
589,Colorado River,18495014.911079578,2359125000,2004-06,2004.0,6.0,month,5.4364527559055125,5.807846456692913,5.043629921259844,4.773791338582678,4.780417322834646,5.062566929133859,4.49207874015748,264099.86,282141.96,245016.75,231908.14,232230.02,245936.7,218222.7
590,Colorado River,18495014.911079578,2359125000,2004-07,2004.0,7.0,month,5.310267716535433,5.695377952755906,4.824452755905512,4.700452755905512,4.446062992125984,4.9119133858267725,4.144007874015748,257969.86,276678.31,234369.24,228345.39,215987.28,238618.03,201313.61
591,Colorado River,18495014.911079578,2359125000,2004-08,2004.0,8.0,month,4.95351968503937,5.508519685039371,4.044551181102363,3.3322047244094493,3.4093070866141737,4.137444881889764,3.613925196850394,240639.24,267600.83,196482.06,161876.66,165622.25,200994.78,175562.48
592,Colorado River,18495014.911079578,2359125000,2004-09,2004.0,9.0,month,3.5161023622047245,4.487519685039371,3.1934370078740155,2.693732283464567,2.6236496062992125,3.1820905511811026,3.0641181102362203,170810.3,218001.22,155135.4,130860.02,127455.44,154584.2,148853.16
593,Colorado River,18495014.911079578,2359125000,2004-10,2004.0,10.0,month,2.180031496062992,2.6240275590551185,2.359724409448819,1.9319055118110238,3.026708661417323,2.4922874015748033,2.118314960629921,105904.72,127473.8,114634.1,93850.9,147035.83,121073.94,102906.57
594,Colorado River,18495014.911079578,2359125000,2004-11,2004.0,11.0,month,1.4814724409448818,1.7007165354330709,1.598751968503937,1.4377874015748031,2.0435393700787405,1.5167834645669291,1.5408188976377954,71969.11,82619.87,77666.48,69846.92,99274.01,73684.5,74852.13
595,Colorado River,18495014.911079578,2359125000,2004-12,2004.0,12.0,month,1.1073543307086615,1.4512874015748032,1.29196062992126,1.115503937007874,1.4358779527559056,1.3817795275590552,1.2791259842519687,53794.66,70502.74,62762.73,54190.56,69754.16,67126.08,62139.23
596,Colorado River,18495014.911079578,2359125000,2005-00,,,water_year,38.53903543307087,43.825751968503944,38.20148818897638,34.5328346456693,38.934468503937005,40.14774015748033,34.866346456692916,1872204.99,2129030.76,1855807.11,1677585.9799999997,1891414.9100000001,1950354.9899999998,1693787.8099999998
597,Colorado River,18495014.911079578,2359125000,2005-01,2005.0,1.0,month,1.3158149606299214,1.4020393700787404,1.433972440944882,1.119448818897638,1.653775590551181,1.6680669291338581,1.388507874015748,63921.56,68110.3,69661.59,54382.2,80339.5,81033.77,67452.94
598,Colorado River,18495014.911079578,2359125000,2005-02,2005.0,2.0,month,1.7375314960629922,1.5977559055118111,1.8170669291338584,1.7566929133858267,2.0569173228346456,2.0366771653543307,1.730988188976378,84408.32,77618.1,88272.1,85339.17,99923.9,98940.65,84090.45
599,Colorado River,18495014.911079578,2359125000,2005-03,2005.0,3.0,month,3.0263858267716537,3.618834645669292,3.581523622047244,3.6054645669291343,4.45098031496063,3.6058031496062997,3.440704724409449,147020.15,175800.98,173988.43,175151.47,216226.16,175167.92,167147.53
600,Colorado River,18495014.911079578,2359125000,2005-04,2005.0,4.0,month,3.9465157480314965,4.648003937007874,4.164173228346457,4.125826771653544,4.185267716535433,4.2585078740157485,3.8370196850393703,191719.55,225797.46,202293.23,200430.38,203317.99,206875.95,186400.29
601,Colorado River,18495014.911079578,2359125000,2005-05,2005.0,5.0,month,5.279220472440945,5.749303149606299,5.092696850393701,4.554629921259843,5.143448818897638,5.1984566929133855,4.557377952755906,256461.61,279297.96,247400.39,221261.4,249865.89,252538.15,221394.9
602,Colorado River,18495014.911079578,2359125000,2005-06,2005.0,6.0,month,5.143437007874017,5.893137795275591,4.991692913385827,4.535531496062992,4.602031496062993,5.323051181102363,4.558188976377953,249865.32,286285.37,242493.68,220333.61,223564.14,258590.88,221434.3
603,Colorado River,18495014.911079578,2359125000,2005-07,2005.0,7.0,month,5.365925196850394,6.151000000000001,4.833696850393701,4.022122047244094,4.469870078740158,5.224374015748031,4.224307086614173,260673.67,298812.17,234818.31,195392.46,217143.81,253797.2,205214.5
604,Colorado River,18495014.911079578,2359125000,2005-08,2005.0,8.0,month,4.822448818897638,5.025389763779528,4.079751968503937,3.7666496062992127,3.3325708661417326,4.383606299212598,3.5324212598425198,234271.89,244130.65,198192.09,182981.75,161894.45,212953.17,171603.07
605,Colorado River,18495014.911079578,2359125000,2005-09,2005.0,9.0,month,3.1328976377952755,3.964255905511811,2.956476377952756,2.561271653543307,2.53348031496063,3.0583464566929135,2.658570866141732,152194.43,192581.36,143623.98,124425.16,123075.07,148572.78,129151.9
606,Colorado River,18495014.911079578,2359125000,2005-10,2005.0,10.0,month,2.3522559055118113,2.9878543307086614,2.4035472440944883,1.8958740157480316,2.3320669291338585,2.43398031496063,2.290688976377953,114271.29,145148.31,116762.99,92100.51,113290.52,118241.42,111280.4
607,Colorado River,18495014.911079578,2359125000,2005-11,2005.0,11.0,month,1.428700787401575,2.2234409448818897,1.689720472440945,1.5108110236220473,1.7750433070866143,1.6214094488188977,1.6536929133858267,69405.49,108013.53,82085.68,73394.36,86230.62,78767.17,80335.49
608,Colorado River,18495014.911079578,2359125000,2005-12,2005.0,12.0,month,0.9318543307086615,1.507948818897638,1.3050433070866143,1.3590787401574804,1.6221259842519686,1.2728385826771655,1.186976377952756,45268.97,73255.32,63398.28,66023.29,78801.98,61833.79,57662.65
609,Colorado River,18495014.911079578,2359125000,2006-00,,,water_year,36.79905905511811,45.76257086614173,38.00147244094488,35.549803149606305,36.611157480314965,39.01246062992126,35.370484251968506,1787677.9,2223120.33,1846090.4799999997,1726989.73,1778549.73,1895203.73,1718278.53
610,Colorado River,18495014.911079578,2359125000,2006-01,2006.0,1.0,month,1.0561220472440946,2.020204724409449,1.664996062992126,1.7617401574803149,1.8082992125984252,1.6868425196850394,1.589696850393701,51305.82,98140.43,80884.59,85584.36,87846.17,81945.88,77226.59
611,Colorado River,18495014.911079578,2359125000,2006-02,2006.0,2.0,month,1.5686377952755908,2.555251968503937,2.010003937007874,2.1005196850393704,2.0037086614173227,1.988240157480315,1.9631023622047246,76203.56,124132.72,97644.88,102042.08,97339.06,96587.61,95366.43
612,Colorado River,18495014.911079578,2359125000,2006-03,2006.0,3.0,month,2.6667086614173225,3.435070866141732,3.11290157480315,3.515185039370079,3.183397637795276,3.1168110236220476,2.9116732283464573,129547.23,166873.84,151223.03,170765.74,154647.69,151412.95,141447.47
613,Colorado River,18495014.911079578,2359125000,2006-04,2006.0,4.0,month,3.9218543307086615,4.538370078740158,4.083755905511811,3.856192913385827,4.111125984251969,4.141732283464568,3.913456692913386,190521.51,220471.5,198386.6,187331.72,199716.22,201203.06,190113.56
614,Colorado River,18495014.911079578,2359125000,2006-05,2006.0,5.0,month,5.156216535433071,6.063307086614174,5.173326771653544,4.499161417322835,5.104751968503937,5.362696850393701,4.844606299212598,250486.14,294552.1,251317.35,218566.77,247986.02,260516.84,235348.29
615,Colorado River,18495014.911079578,2359125000,2006-06,2006.0,6.0,month,4.871220472440945,6.006566929133859,5.005842519685039,4.8034803149606295,4.665511811023623,5.375696850393701,4.517968503937008,236641.19,291795.69,243181.06,233350.41,226647.98,261148.37,219480.41
616,Colorado River,18495014.911079578,2359125000,2006-07,2006.0,7.0,month,5.301362204724409,5.853350393700787,4.720574803149606,4.21557874015748,4.028736220472441,4.942956692913386,4.310326771653544,257537.24,284352.52,229322.91,204790.48,195713.77,240126.1,209393.29
617,Colorado River,18495014.911079578,2359125000,2006-08,2006.0,8.0,month,4.404358267716535,5.071003937007875,3.8784645669291344,3.389846456692913,3.3992007874015746,4.040425196850394,3.4932716535433075,213961.28,246346.56,188413.66,164676.86,165131.29,196281.62,169701.2
618,Colorado River,18495014.911079578,2359125000,2006-09,2006.0,9.0,month,3.139767716535433,3.500200787401575,2.9532952755905515,2.6423346456692918,2.5771889763779527,3.0288307086614172,2.695023622047244,152528.18,170037.81,143469.45,128363.15,125198.41,147138.92,130922.75
619,Colorado River,18495014.911079578,2359125000,2006-10,2006.0,10.0,month,2.178448818897638,2.975165354330709,2.374688976377953,2.057181102362205,2.1852952755905513,2.3861220472440947,2.290279527559055,105827.84,144531.88,115361.07,99936.72,106160.43,115916.49,111260.51
620,Colorado River,18495014.911079578,2359125000,2006-11,2006.0,11.0,month,1.427972440944882,2.202933070866142,1.7169842519685041,1.4344133858267718,1.8086062992125986,1.7132598425196852,1.7212716535433072,69370.11,107017.27,83410.14,69683.01,87861.09,83229.21,83618.42
621,Colorado River,18495014.911079578,2359125000,2006-12,2006.0,12.0,month,0.9055905511811023,1.701452755905512,1.349456692913386,1.4522874015748033,1.4208228346456695,1.3748267716535434,1.27901968503937,43993.09,82655.63,65555.86,70551.32,69022.79,66788.32,62134.07
622,Colorado River,18495014.911079578,2359125000,2007-00,,,water_year,37.25938188976378,47.66668110236221,38.73509055118111,36.57376377952756,37.04944881889764,39.530118110236224,36.49318110236221,1810040.1300000001,2315620.9600000004,1881729.23,1776733.19,1799841.7,1920351.24,1772818.53
623,Colorado River,18495014.911079578,2359125000,2007-01,2007.0,1.0,month,0.9879606299212599,2.0224094488188977,1.345200787401575,1.1562086614173228,1.2000433070866143,1.4852519685039371,1.4886653543307087,47994.58,98247.53,65349.11,56167.98,58297.44,72152.72,72318.54
624,Colorado River,18495014.911079578,2359125000,2007-02,2007.0,2.0,month,1.6768976377952758,2.4678031496062993,2.042251968503937,2.0645000000000002,2.1510433070866144,1.9923267716535433,1.9219685039370078,81462.76,119884.51,99211.47,100292.27,104496.49,96786.13,93368.17
625,Colorado River,18495014.911079578,2359125000,2007-03,2007.0,3.0,month,2.892661417322835,3.7921929133858274,3.265236220472441,3.174657480314961,3.0003700787401577,3.510748031496063,3.285952755905512,140523.89,184222.63,158623.37,154223.1,145756.32,170550.19,159629.76
626,Colorado River,18495014.911079578,2359125000,2007-04,2007.0,4.0,month,4.011759842519686,4.818775590551182,4.3024842519685045,3.721141732283465,4.457614173228347,4.4473582677165355,4.255027559055118,194889.07,234093.45,209012.3,180771.0,216548.43,216050.2,206706.88
627,Colorado River,18495014.911079578,2359125000,2007-05,2007.0,5.0,month,5.1304055118110234,5.5588031496063,5.318480314960631,5.448452755905513,5.596917322834646,5.3534724409448815,4.814236220472441,249232.26,270043.58,258368.83,264682.82,271895.14,260068.73,233872.93
628,Colorado River,18495014.911079578,2359125000,2007-06,2007.0,6.0,month,4.915055118110236,6.170429133858269,5.006523622047244,5.006212598425197,4.576814960629921,5.192988188976379,4.552192913385827,238770.65,299756.03,243214.14,243199.03,222339.14,252272.49,221143.01
629,Colorado River,18495014.911079578,2359125000,2007-07,2007.0,7.0,month,4.9631062992125985,6.21640157480315,4.735192913385827,4.5676456692913385,4.394275590551181,4.769318897637795,4.1548346456692915,241104.95,301989.34,230033.05,221893.7,213471.47,231690.87,201839.57
630,Colorado River,18495014.911079578,2359125000,2007-08,2007.0,8.0,month,4.76301968503937,5.881740157480315,4.268153543307087,3.857645669291339,3.7134685039370083,4.212346456692914,3.9442952755905516,231384.86,285731.68,207344.53,187402.29,180398.24,204633.46,191611.68
631,Colorado River,18495014.911079578,2359125000,2007-09,2007.0,9.0,month,3.4065039370078742,3.8585748031496068,3.010437007874016,2.633417322834646,2.544177165354331,3.0920984251968506,2.785437007874016,165486.07,187447.43,146245.36,127929.95,123594.72,150212.43,135314.99
632,Colorado River,18495014.911079578,2359125000,2007-10,2007.0,10.0,month,2.1909094488188976,3.280736220472441,2.5346181102362206,2.2162480314960633,2.373377952755906,2.432377952755906,2.5731102362204727,106433.17,159376.35,123130.34,107664.1,115297.39,118163.57,125000.27
633,Colorado River,18495014.911079578,2359125000,2007-11,2007.0,11.0,month,1.4818543307086616,2.315948818897638,1.8405590551181104,1.6456220472440946,1.8766220472440946,1.887240157480315,1.8489488188976377,71987.66,112507.51,89413.34,79943.41,91165.26,91681.08,89820.91
634,Colorado River,18495014.911079578,2359125000,2007-12,2007.0,12.0,month,1.0695196850393702,1.4970748031496064,1.389007874015748,1.436240157480315,1.6198937007874017,1.3007559055118112,1.3225039370078742,51956.67,72727.06,67477.23,69771.75,78693.54,63190.0,64246.51
635,Colorado River,18495014.911079578,2359125000,2008-00,,,water_year,37.16018897637795,47.095787401574796,38.955106299212595,35.35191732283465,37.264267716535436,40.93250787401575,37.37000787401575,1805221.4,2287887.2600000002,1892417.47,1717376.56,1810277.4899999998,1988478.5399999998,1815414.2700000003
636,Colorado River,18495014.911079578,2359125000,2008-01,2008.0,1.0,month,1.0739291338582677,1.484732283464567,1.3493110236220474,1.2729291338582678,1.3506259842519686,1.609011811023622,1.3778188976377954,52170.88,72127.47,65548.78,61838.19,65612.66,78164.9,66933.68
637,Colorado River,18495014.911079578,2359125000,2008-02,2008.0,2.0,month,1.8102755905511814,2.547724409448819,2.2373858267716535,2.320208661417323,2.322456692913386,2.2148188976377954,2.1260984251968504,87942.19,123767.04,108690.96,112714.45,112823.66,107594.67,103284.68
638,Colorado River,18495014.911079578,2359125000,2008-03,2008.0,3.0,month,3.2796181102362207,4.185515748031496,3.7759606299212605,3.530893700787402,3.667677165354331,4.048964566929134,3.947397637795276,159322.03,203330.04,183434.08,171528.86,178173.72,196696.46,191762.39
639,Colorado River,18495014.911079578,2359125000,2008-04,2008.0,4.0,month,4.115385826771654,6.126114173228347,4.743570866141733,3.982240157480315,4.601594488188977,5.085066929133858,5.071787401574803,199923.16,297603.23,230440.04,193455.02,223542.91,247029.73,246384.62
640,Colorado River,18495014.911079578,2359125000,2008-05,2008.0,5.0,month,4.854240157480316,5.445106299212599,4.9798425196850395,4.659153543307087,5.1961850393700795,4.995649606299213,4.59994094488189,235816.3,264520.25,241917.99,226339.1,252427.79,242685.89,223462.58
641,Colorado River,18495014.911079578,2359125000,2008-06,2008.0,6.0,month,4.848507874015748,5.912944881889763,4.7018937007874015,4.230885826771654,4.202417322834646,5.01240157480315,4.492822834645669,235537.83,287247.59,228415.39,205534.09,204151.11,243499.69,218258.84
642,Colorado River,18495014.911079578,2359125000,2008-07,2008.0,7.0,month,4.85674409448819,5.857511811023622,4.664385826771653,4.428602362204725,3.9054094488188977,4.970326771653544,4.320133858267717,235937.94,284554.68,226593.28,215139.05,189722.63,241455.72,209869.71
643,Colorado River,18495014.911079578,2359125000,2008-08,2008.0,8.0,month,4.301409448818897,5.096259842519685,3.8458661417322837,3.207397637795276,3.386925196850394,4.179543307086615,3.305196850393701,208960.09,247573.48,186830.05,155813.6,164534.95,203039.9,160564.63
644,Colorado River,18495014.911079578,2359125000,2008-09,2008.0,9.0,month,3.2777952755905515,3.3461181102362207,2.892704724409449,2.421496062992126,2.7610826771653545,3.1963503937007873,2.384248031496063,159233.48,162552.56,140525.99,117634.94,134131.87,155276.93,115825.45
645,Colorado River,18495014.911079578,2359125000,2008-10,2008.0,10.0,month,1.9290472440944881,2.746043307086614,2.1961102362204725,2.0030826771653545,2.1286023622047243,2.2695196850393704,2.0535984251968507,93712.05,133401.26,106685.82,97308.65,103406.32,110252.01,99762.67
646,Colorado River,18495014.911079578,2359125000,2008-11,2008.0,11.0,month,1.3130826771653543,2.342692913385827,1.6499527559055118,1.590724409448819,1.6201181102362208,1.681692913385827,1.554751968503937,63788.83,113806.72,80153.79,77276.51,78704.44,81695.71,75528.99
647,Colorado River,18495014.911079578,2359125000,2008-12,2008.0,12.0,month,0.9747716535433071,1.429720472440945,1.305956692913386,1.2752165354330711,1.9316732283464568,1.2865826771653546,1.2169488188976378,47353.87,69455.03,63442.65,61949.31,93839.62,62501.47,59118.7
648,Colorado River,18495014.911079578,2359125000,2009-00,,,water_year,36.00379921259842,44.68368503937008,37.178547244094496,33.912393700787405,36.280051181102365,38.40285433070866,34.59124409448819,1749044.63,2170708.66,1806113.22,1647445.29,1762464.79,1865589.37,1680423.4699999997
649,Colorado River,18495014.911079578,2359125000,2009-01,2009.0,1.0,month,1.2798700787401573,1.7782992125984252,1.5555393700787403,1.3063622047244097,1.5408385826771656,1.6973385826771654,1.7408976377952758,62175.38,86388.79,75567.24,63462.35,74853.08,82455.77,84571.84
650,Colorado River,18495014.911079578,2359125000,2009-02,2009.0,2.0,month,1.8543858267716535,2.1296141732283465,2.0957874015748033,2.25848031496063,2.158712598425197,2.2063582677165354,1.8092992125984253,90085.04,103455.48,101812.19,109715.72,104869.06,107183.66,87894.75
651,Colorado River,18495014.911079578,2359125000,2009-03,2009.0,3.0,month,3.2382165354330708,3.807062992125984,3.7323503937007874,3.6070433070866144,4.152204724409449,3.8643622047244093,3.5875590551181102,157310.77,184945.01,181315.51,175228.17,201711.81,187728.57,174281.63
652,Colorado River,18495014.911079578,2359125000,2009-04,2009.0,4.0,month,4.195712598425197,5.029141732283465,4.5854803149606305,3.843783464566929,4.883334645669292,4.729610236220473,4.559165354330709,203825.39,244312.92,222760.09,186728.87,237229.69,229761.84,221481.73
653,Colorado River,18495014.911079578,2359125000,2009-05,2009.0,5.0,month,5.078287401574803,5.914590551181103,5.052881889763779,4.579846456692914,4.7813897637795275,5.136606299212598,4.725917322834646,246700.39,287327.53,245466.2,222486.4,232277.27,249533.49,229582.45
654,Colorado River,18495014.911079578,2359125000,2009-06,2009.0,6.0,month,4.372425196850394,5.515314960629921,4.38988188976378,3.937909448818898,3.904468503937008,4.679350393700788,4.124326771653544,212409.99,267930.95,213258.03,191301.46,189676.92,227320.25,200357.51
655,Colorado River,18495014.911079578,2359125000,2009-07,2009.0,7.0,month,4.598988188976378,5.817035433070867,4.2288543307086615,3.6731732283464567,3.6790866141732286,4.384346456692914,3.8538346456692913,223416.3,282588.36,205435.4,178440.72,178727.99,212989.12,187217.15
656,Colorado River,18495014.911079578,2359125000,2009-08,2009.0,8.0,month,3.993405511811024,4.529944881889763,3.5262795275590553,3.2995354330708664,3.0398188976377956,3.5854015748031496,2.9360236220472444,193997.43,220062.21,171304.71,160289.6,147672.72,174176.82,142630.4
657,Colorado River,18495014.911079578,2359125000,2009-09,2009.0,9.0,month,3.1756062992125984,3.644224409448819,2.859472440944882,2.5372362204724412,2.4598031496062993,2.881685039370079,2.42892125984252,154269.19,177034.4,138911.59,123257.53,119495.87,139990.66,117995.65
658,Colorado River,18495014.911079578,2359125000,2009-10,2009.0,10.0,month,1.956692913385827,2.839133858267717,2.0876141732283466,1.7729094488188977,1.77746062992126,2.088917322834646,2.075799212598425,95055.06,137923.55,101415.14,86126.96,86348.05,101478.45,100841.18
659,Colorado River,18495014.911079578,2359125000,2009-11,2009.0,11.0,month,1.1508228346456693,1.8740748031496064,1.4799330708661418,1.4113464566929135,1.4930748031496064,1.517232283464567,1.450964566929134,55906.34,91041.52,71894.33,68562.43,72532.75,73706.3,70487.05
660,Colorado River,18495014.911079578,2359125000,2009-12,2009.0,12.0,month,0.9897755905511811,1.6013307086614175,1.29851968503937,0.9237716535433071,1.7220275590551182,1.3387637795275593,1.302511811023622,48082.75,77791.76,63081.37,44876.32,83655.14,65036.4,63275.3
661,Colorado River,18495014.911079578,2359125000,2010-00,,,water_year,36.14861811023623,44.43062204724409,37.098503937007884,32.65867322834646,35.479196850393706,39.2122283464567,35.98666929133858,1756079.84,2158415.0199999996,1802224.7699999998,1586540.25,1723559.73,1904908.33,1748212.44
662,Colorado River,18495014.911079578,2359125000,2010-01,2010.0,1.0,month,1.300728346456693,1.5012244094488192,1.5535944881889765,1.4470039370078742,1.9569409448818897,1.661023622047244,1.4666614173228347,63188.66,72928.65,75472.76,70294.65,95067.11,80691.61,71249.6
663,Colorado River,18495014.911079578,2359125000,2010-02,2010.0,2.0,month,1.9326023622047244,2.0195787401574803,2.165224409448819,2.2355,2.6728346456692913,2.244216535433071,2.0428622047244094,93884.75,98110.02,105185.4,108599.35,129844.83,109022.8,99241.11
664,Colorado River,18495014.911079578,2359125000,2010-03,2010.0,3.0,month,3.179448818897638,3.4742716535433074,3.4823031496062997,3.4305944881889765,3.802393700787402,3.703925196850394,3.311673228346457,154455.86,168778.19,169168.36,166656.38,184718.18,179934.63,160879.25
665,Colorado River,18495014.911079578,2359125000,2010-04,2010.0,4.0,month,3.854051181102362,4.639066929133858,4.035716535433071,3.198177165354331,3.558972440944882,4.368964566929134,4.432062992125984,187227.67,225363.3,196052.87,155365.67,172892.91,212241.88,215307.16
666,Colorado River,18495014.911079578,2359125000,2010-05,2010.0,5.0,month,4.786606299212599,5.660956692913386,5.184716535433071,4.573681102362205,5.183791338582677,5.410236220472441,5.179397637795276,232530.68,275006.14,251870.66,222186.89,251825.71,262826.28,251612.27
667,Colorado River,18495014.911079578,2359125000,2010-06,2010.0,6.0,month,4.745614173228347,5.776893700787403,4.702606299212599,3.893618110236221,4.116515748031496,5.272712598425197,4.544255905511811,230539.31,280638.3,228450.01,189149.81,199978.05,256145.46,220757.43
668,Colorado River,18495014.911079578,2359125000,2010-07,2010.0,7.0,month,5.071877952755906,5.835629921259843,4.454413385826772,4.042787401574803,3.663393700787402,4.685397637795276,4.009618110236221,246389.02,283491.67,216392.93,196396.37,177965.64,227614.02,194785.03
669,Colorado River,18495014.911079578,2359125000,2010-08,2010.0,8.0,month,4.210566929133859,5.355586614173229,3.687452755905512,2.9748228346456695,2.9663622047244096,3.887618110236221,3.469515748031496,204547.01,260171.43,179134.41,144515.25,144104.23,188858.33,168547.15
670,Colorado River,18495014.911079578,2359125000,2010-09,2010.0,9.0,month,2.9698307086614175,3.8528740157480317,2.9664094488188977,2.75446062992126,2.565429133858268,3.033220472440945,2.7013464566929133,144272.73,187170.49,144106.53,133810.17,124627.13,147352.17,131229.91
671,Colorado River,18495014.911079578,2359125000,2010-10,2010.0,10.0,month,2.1530039370078744,3.001996062992126,2.33848031496063,1.9767637795275592,2.2730708661417323,2.4673779527559057,2.2444055118110238,104591.74,145835.31,113602.08,96030.09,110424.52,119863.85,109031.98
672,Colorado River,18495014.911079578,2359125000,2010-11,2010.0,11.0,month,1.2988937007874017,2.4081338582677168,1.7286299212598428,1.3022952755905512,1.8998188976377954,1.7691338582677167,1.7681338582677166,63099.54,116985.81,83975.88,63264.78,92292.15,85943.54,85894.96
673,Colorado River,18495014.911079578,2359125000,2010-12,2010.0,12.0,month,0.8845984251968505,1.3617125984251968,1.2316023622047245,1.1399251968503938,1.7410629921259844,1.3237086614173228,1.0977913385826772,42973.3,66151.24,59830.56,55376.93,84579.88,64305.03,53330.1
674,Colorado River,18495014.911079578,2359125000,2011-00,,,water_year,36.426492125984254,46.3962125984252,39.386362204724406,36.558255905511814,38.185519685039374,41.45316141732284,37.167350393700794,1769578.82,2253902.31,1913367.6500000001,1775979.8099999998,1855031.3800000001,2013771.6,1805569.3
675,Colorado River,18495014.911079578,2359125000,2011-01,2011.0,1.0,month,1.2466732283464568,1.8737716535433073,1.673244094488189,1.6569212598425198,2.0381062992125982,1.6318425196850395,1.5594094488188979,60562.69,91026.79,81285.27,80492.32,99010.07,79274.01,75755.25
676,Colorado River,18495014.911079578,2359125000,2011-02,2011.0,2.0,month,1.7789133858267716,2.145740157480315,1.9359881889763781,1.8249133858267719,1.8439133858267718,2.103535433070866,1.892708661417323,86418.63,104238.87,94049.23,88653.28,89576.29,102188.59,91946.74
677,Colorado River,18495014.911079578,2359125000,2011-03,2011.0,3.0,month,3.2280826771653546,3.841448818897638,3.615551181102362,3.775224409448819,3.69298031496063,3.6111692913385824,3.489893700787402,156818.47,186615.46,175641.47,183398.31,179402.94,175428.6,169537.1
678,Colorado River,18495014.911079578,2359125000,2011-04,2011.0,4.0,month,4.330688976377953,5.274515748031496,4.7846692913385835,4.32398031496063,4.76751968503937,4.9838464566929135,4.8758425196850395,210382.47,256233.05,232436.58,210056.57,231603.46,242112.5,236865.73
679,Colorado River,18495014.911079578,2359125000,2011-05,2011.0,5.0,month,4.683011811023622,6.181224409448819,5.113748031496063,3.8229094488188977,4.9844803149606305,5.471232283464567,5.313370078740157,227498.12,300280.46,248423.05,185714.82,242143.29,265789.43,258120.57
680,Colorado River,18495014.911079578,2359125000,2011-06,2011.0,6.0,month,4.787818897637796,6.075039370078741,5.050393700787402,5.124425196850394,4.5870354330708665,5.340125984251968,4.535015748031497,232589.59,295122.05,245345.33,248941.74,222835.64,259420.36,220308.55
681,Colorado River,18495014.911079578,2359125000,2011-07,2011.0,7.0,month,4.6954015748031495,5.637933070866142,4.599106299212599,4.361846456692914,3.8910590551181103,5.123972440944882,4.107909448818898,228100.01,273887.66,223422.04,211896.08,189025.49,248919.74,199559.97
682,Colorado River,18495014.911079578,2359125000,2011-08,2011.0,8.0,month,4.255952755905512,4.943724409448819,4.2189173228346455,4.286562992125984,3.6287559055118113,4.422031496062992,3.5647362204724415,206751.83,240163.39,204952.67,208238.86,176282.95,214819.84,173172.91
683,Colorado River,18495014.911079578,2359125000,2011-09,2011.0,9.0,month,3.083452755905512,3.6509724409448823,3.0960314960629924,2.9624881889763786,2.837716535433071,3.205185039370079,2.718133858267717,149792.43,177362.22,150403.49,143916.03,137854.7,155706.11,132045.44
684,Colorado River,18495014.911079578,2359125000,2011-10,2011.0,10.0,month,2.2180354330708663,2.9953582677165356,2.315712598425197,1.9366023622047246,2.05751968503937,2.286303149606299,2.309968503937008,107750.93,145512.85,112496.04,94079.07,99953.17,111067.34,112216.99
685,Colorado River,18495014.911079578,2359125000,2011-11,2011.0,11.0,month,1.3200590551181102,1.99046062992126,1.5407125984251968,1.2484566929133858,1.2966023622047245,1.7366377952755905,1.6349015748031497,64127.74,96695.47,74846.96,60649.33,62988.22,84364.9,79422.61
686,Colorado River,18495014.911079578,2359125000,2011-12,2011.0,12.0,month,0.9675314960629922,1.4600905511811024,1.2862165354330708,1.0926850393700789,1.500787401574803,1.3776062992125984,1.2661338582677164,47002.14,70930.39,62483.69,53082.03,72907.42,66923.35,61508.08
687,Colorado River,18495014.911079578,2359125000,2012-00,,,water_year,37.497779527559054,46.85710236220473,39.78022440944882,36.18834645669291,36.30112204724409,42.499460629921266,38.90191732283464,1821621.35,2276292.0700000003,1932501.2699999998,1758009.81,1763488.4100000001,2064600.2499999998,1889833.5899999999
688,Colorado River,18495014.911079578,2359125000,2012-01,2012.0,1.0,month,1.1779015748031496,1.8468700787401575,1.6106811023622047,1.497779527559055,1.52694094488189,1.8003307086614175,1.8122755905511811,57221.81,89719.93,78246.0,72761.3,74177.95,87459.07,88039.34
689,Colorado River,18495014.911079578,2359125000,2012-02,2012.0,2.0,month,2.0043700787401577,2.6053543307086615,2.2691456692913388,1.9783700787401575,2.067232283464567,2.5255393700787403,2.4305314960629922,97371.19,126566.67,110233.84,96108.12,100425.0,122689.3,118073.87
690,Colorado River,18495014.911079578,2359125000,2012-03,2012.0,3.0,month,3.207984251968504,3.839358267716536,3.545700787401575,3.007716535433071,3.380917322834646,3.857952755905512,3.8443622047244097,155842.1,186513.9,172248.18,146113.2,164243.09,187417.21,186756.99
691,Colorado River,18495014.911079578,2359125000,2012-04,2012.0,4.0,month,4.367472440944883,4.866535433070866,4.65790157480315,4.267007874015748,4.5707283464566935,4.937393700787402,4.74251968503937,212169.39,236413.6,226278.28,207288.88,222043.45,239855.85,230388.98
692,Colorado River,18495014.911079578,2359125000,2012-05,2012.0,5.0,month,5.3330590551181105,5.716318897637795,5.430291338582677,5.067015748031497,5.445814960629922,5.6280314960629925,5.102704724409449,259077.05,277695.6,263800.54,246152.82,264554.67,273406.65,247886.57
693,Colorado River,18495014.911079578,2359125000,2012-06,2012.0,6.0,month,4.855578740157481,6.300515748031496,5.017791338582677,4.11440157480315,4.400917322834646,5.520622047244095,5.149342519685039,235881.33,306075.56,243761.52,199875.35,213794.13,268188.76,250152.21
694,Colorado River,18495014.911079578,2359125000,2012-07,2012.0,7.0,month,4.450181102362205,5.428283464566929,4.654893700787402,4.555511811023622,4.050531496062992,5.234964566929134,4.1804645669291345,216187.33,263703.0,226132.16,221304.24,196772.58,254311.68,203084.65
695,Colorado River,18495014.911079578,2359125000,2012-08,2012.0,8.0,month,4.285047244094488,5.451216535433072,4.274448818897638,4.195854330708662,3.645429133858268,4.496874015748032,3.6010629921259842,208165.22,264817.08,207650.36,203832.28,177092.93,218455.65,174937.65
696,Colorado River,18495014.911079578,2359125000,2012-09,2012.0,9.0,month,3.3105590551181105,4.356740157480315,3.1767283464566933,3.226944881889764,2.357700787401575,3.097204724409449,2.8276496062992127,160825.12,211648.02,154323.7,156763.19,114535.8,150460.49,137365.65
697,Colorado River,18495014.911079578,2359125000,2012-10,2012.0,10.0,month,2.2870905511811026,3.39240157480315,2.380251968503937,1.7858661417322834,1.9861574803149606,2.391700787401575,2.6483818897637796,111105.59,164800.99,115631.32,86756.39,96486.43,116187.5,128656.92
698,Colorado River,18495014.911079578,2359125000,2012-11,2012.0,11.0,month,1.4070866141732286,2.0414409448818898,1.6691181102362207,1.189484251968504,1.8100511811023623,1.653208661417323,1.7501299212598425,68355.49,99172.07,81084.83,57784.49,87931.28,80311.96,85020.34
699,Colorado River,18495014.911079578,2359125000,2012-12,2012.0,12.0,month,1.126212598425197,1.6181811023622048,1.5416377952755906,1.3784960629921261,1.920968503937008,1.5498110236220475,1.5768582677165355,54710.78,78610.34,74891.91,66966.57,93319.59,75288.96,76602.9
700,Colorado River,18495014.911079578,2359125000,2013-00,,,water_year,36.924661417322845,46.08757086614173,39.994692913385826,37.211527559055114,38.60915748031497,42.235917322834645,38.26005118110236,1793779.58,2238908.66,1942920.03,1807715.42,1875611.4899999998,2051797.47,1858652.0899999999
701,Colorado River,18495014.911079578,2359125000,2013-01,2013.0,1.0,month,1.113472440944882,1.7110905511811025,1.5276299212598425,1.406263779527559,1.659208661417323,1.6886377952755904,1.5403346456692912,54091.87,83123.83,74211.42,68315.52,80603.44,82033.09,74828.6
702,Colorado River,18495014.911079578,2359125000,2013-02,2013.0,2.0,month,1.8516338582677168,2.4030590551181104,2.139259842519685,2.500484251968504,2.1988779527559057,2.0271614173228345,1.9587913385826774,89951.35,116739.28,103924.06,121472.14,106820.27,98478.38,95157.0
703,Colorado River,18495014.911079578,2359125000,2013-03,2013.0,3.0,month,2.978503937007874,4.290775590551181,3.487248031496063,3.284736220472441,3.490956692913386,3.609444881889764,3.4481141732283467,144694.07,208443.5,169408.58,159570.67,169588.74,175344.83,167507.48
704,Colorado River,18495014.911079578,2359125000,2013-04,2013.0,4.0,month,4.269425196850394,5.158031496062993,4.52228346456693,3.644397637795276,4.292511811023622,4.902787401574804,4.605314960629921,207406.31,250574.31,219690.03,177042.82,208527.85,238174.7,223723.65
705,Colorado River,18495014.911079578,2359125000,2013-05,2013.0,5.0,month,5.112598425196851,6.072374015748032,5.303200787401575,4.626464566929134,5.026011811023623,5.705271653543308,5.175476377952756,248367.2,294992.57,257626.56,224751.09,244160.87,277158.94,251421.78
706,Colorado River,18495014.911079578,2359125000,2013-06,2013.0,6.0,month,5.118814960629922,5.9381850393700795,5.220173228346457,4.708106299212599,5.0003031496062995,5.565641732283465,4.921937007874016,248669.19,288473.74,253593.12,228717.2,242911.96,270375.79,239104.97
707,Colorado River,18495014.911079578,2359125000,2013-07,2013.0,7.0,month,4.317196850393701,5.656948818897638,4.855547244094488,5.187043307086615,4.347724409448819,5.286724409448819,4.2259960629921265,209727.03,274811.44,235879.79,251983.69,211210.04,256826.14,205296.55
708,Colorado River,18495014.911079578,2359125000,2013-08,2013.0,8.0,month,4.105984251968504,4.4760236220472445,4.082791338582678,4.1170236220472445,3.8357913385826774,4.279,3.5678307086614174,199466.44,217442.75,198339.74,200002.73,186340.62,207871.45,173323.24
709,Colorado River,18495014.911079578,2359125000,2013-09,2013.0,9.0,month,3.236641732283465,3.32905905511811,3.2655511811023623,3.383161417322835,3.0405944881889764,3.576527559055118,2.840885826771654,157234.26,161723.84,158638.67,164352.11,147710.4,173745.73,138008.66
710,Colorado River,18495014.911079578,2359125000,2013-10,2013.0,10.0,month,1.9161889763779527,2.609334645669292,2.3580393700787403,2.1656535433070867,2.3511141732283467,2.3411850393700786,2.3677244094488192,93087.4,126760.03,114552.25,105206.25,114215.82,113733.47,115022.74
711,Colorado River,18495014.911079578,2359125000,2013-11,2013.0,11.0,month,1.375720472440945,1.988208661417323,1.6377913385826772,1.1740236220472442,1.5898543307086614,1.7566102362204725,1.7515314960629922,66831.74,96586.08,79563.0,57033.42,77234.24,85335.15,85088.43
712,Colorado River,18495014.911079578,2359125000,2013-12,2013.0,12.0,month,1.0592204724409449,1.5615551181102363,1.367732283464567,1.0884370078740158,1.3223543307086616,1.5682480314960632,1.6715590551181103,51456.34,75859.48,66443.68,52875.67,64239.24,76184.62,81203.41
713,Colorado River,18495014.911079578,2359125000,2014-00,,,water_year,38.00672440944882,44.19829921259843,39.63329921259842,36.224129921259845,38.724625984251965,41.69794881889764,38.211755905511815,1846345.6,2147128.89,1925363.73,1759748.16,1881220.8699999999,2025663.24,1856305.9300000002
714,Colorado River,18495014.911079578,2359125000,2014-01,2014.0,1.0,month,1.210712598425197,1.712236220472441,1.735728346456693,1.7564488188976377,2.0341456692913384,1.8256692913385828,1.6669173228346459,58815.75,83179.49,84320.72,85327.31,98817.67,88690.0,80977.92
715,Colorado River,18495014.911079578,2359125000,2014-02,2014.0,2.0,month,2.0456496062992127,2.211724409448819,2.1207322834645668,1.8638385826771655,2.202212598425197,2.152153543307087,2.1500984251968505,99376.52,107444.35,103024.0,90544.25,106982.27,104550.43,104450.59
716,Colorado River,18495014.911079578,2359125000,2014-03,2014.0,3.0,month,3.2587086614173226,3.8797795275590556,3.6170433070866146,3.191976377952756,3.569322834645669,3.845775590551181,3.747043307086614,158306.26,188477.54,175713.96,155064.44,173395.73,186825.65,182029.29
717,Colorado River,18495014.911079578,2359125000,2014-04,2014.0,4.0,month,4.098259842519685,4.446452755905512,4.346452755905512,3.9286456692913387,4.739720472440945,4.6766732283464565,4.151094488188977,199091.19,216006.21,211148.27,190851.43,230252.99,227190.19,201657.87
718,Colorado River,18495014.911079578,2359125000,2014-05,2014.0,5.0,month,4.706027559055118,6.11663779527559,5.22303937007874,4.666712598425197,5.343224409448819,5.490149606299213,5.01092125984252,228616.21,297142.88,253732.36,226706.31,259570.88,266708.43,243427.78
719,Colorado River,18495014.911079578,2359125000,2014-06,2014.0,6.0,month,4.99176377952756,6.055779527559055,5.188114173228347,4.6227795275590555,4.907846456692914,5.677834645669292,4.981051181102362,242497.12,294186.41,252035.71,224572.07,238420.46,275826.06,241976.71
720,Colorado River,18495014.911079578,2359125000,2014-07,2014.0,7.0,month,5.852114173228347,5.441696850393701,4.786799212598425,4.436244094488189,4.1758543307086615,4.987555118110237,4.3975,284292.46,264354.62,232540.05,215510.28,202860.69,242292.66,213628.11
721,Colorado River,18495014.911079578,2359125000,2014-08,2014.0,8.0,month,4.25140157480315,4.782354330708662,4.239763779527559,4.3921496062992125,3.6794842519685043,4.319944881889764,3.73888188976378,206530.73,232324.12,205965.38,213368.19,178747.31,209860.53,181632.81
722,Colorado River,18495014.911079578,2359125000,2014-09,2014.0,9.0,month,3.240956692913386,3.3925393700787403,3.0120629921259843,2.937220472440945,2.809492125984252,3.0561496062992126,2.577433070866142,157443.88,164807.68,146324.35,142688.54,136483.57,148466.05,125210.27
723,Colorado River,18495014.911079578,2359125000,2014-10,2014.0,10.0,month,2.2476023622047245,2.7725826771653543,2.297216535433071,1.9279527559055119,2.518984251968504,2.186011811023622,2.101429133858268,109187.28,134690.53,111597.51,93658.88,122370.86,106195.24,102086.26
724,Colorado River,18495014.911079578,2359125000,2014-11,2014.0,11.0,month,1.3965118110236223,2.1878858267716534,1.8114960629921262,1.6129330708661418,2.0239409448818897,1.7514448818897639,1.780208661417323,67841.77,106286.28,88001.48,78355.39,98321.93,85084.22,86481.55
725,Colorado River,18495014.911079578,2359125000,2014-12,2014.0,12.0,month,0.8480393700787402,1.2934173228346457,1.243240157480315,1.272023622047244,1.4878464566929135,1.3381771653543308,1.1673307086614175,41197.28,62833.5,60395.92,61794.2,72278.76,65007.91,56708.28
726,Colorado River,18495014.911079578,2359125000,2015-00,,,water_year,36.62076771653544,41.112594488188975,37.39563779527559,35.77629133858269,37.38868503937008,38.52849212598426,34.76882677165354,1779016.59,1997227.08,1816659.3699999999,1737992.4100000001,1816321.6099999996,1871692.81,1689050.3499999999
727,Colorado River,18495014.911079578,2359125000,2015-01,2015.0,1.0,month,1.217992125984252,1.493456692913386,1.502775590551181,1.3629685039370079,1.8215472440944882,1.6168818897637798,1.4947677165354332,59169.38,72551.3,73004.01,66212.25,88489.76,78547.23,72614.99
728,Colorado River,18495014.911079578,2359125000,2015-02,2015.0,2.0,month,2.170248031496063,2.4951181102362203,2.3893858267716537,2.417736220472441,2.5668543307086615,2.358236220472441,2.267255905511811,105429.45,121211.46,116075.04,117452.29,124696.36,114561.81,110142.04
729,Colorado River,18495014.911079578,2359125000,2015-03,2015.0,3.0,month,3.3444881889763782,3.32398031496063,3.589228346456693,3.8718031496062997,3.9270393700787403,3.7666811023622047,3.527507874015748,162473.38,161477.12,174362.72,188090.05,190773.4,182983.28,171364.38
730,Colorado River,18495014.911079578,2359125000,2015-04,2015.0,4.0,month,4.45682283464567,4.307763779527559,4.379543307086614,4.0109488188976385,4.507688976377953,4.546299212598425,4.3299015748031495,216509.98,209268.78,212755.79,194849.67,218981.03,220856.7,210344.22
731,Colorado River,18495014.911079578,2359125000,2015-05,2015.0,5.0,month,4.761933070866142,5.070838582677165,4.769629921259843,4.554917322834646,4.910188976377953,4.81453937007874,4.324629921259843,231332.07,246338.53,231705.98,221275.36,238534.26,233887.66,210088.13
732,Colorado River,18495014.911079578,2359125000,2015-06,2015.0,6.0,month,4.605799212598425,5.660472440944883,4.769452755905512,4.331830708661418,4.491645669291339,5.119795275590551,4.431307086614173,223747.17,274982.62,231697.37,210437.94,218201.66,248716.82,215270.44
733,Colorado River,18495014.911079578,2359125000,2015-07,2015.0,7.0,month,4.155295275590551,4.826468503937008,4.207374015748032,4.16501968503937,3.6698267716535433,4.702476377952756,3.7200393700787404,201861.94,234467.17,204391.9,202334.35,178278.15,228443.7,180717.45
734,Colorado River,18495014.911079578,2359125000,2015-08,2015.0,8.0,month,4.337633858267717,4.636326771653543,3.694846456692914,3.522728346456693,3.0897952755905513,3.6483267716535437,3.228874015748032,210719.85,225230.19,179493.59,171132.19,150100.54,177233.69,156856.91
735,Colorado River,18495014.911079578,2359125000,2015-09,2015.0,9.0,month,3.07840157480315,3.044283464566929,2.7414488188976383,2.7254291338582677,2.3733267716535433,2.6796220472440946,2.3955748031496062,149547.04,147889.6,133178.06,132399.84,115294.9,130174.55,116375.7
736,Colorado River,18495014.911079578,2359125000,2015-10,2015.0,10.0,month,2.146216535433071,2.903429133858268,2.397488188976378,2.0255551181102365,2.2830629921259846,2.6694685039370083,2.2770905511811024,104262.01,141046.98,116468.65,98400.35,110909.94,129681.3,110619.8
737,Colorado River,18495014.911079578,2359125000,2015-11,2015.0,11.0,month,1.142295275590551,2.124645669291339,1.7403110236220471,1.5495984251968504,1.8836259842519685,1.7598779527559054,1.8017913385826774,55492.07,103214.11,84543.35,75278.63,91505.51,85493.9,87530.02
738,Colorado River,18495014.911079578,2359125000,2015-12,2015.0,12.0,month,0.9482716535433071,1.424515748031496,1.340429133858268,1.0259606299212598,1.6381614173228347,1.5143307086614173,1.4391220472440944,46066.51,69202.19,65117.3,49840.6,79580.97,73565.35,69911.75
739,Colorado River,18495014.911079578,2359125000,2016-00,,,water_year,35.285503937007874,43.583885826771656,37.82324409448819,36.206480314960636,37.19558661417324,39.591763779527554,35.49974015748032,1714150.21,2117281.0300000003,1837432.2399999998,1758890.76,1806941.0000000002,1923345.94,1724557.71
740,Colorado River,18495014.911079578,2359125000,2016-01,2016.0,1.0,month,1.133007874015748,1.522511811023622,1.5201771653543308,1.4407125984251967,2.029188976377953,1.6360590551181105,1.5594409448818898,55040.89,73962.78,73849.36,69989.02,98576.88,79478.84,75756.78
741,Colorado River,18495014.911079578,2359125000,2016-02,2016.0,2.0,month,2.017657480314961,2.6146181102362207,2.3360748031496064,2.24692125984252,2.251889763779528,2.4441181102362206,2.405003937007874,98016.68,127016.7,113485.22,109154.19,109395.56,118733.9,116833.76
742,Colorado River,18495014.911079578,2359125000,2016-03,2016.0,3.0,month,3.020236220472441,3.518885826771654,3.4891062992125987,3.6981377952755907,3.6915984251968506,3.6838464566929137,3.2643188976377955,146721.4,170945.52,169498.85,179653.49,179335.81,178959.22,158578.8
743,Colorado River,18495014.911079578,2359125000,2016-04,2016.0,4.0,month,3.6632755905511813,4.259287401574803,4.142574803149607,4.262523622047245,4.60811811023622,4.307468503937008,3.733200787401575,177959.9,206913.82,201243.99,207071.04,223859.82,209254.43,181356.83
744,Colorado River,18495014.911079578,2359125000,2016-05,2016.0,5.0,month,4.7277283464566935,5.370165354330709,5.004751968503937,4.709724409448819,5.204492125984252,5.087507874015748,4.692405511811024,229670.42,260879.66,243128.08,228795.8,252831.34,247148.31,227954.46
745,Colorado River,18495014.911079578,2359125000,2016-06,2016.0,6.0,month,4.838169291338583,6.071933070866143,5.055885826771654,4.73796062992126,4.821720472440945,5.2734094488188985,4.783889763779528,235035.58,294971.14,245612.13,230167.5,234236.51,256179.31,232398.71
746,Colorado River,18495014.911079578,2359125000,2016-07,2016.0,7.0,month,4.743220472440945,5.407854330708662,4.3184291338582685,3.984673228346457,3.658220472440945,4.642259842519685,3.8602952755905515,230423.02,262710.57,209786.89,193573.22,177714.32,225518.41,187531.01
747,Colorado River,18495014.911079578,2359125000,2016-08,2016.0,8.0,month,4.308523622047244,5.053244094488189,3.7697795275590553,3.939755905511811,2.9003267716535435,3.5543661417322836,3.1990590551181106,209305.69,245483.8,183133.8,191391.16,140896.27,172669.14,155408.52
748,Colorado River,18495014.911079578,2359125000,2016-09,2016.0,9.0,month,2.5969015748031494,3.312795275590551,2.708236220472441,2.584956692913386,2.2251811023622046,3.019051181102362,2.4841220472440946,126156.04,160933.76,131564.62,125575.76,108098.07,146663.83,120677.27
749,Colorado River,18495014.911079578,2359125000,2016-10,2016.0,10.0,month,2.1123188976377953,2.698212598425197,2.2866811023622047,2.042700787401575,2.2309055118110237,2.2747992125984253,2.15,102615.28,131077.67,111085.7,99233.27,108376.15,110508.49,104445.81
750,Colorado River,18495014.911079578,2359125000,2016-11,2016.0,11.0,month,1.2947322834645671,2.0160866141732283,1.7592834645669293,1.8352283464566932,2.083472440944882,1.7318070866141735,1.6593267716535436,62897.38,97940.37,85465.02,89154.38,101213.94,84130.23,80609.18
751,Colorado River,18495014.911079578,2359125000,2016-12,2016.0,12.0,month,0.9337992125984252,1.3283622047244095,1.2774763779527558,0.9489330708661419,1.5411574803149608,1.5069133858267716,1.371181102362205,45363.45,64531.1,62059.09,46098.64,74868.58,73205.02,66611.22
752,Colorado River,18495014.911079578,2359125000,2017-00,,,water_year,34.392322834645675,43.31107480314961,37.67189763779528,34.96202362204724,37.91587401574804,39.969787401574806,35.93087401574803,1670759.98,2104028.0100000002,1830079.91,1698435.73,1841932.1500000001,1941710.1500000001,1745501.95
753,Colorado River,18495014.911079578,2359125000,2017-01,2017.0,1.0,month,1.2561220472440946,1.5919173228346457,1.647216535433071,1.6610629921259845,2.1448425196850396,1.8181771653543308,1.4632637795275591,61021.71,77334.46,80020.87,80693.52,104195.26,88326.04,71084.54
754,Colorado River,18495014.911079578,2359125000,2017-02,2017.0,2.0,month,1.6648425196850394,1.871968503937008,2.1796692913385827,2.3435314960629925,3.1239803149606304,2.2815000000000003,2.129972440944882,80877.13,90939.19,105887.13,113847.46,151761.23,110834.01,103472.88
755,Colorado River,18495014.911079578,2359125000,2017-03,2017.0,3.0,month,3.1578149606299215,3.934082677165355,3.7486614173228348,3.5985551181102364,3.8858937007874017,3.8294409448818896,3.8672244094488195,153404.9,191115.56,182107.89,174815.81,188774.56,186032.12,187867.62
756,Colorado River,18495014.911079578,2359125000,2017-04,2017.0,4.0,month,3.922303149606299,5.1199763779527565,4.390137795275591,3.925964566929134,4.417767716535433,4.539944881889764,4.305,190543.31,248725.62,213270.46,190721.18,214612.71,220548.01,209134.51
757,Colorado River,18495014.911079578,2359125000,2017-05,2017.0,5.0,month,4.270271653543308,4.9920236220472445,4.924665354330709,4.94090157480315,5.576153543307087,5.151582677165354,4.564791338582678,207447.43,242509.74,239237.51,240026.26,270886.45,250261.03,221755.03
758,Colorado River,18495014.911079578,2359125000,2017-06,2017.0,6.0,month,4.836503937007874,6.156940944881891,4.8366535433070865,4.050476377952756,4.217767716535433,5.261657480314961,4.799496062992127,234954.68,299100.78,234961.95,196769.9,204896.82,255608.41,233156.86
759,Colorado River,18495014.911079578,2359125000,2017-07,2017.0,7.0,month,4.578314960629921,5.6860905511811035,4.394653543307087,3.8524448818897636,3.7357401574803153,4.778740157480315,4.079437007874016,222412.0,276227.13,213489.83,187149.64,181480.19,232148.55,198176.79
760,Colorado River,18495014.911079578,2359125000,2017-08,2017.0,8.0,month,3.647543307086614,4.458169291338582,3.570677165354331,3.51086220472441,2.7883307086614173,3.91586220472441,3.073216535433071,177195.63,216575.39,173461.52,170555.74,135455.56,190230.42,149295.16
761,Colorado River,18495014.911079578,2359125000,2017-09,2017.0,9.0,month,2.7177559055118112,3.457244094488189,2.6561220472440947,2.2513622047244097,2.1698622047244096,2.87936220472441,2.467964566929134,132027.08,167951.0,129032.94,109369.93,105410.7,139877.82,119892.35
762,Colorado River,18495014.911079578,2359125000,2017-10,2017.0,10.0,month,1.837700787401575,2.7987480314960633,2.242503937007874,1.8848543307086616,2.1819370078740157,2.237464566929134,2.3722519685039374,89274.49,135961.63,108939.6,91565.18,105997.29,108694.79,115242.69
763,Colorado River,18495014.911079578,2359125000,2017-11,2017.0,11.0,month,1.2955393700787403,1.8483425196850394,1.645968503937008,1.474456692913386,1.9003818897637796,1.5856732283464567,1.6706023622047246,62936.58,89791.46,79960.24,71628.29,92319.5,77031.13,81156.94
764,Colorado River,18495014.911079578,2359125000,2017-12,2017.0,12.0,month,0.9421220472440945,1.9004055118110237,1.526767716535433,1.256728346456693,1.5303740157480314,1.6221417322834646,1.707208661417323,45767.77,92320.65,74169.53,61051.17,74344.72,78802.75,82935.25
765,Colorado River,18495014.911079578,2359125000,2018-00,,,water_year,35.900834645669285,44.42186614173228,38.577598425196854,36.07642125984252,37.853547244094486,39.50394881889764,36.5302874015748,1744042.65,2157989.65,1874078.3599999999,1752572.5699999998,1838904.3399999999,1919079.95,1774621.15
766,Colorado River,18495014.911079578,2359125000,2018-01,2018.0,1.0,month,1.2743070866141735,1.7690314960629923,1.638192913385827,1.546228346456693,1.802740157480315,1.66848031496063,1.596437007874016,61905.13,85938.57,79582.5,75114.92,87576.12,81053.85,77554.03
767,Colorado River,18495014.911079578,2359125000,2018-02,2018.0,2.0,month,1.7258070866141735,2.0303070866141733,1.9226299212598428,1.8600511811023623,2.2778385826771657,1.9073897637795276,1.7568267716535433,83838.75,98631.19,93400.3,90360.26,110656.14,92659.94,85345.67
768,Colorado River,18495014.911079578,2359125000,2018-03,2018.0,3.0,month,2.8025629921259845,3.51398031496063,3.3032637795275592,3.028653543307087,3.6040590551181104,3.373472440944882,3.2393267716535434,136146.96,170707.22,160470.72,147130.31,175083.19,163881.42,157364.7
769,Colorado River,18495014.911079578,2359125000,2018-04,2018.0,4.0,month,4.0033661417322834,5.284913385826772,4.6168188976377955,4.318259842519685,4.260385826771654,5.048413385826772,4.758850393700787,194481.31,256738.16,224282.5,209778.67,206967.18,245249.13,231182.32
770,Colorado River,18495014.911079578,2359125000,2018-05,2018.0,5.0,month,5.027531496062992,5.492031496062992,5.239716535433071,4.903472440944882,5.4302874015748035,5.436566929133858,4.894275590551182,244234.69,266799.85,254542.53,238207.97,263800.35,264105.41,237761.2
771,Colorado River,18495014.911079578,2359125000,2018-06,2018.0,6.0,month,4.738212598425197,5.926649606299213,5.05544094488189,5.013492125984252,4.724594488188977,5.216696850393701,4.663740157480316,230179.74,287913.35,245590.52,243552.67,229518.18,253424.24,226561.91
772,Colorado River,18495014.911079578,2359125000,2018-07,2018.0,7.0,month,4.52378346456693,5.070929133858268,4.307129921259842,4.171933070866142,3.907433070866142,4.550173228346456,3.6805787401574803,219762.89,246342.93,209237.99,202670.2,189820.93,221044.89,178800.48
773,Colorado River,18495014.911079578,2359125000,2018-08,2018.0,8.0,month,4.559267716535434,4.972732283464567,4.074716535433071,4.074232283464568,3.499503937007874,3.9575039370078744,3.391232283464567,221486.7,241572.58,197947.47,197923.95,170003.96,192253.35,164744.19
774,Colorado River,18495014.911079578,2359125000,2018-09,2018.0,9.0,month,3.1706338582677165,3.8137952755905515,3.004448818897638,2.5440590551181104,2.7340118110236222,2.899972440944882,2.7989566929133862,154027.64,185272.06,145954.46,123588.98,132816.78,140879.05,135971.77
775,Colorado River,18495014.911079578,2359125000,2018-10,2018.0,10.0,month,2.0888149606299216,2.87396062992126,2.4237086614173227,2.0931338582677164,2.486704724409449,2.442389763779528,2.3916535433070867,101473.47,139615.42,117742.42,101683.28,120802.74,118649.94,116185.2
776,Colorado River,18495014.911079578,2359125000,2018-11,2018.0,11.0,month,1.2083385826771655,1.6765511811023623,1.6641653543307087,1.7703070866141735,2.1678503937007876,1.655653543307087,1.6206535433070868,58700.42,81445.93,80844.23,86000.54,105312.97,80430.73,78730.45
777,Colorado River,18495014.911079578,2359125000,2018-12,2018.0,12.0,month,1.0682283464566928,1.0601850393700787,1.2694488188976378,1.297767716535433,1.8681574803149608,1.306972440944882,1.237988188976378,51893.94,51503.2,61669.12,63044.84,90754.06,63492.0,60140.78
778,Colorado River,18495014.911079578,2359125000,2019-00,,,water_year,36.2169251968504,44.89373622047245,40.67978346456694,39.41978740157481,42.189870078740164,42.55956692913386,38.80227165354331,1759398.1599999997,2180912.83,1976201.33,1914991.42,2049560.52,2067520.17,1884992.85
779,Colorado River,18495014.911079578,2359125000,2019-01,2019.0,1.0,month,1.1986456692913385,1.38696062992126,1.5855236220472442,1.700527559055118,2.0765551181102366,1.6928503937007873,1.5348543307086615,58229.54,67377.78,77023.86,82610.69,100877.9,82237.73,74562.37
780,Colorado River,18495014.911079578,2359125000,2019-02,2019.0,2.0,month,1.5661811023622048,1.9804763779527559,1.9939251968503937,1.9416496062992128,2.592188976377953,2.1976141732283465,1.8649685039370079,76084.21,96210.45,96863.78,94324.26,125927.1,106758.88,90599.14
781,Colorado River,18495014.911079578,2359125000,2019-03,2019.0,3.0,month,3.0640393700787403,3.6870551181102367,3.6137913385826774,3.4609370078740156,4.035295275590551,3.7768464566929136,3.5917598425196853,148849.33,179115.09,175555.98,168130.4,196032.41,183477.11,174485.7
782,Colorado River,18495014.911079578,2359125000,2019-04,2019.0,4.0,month,4.063897637795276,5.244228346456692,4.901196850393701,4.310350393700788,5.193177165354331,5.145814960629921,4.8376692913385835,197421.9,254761.71,238097.43,209394.43,252281.67,249980.84,235011.29
783,Colorado River,18495014.911079578,2359125000,2019-05,2019.0,5.0,month,4.975724409448819,5.575968503937009,5.422244094488189,5.635976377952756,5.982582677165356,5.469047244094489,4.95536220472441,241717.94,270877.46,263409.61,273792.61,290630.55,265683.29,240728.75
784,Colorado River,18495014.911079578,2359125000,2019-06,2019.0,6.0,month,5.096988188976379,5.725929133858268,5.314295275590552,4.9144921259842524,5.286732283464567,5.774106299212598,4.979086614173228,247608.86,278162.46,258165.52,238743.3,256826.53,280502.88,241881.27
785,Colorado River,18495014.911079578,2359125000,2019-07,2019.0,7.0,month,4.620055118110237,6.119350393700787,4.739307086614174,4.588216535433071,3.6987716535433077,5.12709842519685,4.588811023622048,224439.72,297274.65,230232.91,222893.02,179684.28,249071.6,222921.9
786,Colorado River,18495014.911079578,2359125000,2019-08,2019.0,8.0,month,4.188838582677166,5.2926968503937015,4.266299212598426,4.288685039370079,3.619771653543307,4.353145669291339,3.8955236220472442,203491.46,257116.28,207254.45,208341.94,175846.5,211473.4,189242.38
787,Colorado River,18495014.911079578,2359125000,2019-09,2019.0,9.0,month,3.077173228346457,4.270374015748032,3.485877952755906,3.417744094488189,3.1820826771653543,3.6180275590551187,3.30394094488189,149487.37,207452.4,169342.02,166032.11,154583.81,175761.77,160503.62
788,Colorado River,18495014.911079578,2359125000,2019-10,2019.0,10.0,month,2.1020669291338585,2.9748976377952756,2.509232283464567,1.801484251968504,2.4982795275590552,2.581716535433071,2.717413385826772,102117.25,144518.88,121897.11,87515.11,121365.04,125418.36,132010.44
789,Colorado River,18495014.911079578,2359125000,2019-11,2019.0,11.0,month,1.4317716535433072,1.9278307086614175,1.7561220472440946,1.5168937007874017,1.9513543307086616,1.8925787401574805,1.7073110236220472,69554.67,93652.95,85311.44,73689.86,94795.71,91940.43,82940.22
790,Colorado River,18495014.911079578,2359125000,2019-12,2019.0,12.0,month,0.9941102362204725,1.1516220472440946,1.3039330708661419,1.1529370078740158,2.044712598425197,1.4961496062992128,1.3432480314960629,48293.32,55945.16,63344.35,56009.04,99331.01,72682.12,65254.25
791,Colorado River,18495014.911079578,2359125000,2020-00,,,water_year,38.29875984251969,44.09000787401575,39.173110236220474,35.815653543307086,39.77457086614174,40.68532283464567,37.304145669291344,1860532.53,2141868.1500000004,1903008.0,1739904.62,1932226.6400000001,1976470.46,1812214.7499999998
792,Colorado River,18495014.911079578,2359125000,2020-01,2020.0,1.0,month,1.3173622047244096,1.7464133858267716,1.701279527559055,1.611192913385827,1.9157244094488188,1.7758503937007875,1.749484251968504,63996.73,84839.79,82647.22,78270.86,93064.83,86269.83,84988.98
793,Colorado River,18495014.911079578,2359125000,2020-02,2020.0,2.0,month,1.9805944881889763,2.37453937007874,2.2459448818897636,2.1677874015748033,2.1687992125984255,2.463468503937008,2.282070866141732,96216.18,115353.81,109106.76,105309.91,105359.06,119673.94,110861.74
794,Colorado River,18495014.911079578,2359125000,2020-03,2020.0,3.0,month,2.9487165354330713,3.1735,3.2700157480314966,3.0976062992125986,3.712444881889764,3.519051181102362,3.202937007874016,143247.02,154166.87,158855.55,150480.0,180348.52,170953.56,155596.91
795,Colorado River,18495014.911079578,2359125000,2020-04,2020.0,4.0,month,4.174748031496064,3.9353110236220474,4.233196850393701,4.030547244094488,4.89938188976378,4.449393700787402,4.065059055118111,202806.95,191175.23,205646.36,195801.75,238009.26,216149.08,197478.32
796,Colorado River,18495014.911079578,2359125000,2020-05,2020.0,5.0,month,5.50582283464567,5.837956692913386,5.4349724409448825,5.338326771653544,5.317295275590552,5.446358267716536,5.029263779527559,267469.82,283604.7,264027.95,259332.96,258311.26,264581.07,244318.85
797,Colorado River,18495014.911079578,2359125000,2020-06,2020.0,6.0,month,5.100062992125984,5.9011181102362205,5.1287480314960625,4.748251968503937,5.080437007874016,5.318437007874016,4.726433070866142,247758.23,286673.05,249151.74,230667.45,246804.82,258366.72,229607.5
798,Colorado River,18495014.911079578,2359125000,2020-07,2020.0,7.0,month,4.945909448818898,5.727161417322835,4.499708661417323,3.8214488188976383,3.9789212598425197,4.782484251968504,4.282236220472441,240269.54,278222.33,218593.35,185643.87,193293.79,232330.44,208028.66
799,Colorado River,18495014.911079578,2359125000,2020-08,2020.0,8.0,month,4.500161417322835,5.476551181102362,4.046866141732284,3.6831023622047243,3.4565669291338588,4.00861811023622,3.604047244094488,218615.35,266047.82,196594.52,178923.07,167918.11,194736.45,175082.62
800,Colorado River,18495014.911079578,2359125000,2020-09,2020.0,9.0,month,3.297433070866142,3.863106299212599,3.0430905511811024,2.8460748031496066,2.750653543307087,2.951216535433071,2.5946417322834643,160187.47,187667.56,147831.65,138260.74,133625.23,143368.46,126046.26
801,Colorado River,18495014.911079578,2359125000,2020-10,2020.0,10.0,month,2.391527559055118,3.239692913385827,2.425988188976378,1.9885511811023624,2.112992125984252,2.3328385826771654,2.4989685039370078,116179.08,157382.49,117853.16,96602.71,102647.99,113328.01,121398.51
802,Colorado River,18495014.911079578,2359125000,2020-11,2020.0,11.0,month,1.2580393700787402,1.9551141732283466,1.705925196850394,1.6650905511811025,1.831681102362205,1.6832637795275591,1.7285118110236222,61114.86,94978.36,82872.9,80889.18,88982.05,81772.02,83970.15
803,Colorado River,18495014.911079578,2359125000,2020-12,2020.0,12.0,month,0.9084055118110237,1.3739055118110237,1.3516102362204725,1.3575669291338583,1.6214015748031496,1.3716220472440945,1.4036614173228348,44129.84,66743.57,65660.48,65949.85,78766.79,66632.64,68189.09
804,Colorado River,18495014.911079578,2359125000,2021-00,,,water_year,37.2826062992126,46.88147244094489,40.13532677165355,38.382169291338585,38.62079921259843,41.46417716535433,38.87963385826772,1811168.36,2277475.96,1949751.93,1864584.5199999998,1876177.0300000003,2014306.76,1888751.07
805,Colorado River,18495014.911079578,2359125000,2021-01,2021.0,1.0,month,1.1508858267716537,1.5045944881889766,1.5983385826771654,1.586976377952756,1.8915748031496065,1.798476377952756,1.5634763779527558,55909.4,73092.37,77646.4,77094.43,91891.66,87368.99,75952.82
806,Colorado River,18495014.911079578,2359125000,2021-02,2021.0,2.0,month,1.7330433070866142,2.240248031496063,2.183972440944882,2.294555118110236,2.2136574803149607,2.2713661417322837,2.25401968503937,84190.28,108830.01,106096.17,111468.22,107538.25,110341.71,109499.03
807,Colorado River,18495014.911079578,2359125000,2021-03,2021.0,3.0,month,3.046507874015748,3.5060511811023627,3.5094724409448825,4.020145669291339,3.749492125984252,3.526259842519685,3.2510984251968504,147997.66,170322.02,170488.23,195296.45,182148.25,171303.75,157936.56
808,Colorado River,18495014.911079578,2359125000,2021-04,2021.0,4.0,month,4.327531496062993,4.764618110236221,4.662488188976378,4.2475551181102364,4.993220472440945,4.906228346456693,4.5260905511811025,210229.08,231462.51,226501.09,206343.87,242567.88,238341.85,219874.97
809,Colorado River,18495014.911079578,2359125000,2021-05,2021.0,5.0,month,5.489854330708662,5.964665354330709,5.503370078740157,4.802496062992127,5.361161417322834,5.666346456692914,5.465996062992126,266694.08,289760.14,267350.67,233302.6,260442.25,275267.97,265535.06
810,Colorado River,18495014.911079578,2359125000,2021-06,2021.0,6.0,month,5.1180393700787405,6.5349015748031505,5.248405511811025,4.847696850393701,4.853834645669292,5.461015748031496,5.045027559055118,248631.52,317461.9,254964.63,235498.43,235796.6,265293.12,245084.64
811,Colorado River,18495014.911079578,2359125000,2021-07,2021.0,7.0,month,4.610937007874016,6.387523622047245,4.778192913385827,5.081,3.9870787401574805,4.969377952755906,4.2607519685039374,223996.77,310302.36,232121.96,246832.16,193690.08,241409.63,206984.97
812,Colorado River,18495014.911079578,2359125000,2021-08,2021.0,8.0,month,3.901141732283465,5.218330708661418,3.9927480314960633,3.5862992125984254,3.5153110236220475,4.187074803149606,3.8765944881889767,189515.3,253503.61,193965.49,174220.43,170771.86,203405.77,188322.81
813,Colorado River,18495014.911079578,2359125000,2021-09,2021.0,9.0,month,3.346692913385827,4.191826771653544,3.1748149606299214,2.9042362204724412,2.4893937007874016,3.2903070866141735,3.005437007874016,162580.49,203636.62,154230.75,141086.19,120933.37,159841.3,146002.46
814,Colorado River,18495014.911079578,2359125000,2021-10,2021.0,10.0,month,1.9685314960629923,2.865314960629921,2.3490944881889764,1.6878937007874018,2.2385708661417323,2.458763779527559,2.543673228346457,95630.17,139195.41,114117.71,81996.94,108748.53,119445.38,123570.24
815,Colorado River,18495014.911079578,2359125000,2021-11,2021.0,11.0,month,1.487523622047244,2.179913385826772,1.9044015748031498,1.6868307086614174,2.0423543307086613,1.8778149606299215,1.979192913385827,72263.07,105898.98,92514.77,81945.3,99216.44,91223.21,96148.1
816,Colorado River,18495014.911079578,2359125000,2021-12,2021.0,12.0,month,0.8931692913385827,1.34342125984252,1.4392952755905515,1.2516417322834645,1.727685039370079,1.635744094488189,1.5903464566929133,43389.67,65262.66,69920.17,60804.06,83929.98,79463.54,77258.15
817,Colorado River,18495014.911079578,2359125000,2022-00,,,water_year,38.61733070866142,47.40747637795276,41.56408267716536,37.79629133858268,39.790578740157486,43.70509055118111,40.919062992125994,1876008.53,2303028.93,2019160.0999999999,1836122.88,1933004.27,2123169.09,1987825.41
818,Colorado River,18495014.911079578,2359125000,2022-01,2022.0,1.0,month,1.222732283464567,1.7272795275590553,1.6906062992125985,1.6667874015748032,2.0388267716535435,1.7211850393700787,1.6798188976377955,59399.66,83910.28,82128.72,80971.61,99045.07,83614.22,81604.67
819,Colorado River,18495014.911079578,2359125000,2022-02,2022.0,2.0,month,1.7810236220472442,2.4633503937007877,2.2263976377952757,2.134452755905512,2.142496062992126,2.3942992125984253,2.408452755905512,86521.14,119668.2,108157.16,103690.53,104081.27,116313.73,117001.3
820,Colorado River,18495014.911079578,2359125000,2022-03,2022.0,3.0,month,3.142622047244094,4.18303937007874,3.782236220472441,3.279858267716536,3.806255905511811,3.9339330708661415,4.086582677165355,152666.84,203209.74,183738.94,159333.7,184905.8,191108.29,198523.92
821,Colorado River,18495014.911079578,2359125000,2022-04,2022.0,4.0,month,4.560826771653543,5.0087125984251974,4.904314960629922,4.376586614173228,5.110275590551181,5.154196850393701,4.867468503937008,221562.44,243320.48,238248.9,212612.15,248254.36,250388.03,236458.92
822,Colorado River,18495014.911079578,2359125000,2022-05,2022.0,5.0,month,5.534712598425197,6.08765748031496,5.593590551181103,5.0574488188976385,5.445976377952756,5.8303031496063,5.35862598425197,268873.27,295735.03,271733.53,245688.06,264562.52,283232.9,260319.08
823,Colorado River,18495014.911079578,2359125000,2022-06,2022.0,6.0,month,5.585929133858268,6.186082677165355,5.468417322834646,4.9819566929133865,5.031299212598426,5.754314960629922,5.260389763779528,271361.34,300516.47,265652.68,242020.7,244417.73,279541.43,255546.82
824,Colorado River,18495014.911079578,2359125000,2022-07,2022.0,7.0,month,4.846141732283465,6.3328818897637795,4.833964566929135,4.8218267716535435,4.049968503937008,5.0996181102362215,4.333003937007875,235422.88,307647.89,234831.32,234241.67,196745.23,247736.62,210494.93
825,Colorado River,18495014.911079578,2359125000,2022-08,2022.0,8.0,month,4.457385826771654,5.299606299212599,4.285771653543307,4.224917322834646,3.4945669291338586,4.459374015748032,3.8588700787401575,216537.33,257451.94,208200.41,205244.14,169764.13,216633.92,187461.77
826,Colorado River,18495014.911079578,2359125000,2022-09,2022.0,9.0,month,3.1367322834645672,3.730216535433071,3.0859921259842524,2.626090551181102,2.6623031496062994,3.3855433070866146,2.952637795275591,152380.72,181211.85,149915.79,127574.02,129333.21,164467.82,143437.51
827,Colorado River,18495014.911079578,2359125000,2022-10,2022.0,10.0,month,2.1870236220472443,2.916173228346457,2.491185039370079,2.319425196850394,2.478484251968504,2.5090472440944884,2.363712598425197,106244.4,141666.08,121020.39,112676.39,120403.39,121888.13,114827.85
828,Colorado River,18495014.911079578,2359125000,2022-11,2022.0,11.0,month,1.2630551181102363,1.9380551181102363,1.5636692913385828,1.1633700787401575,1.4194606299212598,1.6862165354330712,1.9375,61358.52,94149.64,75962.19,56515.87,68956.61,81915.47,94122.68
829,Colorado River,18495014.911079578,2359125000,2022-12,2022.0,12.0,month,0.914763779527559,1.0217007874015749,1.1070236220472442,1.151240157480315,1.3311023622047247,1.1453425196850393,1.0937755905511812,44438.72,49633.66,53778.59,55926.61,64664.22,55640.11,53135.01
830,Colorado River,18495014.911079578,2359125000,2023-00,,,water_year,36.20853937007874,43.768342519685035,39.779921259842524,39.422551181102364,38.95864960629921,42.06815748031496,37.593724409448825,1758990.79,2126241.8400000003,1932486.5299999998,1915125.6999999997,1892589.6199999999,2043647.8099999998,1826282.3200000003
831,Colorado River,18495014.911079578,2359125000,2023-01,2023.0,1.0,month,1.0863031496062991,1.5125511811023622,1.588944881889764,1.526263779527559,1.8378543307086614,1.871728346456693,1.6391496062992126,52772.01,73478.9,77190.06,74145.05,89281.95,90927.53,79628.98
832,Colorado River,18495014.911079578,2359125000,2023-02,2023.0,2.0,month,1.619740157480315,1.925444881889764,1.8699094488188976,1.8424763779527562,1.8851732283464568,2.0878385826771657,1.8354133858267718,78686.08,93537.05,90839.17,89506.48,91580.67,101426.04,89163.37
833,Colorado River,18495014.911079578,2359125000,2023-03,2023.0,3.0,month,2.625125984251969,3.303255905511811,3.3340629921259843,3.72598031496063,3.8129842519685044,3.4030354330708663,2.958535433070866,127527.17,160470.34,161966.93,181006.06,185232.66,165317.58,143724.01
834,Colorado River,18495014.911079578,2359125000,2023-04,2023.0,4.0,month,4.269236220472441,4.6728464566929135,4.488141732283465,4.180003937007874,4.66261811023622,4.611354330708662,4.231448818897638,207397.13,227004.29,218031.44,203062.28,226507.4,224017.04,205561.44
835,Colorado River,18495014.911079578,2359125000,2023-05,2023.0,5.0,month,5.12892125984252,5.88476377952756,5.683307086614174,6.026968503937009,5.90557874015748,5.807610236220472,5.190696850393701,249160.15,285878.56,276091.91,292786.79,286889.74,282130.49,252161.18
836,Colorado River,18495014.911079578,2359125000,2023-06,2023.0,6.0,month,5.20048031496063,5.978625984251969,5.36796062992126,5.26392125984252,4.888826771653544,5.782011811023622,5.207692913385826,252636.45,290438.34,260772.55,255718.38,237496.5,280886.93,252986.84
837,Colorado River,18495014.911079578,2359125000,2023-07,2023.0,7.0,month,4.924952755905512,6.245023622047245,4.960562992125984,4.749803149606299,4.355547244094488,5.265023622047244,4.552673228346457,239251.48,303379.79,240981.4,230742.81,211590.07,255771.93,221166.34
838,Colorado River,18495014.911079578,2359125000,2023-08,2023.0,8.0,month,3.928909448818898,4.803114173228347,4.134602362204725,4.003594488188977,3.5847559055118112,4.511370078740158,3.7185236220472446,190864.24,233332.63,200856.69,194492.4,174145.46,219159.86,180643.82
839,Colorado River,18495014.911079578,2359125000,2023-09,2023.0,9.0,month,3.060027559055118,3.5667874015748033,3.1905511811023626,3.469503937007874,2.796263779527559,3.3875787401574806,2.864602362204725,148654.44,173272.56,154995.21,168546.58,135840.95,164566.7,139160.8
840,Colorado River,18495014.911079578,2359125000,2023-10,2023.0,10.0,month,2.352236220472441,2.9357795275590552,2.6353267716535433,2.3289488188976377,2.7458307086614178,2.5876023622047244,2.56644094488189,114270.33,142618.54,128022.71,113139.04,133390.93,125704.29,124676.28
841,Colorado River,18495014.911079578,2359125000,2023-11,2023.0,11.0,month,1.3339094488188978,2.153464566929134,1.873452755905512,1.5451338582677168,1.9347992125984255,2.010712598425197,2.0122637795275593,64800.58,104614.12,91011.3,75061.75,93991.47,97679.3,97754.66
842,Colorado River,18495014.911079578,2359125000,2023-12,2023.0,12.0,month,1.0219566929133859,1.181763779527559,1.3090157480314961,1.177728346456693,1.702952755905512,1.4319488188976377,1.3423897637795277,49646.09,57409.43,63591.26,57213.39,82728.5,69563.28,65212.55
843,Colorado River,18495014.911079578,2359125000,2024-00,,,water_year,37.486625984251965,45.244460629921264,39.685192913385826,36.43893700787402,39.14395275590552,41.982263779527564,37.333708661417326,1821079.5100000002,2197950.83,1927884.6800000002,1770183.36,1901591.5299999998,2039475.1199999999,1813650.8800000001
844,Colorado River,18495014.911079578,2359125000,2024-01,2024.0,1.0,month,1.2168858267716536,1.376263779527559,1.5046496062992127,1.4520236220472442,1.8786771653543308,1.6908228346456693,1.423503937007874,59115.64,66858.13,73095.04,70538.5,91265.1,82139.24,69153.03
845,Colorado River,18495014.911079578,2359125000,2024-02,2024.0,2.0,month,1.8333700787401574,1.8735629921259844,2.1363779527559057,2.1869527559055117,2.499370078740158,2.338251968503937,2.172196850393701,89064.1,91016.65,103784.06,106240.95,121418.01,113590.99,105524.12
846,Colorado River,18495014.911079578,2359125000,2024-03,2024.0,3.0,month,2.9463622047244096,3.7055590551181106,3.617051181102362,3.7337795275590553,3.9038188976377954,3.7647401574803148,3.3192165354330707,143132.64,180014.01,175714.34,181384.94,189645.36,182888.99,161245.7
847,Colorado River,18495014.911079578,2359125000,2024-04,2024.0,4.0,month,4.229677165354331,4.579606299212599,4.495129921259843,3.920125984251969,4.777826771653544,4.806106299212599,4.30363779527559,205475.37,222474.74,218370.92,190437.55,232104.18,233477.98,209068.34
848,Colorado River,18495014.911079578,2359125000,2024-05,2024.0,5.0,month,5.153039370078741,6.150846456692914,5.463641732283465,4.889118110236221,5.383972440944882,5.753661417322835,5.201133858267717,250331.8,298804.71,265420.69,237510.65,261550.4,279509.68,252668.2
849,Colorado River,18495014.911079578,2359125000,2024-06,2024.0,6.0,month,5.413094488188977,6.74001968503937,5.511114173228347,5.534622047244095,4.878169291338583,5.660161417322835,5.020342519685039,262965.13,327426.42,267726.87,268868.87,236978.76,274967.51,243885.46
850,Colorado River,18495014.911079578,2359125000,2024-07,2024.0,7.0,month,5.656409448818898,6.636968503937009,4.95503937007874,4.501208661417323,4.065338582677166,5.069149606299214,4.396389763779528,274785.24,322420.25,240713.07,218666.22,197491.9,246256.48,213574.18
851,Colorado River,18495014.911079578,2359125000,2024-08,2024.0,8.0,month,3.7430826771653543,4.78594094488189,3.604669291338583,2.978976377952756,2.998232283464567,3.9562755905511815,3.386562992125984,181836.88,232498.36,175112.84,144717.02,145652.46,192193.68,164517.35
852,Colorado River,18495014.911079578,2359125000,2024-09,2024.0,9.0,month,2.586602362204725,3.124685039370079,2.5797244094488194,2.190318897637795,2.374964566929134,2.9128307086614176,2.1896299212598427,125655.71,151795.47,125321.58,106404.48,115374.46,141503.7,106371.01
853,Colorado River,18495014.911079578,2359125000,2024-10,2024.0,10.0,month,2.126968503937008,2.909677165354331,2.2494291338582677,1.6176023622047244,2.2571062992125985,2.306271653543307,2.1778582677165357,103326.95,141350.5,109276.02,78582.23,109648.97,112037.4,105799.15
854,Colorado River,18495014.911079578,2359125000,2024-11,2024.0,11.0,month,1.0233740157480316,2.1698228346456694,1.6706692913385828,1.3559606299212599,1.7830551181102363,1.7494724409448819,1.7424055118110238,49714.94,105408.79,81160.19,65871.82,86619.83,84988.4,84645.09
855,Colorado River,18495014.911079578,2359125000,2024-12,2024.0,12.0,month,0.9975629921259843,1.4726062992125986,1.4557283464566928,1.2199251968503937,1.6937874015748031,1.5504921259842521,1.556236220472441,48461.06,71538.4,70718.48,59263.29,82283.25,75322.05,75601.09
856,Colorado River,18495014.911079578,2359125000,2025-00,,,water_year,35.23294094488189,42.72910236220473,38.11351968503937,34.677515748031496,38.0806220472441,41.46906692913386,35.553551181102364,1711596.76,2075756.12,1851533.6700000002,1684614.4999999998,1849935.51,2014544.2900000003,1727171.81
857,Colorado River,18495014.911079578,2359125000,2025-01,2025.0,1.0,month,1.1498700787401577,1.6377637795275592,1.5127992125984253,1.0955669291338583,1.4769055118110237,1.9766456692913388,1.8649448818897638,55860.05,79561.66,73490.95,53222.03,71747.25,96024.35,90597.99
858,Colorado River,18495014.911079578,2359125000,2025-02,2025.0,2.0,month,1.8539094488188979,2.4998267716535434,2.259496062992126,2.001192913385827,2.546574803149607,2.459704724409449,2.0313267716535433,90061.89,121440.2,109765.07,97216.84,123711.19,119491.09,98680.73
859,Colorado River,18495014.911079578,2359125000,2025-03,2025.0,3.0,month,2.848169291338583,3.4421456692913384,3.376409448818898,3.2968503937007876,3.6471220472440944,3.7110000000000003,3.1321968503937008,138362.49,167217.53,164024.1,160159.17,177175.17,180278.32,152160.39
860,Colorado River,18495014.911079578,2359125000,2025-04,2025.0,4.0,month,4.1586338582677165,4.237094488188977,4.158826771653544,3.5753307086614177,4.551791338582677,4.368866141732283,3.9277755905511813,202024.13,205835.7,202033.5,173687.58,221123.5,212237.1,190809.16
861,Colorado River,18495014.911079578,2359125000,2025-05,2025.0,5.0,month,4.888232283464568,5.270649606299213,5.1021417322834655,4.8141338582677164,5.409728346456694,5.322531496062992,4.7630708661417325,237467.62,256045.24,247859.22,233867.96,262801.61,258565.63,231387.34
862,Colorado River,18495014.911079578,2359125000,2025-06,2025.0,6.0,month,4.662484251968504,5.466468503937008,4.913334645669291,4.798003937007874,4.7111220472440944,5.24978346456693,4.4066968503937005,226500.9,265558.01,238687.07,233084.37,228863.7,255031.57,214074.89
863,Colorado River,18495014.911079578,2359125000,2025-07,2025.0,7.0,month,4.764393700787402,5.4337795275590555,4.529665354330709,4.637488188976378,3.9015393700787406,4.59892125984252,3.9460472440944887,231451.61,263970.0,220048.63,225286.61,189534.62,223413.05,191696.79
864,Colorado River,18495014.911079578,2359125000,2025-08,2025.0,8.0,month,3.92653937007874,4.554874015748031,3.652086614173229,3.09032283464567,3.1055433070866143,4.29384251968504,3.114984251968504,190749.11,221273.26,177416.34,150126.17,150865.57,208592.49,151324.21
865,Colorado River,18495014.911079578,2359125000,2025-09,2025.0,9.0,month,2.832803149606299,3.6343937007874016,3.232933070866142,3.1751377952755906,2.9963464566929137,3.8815354330708662,2.890007874015748,137616.01,176556.83,157054.1,154246.43,145560.85,188562.84,140394.98
866,Colorado River,18495014.911079578,2359125000,2025-10,2025.0,10.0,month,2.0038346456692913,2.8165314960629924,2.4206771653543306,1.6650944881889764,2.5648582677165357,2.6577283464566928,2.480984251968504,97345.18,136825.54,117595.16,80889.37,124599.39,129110.97,120524.84
867,Colorado River,18495014.911079578,2359125000,2025-11,2025.0,11.0,month,1.2965866141732285,1.8270118110236222,1.8094291338582678,1.5957874015748033,2.4011850393700787,1.9763346456692916,1.75294094488189,62987.46,88755.22,87901.06,77522.47,116648.24,96009.24,85156.9
868,Colorado River,18495014.911079578,2359125000,2025-12,2025.0,12.0,month,1.0830629921259842,1.4183622047244095,1.4402086614173228,1.2451102362204727,1.7893543307086615,1.5411850393700788,1.4698543307086616,52614.6,68903.25,69964.54,60486.77,86925.84,74869.92,71404.71
869,Colorado River,18495014.911079578,2359125000,2026-00,,,water_year,,,,,,,,,,,,,,
870,North Coast,21675043.972489223,1717028100,2003-10,2003.0,10.0,month,1.1667086614173228,1.9170669291338585,1.5603740157480315,1.0665354330708663,1.8313976377952756,1.6988661417322837,1.6698031496062993,41251.66,67782.3,55170.6,37709.81,64753.26,60067.31,59039.72
871,North Coast,21675043.972489223,1717028100,2003-11,2003.0,11.0,month,0.5525905511811023,0.6811181102362205,0.6413779527559056,0.22872834645669293,0.747996062992126,1.173472440944882,0.6105944881889764,19538.11,24082.49,22677.39,8087.22,26447.12,41490.81,21588.97
872,North Coast,21675043.972489223,1717028100,2003-12,2003.0,12.0,month,0.4108385826771654,0.3958976377952756,0.4556692913385827,0.2253031496062992,0.6718503937007875,0.8277716535433072,0.41620472440944883,14526.14,13997.87,16111.23,7966.11,23754.81,29267.76,14715.87
873,North Coast,21675043.972489223,1717028100,2004-00,,,water_year,25.27614566929134,27.704421259842523,27.686897637795273,24.954874015748032,30.779940944881893,30.86542125984252,25.683543307086612,893696.09,979553.3500000001,978933.74,882336.8099999999,1088295.3900000001,1091317.74,908100.57
874,North Coast,21675043.972489223,1717028100,2004-01,2004.0,1.0,month,0.6414409448818899,0.40753543307086615,0.6461377952755906,0.4437834645669292,0.895736220472441,0.9802677165354332,0.520232283464567,22679.62,14409.35,22845.68,15690.98,31670.81,34659.61,18394.01
875,North Coast,21675043.972489223,1717028100,2004-02,2004.0,2.0,month,0.9211259842519686,0.7882795275590552,0.9423385826771654,0.48345669291338583,1.1692992125984252,1.4142952755905511,0.8204094488188977,32568.52,27871.43,33318.54,17093.72,41343.25,50005.65,29007.46
876,North Coast,21675043.972489223,1717028100,2004-03,2004.0,3.0,month,2.127011811023622,2.306988188976378,2.258224409448819,1.4856141732283465,2.852996062992126,2.6010629921259842,2.091448818897638,75205.38,81568.86,79844.7,52527.3,100874.22,91966.55,73947.97
877,North Coast,21675043.972489223,1717028100,2004-04,2004.0,4.0,month,2.7763149606299216,2.92401968503937,3.0763188976377953,3.0928307086614177,3.8363031496062994,3.144736220472441,2.7155275590551184,98162.98,103385.42,108770.31,109354.12,135641.29,111189.36,96013.7
878,North Coast,21675043.972489223,1717028100,2004-05,2004.0,5.0,month,3.5067598425196853,3.6266417322834648,3.8255748031496064,3.785964566929134,4.383838582677166,4.011992125984253,3.332031496062992,123989.54,128228.23,135261.97,133861.46,155000.67,141853.18,117811.61
879,North Coast,21675043.972489223,1717028100,2004-06,2004.0,6.0,month,4.1945551181102365,3.966228346456693,4.226279527559055,4.093417322834646,4.427464566929134,4.440870078740158,4.022763779527559,148308.11,140235.1,149429.8,144732.16,156543.16,157017.14,142234.04
880,North Coast,21675043.972489223,1717028100,2004-07,2004.0,7.0,month,4.074192913385827,4.510122047244095,4.400070866141732,4.546814960629921,4.2983858267716535,4.548007874015749,4.061169291338583,144052.43,159465.71,155574.59,160763.07,151979.29,160805.25,143591.95
881,North Coast,21675043.972489223,1717028100,2004-08,2004.0,8.0,month,3.0503385826771656,3.8432401574803152,3.4027992125984254,3.466389763779528,3.226645669291339,3.5819921259842524,3.164472440944882,107851.71,135886.57,120313.77,122562.16,114085.46,126649.55,111887.18
882,North Coast,21675043.972489223,1717028100,2004-09,2004.0,9.0,month,1.854267716535433,2.337283464566929,2.251732283464567,2.0360354330708663,2.438027559055118,2.4420866141732285,2.2588858267716536,65561.89,82640.02,79615.16,71988.7,86202.05,86345.57,79868.09
883,North Coast,21675043.972489223,1717028100,2004-10,2004.0,10.0,month,1.1786338582677167,1.465173228346457,1.354476377952756,0.9638425196850394,1.62244094488189,1.8003031496062993,1.2497047244094488,41673.3,51804.56,47890.62,34078.86,57365.12,63653.85,44186.18
884,North Coast,21675043.972489223,1717028100,2004-11,2004.0,11.0,month,0.8118897637795276,0.8141496062992127,0.9006732283464567,0.34760629921259845,1.4157322834645671,1.1656102362204726,0.8339094488188977,28706.22,28786.13,31845.37,12290.42,50056.46,41212.82,29484.78
885,North Coast,21675043.972489223,1717028100,2004-12,2004.0,12.0,month,0.5808385826771654,0.6228622047244095,0.7186417322834646,0.23162992125984253,1.0879370078740158,0.9907165354330709,0.6960629921259843,20536.88,22022.72,25409.23,8189.81,38466.51,35029.05,24610.9
886,North Coast,21675043.972489223,1717028100,2005-00,,,water_year,27.675476377952755,29.430271653543308,29.75332677165354,25.37852755905512,33.47596062992126,33.084622047244096,27.724700787401574,978529.91,1040574.73,1051997.1,897316.0499999999,1183619.35,1169782.67,980270.3700000001
887,North Coast,21675043.972489223,1717028100,2005-01,2005.0,1.0,month,0.7875787401574804,0.9513228346456692,0.9590590551181103,0.3887874015748031,1.0792952755905514,1.3421141732283466,1.0445984251968505,27846.65,33636.2,33909.73,13746.47,38160.96,47453.52,36934.17
888,North Coast,21675043.972489223,1717028100,2005-02,2005.0,2.0,month,1.210484251968504,1.4263307086614174,1.3941496062992127,0.7252913385826772,1.64596062992126,1.7833228346456693,1.4303307086614172,42799.45,50431.19,49293.36,25644.34,58196.71,63053.47,50572.62
889,North Coast,21675043.972489223,1717028100,2005-03,2005.0,3.0,month,1.8598976377952756,2.013275590551181,2.1005669291338585,1.4280905511811024,2.651515748031496,2.4526102362204725,1.8897874015748033,65760.95,71183.97,74270.36,50493.42,93750.42,86717.66,66817.77
890,North Coast,21675043.972489223,1717028100,2005-04,2005.0,4.0,month,2.754251968503937,2.5929133858267717,2.799188976377953,2.4483149606299213,3.4590393700787403,3.0776732283464567,2.383255905511811,97382.89,91678.4,98971.74,86565.79,122302.27,108818.19,84265.48
891,North Coast,21675043.972489223,1717028100,2005-05,2005.0,5.0,month,3.527543307086614,3.642748031496063,3.9002992125984255,3.516251968503937,4.711118110236221,4.420830708661418,3.424358267716536,124724.38,128797.71,137904.02,124325.15,166572.38,156308.61,121076.04
892,North Coast,21675043.972489223,1717028100,2005-06,2005.0,6.0,month,4.20505905511811,3.986692913385827,4.209035433070866,4.276437007874016,4.473023622047244,4.44134251968504,3.844456692913386,148679.5,140958.67,148820.1,151203.24,158154.01,157033.85,135929.58
893,North Coast,21675043.972489223,1717028100,2005-07,2005.0,7.0,month,5.043610236220473,5.082011811023622,5.067212598425197,4.8847559055118115,4.918728346456693,5.191783464566929,4.82090157480315,178328.4,179686.18,179162.92,172711.75,173912.92,183567.41,170454.03
894,North Coast,21675043.972489223,1717028100,2005-08,2005.0,8.0,month,3.796527559055118,4.315779527559055,3.9709173228346457,4.031405511811024,3.661688976377953,3.922484251968504,3.701507874015748,134234.94,152594.28,140400.89,142539.59,129467.41,138688.42,130875.3
895,North Coast,21675043.972489223,1717028100,2005-09,2005.0,9.0,month,1.9191614173228346,2.517011811023622,2.3791062992125984,2.1361141732283464,2.7494803149606297,2.4958307086614173,2.4058267716535435,67856.35,88994.72,84118.76,75527.21,97214.18,88245.82,85063.52
896,North Coast,21675043.972489223,1717028100,2005-10,2005.0,10.0,month,1.2085748031496064,1.6367992125984252,1.466248031496063,1.1617598425196851,1.68796062992126,1.7324251968503936,1.404952755905512,42731.93,57872.79,51842.56,41076.68,59681.72,61253.87,49675.33
897,North Coast,21675043.972489223,1717028100,2005-11,2005.0,11.0,month,0.715767716535433,0.8313582677165354,0.8294921259842519,0.45937795275590554,1.107232283464567,1.2121141732283465,0.7285590551181104,25307.61,29394.58,29328.6,16242.36,39148.74,42857.08,25759.88
898,North Coast,21675043.972489223,1717028100,2005-12,2005.0,12.0,month,0.4630944881889764,0.39607874015748035,0.5984881889763779,0.21936220472440945,1.0075354330708661,0.938976377952756,0.5336496062992127,16373.77,14004.27,21160.92,7756.05,35623.73,33199.66,18868.41
899,North Coast,21675043.972489223,1717028100,2006-00,,,water_year,26.864799212598427,28.968948818897637,28.779622047244096,24.817492125984252,30.23959448818898,32.60284251968504,26.602019685039373,949866.57,1024263.6,1017569.5099999999,877479.3300000001,1069190.1900000002,1152748.2599999998,940575.4199999999
900,North Coast,21675043.972489223,1717028100,2006-01,2006.0,1.0,month,0.5979251968503938,0.5508385826771655,0.6957677165354331,0.2920275590551181,0.8988622047244095,1.1056496062992127,0.6526732283464567,21141.02,19476.16,24600.46,10325.3,31781.33,39092.78,23076.76
901,North Coast,21675043.972489223,1717028100,2006-02,2006.0,2.0,month,1.173736220472441,1.2085196850393702,1.2413503937007875,0.746240157480315,1.4035905511811027,1.5741811023622048,1.1098188976377954,41500.14,42729.98,43890.79,26385.03,49627.16,55658.78,39240.19
902,North Coast,21675043.972489223,1717028100,2006-03,2006.0,3.0,month,1.3504055118110236,1.2976377952755906,1.4306259842519684,0.9184133858267717,1.77244094488189,2.0035708661417324,1.124968503937008,47746.68,45880.96,50583.06,32472.61,62668.71,70840.84,39775.84
903,North Coast,21675043.972489223,1717028100,2006-04,2006.0,4.0,month,2.4800866141732283,2.67501968503937,2.662637795275591,2.1422755905511814,3.045590551181103,3.104216535433071,2.2188661417322835,87689.15,94581.45,94143.66,75745.07,107683.84,109756.69,78453.1
904,North Coast,21675043.972489223,1717028100,2006-05,2006.0,5.0,month,4.024216535433071,4.2445472440944885,4.20424409448819,3.8044763779527564,4.489814960629921,4.372669291338583,3.791047244094488,142285.4,150075.7,148650.69,134515.99,158747.7,154605.75,134041.17
905,North Coast,21675043.972489223,1717028100,2006-06,2006.0,6.0,month,4.178641732283465,4.486555118110236,4.56701968503937,4.3898779527559055,4.594165354330709,4.838874015748032,4.301736220472441,147745.46,158632.44,161477.45,155214.2,162437.25,171089.49,152097.75
906,North Coast,21675043.972489223,1717028100,2006-07,2006.0,7.0,month,4.81028346456693,4.757677165354331,4.751968503937008,4.518137795275591,4.419468503937008,4.987779527559056,4.583681102362205,170078.6,168218.59,168016.74,159749.12,156260.44,176354.38,162066.56
907,North Coast,21675043.972489223,1717028100,2006-08,2006.0,8.0,month,3.607259842519685,4.082555118110236,3.8092244094488192,3.838669291338583,3.4547755905511814,3.9346417322834646,3.6081023622047246,127542.94,144348.1,134683.86,135724.95,122151.51,139118.28,127572.73
908,North Coast,21675043.972489223,1717028100,2006-09,2006.0,9.0,month,2.2548070866141736,2.8013622047244096,2.5225551181102364,2.326874015748032,2.3581574803149605,2.7977440944881895,2.5439645669291338,79723.87,99048.58,89190.72,82271.97,83378.06,98920.66,89947.7
909,North Coast,21675043.972489223,1717028100,2006-10,2006.0,10.0,month,1.222531496062992,1.798208661417323,1.5171259842519684,1.1751614173228346,1.6384133858267715,1.8481417322834646,1.4914606299212598,43225.4,63579.79,53641.47,41550.53,57929.86,65345.29,52734.01
910,North Coast,21675043.972489223,1717028100,2006-11,2006.0,11.0,month,0.5236614173228347,0.7165866141732283,0.7554566929133859,0.30602755905511814,1.2998110236220473,1.4331181102362207,0.6992007874015748,18515.25,25336.56,26710.9,10820.31,45957.8,50671.18,24721.85
911,North Coast,21675043.972489223,1717028100,2006-12,2006.0,12.0,month,0.5125472440944883,0.7795433070866142,0.8051259842519685,0.23164173228346457,1.075503937007874,1.17996062992126,0.8033346456692914,18122.28,27562.54,28467.08,8190.22,38026.91,41720.21,28403.74
912,North Coast,21675043.972489223,1717028100,2007-00,,,water_year,26.783338582677167,29.790240157480316,29.352027559055117,25.038767716535432,31.773976377952753,33.187720472440944,27.375688976377955,946986.34,1053302.24,1037808.2300000001,885303.06,1123441.8,1173427.96,967930.2600000001
913,North Coast,21675043.972489223,1717028100,2007-01,2007.0,1.0,month,0.8461456692913386,0.9646889763779528,0.9164448818897638,0.5582244094488189,1.0196141732283466,1.204251968503937,0.8818818897637796,29917.42,34108.79,32403.01,19737.3,36050.8,42579.09,31180.96
914,North Coast,21675043.972489223,1717028100,2007-02,2007.0,2.0,month,0.8757795275590552,0.7611968503937008,0.9131456692913386,0.5804488188976378,1.113712598425197,1.3480708661417324,0.7913976377952757,30965.19,26913.86,32286.36,20523.1,39377.86,47664.14,27981.68
915,North Coast,21675043.972489223,1717028100,2007-03,2007.0,3.0,month,1.9330039370078742,2.2946338582677166,2.1526456692913385,1.472476377952756,2.5857755905511817,2.3745905511811025,1.9635196850393701,68345.79,81132.04,76111.72,52062.78,91426.03,83959.09,69424.74
916,North Coast,21675043.972489223,1717028100,2007-04,2007.0,4.0,month,2.7395905511811023,2.7918346456692915,2.9943031496062993,2.4729803149606298,3.4095944881889766,3.322507874015748,2.7013228346456697,96864.51,98711.72,105870.45,87437.89,120554.03,117474.88,95511.46
917,North Coast,21675043.972489223,1717028100,2007-05,2007.0,5.0,month,4.237586614173228,4.441582677165354,4.4747007874015745,4.037216535433071,5.038712598425197,4.513456692913386,3.9990984251968507,149829.59,157042.34,158213.31,142745.05,178155.24,159583.61,141397.29
918,North Coast,21675043.972489223,1717028100,2007-06,2007.0,6.0,month,4.1884645669291345,4.376440944881891,4.316944881889764,4.007283464566929,4.220677165354331,4.568181102362205,4.017590551181103,148092.77,154739.1,152635.48,141686.7,149231.72,161518.52,142051.13
919,North Coast,21675043.972489223,1717028100,2007-07,2007.0,7.0,month,4.323484251968504,4.399531496062992,4.472161417322835,4.473559055118111,4.445566929133858,4.830023622047245,4.1304448818897646,152866.7,155555.52,158123.52,158172.94,157183.21,170776.56,146041.35
920,North Coast,21675043.972489223,1717028100,2007-08,2007.0,8.0,month,3.314925196850394,3.938456692913386,3.6632440944881894,3.586724409448819,3.4150236220472445,3.952952755905512,3.5567598425196856,117206.78,139253.17,129522.39,126816.87,120745.99,139765.71,125757.4
921,North Coast,21675043.972489223,1717028100,2007-09,2007.0,9.0,month,2.0656181102362208,2.527535433070866,2.3707283464566933,2.137023622047244,2.5115708661417324,2.612464566929134,2.3396771653543307,73034.66,89366.81,83822.54,75559.37,88802.35,92369.68,82724.65
922,North Coast,21675043.972489223,1717028100,2007-10,2007.0,10.0,month,1.1633307086614173,1.5355866141732284,1.4561456692913386,0.950232283464567,1.7250629921259844,2.2575944881889765,1.3378976377952756,41132.22,54294.19,51485.37,33597.64,60993.56,79822.43,47304.44
923,North Coast,21675043.972489223,1717028100,2007-11,2007.0,11.0,month,0.8333149606299213,1.0488622047244096,0.9976850393700788,0.5020511811023622,1.3668031496062993,1.2814251968503938,0.9080866141732284,29463.76,37084.93,35275.44,17751.17,48326.46,45307.73,32107.48
924,North Coast,21675043.972489223,1717028100,2007-12,2007.0,12.0,month,0.6038858267716536,0.6348622047244095,0.7878503937007874,0.30256299212598425,0.8827755905511812,1.078948818897638,0.925972440944882,21351.77,22447.01,27856.26,10697.81,31212.56,38148.71,32739.88
925,North Coast,21675043.972489223,1717028100,2008-00,,,water_year,26.02317716535433,28.611425196850398,28.66885039370079,24.088125984251967,30.512370078740155,32.2873031496063,27.206602362204727,920109.0900000001,1011622.54,1013652.95,851690.93,1078834.82,1141591.6300000001,961951.79
926,North Coast,21675043.972489223,1717028100,2008-01,2008.0,1.0,month,0.6162047244094488,0.6641574803149606,0.8781496062992127,0.23266535433070867,0.9967480314960631,1.351720472440945,1.0386732283464568,21787.33,23482.81,31048.99,8226.42,35242.31,47793.18,36724.67
927,North Coast,21675043.972489223,1717028100,2008-02,2008.0,2.0,month,1.2110078740157482,0.8080944881889764,1.285507874015748,0.38487401574803154,1.396452755905512,1.7988346456692914,1.32994094488189,42817.96,28572.03,45452.08,13608.1,49374.79,63601.92,47023.11
928,North Coast,21675043.972489223,1717028100,2008-03,2008.0,3.0,month,1.8397362204724412,1.9761653543307087,1.9540118110236222,1.4849251968503938,2.3403779527559054,2.121322834645669,1.606,65048.09,69871.86,69088.57,52502.94,82749.43,75004.23,56783.81
929,North Coast,21675043.972489223,1717028100,2008-04,2008.0,4.0,month,2.4170708661417324,2.7332401574803153,2.7543188976377952,2.6861456692913386,3.3164960629921265,2.7697559055118113,2.346838582677165,85461.08,96639.97,97385.26,94974.84,117262.32,97931.07,82977.86
930,North Coast,21675043.972489223,1717028100,2008-05,2008.0,5.0,month,3.3986811023622048,3.7665511811023626,3.7690433070866143,3.327952755905512,4.478448818897638,3.846767716535433,3.3599055118110237,120168.16,133175.05,133263.17,117667.4,158345.83,136011.29,118797.16
931,North Coast,21675043.972489223,1717028100,2008-06,2008.0,6.0,month,4.050791338582678,4.198507874015748,4.232181102362205,4.014681102362204,4.190023622047244,4.54728346456693,4.108188976377953,143225.02,148447.87,149638.47,141948.26,148147.89,160779.63,145254.44
932,North Coast,21675043.972489223,1717028100,2008-07,2008.0,7.0,month,4.565767716535434,4.605188976377953,4.570393700787402,4.599125984251969,4.348066929133858,4.693885826771654,4.182169291338583,161433.19,162827.02,161596.75,162612.64,153735.88,165963.1,147870.18
933,North Coast,21675043.972489223,1717028100,2008-08,2008.0,8.0,month,3.3060393700787403,4.025838582677165,3.617728346456693,3.431149606299213,3.295204724409449,3.9134803149606303,3.5298188976377953,116892.6,142342.75,127913.08,121316.16,116509.52,138370.07,124804.84
934,North Coast,21675043.972489223,1717028100,2008-09,2008.0,9.0,month,2.0173464566929136,2.6143700787401576,2.3658346456692914,2.1717598425196853,2.1759094488188975,2.6262834645669293,2.5331102362204723,71327.91,92437.05,83649.51,76787.55,76934.27,92858.27,89563.92
935,North Coast,21675043.972489223,1717028100,2008-10,2008.0,10.0,month,1.013452755905512,1.7055984251968506,1.481271653543307,1.1525275590551183,1.6130629921259845,1.8767755905511811,1.591992125984252,35832.95,60305.34,52373.76,40750.25,57033.54,66357.7,56288.53
936,North Coast,21675043.972489223,1717028100,2008-11,2008.0,11.0,month,0.5511732283464568,0.7743543307086616,0.7826811023622047,0.3702204724409449,1.0245629921259845,1.2969055118110238,0.7601692913385827,19487.99,27379.07,27673.49,13089.99,36225.77,45855.07,26877.53
937,North Coast,21675043.972489223,1717028100,2008-12,2008.0,12.0,month,0.4431102362204725,0.5446653543307087,0.5814330708661417,0.16539370078740157,0.757744094488189,0.83998031496063,0.6227913385826772,15667.18,19257.89,20557.9,5847.87,26791.78,29699.43,22020.22
938,North Coast,21675043.972489223,1717028100,2009-00,,,water_year,24.957826771653544,30.50951181102363,29.288976377952757,26.35466535433071,30.099661417322835,33.35624409448819,27.68734251968504,882441.19,1078733.7400000002,1035578.9500000001,931829.6000000001,1064242.53,1179386.4899999998,978949.49
939,North Coast,21675043.972489223,1717028100,2009-01,2009.0,1.0,month,0.8615236220472441,1.103204724409449,0.9978149606299214,0.47540157480314965,1.139976377952756,1.3417952755905513,0.9843031496062993,30461.14,39006.33,35280.04,16808.91,40306.48,47442.25,34802.29
940,North Coast,21675043.972489223,1717028100,2009-02,2009.0,2.0,month,0.8311574803149606,0.9041062992125986,1.004456692913386,0.4970118110236221,1.3061496062992128,1.5034330708661416,0.946992125984252,29387.48,31966.75,35514.87,17572.99,46181.91,53157.32,33483.08
941,North Coast,21675043.972489223,1717028100,2009-03,2009.0,3.0,month,1.7948937007874017,1.8163149606299214,1.9448740157480315,1.1819409448818898,2.411299212598425,2.45096062992126,1.6271299212598425,63462.58,64219.98,68765.48,41790.23,85257.01,86659.33,57530.91
942,North Coast,21675043.972489223,1717028100,2009-04,2009.0,4.0,month,2.6634606299212598,2.953145669291339,2.9529055118110237,2.937976377952756,3.015200787401575,3.0667086614173233,2.61294094488189,94172.76,104415.24,104406.75,103878.89,106609.34,108430.52,92386.52
943,North Coast,21675043.972489223,1717028100,2009-05,2009.0,5.0,month,3.8164370078740157,4.197555118110237,4.281472440944882,4.0130708661417325,4.673649606299213,4.597590551181103,3.9171811023622047,134938.88,148414.19,151381.28,141891.32,165247.6,162558.36,138500.92
944,North Coast,21675043.972489223,1717028100,2009-06,2009.0,6.0,month,3.7050905511811028,4.2405708661417325,4.354763779527559,4.63498031496063,4.27172440944882,4.804354330708662,4.08303937007874,131001.97,149935.11,153972.66,163880.36,151036.61,169868.96,144365.22
945,North Coast,21675043.972489223,1717028100,2009-07,2009.0,7.0,month,4.358685039370079,4.9806614173228345,4.759614173228346,5.042511811023623,4.395732283464567,4.853551181102362,4.378196850393701,154111.3,176102.7,168287.07,178289.57,155421.19,171608.43,154801.19
946,North Coast,21675043.972489223,1717028100,2009-08,2009.0,8.0,month,3.0533425196850397,4.105826771653543,3.595952755905512,3.5415944881889767,3.206728346456693,3.8572795275590557,3.4647992125984253,107957.93,145170.92,127143.16,125221.19,113381.23,136382.96,122505.92
947,North Coast,21675043.972489223,1717028100,2009-09,2009.0,9.0,month,1.8655,3.183507874015748,2.5517362204724408,2.342035433070866,2.2838307086614176,2.866909448818898,2.6978070866141732,65959.03,112560.22,90222.49,82808.03,80750.07,101366.16,95387.16
948,North Coast,21675043.972489223,1717028100,2009-10,2009.0,10.0,month,1.0383070866141733,1.4892165354330709,1.4498740157480314,1.0115590551181104,1.9505511811023621,1.8764488188976378,1.4584133858267718,36711.73,52654.67,51263.62,35765.99,68966.21,66346.15,51565.55
949,North Coast,21675043.972489223,1717028100,2009-11,2009.0,11.0,month,0.7203267716535433,0.9283031496062993,0.9745314960629922,0.43157480314960633,1.381,1.3960196850393702,0.9615629921259843,25468.8,32822.29,34456.8,15259.32,48828.42,49359.48,33998.26
950,North Coast,21675043.972489223,1717028100,2009-12,2009.0,12.0,month,0.46159842519685046,0.3675669291338583,0.4826338582677166,0.18353937007874016,0.638488188976378,0.7672913385826772,0.4965944881889764,16320.87,12996.17,17064.63,6489.46,22575.21,27129.34,17558.24
951,North Coast,21675043.972489223,1717028100,2010-00,,,water_year,24.28568503937008,28.17982283464567,28.273157480314964,25.577401574803147,31.50675984251969,31.778149606299213,26.540846456692915,858676.0700000001,996362.2699999999,999662.33,904347.69,1113993.73,1123589.35,938412.4900000001
952,North Coast,21675043.972489223,1717028100,2010-01,2010.0,1.0,month,0.4291653543307087,0.992232283464567,1.0633700787401574,0.4180275590551182,1.262716535433071,1.690468503937008,1.3089173228346456,15174.13,35082.65,37597.89,14780.32,44646.24,59770.39,46279.77
953,North Coast,21675043.972489223,1717028100,2010-02,2010.0,2.0,month,0.8204724409448819,1.0623188976377953,1.0268228346456694,0.6155393700787402,1.5050118110236221,1.3485354330708663,0.7679960629921261,29009.68,37560.72,36305.68,21763.81,53213.14,47680.56,27154.26
954,North Coast,21675043.972489223,1717028100,2010-03,2010.0,3.0,month,1.8779212598425197,1.917787401574803,1.961255905511811,1.3533307086614175,2.4785314960629923,2.242271653543307,1.6440472440944882,66398.21,67807.77,69344.7,47850.11,87634.16,79280.66,58129.06
955,North Coast,21675043.972489223,1717028100,2010-04,2010.0,4.0,month,2.3333267716535433,2.3795669291338584,2.65744094488189,2.456389763779528,3.160488188976378,3.0787913385826773,2.2123818897637797,82500.12,84135.05,93959.92,86851.29,111746.31,108857.73,78223.83
956,North Coast,21675043.972489223,1717028100,2010-05,2010.0,5.0,month,3.190078740157481,3.2435039370078744,3.4147677165354335,3.387196850393701,3.958807086614174,3.553755905511811,3.097003937007874,112792.55,114681.52,120736.94,119762.11,139972.7,125651.19,109501.68
957,North Coast,21675043.972489223,1717028100,2010-06,2010.0,6.0,month,3.8300118110236223,4.160011811023622,4.34536220472441,4.519594488188977,4.6863031496062995,4.5867559055118114,4.15463779527559,135418.85,147086.76,153640.24,159800.63,165694.99,162175.27,146896.75
958,North Coast,21675043.972489223,1717028100,2010-07,2010.0,7.0,month,4.573527559055118,4.973641732283465,4.8392992125984255,5.094456692913386,4.458661417322835,4.947240157480315,4.540645669291339,161707.55,175854.51,171104.52,180126.2,157646.2,174921.02,160544.94
959,North Coast,21675043.972489223,1717028100,2010-08,2010.0,8.0,month,3.1082637795275594,3.9337165354330708,3.5932834645669294,3.761897637795276,3.557157480314961,3.6493307086614175,3.4181535433070867,109899.79,139085.57,127048.78,133010.52,125771.46,129030.46,120856.66
960,North Coast,21675043.972489223,1717028100,2010-09,2010.0,9.0,month,1.902685039370079,2.731956692913386,2.4645157480314963,2.344295275590551,2.4690433070866145,2.6412401574803153,2.4804921259842523,67273.79,96594.59,87138.61,82887.93,87298.69,93387.1,87703.49
961,North Coast,21675043.972489223,1717028100,2010-10,2010.0,10.0,month,1.148720472440945,1.9700472440944883,1.5448425196850393,1.289984251968504,1.8821417322834646,1.7486220472440945,1.4714566929133859,40615.65,69655.54,54621.45,45610.35,66547.44,61826.54,52026.73
962,North Coast,21675043.972489223,1717028100,2010-11,2010.0,11.0,month,0.7012165354330709,0.7282716535433071,0.8480275590551182,0.2424409448818898,1.2475275590551183,1.2578740157480315,0.8309094488188977,24793.12,25749.71,29983.96,8572.06,44109.2,44475.02,29378.71
963,North Coast,21675043.972489223,1717028100,2010-12,2010.0,12.0,month,0.4318188976377953,0.3826062992125984,0.5985039370078741,0.20704330708661417,0.844476377952756,0.9845354330708662,0.5923937007874016,15267.95,13527.92,21161.48,7320.49,29858.4,34810.51,20945.44
964,North Coast,21675043.972489223,1717028100,2011-00,,,water_year,26.112625984251974,28.096881889763782,28.68138188976378,25.348917322834644,31.510566929133866,32.13637401574803,26.608893700787405,923271.79,993429.7000000001,1014096.01,896269.09,1114128.35,1136255.1900000002,940818.46
965,North Coast,21675043.972489223,1717028100,2011-01,2011.0,1.0,month,0.8808937007874017,0.8169133858267718,0.9386771653543308,0.4785984251968504,1.1241771653543307,1.2923307086614175,0.8628267716535434,31146.02,28883.85,33189.08,16921.94,39747.86,45693.32,30507.22
966,North Coast,21675043.972489223,1717028100,2011-02,2011.0,2.0,month,0.9943385826771654,1.084476377952756,1.0793818897637795,0.5913267716535433,1.3450078740157483,1.3138976377952756,0.9655157480314961,35157.12,38344.15,38164.02,20907.71,47555.84,46455.86,34138.02
967,North Coast,21675043.972489223,1717028100,2011-03,2011.0,3.0,month,1.2463858267716537,1.1786692913385828,1.4798110236220474,0.9786062992125985,1.9863307086614175,2.415157480314961,1.319232283464567,44068.83,41674.56,52322.11,34600.87,70231.28,85393.43,46644.48
968,North Coast,21675043.972489223,1717028100,2011-04,2011.0,4.0,month,2.3480236220472444,2.229669291338583,2.609216535433071,2.7398779527559056,2.9943464566929134,2.9311456692913387,2.1788503937007873,83019.76,78835.07,92254.83,96874.67,105871.98,103637.38,77038.25
969,North Coast,21675043.972489223,1717028100,2011-05,2011.0,5.0,month,3.2786850393700786,3.279917322834646,3.484755905511811,3.0555196850393704,3.9141220472440947,3.6273425196850395,3.049448818897638,115925.43,115969.0,123211.54,108034.9,138392.76,128253.01,107820.26
970,North Coast,21675043.972489223,1717028100,2011-06,2011.0,6.0,month,4.2335118110236225,4.191437007874017,4.324641732283465,4.117838582677166,4.256370078740158,4.636964566929134,4.009826771653543,149685.52,148197.87,152907.62,145595.63,150493.72,163950.51,141776.62
971,North Coast,21675043.972489223,1717028100,2011-07,2011.0,7.0,month,4.72446062992126,4.916027559055118,4.888598425196851,5.064070866141733,5.149996062992126,4.84751968503937,4.477496062992126,167044.14,173817.43,172847.61,179051.84,182089.92,171395.17,158312.14
972,North Coast,21675043.972489223,1717028100,2011-08,2011.0,8.0,month,3.795972440944882,4.393984251968504,4.137972440944882,4.1089763779527555,3.9598897637795276,4.159074803149607,3.9595157480314964,134215.31,155359.39,146307.5,145282.28,140010.98,147053.63,139997.76
973,North Coast,21675043.972489223,1717028100,2011-09,2011.0,9.0,month,2.3285984251968506,2.9248622047244095,2.746952755905512,2.4746338582677168,2.806181102362205,2.9219094488188975,2.8914212598425197,82332.94,103415.21,97124.81,87496.35,99218.97,103310.81,102232.83
974,North Coast,21675043.972489223,1717028100,2011-10,2011.0,10.0,month,1.2803425196850393,1.6835984251968503,1.591496062992126,1.1046496062992126,2.178011811023622,1.90398031496063,1.5481732283464567,45269.45,59527.48,56270.99,39057.42,77008.6,67319.59,54739.21
975,North Coast,21675043.972489223,1717028100,2011-11,2011.0,11.0,month,0.5684488188976378,0.786503937007874,0.8359094488188976,0.34176377952755904,1.2658937007874016,1.2120511811023622,0.820220472440945,20098.81,27808.65,29555.5,12083.84,44758.57,42854.85,29000.78
976,North Coast,21675043.972489223,1717028100,2011-12,2011.0,12.0,month,0.549736220472441,0.6629133858267717,0.6783228346456692,0.35040944881889763,1.0902086614173228,0.7680118110236221,0.6805748031496064,19437.18,23438.82,23983.66,12389.53,38546.83,27154.82,24063.28
977,North Coast,21675043.972489223,1717028100,2012-00,,,water_year,23.805401574803152,27.65470078740158,27.71834645669292,23.871877952755906,31.40996062992126,31.487976377952755,26.137157480314965,841694.5399999999,977795.36,980045.7000000001,844044.97,1110571.18,1113329.62,924139.1400000001
978,North Coast,21675043.972489223,1717028100,2012-01,2012.0,1.0,month,0.5580236220472441,0.4437165354330709,0.6178937007874016,0.27265354330708663,0.9801299212598426,0.9201062992125985,0.549267716535433,19730.2,15688.62,21847.05,9640.29,34654.74,32532.47,19420.62
979,North Coast,21675043.972489223,1717028100,2012-02,2012.0,2.0,month,0.9677795275590553,0.8951811023622048,1.0348700787401575,0.40811811023622047,1.3399015748031495,1.552511811023622,0.8643110236220473,34218.06,31651.18,36590.2,14429.95,47375.29,54892.61,30559.7
980,North Coast,21675043.972489223,1717028100,2012-03,2012.0,3.0,month,1.339208661417323,1.2318188976377953,1.3835000000000002,0.7077125984251968,1.7206535433070866,2.0465118110236222,1.0251535433070866,47350.79,43553.78,48916.81,25022.8,60837.65,72359.12,36246.65
981,North Coast,21675043.972489223,1717028100,2012-04,2012.0,4.0,month,2.630925196850394,2.3891023622047247,2.8251338582677166,2.7768661417322833,3.7126181102362206,3.1152440944881894,2.317196850393701,93022.39,84472.19,99889.09,98182.47,131268.13,110146.6,81929.81
982,North Coast,21675043.972489223,1717028100,2012-05,2012.0,5.0,month,3.690885826771654,3.6104370078740162,3.9899212598425198,3.6823464566929136,4.812944881889764,4.160846456692914,3.7273070866141733,130499.73,127655.28,141072.81,130197.8,170172.7,147116.27,131787.49
983,North Coast,21675043.972489223,1717028100,2012-06,2012.0,6.0,month,3.5590354330708664,3.9673464566929137,4.087775590551181,3.8128937007874018,4.298933070866142,4.416637795275591,3.890314960629921,125837.86,140274.63,144532.68,134813.6,151998.64,156160.36,137551.01
984,North Coast,21675043.972489223,1717028100,2012-07,2012.0,7.0,month,3.6352795275590553,4.610311023622048,4.457527559055118,4.4909251968503945,4.504799212598425,4.681086614173229,4.231251968503937,128533.64,163008.12,157606.11,158786.96,159277.51,165510.55,149605.62
985,North Coast,21675043.972489223,1717028100,2012-08,2012.0,8.0,month,3.0927440944881894,4.36409842519685,3.6985984251968507,3.5037125984251967,3.1536023622047247,3.9948267716535435,3.8367598425196854,109351.06,154302.71,130772.43,123881.79,111502.84,141246.26,135657.44
986,North Coast,21675043.972489223,1717028100,2012-09,2012.0,9.0,month,1.932992125984252,3.009673228346457,2.5173976377952756,2.4198267716535433,2.352263779527559,2.7161614173228346,2.6466259842519686,68345.37,106413.9,89008.37,85558.52,83169.68,96036.12,93577.53
987,North Coast,21675043.972489223,1717028100,2012-10,2012.0,10.0,month,1.2041377952755907,1.6522992125984255,1.4992598425196852,1.1363267716535435,1.892232283464567,1.8149212598425197,1.395488188976378,42575.05,58420.83,53009.77,40177.44,66904.21,64170.7,49340.68
988,North Coast,21675043.972489223,1717028100,2012-11,2012.0,11.0,month,0.7336023622047245,0.9086023622047243,0.8720748031496064,0.4442874015748032,1.1861456692913386,1.210275590551181,0.7579645669291339,25938.19,32125.72,30834.2,15708.8,41938.9,42792.07,26799.58
989,North Coast,21675043.972489223,1717028100,2012-12,2012.0,12.0,month,0.6192007874015748,0.7473346456692913,0.8062125984251969,0.305248031496063,1.2178425196850393,0.9992007874015748,0.7309763779527559,21893.26,26423.73,28505.5,10792.74,43059.61,35329.03,25845.35
990,North Coast,21675043.972489223,1717028100,2013-00,,,water_year,24.32709448818898,29.67711811023622,29.78515748031496,25.07533070866142,31.85596062992126,33.91635826771654,29.33274409448819,860140.1900000001,1049302.56,1053122.55,886595.8,1126340.52,1199190.6099999999,1037126.42
991,North Coast,21675043.972489223,1717028100,2013-01,2013.0,1.0,month,0.9626023622047244,1.0339448818897639,1.162759842519685,0.5767007874015748,1.3405984251968506,1.5522598425196852,1.2602874015748031,34035.01,36557.49,41112.04,20390.58,47399.93,54883.71,44560.35
992,North Coast,21675043.972489223,1717028100,2013-02,2013.0,2.0,month,1.3152362204724408,0.9492598425196851,1.2074685039370079,0.6585669291338583,1.379496062992126,1.4681259842519685,1.1312795275590553,46503.19,33563.26,42692.82,23285.14,48775.25,51908.96,39998.98
993,North Coast,21675043.972489223,1717028100,2013-03,2013.0,3.0,month,1.6791338582677167,1.6720787401574804,1.7701102362204726,0.7755905511811024,2.04205905511811,1.9952874015748034,1.7026417322834648,59369.63,59120.18,62586.31,27422.78,72201.68,70547.96,60200.8
994,North Coast,21675043.972489223,1717028100,2013-04,2013.0,4.0,month,2.516531496062992,2.555192913385827,2.8891338582677166,2.381543307086614,2.8853425196850395,3.39353937007874,3.0380708661417324,88977.74,90344.7,102151.95,84204.92,102017.9,119986.37,107417.96
995,North Coast,21675043.972489223,1717028100,2013-05,2013.0,5.0,month,3.328433070866142,3.4858976377952757,4.049598425196851,3.930692913385827,4.526228346456693,4.4659094488188975,3.9354015748031497,117684.38,123251.9,143182.84,138978.66,160035.18,157902.47,139145.15
996,North Coast,21675043.972489223,1717028100,2013-06,2013.0,6.0,month,3.6772007874015746,4.570236220472442,4.509629921259843,4.4523779527559055,4.624102362204725,4.903326771653544,4.344098425196851,130015.87,161591.18,159448.31,157424.03,163495.74,173368.36,153595.56
997,North Coast,21675043.972489223,1717028100,2013-07,2013.0,7.0,month,3.905425196850394,5.415413385826772,4.886712598425198,4.6795984251968505,4.44492125984252,5.1540708661417325,4.86053937007874,138085.26,191474.36,172780.93,165457.93,157160.38,182233.99,171855.51
998,North Coast,21675043.972489223,1717028100,2013-08,2013.0,8.0,month,2.7340708661417326,4.1533070866141735,3.6567322834645672,3.6113228346456694,3.4821023622047247,3.9635551181102366,3.6168070866141733,96669.34,146849.7,129292.15,127686.6,123117.71,140140.58,127880.51
999,North Coast,21675043.972489223,1717028100,2013-09,2013.0,9.0,month,1.65151968503937,2.533551181102362,2.475464566929134,2.1230748031496063,2.834889763779528,2.9958858267716537,2.559188976377953,58393.27,89579.51,87525.73,75066.18,100234.03,105926.41,90485.99
1000,North Coast,21675043.972489223,1717028100,2013-10,2013.0,10.0,month,1.130488188976378,1.7137007874015748,1.5836299212598428,1.1478307086614175,2.0498661417322834,1.791964566929134,1.6996417322834647,39971.0,60591.82,55992.87,40584.19,72477.72,63359.02,60094.73
1001,North Coast,21675043.972489223,1717028100,2013-11,2013.0,11.0,month,0.5039055118110237,1.0304055118110236,0.8871456692913386,0.4307952755905512,1.4893031496062992,1.2720472440944883,0.8626535433070867,17816.73,36432.35,31367.07,15231.75,52657.73,44976.15,30501.09
1002,North Coast,21675043.972489223,1717028100,2013-12,2013.0,12.0,month,0.547984251968504,0.5461574803149607,0.5943897637795276,0.22397244094488192,0.7226456692913387,0.9300826771653543,0.6155748031496063,19375.24,19310.65,21016.01,7919.06,25550.79,32885.21,21765.06
1003,North Coast,21675043.972489223,1717028100,2014-00,,,water_year,23.009606299212603,28.793173228346458,27.896181102362213,23.25109842519685,30.0756220472441,33.371137795275594,27.535838582677165,813557.3799999999,1018048.6599999999,986333.45,822095.8900000001,1063392.57,1179913.1099999999,973592.7000000002
1004,North Coast,21675043.972489223,1717028100,2014-01,2014.0,1.0,month,0.5903346456692914,0.9834685039370079,0.8039291338582677,0.43270078740157486,0.9340984251968504,1.1514685039370078,0.813732283464567,20872.64,34772.78,28424.76,15299.13,33027.19,40712.81,28771.37
1005,North Coast,21675043.972489223,1717028100,2014-02,2014.0,2.0,month,0.7848307086614174,0.869732283464567,0.9104291338582677,0.6380590551181103,1.1270472440944883,1.4943622047244096,0.6711811023622047,27749.49,30751.38,32190.31,22560.04,39849.34,52836.6,23731.15
1006,North Coast,21675043.972489223,1717028100,2014-03,2014.0,3.0,month,1.5460826771653544,1.6601732283464568,1.8028346456692914,1.0733149606299213,2.3028031496062993,2.5479251968503935,1.6779055118110238,54665.3,58699.23,63743.35,37949.51,81420.89,90087.74,59326.2
1007,North Coast,21675043.972489223,1717028100,2014-04,2014.0,4.0,month,2.603291338582677,2.9180275590551186,3.0747677165354337,3.165433070866142,3.7478188976377953,3.2333228346456697,2.626240157480315,92045.33,103173.56,108715.46,111921.14,132512.73,114321.54,92856.74
1008,North Coast,21675043.972489223,1717028100,2014-05,2014.0,5.0,month,3.3167834645669294,3.5291574803149612,3.9235393700787404,3.345484251968504,4.628448818897638,4.342826771653543,3.884992125984252,117272.48,124781.45,138725.73,118287.27,163649.42,153550.6,137362.8
1009,North Coast,21675043.972489223,1717028100,2014-06,2014.0,6.0,month,3.560657480314961,4.327641732283465,4.235834645669291,3.7745433070866143,4.053562992125984,4.768728346456693,4.2838031496063,125895.21,153013.7,149767.65,133457.63,143323.01,168609.33,151463.68
1010,North Coast,21675043.972489223,1717028100,2014-07,2014.0,7.0,month,4.137425196850394,4.618779527559055,4.328535433070867,3.8416929133858266,3.7988149606299215,4.872185039370079,4.326775590551181,146288.15,163307.54,153045.3,135831.86,134315.81,172267.27,152983.07
1011,North Coast,21675043.972489223,1717028100,2014-08,2014.0,8.0,month,2.7001062992125986,3.882464566929134,3.375,3.2271062992125987,3.0001771653543305,3.8568149606299214,3.4066417322834646,95468.45,137273.44,119330.86,114101.74,106078.14,136366.54,120449.63
1012,North Coast,21675043.972489223,1717028100,2014-09,2014.0,9.0,month,1.5877165354330711,2.713464566929134,2.376145669291339,1.9501653543307087,2.2210354330708664,3.109409448818898,2.6666968503937007,56137.36,95940.76,84014.08,68952.57,78529.8,109940.3,94287.18
1013,North Coast,21675043.972489223,1717028100,2014-10,2014.0,10.0,month,1.1451377952755906,1.8051338582677166,1.6555866141732285,1.0120157480314962,1.9207755905511812,2.166937007874016,1.7443818897637795,40488.97,63824.65,58537.06,35782.14,67913.43,76617.03,61676.62
1014,North Coast,21675043.972489223,1717028100,2014-11,2014.0,11.0,month,0.6838385826771654,0.9508700787401576,0.925236220472441,0.4705314960629921,1.316452755905512,1.1917834645669292,0.8584409448818898,24178.68,33620.19,32713.85,16636.72,46546.21,42138.24,30352.15
1015,North Coast,21675043.972489223,1717028100,2014-12,2014.0,12.0,month,0.34440551181102363,0.47908661417322834,0.6246299212598426,0.18831496062992126,0.9184763779527559,1.073259842519685,0.7802244094488189,12177.25,16939.21,22085.22,6658.31,32474.84,37947.56,27586.62
1016,North Coast,21675043.972489223,1717028100,2015-00,,,water_year,23.569555118110237,31.905598425196853,29.85211023622047,25.028574803149606,31.87831102362205,34.564917322834646,29.569618110236224,833355.67,1128095.5900000003,1055489.81,884942.6499999999,1127130.8,1222121.91,1045501.6499999999
1017,North Coast,21675043.972489223,1717028100,2015-01,2015.0,1.0,month,0.8558858267716536,1.1105,1.091476377952756,0.5928070866141733,1.3491377952755905,1.3722204724409448,1.209476377952756,30261.81,39264.27,38591.65,20960.05,47701.86,48518.0,42763.81
1018,North Coast,21675043.972489223,1717028100,2015-02,2015.0,2.0,month,1.106736220472441,1.461992125984252,1.360476377952756,0.7715787401574803,1.3980433070866143,1.8556299212598428,1.4587362204724412,39131.2,51692.08,48102.76,27280.94,49431.03,65610.05,51576.96
1019,North Coast,21675043.972489223,1717028100,2015-03,2015.0,3.0,month,1.8235078740157482,2.303968503937008,2.2114448818897636,1.418035433070866,2.748346456692914,2.6575511811023627,2.1763149606299215,64474.3,81462.09,78190.7,50137.89,97174.09,93963.82,76948.61
1020,North Coast,21675043.972489223,1717028100,2015-04,2015.0,4.0,month,2.7109763779527563,3.1080787401574805,3.1975708661417324,3.006681102362205,3.7049094488188974,3.3691220472440944,3.003153543307087,95852.79,109893.25,113057.45,106308.1,130995.57,119123.04,106183.38
1021,North Coast,21675043.972489223,1717028100,2015-05,2015.0,5.0,month,3.261696850393701,3.6450551181102364,3.90746062992126,3.6715472440944885,4.489200787401575,4.211279527559055,3.654728346456693,115324.77,128879.28,138157.23,129815.97,158725.99,148899.44,129221.3
1022,North Coast,21675043.972489223,1717028100,2015-06,2015.0,6.0,month,4.02498031496063,5.025047244094488,4.627437007874016,4.336102362204724,4.290933070866142,5.0456496062992136,4.494633858267717,142312.41,177672.07,163613.65,153312.84,151715.78,178400.51,158918.09
1023,North Coast,21675043.972489223,1717028100,2015-07,2015.0,7.0,month,3.2815708661417324,4.755385826771654,4.2355236220472445,3.8943149606299214,4.03951968503937,4.922185039370079,4.150649606299213,116027.46,168137.57,149756.65,137692.44,142826.48,174035.14,146755.73
1024,North Coast,21675043.972489223,1717028100,2015-08,2015.0,8.0,month,2.755610236220473,4.377330708661418,3.656129921259843,3.6198464566929136,3.3938503937007876,3.9332519685039373,3.554118110236221,97430.92,154770.56,129270.86,127987.97,119997.36,139069.14,125664.0
1025,North Coast,21675043.972489223,1717028100,2015-09,2015.0,9.0,month,1.5752086614173229,2.8831496062992126,2.3591377952755908,2.0467992125984256,2.3086653543307087,2.766047244094488,2.4847598425196855,55695.11,101940.37,83412.73,72369.28,81628.16,97799.94,87854.38
1026,North Coast,21675043.972489223,1717028100,2015-10,2015.0,10.0,month,1.0729094488188977,1.9635275590551184,1.6115354330708662,1.1509330708661418,1.8117755905511812,1.9883425196850395,1.621464566929134,37935.17,69425.02,56979.53,40693.88,64059.48,70302.41,57330.6
1027,North Coast,21675043.972489223,1717028100,2015-11,2015.0,11.0,month,0.673,0.896763779527559,0.8691535433070866,0.30751574803149606,1.2775314960629922,1.2931929133858266,0.7385472440944882,23795.46,31707.14,30730.92,10872.92,45170.06,45723.8,26113.03
1028,North Coast,21675043.972489223,1717028100,2015-12,2015.0,12.0,month,0.2998543307086614,0.38605905511811023,0.47397637795275593,0.1337992125984252,0.7967795275590551,0.8482007874015749,0.4670433070866142,10602.04,13650.0,16758.52,4730.78,28171.97,29990.08,16513.39
1029,North Coast,21675043.972489223,1717028100,2016-00,,,water_year,25.04911417322835,29.92797637795276,29.962696850393698,24.9826062992126,33.729196850393706,33.890807086614174,28.963267716535437,885668.8799999999,1058172.24,1059399.85,883317.3300000001,1192573.0899999999,1198287.2,1024062.7500000001
1030,North Coast,21675043.972489223,1717028100,2016-01,2016.0,1.0,month,0.4577755905511811,0.44720866141732285,0.6744173228346456,0.21735433070866145,1.028984251968504,1.040035433070866,0.6594055118110236,16185.71,15812.09,23845.57,7685.06,36382.1,36772.84,23314.79
1031,North Coast,21675043.972489223,1717028100,2016-02,2016.0,2.0,month,1.0418582677165356,1.1546811023622048,1.2470472440944882,0.7160472440944882,1.876952755905512,1.5186023622047244,1.1060984251968504,36837.29,40826.4,44092.21,25317.49,66363.97,53693.67,39108.65
1032,North Coast,21675043.972489223,1717028100,2016-03,2016.0,3.0,month,1.6663110236220473,1.8510866141732285,2.0553543307086617,1.287476377952756,2.817492125984252,2.567956692913386,1.7865826771653543,58916.25,65449.41,72671.77,45521.68,99618.89,90796.0,63168.73
1033,North Coast,21675043.972489223,1717028100,2016-04,2016.0,4.0,month,2.898964566929134,2.8488149606299213,3.2978031496062994,3.0927834645669297,3.8571811023622047,3.5253622047244098,3.1313582677165357,102499.54,100726.39,116601.39,109352.45,136379.48,124647.26,110716.35
1034,North Coast,21675043.972489223,1717028100,2016-05,2016.0,5.0,month,3.754200787401575,3.5999921259842522,4.071700787401575,3.914763779527559,4.672708661417324,4.258448818897638,3.898602362204725,132738.38,127285.98,143964.32,138415.45,165214.33,150567.22,137844.03
1035,North Coast,21675043.972489223,1717028100,2016-06,2016.0,6.0,month,4.165452755905512,4.5250196850393705,4.640897637795276,4.167023622047244,4.8193031496062995,5.037716535433071,4.564673228346457,147279.13,159992.45,164089.58,147334.68,170397.51,178120.02,161394.49
1036,North Coast,21675043.972489223,1717028100,2016-07,2016.0,7.0,month,3.8966220472440947,4.931149606299213,4.701622047244094,4.55246062992126,4.650704724409449,4.999204724409449,4.5523818897637796,137774.01,174352.1,166236.63,160962.68,164436.33,176758.35,160959.9
1037,North Coast,21675043.972489223,1717028100,2016-08,2016.0,8.0,month,3.311677165354331,4.494834645669291,3.825547244094488,3.582822834645669,3.478740157480315,4.102220472440945,3.801724409448819,117091.94,158925.19,135260.99,126678.92,122998.83,145043.41,134418.68
1038,North Coast,21675043.972489223,1717028100,2016-09,2016.0,9.0,month,1.8104881889763782,2.828838582677166,2.4936417322834648,1.8596259842519685,2.641043307086614,2.711523622047244,2.6353858267716537,64013.96,100020.07,88168.42,65751.34,93380.14,95872.14,93180.11
1039,North Coast,21675043.972489223,1717028100,2016-10,2016.0,10.0,month,0.9037755905511812,1.3703149606299212,1.320732283464567,0.6585669291338583,1.7246653543307087,2.055035433070866,1.2964212598425198,31955.06,48450.63,46697.52,23285.14,60979.5,72660.49,45837.95
1040,North Coast,21675043.972489223,1717028100,2016-11,2016.0,11.0,month,0.7493425196850394,0.9410748031496065,0.9666771653543308,0.33516535433070865,1.4294015748031499,1.2214094488188978,0.9165314960629922,26494.72,33273.86,34179.09,11850.54,50539.77,43185.73,32406.07
1041,North Coast,21675043.972489223,1717028100,2016-12,2016.0,12.0,month,0.459740157480315,0.4573149606299213,0.557740157480315,0.21911023622047246,0.8962952755905512,0.7691653543307087,0.5232834645669291,16255.17,16169.42,19720.18,7747.14,31690.57,27195.6,18501.89
1042,North Coast,21675043.972489223,1717028100,2017-00,,,water_year,26.176456692913387,28.394299212598426,29.391362204724413,25.922366141732287,31.804751968503933,33.47217716535433,27.975755905511814,925528.65,1003945.5599999999,1039199.01,916544.7000000001,1124529.9300000002,1183485.56,989147.0
1043,North Coast,21675043.972489223,1717028100,2017-01,2017.0,1.0,month,0.7744330708661418,0.5950787401574803,0.797255905511811,0.3845629921259842,1.0345472440944883,1.0631062992125986,0.7539330708661417,27381.86,21040.37,28188.81,13597.11,36578.79,37588.56,26657.03
1044,North Coast,21675043.972489223,1717028100,2017-02,2017.0,2.0,month,0.8543897637795276,0.889228346456693,0.9920708661417323,0.6024448818897638,1.2655826771653544,1.5915000000000001,0.8471181102362205,30208.91,31440.71,35076.94,21300.82,44747.58,56271.13,29951.8
1045,North Coast,21675043.972489223,1717028100,2017-03,2017.0,3.0,month,1.6966850393700788,1.8358307086614174,1.9736220472440946,1.3414055118110237,2.466236220472441,2.4398110236220476,1.7419448818897638,59990.19,64910.0,69781.93,47428.47,87199.44,86265.11,61590.46
1046,North Coast,21675043.972489223,1717028100,2017-04,2017.0,4.0,month,2.7525196850393705,2.5333346456692913,2.924720472440945,2.948507874015748,3.3680472440944884,3.224248031496063,2.529476377952756,97321.64,89571.86,103410.2,104251.26,119085.03,114000.68,89435.44
1047,North Coast,21675043.972489223,1717028100,2017-05,2017.0,5.0,month,4.138677165354331,4.1292244094488195,4.322657480314961,4.195972440944882,4.811771653543307,4.327334645669292,4.062992125984253,146332.42,145998.2,152837.47,148358.23,170131.22,153002.84,143656.4
1048,North Coast,21675043.972489223,1717028100,2017-06,2017.0,6.0,month,4.0290984251968505,4.223692913385827,4.471472440944882,4.643665354330709,4.442098425196851,4.826448818897639,4.301716535433071,142458.01,149338.35,158099.16,164187.44,157060.58,170650.16,152097.05
1049,North Coast,21675043.972489223,1717028100,2017-07,2017.0,7.0,month,4.402594488188977,4.892751968503937,4.8180551181102365,4.471606299212599,4.313248031496063,5.174610236220473,4.763082677165355,155663.82,172994.46,170353.39,158103.89,152504.77,182960.21,168409.71
1050,North Coast,21675043.972489223,1717028100,2017-08,2017.0,8.0,month,3.536307086614173,3.897204724409449,3.8034803149606304,3.876637795275591,3.608196850393701,4.013842519685039,3.6690354330708663,125034.25,137794.61,134480.77,137067.42,127576.07,141918.61,129727.16
1051,North Coast,21675043.972489223,1717028100,2017-09,2017.0,9.0,month,1.8788937007874016,2.629248031496063,2.442877952755906,2.244720472440945,2.444661417322835,2.765665354330709,2.5702204724409454,66432.6,92963.09,86373.55,79367.24,86436.61,97786.44,90876.04
1052,North Coast,21675043.972489223,1717028100,2017-10,2017.0,10.0,month,1.1026653543307088,1.6035905511811026,1.537503937007874,1.1440511811023624,1.843712598425197,1.946484251968504,1.6133976377952757,38987.26,56698.62,54361.98,40450.55,65188.69,68822.41,57045.37
1053,North Coast,21675043.972489223,1717028100,2017-11,2017.0,11.0,month,0.5791692913385827,0.7179015748031496,0.7334173228346457,0.32920472440944887,1.0915393700787404,1.297043307086614,0.6541023622047245,20477.86,25383.06,25931.65,11639.79,38593.88,45859.94,23127.29
1054,North Coast,21675043.972489223,1717028100,2017-12,2017.0,12.0,month,0.7381259842519685,0.6643307086614173,0.7352440944881891,0.28288976377952757,1.0744685039370079,0.8087795275590551,0.7047913385826773,26098.14,23488.94,25996.24,10002.22,37990.3,28596.25,24919.51
1055,North Coast,21675043.972489223,1717028100,2018-00,,,water_year,25.71849212598425,28.56870472440945,28.730716535433075,24.250822834645668,31.62937795275591,32.4233346456693,27.303740157480316,909336.28,1010112.0800000001,1015840.36,857443.44,1118329.19,1146401.3399999999,965386.3199999998
1056,North Coast,21675043.972489223,1717028100,2018-01,2018.0,1.0,month,0.5886811023622048,0.6646023622047245,0.7662795275590552,0.4786850393700788,1.1687834645669293,1.0228897637795276,0.6233779527559056,20814.17,23498.54,27093.57,16925.01,41325.02,36166.61,22040.96
1057,North Coast,21675043.972489223,1717028100,2018-02,2018.0,2.0,month,1.0784685039370079,1.1076062992125983,1.176015748031496,0.6434212598425197,1.5451417322834646,1.3324370078740158,1.1514527559055119,38131.73,39161.96,41580.73,22749.63,54632.03,47111.37,40712.25
1058,North Coast,21675043.972489223,1717028100,2018-03,2018.0,3.0,month,1.7178858267716537,1.4791692913385828,1.7648149606299215,0.8051929133858268,2.277531496062992,2.4706141732283466,1.5158661417322836,60739.79,52299.42,62399.08,28469.44,80527.35,87354.23,53596.92
1059,North Coast,21675043.972489223,1717028100,2018-04,2018.0,4.0,month,2.550874015748031,2.4280511811023624,2.72796062992126,2.562543307086614,3.219885826771654,3.1280551181102365,2.373996062992126,90192.0,85849.32,96453.3,90604.59,113846.45,110599.56,83938.07
1060,North Coast,21675043.972489223,1717028100,2018-05,2018.0,5.0,month,3.7741299212598425,3.8463622047244095,4.104700787401575,3.664181102362205,5.0002755905511815,4.3387952755905514,3.7745905511811024,133443.02,135996.96,145131.11,129555.52,176796.21,153408.06,133459.3
1061,North Coast,21675043.972489223,1717028100,2018-06,2018.0,6.0,month,4.148322834645669,4.543208661417323,4.5892992125984255,4.498633858267716,4.571468503937008,4.839456692913386,4.468448818897638,146673.47,160635.56,162265.2,159059.52,161634.75,171110.09,157992.25
1062,North Coast,21675043.972489223,1717028100,2018-07,2018.0,7.0,month,4.138559055118111,4.780511811023622,4.567370078740158,4.307685039370079,4.095740157480315,4.910779527559056,4.472039370078741,146328.25,169025.96,161489.84,152308.08,144814.28,173631.87,158119.21
1063,North Coast,21675043.972489223,1717028100,2018-08,2018.0,8.0,month,3.5127992125984253,4.008783464566929,3.6312677165354335,3.3333740157480314,3.3566023622047245,3.716854330708662,3.5005039370078745,124203.07,141739.73,128391.8,117859.08,118680.37,131417.91,123768.34
1064,North Coast,21675043.972489223,1717028100,2018-09,2018.0,9.0,month,1.7888110236220474,2.7245866141732282,2.39684251968504,2.20096062992126,2.384228346456693,2.6111456692913384,2.4511732283464567,63247.52,96334.01,84745.86,77820.01,84299.86,92323.04,86666.85
1065,North Coast,21675043.972489223,1717028100,2018-10,2018.0,10.0,month,0.9866496062992126,1.7084133858267718,1.4852125984251972,1.0053385826771655,1.629531496062992,1.945472440944882,1.627003937007874,34885.26,60404.87,52513.1,35546.05,57615.82,68786.64,57526.45
1066,North Coast,21675043.972489223,1717028100,2018-11,2018.0,11.0,month,0.4926653543307087,0.8460669291338584,0.7669212598425198,0.3493464566929134,1.0761299212598425,0.9980905511811025,0.8204370078740157,17419.31,29914.64,27116.26,12351.95,38049.04,35289.78,29008.43
1067,North Coast,21675043.972489223,1717028100,2018-12,2018.0,12.0,month,0.4146220472440945,0.46624803149606303,0.552,0.21574803149606303,0.8793385826771655,0.972744094488189,0.5203700787401575,14659.91,16485.27,19517.23,7628.27,31091.03,34393.6,18398.88
1068,North Coast,21675043.972489223,1717028100,2019-00,,,water_year,24.258913385826773,28.54216535433071,28.9492125984252,25.295177165354332,32.027043307086615,33.72158661417323,27.9643188976378,857729.5199999999,1009173.71,1023565.8099999999,894369.0000000001,1132389.5399999998,1192304.02,988742.62
1069,North Coast,21675043.972489223,1717028100,2019-01,2019.0,1.0,month,0.6086811023622047,0.5566220472440945,0.7405826771653544,0.39648425196850395,1.1311181102362204,1.185732283464567,0.7248937007874016,21521.32,19680.65,26185.0,14018.61,39993.27,41924.28,25630.28
1070,North Coast,21675043.972489223,1717028100,2019-02,2019.0,2.0,month,0.7552834645669292,0.6746338582677166,0.8925629921259842,0.4926771653543307,1.1343307086614174,1.4665472440944884,0.8365748031496063,26704.78,23853.23,31558.61,17419.73,40106.86,51853.14,29579.02
1071,North Coast,21675043.972489223,1717028100,2019-03,2019.0,3.0,month,1.7977755905511812,1.537464566929134,1.7831102362204725,1.276681102362205,2.2630787401574803,2.232196850393701,1.410503937007874,63564.48,54360.59,63045.95,45139.99,80016.34,78924.44,49871.6
1072,North Coast,21675043.972489223,1717028100,2019-04,2019.0,4.0,month,2.331964566929134,2.8418070866141734,3.0192480314960632,2.9575118110236223,3.716503937007874,3.523409448818898,2.6788622047244095,82451.95,100478.61,106752.44,104569.61,131405.52,124578.22,94717.32
1073,North Coast,21675043.972489223,1717028100,2019-05,2019.0,5.0,month,3.4710393700787403,3.45284251968504,3.7345157480314963,3.380496062992126,3.903149606299213,4.198566929133858,3.5341811023622047,122726.56,122083.16,132042.37,119525.19,138004.8,148449.96,124959.08
1074,North Coast,21675043.972489223,1717028100,2019-06,2019.0,6.0,month,4.440259842519685,4.88448031496063,4.879429133858268,5.062669291338583,4.786228346456693,4.990090551181103,4.7070905511811025,156995.57,172702.0,172523.41,179002.28,169228.08,176436.09,166429.98
1075,North Coast,21675043.972489223,1717028100,2019-07,2019.0,7.0,month,4.140318897637796,4.884688976377953,4.780594488188976,4.587429133858268,4.861133858267717,4.989334645669292,4.616031496062993,146390.47,172709.38,169028.88,162199.08,171876.53,176409.37,163210.38
1076,North Coast,21675043.972489223,1717028100,2019-08,2019.0,8.0,month,3.166555118110236,4.0747244094488195,3.862889763779528,3.6801338582677166,3.799712598425197,4.252633858267717,3.8838267716535433,111960.82,144071.22,136581.33,130119.57,134347.55,150361.62,137321.6
1077,North Coast,21675043.972489223,1717028100,2019-09,2019.0,9.0,month,1.6530984251968506,2.614173228346457,2.4521456692913386,1.8906614173228347,2.8467874015748036,2.9667677165354336,2.6045433070866144,58449.09,92430.09,86701.23,66848.67,100654.7,104896.88,92089.6
1078,North Coast,21675043.972489223,1717028100,2019-10,2019.0,10.0,month,0.9698622047244094,1.666503937007874,1.5090275590551183,0.9848543307086615,1.8739015748031496,1.7901102362204726,1.6430590551181103,34291.7,58923.07,53355.13,34821.78,66256.09,63293.45,58094.12
1079,North Coast,21675043.972489223,1717028100,2019-11,2019.0,11.0,month,0.5361929133858269,0.7965078740157481,0.6973700787401576,0.2910748031496063,1.0960078740157482,0.7878976377952756,0.661511811023622,18958.33,28162.36,24657.12,10291.62,38751.87,27857.93,23389.27
1080,North Coast,21675043.972489223,1717028100,2019-12,2019.0,12.0,month,0.389740157480315,0.40854330708661424,0.51648031496063,0.30805905511811027,0.8252913385826771,0.9206535433070866,0.4308543307086614,13780.16,14444.99,18261.35,10892.13,29180.07,32551.82,15233.84
1081,North Coast,21675043.972489223,1717028100,2020-00,,,water_year,21.766622047244095,26.29292519685039,26.529858267716538,24.641425196850395,30.999000000000002,29.794976377952754,25.39215748031496,769608.84,929646.6599999999,938023.9899999999,871254.09,1096040.7399999998,1053469.73,897797.9500000001
1082,North Coast,21675043.972489223,1717028100,2020-01,2020.0,1.0,month,0.458476377952756,0.5568425196850394,0.6472834645669291,0.3142834645669292,1.063964566929134,1.085759842519685,0.5831692913385828,16210.48,19688.44,22886.19,11112.21,37618.91,38389.53,20619.29
1083,North Coast,21675043.972489223,1717028100,2020-02,2020.0,2.0,month,1.090492125984252,1.0662637795275591,1.1115748031496064,0.5593976377952756,1.757527559055118,1.171763779527559,1.0120118110236223,38556.85,37700.2,39302.28,19778.79,62141.42,41430.4,35782.0
1084,North Coast,21675043.972489223,1717028100,2020-03,2020.0,3.0,month,1.4256062992125984,1.4450866141732284,1.6570157480314962,1.4110669291338582,2.070795275590551,1.9666417322834646,1.4103070866141734,50405.58,51094.35,58587.59,49891.51,73217.72,69535.13,49864.64
1085,North Coast,21675043.972489223,1717028100,2020-04,2020.0,4.0,month,2.3165669291338586,2.520779527559055,2.7158582677165355,2.622161417322835,3.5201968503937007,2.8226141732283465,2.4819291338582676,81907.54,89127.94,96025.4,92712.53,124464.63,99800.0,87754.3
1086,North Coast,21675043.972489223,1717028100,2020-05,2020.0,5.0,month,3.1643267716535437,3.3240236220472443,3.5901417322834646,3.7927755905511815,4.165413385826772,3.960448818897638,3.2724133858267717,111882.03,117528.48,126937.69,134102.28,147277.74,140030.75,115703.68
1087,North Coast,21675043.972489223,1717028100,2020-06,2020.0,6.0,month,3.4553779527559056,3.8408543307086616,3.9913307086614176,4.153472440944882,4.499940944881891,4.23788188976378,3.829653543307087,122172.81,135802.21,141122.65,146855.54,159105.73,149840.03,135406.18
1088,North Coast,21675043.972489223,1717028100,2020-07,2020.0,7.0,month,3.350326771653543,4.167484251968505,4.233078740157481,4.569448818897638,4.4128897637795275,4.5198228346456695,4.023031496062992,118458.49,147350.96,149670.21,161563.34,156027.84,159808.7,142243.5
1089,North Coast,21675043.972489223,1717028100,2020-08,2020.0,8.0,month,2.681937007874016,3.6628937007874014,3.414791338582677,3.503673228346457,3.2331889763779533,3.8340787401574805,3.4161417322834646,94826.03,129510.01,120737.78,123880.4,114316.81,135562.65,120785.52
1090,North Coast,21675043.972489223,1717028100,2020-09,2020.0,9.0,month,1.927716535433071,2.837141732283465,2.4459055118110236,2.1311574803149607,2.4798818897637798,2.697303149606299,2.6280748031496066,68158.84,100313.65,86480.6,75351.96,87681.91,95369.34,92921.61
1091,North Coast,21675043.972489223,1717028100,2020-10,2020.0,10.0,month,0.9280472440944881,1.6445826771653542,1.4556456692913387,1.0828070866141732,1.8949803149606301,1.6206929133858268,1.4939212598425198,32813.24,58147.99,51467.69,38285.13,67001.37,57303.31,52821.01
1092,North Coast,21675043.972489223,1717028100,2020-11,2020.0,11.0,month,0.5524606299212599,0.6975393700787402,0.6939015748031496,0.3655314960629921,1.098267716535433,1.1030905511811024,0.5929645669291339,19533.51,24663.1,24534.48,12924.2,38831.77,39002.3,20965.62
1093,North Coast,21675043.972489223,1717028100,2020-12,2020.0,12.0,month,0.5054291338582677,0.4555157480314961,0.5391102362204725,0.16659055118110236,0.9323070866141732,0.7719173228346458,0.43836220472440945,17870.61,16105.8,19061.48,5890.19,32963.85,27292.91,15499.3
1094,North Coast,21675043.972489223,1717028100,2021-00,,,water_year,20.5040157480315,25.601133858267715,25.133838582677168,22.471275590551183,28.98363385826772,29.373094488188976,23.572456692913384,724966.4999999999,905186.79,888664.48,794523.47,1024782.8099999999,1038553.1299999999,833458.25
1095,North Coast,21675043.972489223,1717028100,2021-01,2021.0,1.0,month,0.5749212598425197,0.5394566929133858,0.6804370078740158,0.43436220472440945,1.0012874015748032,1.0067007874015748,0.5646220472440945,20327.66,19073.73,24058.41,15357.87,35402.81,35594.21,19963.51
1096,North Coast,21675043.972489223,1717028100,2021-02,2021.0,2.0,month,0.9080629921259844,0.8393346456692914,0.9833700787401575,0.5963582677165356,1.1103110236220473,1.4792755905511812,0.8898070866141732,32106.65,29676.6,34769.3,21085.61,39257.59,52303.18,31461.17
1097,North Coast,21675043.972489223,1717028100,2021-03,2021.0,3.0,month,1.6693661417322834,1.6532047244094488,1.7741732283464569,1.0573307086614174,2.1955511811023625,2.0813464566929136,1.526,59024.27,58452.84,62729.96,37384.35,77628.75,73590.78,53955.23
1098,North Coast,21675043.972489223,1717028100,2021-04,2021.0,4.0,month,2.396614173228347,2.586204724409449,2.682728346456693,2.327062992125984,3.443783464566929,2.8387913385826775,2.380708661417323,84737.79,91441.2,94854.01,82278.65,121762.86,100371.98,84175.41
1099,North Coast,21675043.972489223,1717028100,2021-05,2021.0,5.0,month,2.994712598425197,3.3187913385826775,3.5187874015748033,3.287122047244095,4.508405511811024,3.810988188976378,3.3880826771653543,105884.93,117343.48,124414.8,116223.74,159405.01,134746.23,119793.43
1100,North Coast,21675043.972489223,1717028100,2021-06,2021.0,6.0,month,2.931661417322835,3.82840157480315,3.787968503937008,3.930602362204725,4.116374015748032,4.275039370078741,3.5481377952755904,103655.61,135361.92,133932.31,138975.46,145543.84,151153.82,125452.55
1101,North Coast,21675043.972489223,1717028100,2021-07,2021.0,7.0,month,2.9293897637795276,4.316236220472441,3.727925196850394,3.88894094488189,3.391429133858268,4.282311023622047,3.510413385826772,103575.29,152610.43,131809.34,137502.42,119911.75,151410.93,124118.71
1102,North Coast,21675043.972489223,1717028100,2021-08,2021.0,8.0,month,2.572248031496063,3.3029842519685038,3.023917322834646,3.1577755905511813,2.8868464566929135,3.3389291338582683,2.962681102362205,90947.73,116784.58,106917.53,111650.4,102071.08,118055.5,104752.38
1103,North Coast,21675043.972489223,1717028100,2021-09,2021.0,9.0,month,1.5411023622047244,2.41888188976378,2.2658740157480315,2.176791338582677,2.404090551181102,2.764011811023622,2.276755905511811,54489.21,85525.12,80115.17,76965.45,85002.13,97727.98,80499.93
1104,North Coast,21675043.972489223,1717028100,2021-10,2021.0,10.0,month,0.6723425196850394,1.3033622047244096,1.3161141732283463,1.0181811023622047,2.0490472440944885,1.7970590551181103,1.2715157480314963,23772.21,46083.36,46534.23,36000.13,72448.76,63539.14,44957.35
1105,North Coast,21675043.972489223,1717028100,2021-11,2021.0,11.0,month,0.6283228346456693,0.8495787401574804,0.8816692913385827,0.290996062992126,1.3729566929133858,1.179944881889764,0.8644803149606299,22215.79,30038.8,31173.44,10288.83,48544.03,41719.66,30565.68
1106,North Coast,21675043.972489223,1717028100,2021-12,2021.0,12.0,month,0.4263937007874016,0.43688582677165355,0.511496062992126,0.12779133858267716,0.7056062992125984,0.6861456692913387,0.4964330708661418,15076.13,15447.1,18085.12,4518.36,24948.33,24260.25,17552.53
1107,North Coast,21675043.972489223,1717028100,2022-00,,,water_year,19.68583070866142,26.90029921259843,26.230515748031497,22.96362204724409,30.24294094488189,30.514972440944888,25.09991338582677,696037.68,951121.75,927440.0199999999,811931.52,1069308.5099999998,1078926.81,887464.98
1108,North Coast,21675043.972489223,1717028100,2022-01,2022.0,1.0,month,0.709984251968504,0.6570433070866142,0.8181062992125985,0.5341771653543307,1.0607913385826773,0.9833385826771655,0.7779173228346458,25103.12,23231.27,28926.02,18887.06,37506.71,34768.19,27505.05
1109,North Coast,21675043.972489223,1717028100,2022-02,2022.0,2.0,month,0.9747598425196852,1.1697677165354332,1.1438858267716536,0.6953740157480316,1.534208661417323,1.2379330708661418,1.121437007874016,34464.87,41359.82,40444.71,24586.54,54245.47,43769.96,39650.98
1110,North Coast,21675043.972489223,1717028100,2022-03,2022.0,3.0,month,1.4890472440944884,1.856696850393701,1.845677165354331,0.9533307086614174,2.554657480314961,2.2302598425196853,1.7020039370078741,52648.68,65647.77,65258.15,33707.19,90325.77,78855.95,60178.25
1111,North Coast,21675043.972489223,1717028100,2022-04,2022.0,4.0,month,2.2727913385826772,2.3361062992125987,2.566196850393701,2.52009842519685,3.0800039370078744,3.005543307086614,2.2028858267716536,80359.75,82598.39,90733.77,89103.86,108900.6,106267.88,77888.08
1112,North Coast,21675043.972489223,1717028100,2022-05,2022.0,5.0,month,2.995023622047244,3.104208661417323,3.4879015748031494,3.6521259842519687,4.1868622047244095,3.6087874015748036,3.303291338582677,105895.93,109756.42,123322.76,129129.29,148036.11,127596.95,116795.44
1113,North Coast,21675043.972489223,1717028100,2022-06,2022.0,6.0,month,3.1053110236220474,3.972669291338583,3.905122047244095,3.7153858267716537,4.025492125984252,4.416374015748032,3.79101968503937,109795.39,140462.83,138074.54,131365.99,142330.5,156151.03,134040.19
1114,North Coast,21675043.972489223,1717028100,2022-07,2022.0,7.0,month,2.711153543307087,4.502559055118111,4.017716535433071,3.9692322834645672,3.9383385826771655,4.534216535433071,3.8769960629921263,95859.05,159198.3,142055.58,140341.31,139248.99,160317.62,137080.09
1115,North Coast,21675043.972489223,1717028100,2022-08,2022.0,8.0,month,2.2046181102362206,3.978007874015748,3.3338228346456695,3.314688976377953,3.1792401574803155,3.914425196850394,3.291870078740158,77949.33,140651.59,117874.95,117198.43,112409.33,138403.48,116391.61
1116,North Coast,21675043.972489223,1717028100,2022-09,2022.0,9.0,month,1.4960826771653546,2.733413385826772,2.4028070866141733,2.172240157480315,2.555736220472441,2.920944881889764,2.400062992125984,52897.43,96646.1,84956.75,76804.53,90363.91,103276.7,84859.73
1117,North Coast,21675043.972489223,1717028100,2022-10,2022.0,10.0,month,0.9721771653543307,1.8476968503937008,1.5696062992125985,1.2645748031496062,2.044464566929134,1.6879055118110236,1.5302440944881892,34373.55,65329.56,55497.03,44711.94,72286.73,59679.77,54105.29
1118,North Coast,21675043.972489223,1717028100,2022-11,2022.0,11.0,month,0.5527598425196851,0.6179094488188976,0.7125511811023623,0.3608897637795276,1.1175433070866143,1.178216535433071,0.6766456692913387,19544.09,21847.61,25193.88,12760.09,39513.31,41658.55,23924.36
1119,North Coast,21675043.972489223,1717028100,2022-12,2022.0,12.0,month,0.37620472440944885,0.3760590551181103,0.4649291338582678,0.20143700787401578,0.6940039370078741,0.8340275590551182,0.4791574803149607,13301.58,13296.43,16438.64,7122.27,24538.1,29488.96,16941.71
1120,North Coast,21675043.972489223,1717028100,2023-00,,,water_year,23.22456692913386,26.83576377952756,27.414720472440944,25.567464566929136,30.93232283464567,31.335129921259842,25.35509448818898,821157.8099999999,948839.9700000001,969310.31,903996.34,1093683.21,1107925.38,896487.51
1121,North Coast,21675043.972489223,1717028100,2023-01,2023.0,1.0,month,0.6759330708661418,0.5898622047244095,0.7914251968503937,0.43044881889763786,0.8859291338582678,1.2436614173228346,0.7769330708661418,23899.16,20855.93,27982.65,15219.51,31324.06,43972.5,27470.25
1122,North Coast,21675043.972489223,1717028100,2023-02,2023.0,2.0,month,0.9364606299212599,0.7289212598425198,0.960228346456693,0.6163858267716535,1.2322086614173229,1.26346062992126,0.8063779527559055,33110.71,25772.68,33951.07,21793.73,43567.56,44672.55,28511.34
1123,North Coast,21675043.972489223,1717028100,2023-03,2023.0,3.0,month,1.5302992125984252,1.231751968503937,1.5746023622047245,1.2623818897637797,1.765767716535433,2.27801968503937,1.1627834645669293,54107.24,43551.42,55673.68,44634.41,62432.77,80544.61,41112.88
1124,North Coast,21675043.972489223,1717028100,2023-04,2023.0,4.0,month,2.5625275590551184,2.55840157480315,2.7740629921259847,3.0525826771653546,3.4452519685039373,2.8089251968503937,2.365220472440945,90604.04,90458.15,98083.36,107931.06,121814.78,99315.99,83627.79
1125,North Coast,21675043.972489223,1717028100,2023-05,2023.0,5.0,month,3.828771653543307,3.4775511811023625,3.8920748031496064,3.8553228346456696,4.5538346456692915,4.2768818897637795,3.5606338582677166,135375.0,122956.8,137613.23,136313.78,161011.27,151218.97,125894.37
1126,North Coast,21675043.972489223,1717028100,2023-06,2023.0,6.0,month,3.993610236220473,3.992562992125985,4.1798307086614175,4.381681102362205,4.509456692913386,4.443314960629921,3.9669645669291342,141203.25,141166.22,147787.5,154924.38,159442.18,157103.59,140261.13
1127,North Coast,21675043.972489223,1717028100,2023-07,2023.0,7.0,month,3.7774055118110237,4.833673228346457,4.533905511811024,4.234043307086615,4.348929133858268,4.788074803149606,4.312299212598425,133558.83,170905.6,160306.63,149704.31,153766.36,169293.36,152471.23
1128,North Coast,21675043.972489223,1717028100,2023-08,2023.0,8.0,month,2.520633858267717,3.9680551181102364,3.6163464566929133,3.870740157480315,3.6578110236220476,3.903834645669291,3.3900866141732284,89122.79,140299.69,127864.22,136858.89,129330.3,138029.03,119864.29
1129,North Coast,21675043.972489223,1717028100,2023-09,2023.0,9.0,month,1.4977834645669292,2.6133188976377952,2.3451574803149606,2.036976377952756,2.677122047244095,2.6288070866141733,2.3277480314960632,52957.57,92399.88,82918.42,72021.97,94655.79,92947.5,82302.87
1130,North Coast,21675043.972489223,1717028100,2023-10,2023.0,10.0,month,0.9342007874015749,1.6741496062992127,1.6130354330708663,1.2430433070866143,2.0227992125984255,1.9741692913385829,1.6523464566929136,33030.81,59193.4,57032.57,43950.65,71520.7,69801.28,58422.5
1131,North Coast,21675043.972489223,1717028100,2023-11,2023.0,11.0,month,0.5491299212598426,0.9462637795275591,0.8870236220472442,0.34525984251968506,1.116984251968504,1.3643267716535434,0.939736220472441,19415.75,33457.33,31362.75,12207.45,39493.54,48238.9,33226.53
1132,North Coast,21675043.972489223,1717028100,2023-12,2023.0,12.0,month,0.35650787401574807,0.5807716535433071,0.6025275590551181,0.25564960629921263,0.876,1.011732283464567,0.6376141732283465,12605.15,20534.51,21303.74,9039.08,30972.99,35772.11,22544.31
1133,North Coast,21675043.972489223,1717028100,2024-00,,,water_year,24.323118110236223,28.440122047244095,28.896295275590557,25.13466141732284,32.30305905511811,33.22964960629921,27.947700787401576,859999.61,1005565.72,1021694.78,888693.6,1142148.71,1174910.44,988155.0399999999
1134,North Coast,21675043.972489223,1717028100,2024-01,2024.0,1.0,month,0.3988228346456693,0.6010157480314962,0.7295590551181103,0.32868897637795275,1.1972952755905513,1.2574960629921261,0.7449370078740157,14101.3,21250.29,25795.23,11621.55,42333.12,44461.66,26338.96
1135,North Coast,21675043.972489223,1717028100,2024-02,2024.0,2.0,month,0.8965039370078741,0.898716535433071,1.100767716535433,0.4219133858267717,1.5130511811023624,1.6807913385826774,1.047015748031496,31697.95,31776.18,38920.17,14917.72,53497.39,59428.23,37019.64
1136,North Coast,21675043.972489223,1717028100,2024-03,2024.0,3.0,month,1.7478818897637796,1.7709094488188977,1.9535236220472443,1.3258031496062994,2.616047244094488,2.4466653543307086,1.6910590551181104,61800.37,62614.56,69071.31,46876.81,92496.35,86507.46,59791.27
1137,North Coast,21675043.972489223,1717028100,2024-04,2024.0,4.0,month,2.9497795275590555,2.510913385826772,2.9868937007874017,2.9011811023622047,3.8333897637795276,3.137106299212599,2.632704724409449,104296.22,88779.1,105608.48,102577.91,135538.28,110919.59,93085.31
1138,North Coast,21675043.972489223,1717028100,2024-05,2024.0,5.0,month,4.232204724409449,3.668952755905512,4.315370078740158,4.550570866141733,5.0760551181102365,4.358007874015748,4.048740157480315,149639.3,129724.24,152579.8,160895.87,179475.57,154087.36,143152.49
1139,North Coast,21675043.972489223,1717028100,2024-06,2024.0,6.0,month,4.175141732283465,4.382224409448819,4.4178267716535435,4.246535433070866,4.35582283464567,4.54453937007874,4.266720472440945,147621.71,154943.59,156202.4,150146.0,154010.1,160682.61,150859.69
1140,North Coast,21675043.972489223,1717028100,2024-07,2024.0,7.0,month,3.8297755905511814,4.798212598425197,4.411311023622048,4.2019960629921265,4.021003937007874,4.770165354330709,4.321850393700788,135410.5,169651.81,155972.02,148571.21,142171.81,168660.13,152808.93
1141,North Coast,21675043.972489223,1717028100,2024-08,2024.0,8.0,month,2.5940236220472443,3.679984251968504,3.3922322834645673,3.0480984251968506,3.2342204724409447,3.883228346456693,3.3209803149606305,91717.65,130114.28,119940.15,107772.51,114353.28,137300.44,117420.87
1142,North Coast,21675043.972489223,1717028100,2024-09,2024.0,9.0,month,1.6591456692913387,2.928007874015748,2.4862244094488193,2.26592125984252,2.4403897637795278,2.8014212598425194,2.643996062992126,58662.9,103526.43,87906.16,80116.84,86285.58,99050.67,93484.54
1143,North Coast,21675043.972489223,1717028100,2024-10,2024.0,10.0,month,0.9880629921259844,1.795240157480315,1.4927637795275592,1.1524448818897637,1.728948818897638,1.8026496062992128,1.465015748031496,34935.23,63474.83,52780.09,40747.33,61130.95,63736.81,51798.99
1144,North Coast,21675043.972489223,1717028100,2024-11,2024.0,11.0,month,0.5373503937007874,0.8170354330708662,0.7557834645669291,0.3400551181102362,1.0268582677165354,1.1828385826771655,0.6539291338582678,18999.26,28888.16,26722.46,12023.43,36306.93,41821.97,23121.16
1145,North Coast,21675043.972489223,1717028100,2024-12,2024.0,12.0,month,0.5265787401574803,0.4851692913385827,0.5912716535433071,0.2438228346456693,0.8187913385826772,0.7885078740157481,0.5536850393700787,18618.4,17154.27,20905.77,8620.92,28950.25,27879.5,19576.8
1146,North Coast,21675043.972489223,1717028100,2025-00,,,water_year,25.15016141732284,28.013102362204727,28.1321968503937,24.668267716535436,31.480720472440943,31.331519685039375,26.46680708661417,889241.6300000001,990467.4500000001,994678.3400000001,872203.1599999999,1113073.05,1107797.73,935794.64
1147,North Coast,21675043.972489223,1717028100,2025-01,2025.0,1.0,month,0.8059055118110237,0.6424763779527559,0.7606338582677166,0.35956299212598425,0.8481968503937009,1.0568110236220474,0.7573346456692914,28494.64,22716.23,26893.95,12713.17,29989.94,37365.98,26777.3
1148,North Coast,21675043.972489223,1717028100,2025-02,2025.0,2.0,month,0.8113307086614174,0.6920196850393702,0.8616653543307087,0.5123425196850394,0.9990944881889764,1.403968503937008,0.7760944881889765,28686.46,24467.94,30466.15,18115.04,35325.28,49640.53,27440.6
1149,North Coast,21675043.972489223,1717028100,2025-03,2025.0,3.0,month,1.6513818897637795,1.597708661417323,1.7968031496062995,1.2918031496062992,2.3708031496062993,2.157385826771654,1.5418582677165356,58388.39,56490.65,63530.1,45674.66,83825.18,76279.32,54515.93
1150,North Coast,21675043.972489223,1717028100,2025-04,2025.0,4.0,month,2.973929133858268,2.760027559055118,3.0447047244094487,3.111795275590551,3.7616811023622048,3.0451850393700792,2.603397637795276,105150.08,97587.1,107652.52,110024.66,133002.86,107669.5,92049.09
1151,North Coast,21675043.972489223,1717028100,2025-05,2025.0,5.0,month,4.122003937007874,3.679972440944882,4.1192125984251975,3.8502677165354333,5.00657874015748,4.083240157480315,3.894700787401575,145742.9,130113.86,145644.21,136135.04,177019.07,144372.32,137706.08
1152,North Coast,21675043.972489223,1717028100,2025-06,2025.0,6.0,month,4.282055118110237,4.353728346456693,4.323614173228346,3.959712598425197,4.450555118110237,4.369511811023623,4.0650748031496065,151401.88,153936.05,152871.29,140004.72,157359.58,154494.11,143730.04
1153,North Coast,21675043.972489223,1717028100,2025-07,2025.0,7.0,month,3.949889763779528,4.396011811023622,4.364759842519685,4.2776181102362205,4.610669291338583,4.603515748031496,4.039933070866142,139657.41,155431.08,154326.09,151245.0,163020.78,162767.86,142841.1
1154,North Coast,21675043.972489223,1717028100,2025-08,2025.0,8.0,month,2.7854133858267716,4.087515748031496,3.659236220472441,3.4813110236220473,3.567267716535433,4.014267716535433,3.6030275590551186,98484.68,144523.49,129380.69,123089.73,126128.93,141933.64,127393.3
1155,North Coast,21675043.972489223,1717028100,2025-09,2025.0,9.0,month,1.7162598425196853,2.7061968503937006,2.361748031496063,2.0875314960629923,2.291275590551181,2.8236377952755904,2.512755905511811,60682.3,95683.79,83505.02,73809.46,81013.3,99836.19,88844.25
1156,North Coast,21675043.972489223,1717028100,2025-10,2025.0,10.0,month,1.040944881889764,1.4794370078740158,1.531216535433071,1.0998543307086615,1.9296181102362207,2.000161417322835,1.481523622047244,36804.99,52308.89,54139.67,38887.87,68226.07,70720.29,52382.66
1157,North Coast,21675043.972489223,1717028100,2025-11,2025.0,11.0,month,0.6617047244094489,0.8908543307086615,0.9166141732283465,0.41735826771653545,1.3713858267716534,1.1892362204724412,0.8782992125984254,23396.09,31498.2,32409.0,14756.66,48488.49,42048.17,31054.28
1158,North Coast,21675043.972489223,1717028100,2025-12,2025.0,12.0,month,0.49577559055118114,0.4722952755905512,0.597732283464567,0.30738976377952754,0.9607598425196852,0.7215511811023623,0.611767716535433,17529.28,16699.08,21134.2,10868.47,33969.87,25512.1,21630.45
1159,North Coast,21675043.972489223,1717028100,2026-00,,,water_year,,,,,,,,,,,,,,
1160,North Lahontan,6694230.864296614,686889900,2003-10,2003.0,10.0,month,0.9055826771653543,1.6391496062992126,1.2595,0.7245669291338583,1.4216338582677166,1.6676338582677166,1.3370275590551184,12809.05,23185.01,17815.04,10248.66,20108.35,23587.91,18911.64
1161,North Lahontan,6694230.864296614,686889900,2003-11,2003.0,11.0,month,0.5410748031496063,0.4773228346456693,0.47555905511811025,0.1856692913385827,0.6276889763779528,1.0908976377952757,0.4098425196850394,7653.25,6751.51,6726.56,2626.21,8878.37,15430.24,5797.03
1162,North Lahontan,6694230.864296614,686889900,2003-12,2003.0,12.0,month,0.4309527559055118,0.20158267716535433,0.33575590551181106,0.18968110236220473,0.5595,0.9713897637795277,0.24458267716535434,6095.63,2851.29,4749.11,2682.95,7913.87,13739.86,3459.51
1163,North Lahontan,6694230.864296614,686889900,2004-00,,,water_year,21.0861968503937,25.22814566929134,23.876133858267718,21.560299212598427,27.37109055118111,31.150539370078736,21.841614173228347,298254.49,356840.43,337716.85,304960.46,387151.39999999997,440609.95000000007,308939.52
1164,North Lahontan,6694230.864296614,686889900,2004-01,2004.0,1.0,month,0.617251968503937,0.19755905511811023,0.4799448818897638,0.40164960629921265,0.8534015748031497,0.8359055118110237,0.18986220472440946,8730.74,2794.38,6788.6,5681.15,12070.97,11823.5,2685.51
1165,North Lahontan,6694230.864296614,686889900,2004-02,2004.0,2.0,month,0.8798149606299214,0.44692125984251974,0.668992125984252,0.5206968503937008,0.8778070866141732,1.2186614173228347,0.2681417322834646,12444.58,6321.49,9462.58,7365.02,12416.17,17237.4,3792.74
1166,North Lahontan,6694230.864296614,686889900,2004-03,2004.0,3.0,month,1.826740157480315,1.5793740157480316,1.5447637795275593,0.9255866141732283,2.6067086614173234,1.6499763779527559,1.0876023622047244,25838.39,22339.51,21849.97,13091.99,36870.69,23338.15,15383.63
1167,North Lahontan,6694230.864296614,686889900,2004-04,2004.0,4.0,month,2.251779527559055,2.248220472440945,2.357200787401575,2.430279527559055,3.3988307086614173,2.6642637795275594,1.9490944881889765,31850.38,31800.04,33341.51,34375.18,48074.89,37684.78,27569.04
1168,North Lahontan,6694230.864296614,686889900,2004-05,2004.0,5.0,month,3.1603700787401574,3.5940787401574803,3.4369763779527562,3.275988188976378,3.768700787401575,4.1862007874015745,3.1017992125984257,44701.97,50836.58,48614.44,46337.34,53306.53,59211.87,43873.51
1169,North Lahontan,6694230.864296614,686889900,2004-06,2004.0,6.0,month,3.4276102362204726,4.32826377952756,4.133204724409449,4.438503937007874,4.321822834645669,4.813448818897638,3.8678700787401574,48481.96,61221.29,58462.27,62780.58,61130.18,68084.0,54709.23
1170,North Lahontan,6694230.864296614,686889900,2004-07,2004.0,7.0,month,3.2647716535433076,4.459811023622048,4.031027559055118,3.896748031496063,3.8974251968503943,5.12182283464567,4.047661417322835,46178.68,63081.96,57017.02,55117.7,55127.27,72445.81,57252.3
1171,North Lahontan,6694230.864296614,686889900,2004-08,2004.0,8.0,month,2.5103149606299215,3.746,3.157031496062992,2.869984251968504,2.878452755905512,4.145767716535433,3.256645669291339,35507.24,52985.44,44654.75,40594.6,40714.38,58639.96,46063.75
1172,North Lahontan,6694230.864296614,686889900,2004-09,2004.0,9.0,month,1.2699330708661418,2.3098622047244093,1.9961771653543308,1.700944881889764,2.1591181102362205,2.7845708661417325,2.081484251968504,17962.62,32671.93,28235.0,24059.08,30539.73,39386.47,29441.63
1173,North Lahontan,6694230.864296614,686889900,2004-10,2004.0,10.0,month,0.7602362204724409,1.29848031496063,1.1250826771653544,0.7145314960629922,1.4259173228346458,1.772976377952756,1.079488188976378,10753.19,18366.4,15913.77,10106.72,20168.94,25077.93,15268.86
1174,North Lahontan,6694230.864296614,686889900,2004-11,2004.0,11.0,month,0.6335433070866141,0.6668425196850394,0.6641771653543308,0.32936614173228346,1.072015748031496,1.0937440944881889,0.48825196850393704,8961.18,9432.18,9394.48,4658.73,15163.17,15470.5,6906.1
1175,North Lahontan,6694230.864296614,686889900,2004-12,2004.0,12.0,month,0.4736850393700787,0.37445669291338585,0.46057874015748035,0.3035196850393701,0.763744094488189,0.6640393700787401,0.3175669291338583,6700.06,5296.52,6514.67,4293.15,10802.81,9392.53,4491.84
1176,North Lahontan,6694230.864296614,686889900,2005-00,,,water_year,,25.074149606299216,24.481370078740163,21.98086614173228,28.55751968503937,30.820244094488192,22.431385826771653,,354662.25,346277.65,310909.17000000004,403932.91000000003,435938.07,317281.57999999996
1177,North Lahontan,6694230.864296614,686889900,2005-01,2005.0,1.0,month,,0.033960629921259845,0.46098031496062997,0.38894488188976384,0.5916811023622048,1.0762007874015749,0.2849566929133858,,480.36,6520.35,5501.45,8369.06,15222.36,4030.58
1178,North Lahontan,6694230.864296614,686889900,2005-02,2005.0,2.0,month,1.1339251968503938,0.2937204724409449,0.6334527559055119,0.5440393700787401,1.4689173228346457,0.8313385826771654,0.29158661417322834,16038.85,4154.54,8959.9,7695.18,20777.16,11758.9,4124.36
1179,North Lahontan,6694230.864296614,686889900,2005-03,2005.0,3.0,month,1.4532716535433072,1.2446338582677166,1.389736220472441,0.9242913385826772,1.9465551181102365,1.8383858267716537,1.0635236220472442,20555.85,17604.77,19657.18,13073.67,27533.12,26003.12,15043.05
1180,North Lahontan,6694230.864296614,686889900,2005-04,2005.0,4.0,month,2.1603228346456693,2.0575905511811023,2.167976377952756,2.3186181102362204,2.8678740157480314,2.458244094488189,1.7258346456692915,30556.77,29103.67,30665.02,32795.78,40564.75,34770.72,24411.13
1181,North Lahontan,6694230.864296614,686889900,2005-05,2005.0,5.0,month,3.100476377952756,3.5935118110236224,3.6005433070866144,3.8048267716535435,4.223700787401575,4.158220472440945,3.1310984251968503,43854.8,50828.56,50928.02,53817.51,59742.29,58816.1,44287.94
1182,North Lahontan,6694230.864296614,686889900,2005-06,2005.0,6.0,month,3.9321968503937006,4.167866141732284,4.029165354330709,3.7048779527559055,4.260696850393701,4.663177165354331,4.019425196850394,55619.1,58952.54,56990.68,52403.78,60265.58,65958.48,56852.91
1183,North Lahontan,6694230.864296614,686889900,2005-07,2005.0,7.0,month,3.90942125984252,4.9904212598425195,4.444240157480316,4.2371062992125985,4.221807086614174,5.307543307086615,4.453944881889764,55296.95,70587.2,62861.72,59931.91,59715.51,75072.74,62998.99
1184,North Lahontan,6694230.864296614,686889900,2005-08,2005.0,8.0,month,3.0178307086614176,4.016169291338583,3.368275590551181,2.8118385826771655,3.1543385826771653,4.2828425196850395,3.462748031496063,42685.82,56806.86,47642.7,39772.15,44616.66,60578.82,48978.97
1185,North Lahontan,6694230.864296614,686889900,2005-09,2005.0,9.0,month,1.5476417322834646,2.336496062992126,2.137161417322835,1.8989055118110236,2.560271653543307,2.6735314960629926,2.1129606299212598,21890.68,33048.65,30229.16,26859.14,36213.86,37815.87,29886.85
1186,North Lahontan,6694230.864296614,686889900,2005-10,2005.0,10.0,month,0.7985354330708663,1.3288188976377955,1.1622677165354331,0.7926929133858268,1.7757519685039371,1.5737795275590551,1.0352677165354331,11294.91,18795.53,16439.74,11212.27,25117.19,22260.38,14643.38
1187,North Lahontan,6694230.864296614,686889900,2005-11,2005.0,11.0,month,0.4157795275590552,0.6017755905511811,0.5545629921259843,0.32678346456692914,0.8936732283464568,1.016011811023622,0.4712165354330709,5881.01,8511.84,7844.04,4622.2,12640.59,14371.02,6665.14
1188,North Lahontan,6694230.864296614,686889900,2005-12,2005.0,12.0,month,0.41019685039370085,0.3861062992125984,0.4558070866141733,0.2950275590551181,0.7335866141732283,1.054984251968504,0.27267716535433073,5802.04,5461.29,6447.18,4173.03,10376.24,14922.26,3856.89
1189,North Lahontan,6694230.864296614,686889900,2006-00,,,water_year,24.90329133858268,27.567043307086614,26.14229133858268,24.523807086614177,29.060295275590555,32.06670866141732,22.598700787401576,352245.52,389923.06000000006,369770.61000000004,346877.91000000003,411044.4099999999,453568.76,319648.15
1190,North Lahontan,6694230.864296614,686889900,2006-01,2006.0,1.0,month,0.6390236220472442,0.3567165354330709,0.5875748031496063,0.527732283464567,0.7976535433070867,1.1760354330708662,0.3074724409448819,9038.69,5045.59,8310.97,7464.53,11282.44,16634.48,4349.06
1191,North Lahontan,6694230.864296614,686889900,2006-02,2006.0,2.0,month,1.1270157480314962,0.7728267716535433,0.7831377952755906,0.7294015748031497,0.8976141732283465,0.835476377952756,0.398728346456693,15941.12,10931.28,11077.12,10317.05,12696.34,11817.43,5639.83
1192,North Lahontan,6694230.864296614,686889900,2006-03,2006.0,3.0,month,1.5070275590551183,1.3094645669291338,1.379240157480315,1.3040629921259843,1.6115826771653543,1.846681102362205,0.5751338582677166,21316.21,18521.77,19508.71,18445.37,22795.09,26120.45,8135.0
1193,North Lahontan,6694230.864296614,686889900,2006-04,2006.0,4.0,month,2.4661496062992128,2.146437007874016,2.3230826771653548,2.0107598425196853,3.1763070866141736,2.8896102362204727,1.5039212598425196,34882.54,30360.36,32858.93,28441.27,44927.39,40872.2,21272.27
1194,North Lahontan,6694230.864296614,686889900,2006-05,2006.0,5.0,month,4.201830708661418,3.9438622047244096,4.057429133858268,4.521468503937008,4.764232283464567,4.1261496062992125,3.4355,59432.95,55784.1,57390.46,63954.08,67387.86,58362.48,48593.56
1195,North Lahontan,6694230.864296614,686889900,2006-06,2006.0,6.0,month,4.371287401574803,4.710397637795276,4.469188976377953,4.3857519685039374,4.560141732283465,4.951314960629921,4.262641732283465,61829.84,66626.39,63214.61,62034.43,64501.09,70034.06,60293.09
1196,North Lahontan,6694230.864296614,686889900,2006-07,2006.0,7.0,month,4.20001968503937,5.3575984251968505,4.724708661417323,4.5617047244094495,4.446547244094488,5.607248031496064,4.644370078740158,59407.33,75780.75,66828.82,64523.2,62894.35,79311.93,65692.46
1197,North Lahontan,6694230.864296614,686889900,2006-08,2006.0,8.0,month,3.012169291338583,3.9820433070866144,3.4101732283464568,3.076255905511811,3.1575118110236224,4.205271653543307,3.443755905511811,42605.74,56324.16,48235.32,43512.22,44661.54,59481.62,48710.33
1198,North Lahontan,6694230.864296614,686889900,2006-09,2006.0,9.0,month,1.7542559055118112,2.670996062992126,2.2351181102362205,1.9921653543307087,2.245692913385827,2.7841456692913384,2.2480157480314964,24813.14,37780.0,31614.71,28178.26,31764.29,39380.45,31797.14
1199,North Lahontan,6694230.864296614,686889900,2006-10,2006.0,10.0,month,0.8218779527559055,1.5659763779527558,1.244740157480315,0.8575944881889764,1.7036141732283465,1.6079173228346457,1.119208661417323,11625.08,22150.01,17606.27,12130.28,24096.83,22743.25,15830.69
1200,North Lahontan,6694230.864296614,686889900,2006-11,2006.0,11.0,month,0.42897637795275595,0.6111535433070867,0.5646417322834646,0.306248031496063,0.9055511811023623,1.1305748031496063,0.4771259842519685,6067.67,8644.48,7986.6,4331.74,12808.6,15991.46,6748.73
1201,North Lahontan,6694230.864296614,686889900,2006-12,2006.0,12.0,month,0.3677834645669291,0.2534291338582677,0.32468503937007875,0.2609763779527559,0.4275236220472441,0.7722047244094489,0.21114173228346458,5202.13,3584.64,4592.52,3691.39,6047.12,10922.48,2986.5
1202,North Lahontan,6694230.864296614,686889900,2007-00,,,water_year,20.66725984251969,24.206350393700788,22.637708661417324,20.36966535433071,25.762153543307086,29.005208661417324,20.177070866141733,292328.84,342387.63,320199.91000000003,288119.48000000004,364393.71,410265.27,285395.32999999996
1203,North Lahontan,6694230.864296614,686889900,2007-01,2007.0,1.0,month,0.6742204724409449,0.27318503937007876,0.3702952755905512,0.30222834645669294,0.45861811023622046,0.5345,0.19775984251968506,9536.54,3864.08,5237.66,4274.88,6486.94,7560.26,2797.22
1204,North Lahontan,6694230.864296614,686889900,2007-02,2007.0,2.0,month,0.8610157480314962,0.545515748031496,0.6586811023622048,0.5005551181102362,0.8596614173228347,1.0696062992125985,0.2803110236220473,12178.67,7716.07,9316.74,7080.12,12159.51,15129.09,3964.87
1205,North Lahontan,6694230.864296614,686889900,2007-03,2007.0,3.0,month,1.5946889763779528,1.2607913385826772,1.2988346456692914,1.058712598425197,1.8258818897637796,1.3176377952755907,0.8031220472440945,22556.14,17833.31,18371.41,14975.0,25826.25,18637.38,11359.79
1206,North Lahontan,6694230.864296614,686889900,2007-04,2007.0,4.0,month,2.211653543307087,2.189251968503937,2.218811023622047,2.1554606299212598,2.8413346456692916,2.5191338582677165,1.7470748031496064,31282.82,30965.96,31384.05,30487.99,40189.36,35631.98,24711.56
1207,North Lahontan,6694230.864296614,686889900,2007-05,2007.0,5.0,month,3.4713897637795275,3.620728346456693,3.5514685039370084,3.487279527559055,4.1340196850393705,3.946748031496063,3.1869015748031497,49101.2,51213.53,50233.88,49325.95,58473.79,55824.92,45077.25
1208,North Lahontan,6694230.864296614,686889900,2007-06,2007.0,6.0,month,3.326259842519685,3.9272716535433077,3.733728346456693,3.6209606299212598,3.8053622047244096,4.511318897637795,3.5643779527559056,47048.41,55549.44,52811.86,51216.81,53825.09,63810.52,50416.48
1209,North Lahontan,6694230.864296614,686889900,2007-07,2007.0,7.0,month,3.291322834645669,4.358295275590551,3.8076653543307084,3.5695039370078745,3.565385826771654,4.963826771653544,3.7919685039370084,46554.24,61646.07,53857.66,50488.98,50430.73,70211.03,53635.64
1210,North Lahontan,6694230.864296614,686889900,2007-08,2007.0,8.0,month,2.210763779527559,3.3885393700787403,2.9307992125984255,2.6090511811023624,2.895484251968504,3.995200787401575,2.965448818897638,31270.23,47929.32,41454.8,36903.82,40955.28,56510.27,41944.9
1211,North Lahontan,6694230.864296614,686889900,2007-09,2007.0,9.0,month,1.4073070866141735,2.212212598425197,1.9333582677165355,1.6410944881889764,2.339716535433071,2.6365393700787405,1.8326299212598427,19905.71,31290.72,27346.46,23212.52,33094.21,37292.63,25921.7
1212,North Lahontan,6694230.864296614,686889900,2007-10,2007.0,10.0,month,0.6491023622047245,1.134255905511811,1.114988188976378,0.9161574803149606,1.7488622047244096,1.7100314960629923,0.9966535433070868,9181.25,16043.52,15770.99,12958.62,24736.85,24187.6,14097.2
1213,North Lahontan,6694230.864296614,686889900,2007-11,2007.0,11.0,month,0.45580314960629925,0.6431535433070866,0.5866220472440945,0.27090944881889767,1.1207637795275591,0.8526456692913386,0.5203858267716536,6447.12,9097.11,8297.5,3831.89,15852.68,12060.28,7360.62
1214,North Lahontan,6694230.864296614,686889900,2007-12,2007.0,12.0,month,0.41576377952755905,0.2119488188976378,0.3470433070866142,0.16426377952755905,0.7006181102362206,0.694244094488189,0.13904330708661417,5880.79,2997.92,4908.77,2323.44,9909.92,9819.76,1966.7
1215,North Lahontan,6694230.864296614,686889900,2008-00,,,water_year,20.399015748031495,23.384468503937008,22.54967322834646,20.687228346456696,25.862342519685043,29.208299212598426,20.86982283464567,288534.63,330762.47,318954.69,292611.27,365810.83999999997,413137.86000000004,295193.97000000003
1216,North Lahontan,6694230.864296614,686889900,2008-01,2008.0,1.0,month,0.700992125984252,0.12056692913385826,0.4919488188976378,0.5027125984251969,0.5444685039370079,1.0293425196850394,0.335255905511811,9915.21,1705.36,6958.39,7110.64,7701.25,14559.57,4742.04
1217,North Lahontan,6694230.864296614,686889900,2008-02,2008.0,2.0,month,1.0835393700787401,0.3287047244094488,0.7668307086614173,0.8857401574803151,0.8843622047244095,1.139692913385827,0.37363779527559055,15326.16,4649.38,10846.47,12528.38,12508.89,16120.43,5284.93
1218,North Lahontan,6694230.864296614,686889900,2008-03,2008.0,3.0,month,1.7995669291338585,1.0393661417322835,1.2286102362204725,1.2783267716535431,1.7874133858267718,1.2050354330708661,0.7538385826771654,25454.04,14701.35,17378.12,18081.34,25282.13,17044.67,10662.7
1219,North Lahontan,6694230.864296614,686889900,2008-04,2008.0,4.0,month,2.0659015748031497,1.7611653543307089,1.852173228346457,1.802720472440945,2.5688425196850395,1.9640944881889764,1.4211968503937007,29221.22,24910.87,26198.13,25498.65,36335.09,27781.21,20102.17
1220,North Lahontan,6694230.864296614,686889900,2008-05,2008.0,5.0,month,2.5544173228346456,2.8622559055118115,2.924212598425197,3.0676417322834646,3.82451968503937,3.5273543307086617,2.5945,36131.05,40485.28,41361.63,43390.37,54096.06,49892.79,36698.0
1221,North Lahontan,6694230.864296614,686889900,2008-06,2008.0,6.0,month,3.361468503937008,4.455811023622047,4.072818897637796,3.913173228346457,4.060472440944882,4.890228346456693,4.131062992125985,47546.42,63025.38,57608.14,55350.02,57433.5,69170.02,58431.97
1222,North Lahontan,6694230.864296614,686889900,2008-07,2008.0,7.0,month,3.4724881889763783,4.650712598425197,4.082244094488189,3.7597992125984256,3.911413385826772,5.21705905511811,4.130692913385827,49116.74,65782.18,57741.45,53180.62,55325.13,73792.88,58426.74
1223,North Lahontan,6694230.864296614,686889900,2008-08,2008.0,8.0,month,2.528326771653543,3.826492125984252,3.181716535433071,2.6164763779527562,2.8820393700787403,4.263444881889764,3.4138425196850397,35762.01,54123.96,45003.91,37008.85,40765.11,60304.45,48287.22
1224,North Lahontan,6694230.864296614,686889900,2008-09,2008.0,9.0,month,1.3116456692913387,2.3500354330708664,1.900464566929134,1.5093070866141731,1.8285669291338584,2.715125984251969,2.0597125984251967,18552.62,33240.16,26881.19,21348.45,25864.23,38404.2,29133.68
1225,North Lahontan,6694230.864296614,686889900,2008-10,2008.0,10.0,month,0.6018228346456693,1.4186141732283466,1.0577637795275592,0.7185393700787402,1.231452755905512,1.4779685039370078,1.0871062992125986,8512.51,20065.64,14961.58,10163.41,17418.33,20905.18,15376.62
1226,North Lahontan,6694230.864296614,686889900,2008-11,2008.0,11.0,month,0.43268503937007874,0.6202795275590551,0.5814212598425197,0.33547244094488193,1.0326417322834647,1.150492125984252,0.43848425196850394,6120.13,8773.57,8223.93,4745.1,14606.24,16273.18,6202.16
1227,North Lahontan,6694230.864296614,686889900,2008-12,2008.0,12.0,month,0.37626771653543306,0.465,0.41666535433070867,0.22623228346456692,0.6566062992125985,0.6182874015748031,0.3029173228346457,5322.13,6577.21,5893.54,3199.95,9287.39,8745.39,4284.63
1228,North Lahontan,6694230.864296614,686889900,2009-00,,,water_year,20.18240157480315,26.125830708661418,23.377637795275593,20.21894881889764,25.443161417322838,29.908125984251974,21.526850393700794,285470.72,369537.79000000004,330665.86,285987.66,359881.75000000006,423036.6,304487.35
1229,North Lahontan,6694230.864296614,686889900,2009-01,2009.0,1.0,month,0.6624488188976378,0.5270157480314961,0.5582677165354331,0.42239370078740157,0.696507874015748,0.706244094488189,0.4046220472440945,9370.03,7454.39,7896.44,5974.56,9851.78,9989.5,5723.19
1230,North Lahontan,6694230.864296614,686889900,2009-02,2009.0,2.0,month,0.9150039370078741,0.7086574803149607,0.770244094488189,0.4919527559055118,0.9954133858267717,1.0483031496062993,0.5726889763779528,12942.31,10023.63,10894.75,6958.44,14079.66,14827.76,8100.42
1231,North Lahontan,6694230.864296614,686889900,2009-03,2009.0,3.0,month,1.4790511811023623,1.2722007874015748,1.2708661417322835,0.877248031496063,1.532751968503937,1.7647480314960629,0.8491338582677166,20920.49,17994.69,17975.81,12408.27,21680.07,24961.54,12010.61
1232,North Lahontan,6694230.864296614,686889900,2009-04,2009.0,4.0,month,2.033944881889764,2.0408385826771656,1.9595944881889764,1.7760866141732286,2.3036102362204725,2.310433070866142,1.5817401574803152,28769.21,28866.72,27717.56,25121.92,32583.5,32680.01,22372.98
1233,North Lahontan,6694230.864296614,686889900,2009-05,2009.0,5.0,month,2.9420433070866148,3.8474448818897637,3.6406338582677167,3.4232598425196854,4.418125984251969,4.324527559055118,3.34240157480315,41613.84,54420.33,51495.08,48420.43,62492.35,61168.44,47276.72
1234,North Lahontan,6694230.864296614,686889900,2009-06,2009.0,6.0,month,3.108814960629921,4.005551181102362,3.818208661417323,3.7467165354330714,4.105177165354331,4.638897637795276,3.4590944881889767,43972.75,56656.67,54006.79,52995.57,58065.83,65615.06,48927.29
1235,North Lahontan,6694230.864296614,686889900,2009-07,2009.0,7.0,month,3.603216535433071,4.679511811023622,4.055929133858268,3.6815748031496067,3.821188976377953,4.935622047244095,4.014185039370079,50965.83,66189.53,57369.24,52074.17,54048.95,69812.09,56778.79
1236,North Lahontan,6694230.864296614,686889900,2009-08,2009.0,8.0,month,2.6479173228346458,3.6636023622047245,3.037417322834646,2.648228346456693,2.67951968503937,4.072763779527559,3.0401417322834647,37453.56,51819.96,42962.86,37457.96,37900.57,57607.36,43001.4
1237,North Lahontan,6694230.864296614,686889900,2009-09,2009.0,9.0,month,1.3791850393700789,2.8771141732283465,2.2106259842519687,1.8712440944881892,1.9701653543307087,2.8598385826771655,2.434334645669291,19507.93,40695.45,31268.28,26467.88,27867.08,40451.09,34432.54
1238,North Lahontan,6694230.864296614,686889900,2009-10,2009.0,10.0,month,0.5998937007874016,1.2072047244094488,1.0857952755905513,0.7677874015748032,1.7113503937007875,1.7380984251968505,0.9310118110236221,8485.22,17075.35,15358.07,10860.0,24206.26,24584.6,13168.73
1239,North Lahontan,6694230.864296614,686889900,2009-11,2009.0,11.0,month,0.5196338582677166,0.7499881889763781,0.6808188976377954,0.4137992125984252,1.0631653543307087,1.1170708661417323,0.5763937007874016,7349.98,10608.24,9629.87,5853.0,15037.98,15800.45,8152.82
1240,North Lahontan,6694230.864296614,686889900,2009-12,2009.0,12.0,month,0.49513779527559054,0.11727165354330708,0.3519724409448819,0.16625196850393703,0.6281259842519685,0.6512952755905512,0.22424015748031498,7003.49,1658.75,4978.49,2351.56,8884.55,9212.27,3171.77
1241,North Lahontan,6694230.864296614,686889900,2010-00,,,water_year,19.049897637795276,23.430555118110238,22.72988976377953,20.594610236220475,27.675590551181102,28.96338976377953,20.262153543307086,269451.96,331414.36,321503.77999999997,291301.23,391458.42000000004,409673.75,286598.76999999996
1242,North Lahontan,6694230.864296614,686889900,2010-01,2010.0,1.0,month,0.5284763779527559,0.2201889763779528,0.6133149606299213,0.5200669291338583,1.300027559055118,0.9857165354330709,0.22585433070866143,7475.05,3114.47,8675.06,7356.11,18388.29,13942.5,3194.6
1243,North Lahontan,6694230.864296614,686889900,2010-02,2010.0,2.0,month,0.9048976377952757,0.6492519685039371,0.766,0.5805354330708662,1.2800708661417324,0.9692913385826772,0.30624015748031497,12799.36,9183.37,10834.72,8211.4,18106.01,13710.18,4331.63
1244,North Lahontan,6694230.864296614,686889900,2010-03,2010.0,3.0,month,1.3516614173228347,1.1915433070866142,1.262275590551181,1.1433937007874018,1.8044291338582679,1.5699291338582677,0.7641417322834646,19118.62,16853.83,17854.3,16172.77,25522.81,22205.92,10808.43
1245,North Lahontan,6694230.864296614,686889900,2010-04,2010.0,4.0,month,1.67494094488189,1.733771653543307,1.804208661417323,1.831696850393701,2.5880511811023625,2.3149133858267716,1.3483031496062992,23691.26,24523.4,25519.7,25908.5,36606.79,32743.38,19071.12
1246,North Lahontan,6694230.864296614,686889900,2010-05,2010.0,5.0,month,2.5965275590551187,2.9852047244094493,2.940074803149606,3.0407559055118116,3.723988188976378,3.187795275590551,2.522291338582677,36726.68,42224.34,41586.0,43010.08,52674.09,45089.89,35676.64
1247,North Lahontan,6694230.864296614,686889900,2010-06,2010.0,6.0,month,3.1128622047244097,4.0748818897637795,3.947720472440945,3.9417519685039375,4.388055118110236,4.525393700787402,3.909976377952756,44029.99,57637.32,55838.68,55754.26,62067.01,64009.6,55304.81
1248,North Lahontan,6694230.864296614,686889900,2010-07,2010.0,7.0,month,3.3625708661417324,4.524740157480315,4.091523622047244,3.8500551181102365,4.006972440944883,5.0461889763779535,4.0820905511811025,47562.01,64000.35,57872.71,54457.25,56676.77,71376.01,57739.28
1249,North Lahontan,6694230.864296614,686889900,2010-08,2010.0,8.0,month,2.4708818897637794,3.4925511811023626,3.089047244094488,2.643287401574803,3.077405511811024,4.018354330708662,3.145732283464567,34949.48,49400.52,43693.14,37388.08,43528.48,56837.76,44494.93
1250,North Lahontan,6694230.864296614,686889900,2010-09,2010.0,9.0,month,1.4324133858267716,2.483956692913386,2.0971377952755907,1.6952283464566928,2.103948818897638,2.8393425196850393,2.225877952755906,20260.82,35134.42,29663.04,23978.22,29759.38,40161.19,31484.01
1251,North Lahontan,6694230.864296614,686889900,2010-10,2010.0,10.0,month,0.8455314960629923,1.4605393700787404,1.2879527559055117,0.8211929133858268,1.707216535433071,2.306783464566929,1.2386811023622046,11959.65,20658.65,18217.5,11615.39,24147.79,32628.38,17520.57
1252,North Lahontan,6694230.864296614,686889900,2010-11,2010.0,11.0,month,0.5862244094488189,0.650736220472441,0.6830433070866142,0.347992125984252,0.8725275590551181,1.0521299212598425,0.6869055118110236,8291.87,9204.36,9661.33,4922.19,12341.5,14881.89,9715.96
1253,North Lahontan,6694230.864296614,686889900,2010-12,2010.0,12.0,month,0.3758661417322835,0.4734685039370079,0.5191535433070866,0.16838188976377955,0.8154330708661418,1.0693779527559055,0.44435826771653547,5316.45,6696.99,7343.19,2381.68,11533.92,15125.86,6285.24
1254,North Lahontan,6694230.864296614,686889900,2011-00,,,water_year,23.797885826771655,28.24453937007874,26.09464566929134,22.91168503937008,28.75099606299213,31.940200787401576,23.67688188976378,336610.06,399505.92000000004,369096.67000000004,324075.16000000003,406669.52999999997,451779.35,334898.53
1255,North Lahontan,6694230.864296614,686889900,2011-01,2011.0,1.0,month,0.7981889763779528,0.41128346456692916,0.607751968503937,0.4890314960629922,0.9654330708661417,0.723263779527559,0.41998818897637796,11290.01,5817.41,8596.37,6917.12,13655.6,10230.23,5940.54
1256,North Lahontan,6694230.864296614,686889900,2011-02,2011.0,2.0,month,0.9141968503937009,0.7044960629921261,0.7197125984251969,0.36884645669291344,0.9628385826771654,0.8917677165354331,0.47758267716535435,12930.89,9964.77,10180.0,5217.16,13618.91,12613.64,6755.19
1257,North Lahontan,6694230.864296614,686889900,2011-03,2011.0,3.0,month,1.1658582677165354,1.3481850393700787,1.3896102362204725,1.2732874015748035,1.5379251968503937,2.3240826771653547,0.9786181102362205,16490.53,19069.45,19655.39,18010.06,21753.24,32873.07,13842.1
1258,North Lahontan,6694230.864296614,686889900,2011-04,2011.0,4.0,month,2.3251062992125986,2.309196850393701,2.29151968503937,2.610992125984252,2.8245590551181103,2.3465590551181106,1.5803110236220472,32887.55,32662.52,32412.48,36931.27,39952.08,33190.99,22352.77
1259,North Lahontan,6694230.864296614,686889900,2011-05,2011.0,5.0,month,3.2845984251968505,3.6557086614173233,3.344594488188976,3.3103228346456697,3.6715944881889766,3.4678031496062993,2.7440866141732285,46459.12,51708.31,47307.74,46822.98,51933.0,49050.47,38813.83
1260,North Lahontan,6694230.864296614,686889900,2011-06,2011.0,6.0,month,3.990700787401575,4.44840157480315,4.289834645669291,4.1343031496063,4.693314960629921,4.800429133858268,3.9885511811023626,56446.61,62920.58,60677.72,58477.8,66384.77,67899.85,56416.21
1261,North Lahontan,6694230.864296614,686889900,2011-07,2011.0,7.0,month,4.432236220472441,5.303826771653544,4.649909448818898,3.826748031496063,4.6526732283464565,5.178122047244095,4.621881889763779,62691.93,75020.17,65770.82,54127.58,65809.91,73242.14,65374.38
1262,North Lahontan,6694230.864296614,686889900,2011-08,2011.0,8.0,month,3.166917322834646,4.517929133858268,3.7295708661417324,3.1975551181102366,3.4748937007874017,4.532287401574803,3.8450590551181105,44794.58,63904.02,52753.05,45227.94,49150.76,64107.11,54386.58
1263,North Lahontan,6694230.864296614,686889900,2011-09,2011.0,9.0,month,1.91246062992126,2.9607677165354334,2.581992125984252,2.3630314960629923,2.5725866141732285,3.2475944881889767,2.6508582677165355,27050.87,41878.69,36521.08,33423.99,36388.05,45935.72,37495.16
1264,North Lahontan,6694230.864296614,686889900,2011-10,2011.0,10.0,month,1.053732283464567,1.6988818897637796,1.3986181102362207,0.7808622047244095,1.7060157480314961,1.9095393700787402,1.2921259842519686,14904.56,24029.9,19782.81,11044.93,24130.8,27009.55,18276.52
1265,North Lahontan,6694230.864296614,686889900,2011-11,2011.0,11.0,month,0.41487401574803157,0.6815669291338584,0.5830944881889765,0.2305551181102362,0.8994606299212599,0.9683582677165354,0.5086929133858268,5868.2,9640.45,8247.6,3261.1,12722.45,13696.98,7195.23
1266,North Lahontan,6694230.864296614,686889900,2011-12,2011.0,12.0,month,0.2988976377952756,0.3888740157480315,0.32405905511811023,0.20618110236220474,0.5955551181102363,0.39220866141732286,0.2743464566929134,4227.77,5500.44,4583.67,2916.34,8423.85,5547.61,3880.5
1267,North Lahontan,6694230.864296614,686889900,2012-00,,,water_year,20.4258031496063,23.90507086614173,22.488051181102367,18.883228346456693,25.022842519685042,29.458669291338587,20.782866141732285,288913.54000000004,338126.15,318083.06999999995,267094.51999999996,353936.51,416679.22,293964.02
1268,North Lahontan,6694230.864296614,686889900,2012-01,2012.0,1.0,month,0.3725393700787402,0.2694173228346457,0.4236535433070866,0.40814173228346456,0.6410039370078741,0.7923582677165355,0.28702362204724413,5269.4,3810.78,5992.38,5772.98,9066.7,11207.54,4059.82
1269,North Lahontan,6694230.864296614,686889900,2012-02,2012.0,2.0,month,0.9858228346456693,0.4032677165354331,0.6273503937007874,0.6931614173228348,0.9776850393700789,0.762003937007874,0.2084724409448819,13944.01,5704.04,8873.58,9804.45,13828.9,10778.19,2948.75
1270,North Lahontan,6694230.864296614,686889900,2012-03,2012.0,3.0,month,1.2846456692913388,1.0888425196850395,1.2933700787401574,1.3541614173228347,1.9208622047244097,1.7251299212598425,0.6233188976377954,18170.72,15401.17,18294.12,19153.99,27169.71,24401.16,8816.56
1271,North Lahontan,6694230.864296614,686889900,2012-04,2012.0,4.0,month,2.0560118110236223,1.8841141732283464,1.8870118110236223,1.462492125984252,2.266275590551181,2.5781338582677167,1.421185039370079,29081.34,26649.92,26690.91,20686.27,32055.42,36466.51,20102.0
1272,North Lahontan,6694230.864296614,686889900,2012-05,2012.0,5.0,month,3.380547244094488,3.3222125984251973,3.3513110236220474,3.1703031496062994,3.6915354330708663,3.8655000000000004,3.1396614173228348,47816.28,46991.16,47402.74,44842.47,52215.06,54675.71,44409.06
1273,North Lahontan,6694230.864296614,686889900,2012-06,2012.0,6.0,month,3.589665354330709,3.9981614173228346,3.8116181102362208,2.957413385826772,3.9646574803149606,4.6942755905511815,3.9616456692913387,50774.15,56552.14,53913.57,41831.24,56078.24,66398.35,56035.64
1274,North Lahontan,6694230.864296614,686889900,2012-07,2012.0,7.0,month,3.0421102362204726,4.170996062992126,3.8033897637795278,3.605322834645669,3.741,4.846496062992126,3.7788031496062993,43029.24,58996.81,53797.19,50995.62,52914.71,68551.44,53449.42
1275,North Lahontan,6694230.864296614,686889900,2012-08,2012.0,8.0,month,2.546228346456693,3.5541377952755906,3.0898700787401574,2.7825551181102366,2.8235748031496066,4.168771653543307,3.183173228346457,36015.22,50271.63,43704.78,39357.95,39938.16,58965.34,45024.51
1276,North Lahontan,6694230.864296614,686889900,2012-09,2012.0,9.0,month,1.4007283464566929,2.4445984251968502,1.894704724409449,1.2320787401574804,1.795216535433071,2.755893700787402,2.104417322834646,19812.65,34577.71,26799.72,17427.18,25392.51,38980.84,29766.01
1277,North Lahontan,6694230.864296614,686889900,2012-10,2012.0,10.0,month,0.8666614173228347,1.3916141732283467,1.1703070866141734,0.5473031496062992,1.3838110236220473,1.8245472440944883,1.1354527559055119,12258.52,19683.74,16553.45,7741.35,19573.37,25807.38,16060.45
1278,North Lahontan,6694230.864296614,686889900,2012-11,2012.0,11.0,month,0.5675826771653544,0.8609448818897638,0.7469133858267717,0.26798425196850395,1.1352480314960631,1.2978661417322837,0.607755905511811,8028.19,12177.67,10564.74,3790.51,16057.56,18357.72,8596.43
1279,North Lahontan,6694230.864296614,686889900,2012-12,2012.0,12.0,month,0.4759409448818898,0.33135433070866144,0.5126692913385827,0.2843228346456693,0.961996062992126,1.0298346456692915,0.4324645669291339,6731.96,4686.85,7251.47,4021.61,13606.99,14566.53,6117.01
1280,North Lahontan,6694230.864296614,686889900,2013-00,,,water_year,20.471358267716536,25.259854330708663,24.251271653543306,20.792771653543312,26.7491062992126,32.383744094488186,23.659122047244093,289557.88,357288.94,343022.99,294104.13,378353.73,458053.07,334647.33
1281,North Lahontan,6694230.864296614,686889900,2013-01,2013.0,1.0,month,0.8999566929133859,0.1571732283464567,0.5509330708661417,0.572244094488189,0.6774330708661418,0.5957007874015748,0.34318503937007877,12729.47,2223.14,7792.69,8094.13,9581.98,8425.91,4854.19
1282,North Lahontan,6694230.864296614,686889900,2013-02,2013.0,2.0,month,1.254507874015748,0.3948110236220473,0.7606062992125985,0.9807677165354332,0.9853425196850394,0.5516141732283465,0.45173622047244094,17744.43,5584.42,10758.42,13872.51,13937.21,7802.33,6389.6
1283,North Lahontan,6694230.864296614,686889900,2013-03,2013.0,3.0,month,1.5034212598425198,1.6523700787401574,1.3349409448818899,1.2614212598425198,1.4487007874015747,1.3480354330708662,0.8785826771653543,21265.2,23372.01,18882.12,17842.22,20491.2,19067.34,12427.15
1284,North Lahontan,6694230.864296614,686889900,2013-04,2013.0,4.0,month,1.966212598425197,2.3775590551181103,2.3843976377952756,2.646787401574803,2.678968503937008,2.882665354330709,2.0709488188976377,27811.17,33629.47,33726.2,37437.58,37892.77,40773.97,29292.61
1285,North Lahontan,6694230.864296614,686889900,2013-05,2013.0,5.0,month,3.0148385826771653,3.4140669291338583,3.472740157480315,2.931425196850394,4.031106299212599,4.419232283464567,3.4580118110236224,42643.5,48290.4,49120.3,41463.65,57018.13,62507.99,48911.98
1286,North Lahontan,6694230.864296614,686889900,2013-06,2013.0,6.0,month,3.402602362204725,4.263244094488189,4.185905511811024,3.923330708661418,4.400204724409448,5.175456692913387,4.340287401574804,48128.23,60301.61,59207.7,55493.7,62238.86,73204.44,61391.36
1287,North Lahontan,6694230.864296614,686889900,2013-07,2013.0,7.0,month,3.0328307086614177,4.608590551181103,4.084,3.5028267716535435,3.9578267716535436,5.66455905511811,4.425822834645669,42897.99,65186.38,57766.29,49545.86,55981.63,80122.56,62601.21
1288,North Lahontan,6694230.864296614,686889900,2013-08,2013.0,8.0,month,2.03851968503937,3.48696062992126,3.019933070866142,2.5328858267716536,2.898074803149606,4.344968503937008,3.281673228346457,28833.92,49321.44,42715.55,35826.5,40991.93,61457.57,46417.75
1289,North Lahontan,6694230.864296614,686889900,2013-09,2013.0,9.0,month,1.4482834645669291,2.321165354330709,2.027925196850394,1.341472440944882,2.1903937007874017,3.2492637795275594,2.233200787401575,20485.3,32831.81,28684.06,18974.51,30982.1,45959.33,31587.59
1290,North Lahontan,6694230.864296614,686889900,2013-10,2013.0,10.0,month,0.6799488188976379,1.4265708661417325,1.144724409448819,0.7715629921259843,1.5548818897637795,1.6781417322834646,1.042224409448819,9617.56,20178.18,16191.6,10913.4,21993.08,23736.54,14741.78
1291,North Lahontan,6694230.864296614,686889900,2013-11,2013.0,11.0,month,0.38978346456692914,0.6811574803149607,0.565996062992126,0.2647795275590551,0.8787086614173228,0.9298228346456693,0.5303622047244094,5513.31,9634.66,8005.75,3745.18,12428.93,13151.91,7501.73
1292,North Lahontan,6694230.864296614,686889900,2013-12,2013.0,12.0,month,0.4393307086614174,0.19161811023622047,0.35361023622047244,0.26091338582677165,0.5163070866141732,0.5869645669291339,0.3134251968503937,6214.13,2710.35,5001.65,3690.5,7302.92,8302.34,4433.25
1293,North Lahontan,6694230.864296614,686889900,2014-00,,,water_year,17.898811023622052,24.508622047244092,22.88079921259843,20.627275590551186,25.349748031496066,31.54559842519685,21.87835039370079,253170.38999999998,346663.12,323638.3,291763.26,358560.43000000005,446197.89,309459.11999999994
1294,North Lahontan,6694230.864296614,686889900,2014-01,2014.0,1.0,month,0.3916889763779528,0.4375669291338583,0.4394606299212599,0.382751968503937,0.654232283464567,0.5587874015748031,0.37381496062992126,5540.26,6189.18,6215.97,5413.85,9253.81,7903.79,5287.44
1295,North Lahontan,6694230.864296614,686889900,2014-02,2014.0,2.0,month,0.7217047244094488,0.789763779527559,0.7240866141732284,0.6395275590551182,0.9407007874015748,1.3581574803149608,0.37622440944881896,10208.18,11170.84,10241.87,9045.82,13305.78,19210.51,5321.52
1296,North Lahontan,6694230.864296614,686889900,2014-03,2014.0,3.0,month,1.2223188976377954,1.4643070866141732,1.2928582677165354,0.9297716535433072,1.63094094488189,2.1314842519685038,0.9236614173228347,17289.13,20711.95,18286.88,13151.19,23068.9,30148.86,13064.76
1297,North Lahontan,6694230.864296614,686889900,2014-04,2014.0,4.0,month,2.020996062992126,2.2402992125984253,2.23792125984252,2.0005984251968503,2.806200787401575,2.7916181102362208,1.943279527559055,28586.05,31688.0,31654.36,28297.54,39692.41,39486.15,27486.79
1298,North Lahontan,6694230.864296614,686889900,2014-05,2014.0,5.0,month,2.6668976377952758,3.2887834645669294,3.387251968503937,3.1039881889763783,4.1675196850393705,4.305279527559056,3.386291338582677,37722.03,46518.32,47911.11,43904.48,58947.64,60896.19,47897.52
1299,North Lahontan,6694230.864296614,686889900,2014-06,2014.0,6.0,month,2.932456692913386,3.946814960629921,3.86448031496063,4.2330275590551185,3.6790354330708666,4.723944881889764,3.753759842519685,41478.24,55825.87,54661.28,59874.21,52038.25,66818.01,53095.19
1300,North Lahontan,6694230.864296614,686889900,2014-07,2014.0,7.0,month,3.285618110236221,4.176594488188976,3.866625984251969,3.8959133858267716,3.507334645669291,5.06248031496063,3.8493779527559053,46473.55,59076.0,54691.63,55105.89,49609.62,71606.44,54447.67
1301,North Lahontan,6694230.864296614,686889900,2014-08,2014.0,8.0,month,1.9527716535433073,3.495161417322835,2.9189724409448825,2.403948818897638,2.8088543307086615,4.313877952755906,3.166,27621.05,49437.44,41287.51,34002.74,39729.94,61017.81,44781.6
1302,North Lahontan,6694230.864296614,686889900,2014-09,2014.0,9.0,month,1.1952952755905513,2.369984251968504,2.084811023622047,1.740492125984252,2.2050314960629924,3.10503937007874,2.219929133858268,16906.9,33522.33,29488.69,24618.46,31189.15,43919.34,31399.87
1303,North Lahontan,6694230.864296614,686889900,2014-10,2014.0,10.0,month,0.7509645669291339,1.7187362204724412,1.426244094488189,0.9948818897637796,1.794775590551181,2.213759842519685,1.373748031496063,10622.05,24310.73,20173.56,14072.14,25386.27,31312.61,19431.03
1304,North Lahontan,6694230.864296614,686889900,2014-11,2014.0,11.0,month,0.4236338582677166,0.9073503937007875,0.7045590551181103,0.14448031496062994,1.0285551181102361,1.1951338582677167,0.6524212598425198,5992.1,12834.05,9965.66,2043.61,14548.44,16904.62,9228.2
1305,North Lahontan,6694230.864296614,686889900,2014-12,2014.0,12.0,month,0.2971496062992126,0.42821653543307087,0.43671259842519683,0.21098818897637794,0.974208661417323,1.1040196850393702,0.357996062992126,4203.04,6056.92,6177.1,2984.33,13779.73,15615.85,5063.69
1306,North Lahontan,6694230.864296614,686889900,2015-00,,,water_year,14.81328346456693,26.693452755905515,24.405956692913385,20.719492125984253,28.499602362204726,33.98868110236221,24.0313031496063,209527.02,377566.53,345210.94,293067.62,403113.67,480754.1600000001,339911.67000000004
1307,North Lahontan,6694230.864296614,686889900,2015-01,2015.0,1.0,month,0.54448031496063,0.5605354330708662,0.522484251968504,0.3438031496062992,0.959236220472441,0.6013503937007875,0.3881062992125985,7701.42,7928.51,7390.3,4862.94,13567.95,8505.82,5489.58
1308,North Lahontan,6694230.864296614,686889900,2015-02,2015.0,2.0,month,0.7194330708661417,1.1726811023622048,0.9641496062992126,0.6541968503937008,1.4071023622047245,1.5120866141732283,0.7128779527559055,10176.05,16587.03,13637.45,9253.31,19902.81,21387.77,10083.33
1309,North Lahontan,6694230.864296614,686889900,2015-03,2015.0,3.0,month,1.1066338582677167,2.1079881889763783,1.6343740157480315,1.0311456692913386,2.0759015748031495,2.0788307086614175,1.5057755905511812,15652.82,29816.52,23117.46,14585.08,29362.67,29404.1,21298.5
1310,North Lahontan,6694230.864296614,686889900,2015-04,2015.0,4.0,month,1.49248031496063,2.2710551181102363,2.2618622047244097,1.9963897637795278,2.7397834645669294,3.032933070866142,2.2641141732283465,21110.44,32123.02,31992.99,28238.01,38752.97,42899.43,32024.85
1311,North Lahontan,6694230.864296614,686889900,2015-05,2015.0,5.0,month,2.346649606299213,2.950708661417323,3.20538188976378,3.149834645669291,4.084,4.301602362204725,3.028161417322835,33192.27,41736.41,45338.64,44552.95,57766.29,60844.17,42831.94
1312,North Lahontan,6694230.864296614,686889900,2015-06,2015.0,6.0,month,3.0530393700787406,4.343696850393701,4.22692125984252,3.9023700787401574,4.386543307086614,5.453511811023623,4.469811023622047,43183.83,61439.58,59787.84,55197.22,62045.62,77137.4,63223.41
1313,North Lahontan,6694230.864296614,686889900,2015-07,2015.0,7.0,month,1.9595196850393701,3.8871692913385827,3.7778897637795277,3.7677362204724414,3.9083622047244098,5.276854330708662,3.660011811023622,27716.5,54982.21,53436.5,53292.88,55281.97,74638.66,51769.17
1314,North Lahontan,6694230.864296614,686889900,2015-08,2015.0,8.0,month,1.232744094488189,3.8193110236220473,3.19848031496063,2.821437007874016,3.0685708661417324,4.332787401574803,3.4399370078740157,17436.59,54022.39,45241.02,39907.92,43403.51,61285.27,48656.32
1315,North Lahontan,6694230.864296614,686889900,2015-09,2015.0,9.0,month,0.8865551181102362,2.526003937007874,2.0468976377952757,1.7022283464566932,2.072562992125984,2.8858110236220473,2.1783425196850397,12539.91,35729.16,28952.42,24077.23,29315.44,40818.46,30811.65
1316,North Lahontan,6694230.864296614,686889900,2015-10,2015.0,10.0,month,0.9424251968503937,1.9178110236220474,1.3826496062992129,0.8626496062992127,1.5349015748031496,2.1218858267716536,1.3016614173228347,13330.17,27126.55,19556.94,12201.78,21710.47,30013.09,18411.4
1317,North Lahontan,6694230.864296614,686889900,2015-11,2015.0,11.0,month,0.6114409448818898,0.8265078740157481,0.6564015748031496,0.10218503937007874,0.7406181102362205,1.2274566929133859,0.5879527559055118,8648.55,11690.57,9284.5,1445.36,10475.7,17361.81,8316.32
1318,North Lahontan,6694230.864296614,686889900,2015-12,2015.0,12.0,month,0.4255314960629922,0.5410393700787401,0.4730433070866142,0.1937755905511811,0.5508661417322835,1.041724409448819,0.4652598425196851,6018.95,7652.75,6690.98,2740.87,7791.75,14734.71,6580.89
1319,North Lahontan,6694230.864296614,686889900,2016-00,,,water_year,20.61709448818898,32.11585433070866,28.114228346456695,24.49596850393701,29.54099606299213,35.1005,27.084070866141733,291619.26,454263.89,397662.77,346484.13000000006,417843.72000000003,496480.31999999995,383091.64999999997
1320,North Lahontan,6694230.864296614,686889900,2016-01,2016.0,1.0,month,0.5175551181102362,0.48761811023622054,0.5460629921259843,0.23855905511811026,0.7029330708661419,1.128511811023622,0.43893700787401574,7320.58,6897.13,7723.81,3374.31,9942.66,15962.28,6208.56
1321,North Lahontan,6694230.864296614,686889900,2016-02,2016.0,2.0,month,1.1201614173228347,1.025228346456693,1.001468503937008,0.6926850393700789,1.2868818897637795,1.2344055118110238,0.7206535433070866,15844.16,14501.38,14165.31,9797.71,18202.35,17460.09,10193.31
1322,North Lahontan,6694230.864296614,686889900,2016-03,2016.0,3.0,month,1.4416535433070867,2.0140118110236225,1.7982716535433072,1.4741574803149609,2.3000157480314964,2.507653543307087,1.3143149606299214,20391.52,28487.26,25435.72,20851.27,32532.66,35469.6,18590.38
1323,North Lahontan,6694230.864296614,686889900,2016-04,2016.0,4.0,month,2.3326141732283463,3.1124960629921263,2.9280984251968505,2.940062992125984,3.2383267716535435,3.3208228346456696,2.5066377952755907,32993.75,44024.82,41416.6,41585.83,45804.63,46971.5,35455.23
1324,North Lahontan,6694230.864296614,686889900,2016-05,2016.0,5.0,month,3.227472440944882,4.284555118110236,4.097488188976378,4.234791338582677,4.589515748031497,4.509098425196851,3.7129488188976376,45651.1,60603.05,57957.07,59899.16,64916.58,63779.11,52517.94
1325,North Lahontan,6694230.864296614,686889900,2016-06,2016.0,6.0,month,3.652826771653544,5.505771653543307,4.963476377952756,4.96344094488189,4.747417322834646,5.449775590551181,5.0580157480314965,51667.54,77876.59,70206.08,70205.57,67150.02,77084.55,71543.29
1326,North Lahontan,6694230.864296614,686889900,2016-07,2016.0,7.0,month,3.0805118110236225,5.075125984251969,4.442555118110237,4.157161417322834,4.2694409448818895,5.187732283464568,4.551688976377953,43572.41,71785.31,62837.89,58801.12,60389.27,73378.07,64381.53
1327,North Lahontan,6694230.864296614,686889900,2016-08,2016.0,8.0,month,2.2344015748031496,4.51348031496063,3.51301968503937,2.854185039370079,3.1764921259842525,4.432062992125984,3.9177322834645674,31604.58,63841.09,49690.04,40371.13,44930.01,62689.48,55414.51
1328,North Lahontan,6694230.864296614,686889900,2016-09,2016.0,9.0,month,1.0305000000000002,2.8122086614173227,2.311692913385827,1.7823149606299213,2.4035866141732285,2.9393700787401573,2.5082677165354332,14575.95,39777.39,32697.83,25210.02,33997.62,41576.03,35478.29
1329,North Lahontan,6694230.864296614,686889900,2016-10,2016.0,10.0,month,0.7590472440944883,2.01496062992126,1.3931220472440946,0.6210354330708662,1.5367559055118112,2.3271220472440945,1.3585196850393702,10736.37,28500.69,19705.07,8784.26,21736.7,32916.06,19215.63
1330,North Lahontan,6694230.864296614,686889900,2016-11,2016.0,11.0,month,0.61951968503937,1.0949527559055119,0.8676496062992126,0.3168661417322835,1.0558779527559055,1.173248031496063,0.8558346456692913,8762.82,15487.6,12272.5,4481.92,14934.9,16595.05,12105.38
1331,North Lahontan,6694230.864296614,686889900,2016-12,2016.0,12.0,month,0.4720905511811024,0.2799566929133858,0.4128937007874016,0.15703149606299213,0.5960708661417323,0.9706023622047245,0.3540944881889764,6677.5,3959.86,5840.19,2221.14,8431.15,13728.72,5008.5
1332,North Lahontan,6694230.864296614,686889900,2017-00,,,water_year,24.582885826771655,32.11343700787402,29.123059055118112,26.457566929133858,28.594921259842522,36.07075984251969,27.813133858267715,347713.53,454229.7,411932.19000000006,374230.02,404461.89999999997,510204.19,393403.89
1333,North Lahontan,6694230.864296614,686889900,2017-01,2017.0,1.0,month,0.6188031496062992,0.3015433070866142,0.46007874015748035,0.2358425196850394,0.5895826771653544,1.0008149606299213,0.3591259842519685,8752.68,4265.19,6507.6,3335.88,8339.37,14156.06,5079.67
1334,North Lahontan,6694230.864296614,686889900,2017-02,2017.0,2.0,month,0.9749173228346456,0.842240157480315,0.8572637795275591,0.6960629921259843,0.7514370078740158,1.719728346456693,0.6874842519685039,13789.75,11913.1,12125.6,9845.49,10628.73,24324.76,9724.15
1335,North Lahontan,6694230.864296614,686889900,2017-03,2017.0,3.0,month,1.824224409448819,1.880188976377953,1.7626417322834647,1.7969566929133858,1.5775118110236221,2.246484251968504,1.345988188976378,25802.81,26594.4,24931.75,25417.12,22313.17,31775.48,19038.38
1336,North Lahontan,6694230.864296614,686889900,2017-04,2017.0,4.0,month,2.5333267716535435,2.7106062992125985,2.5593503937007873,2.417720472440945,2.3685393700787403,3.139759842519685,2.12596062992126,35832.73,38340.27,36200.83,34197.54,33501.89,44410.45,30070.73
1337,North Lahontan,6694230.864296614,686889900,2017-05,2017.0,5.0,month,3.821334645669291,4.387649606299212,4.25844094488189,4.512582677165355,4.501118110236221,4.410062992125985,3.9803267716535435,54051.01,62061.27,60233.68,63828.39,63666.23,62378.3,56299.88
1338,North Lahontan,6694230.864296614,686889900,2017-06,2017.0,6.0,month,4.08490157480315,5.059330708661418,4.806641732283465,4.564488188976378,4.6408031496063,5.269937007874017,4.782807086614174,57779.04,71561.89,67987.72,64562.57,65642.01,74540.82,67650.59
1339,North Lahontan,6694230.864296614,686889900,2017-07,2017.0,7.0,month,3.8111102362204727,5.813358267716536,5.189866141732283,5.241003937007874,4.894893700787402,5.793956692913387,5.215307086614173,53906.39,82227.26,73408.25,74131.57,69236.0,81952.83,73768.1
1340,North Lahontan,6694230.864296614,686889900,2017-08,2017.0,8.0,month,3.1348779527559056,4.655244094488189,3.9682834645669294,3.741976377952756,3.584775590551181,4.808007874015749,4.067917322834647,44341.4,65846.27,56129.53,52928.52,50704.99,68007.05,57538.81
1341,North Lahontan,6694230.864296614,686889900,2017-09,2017.0,9.0,month,1.928732283464567,3.0734055118110235,2.586826771653543,2.156,2.4975551181102364,3.211035433070866,2.6797677165354337,27281.03,43471.9,36589.47,30495.62,35326.76,45418.61,37904.07
1342,North Lahontan,6694230.864296614,686889900,2017-10,2017.0,10.0,month,0.9858779527559055,2.014633858267717,1.492220472440945,1.0343779527559056,1.8994448818897638,1.8475393700787404,1.355212598425197,13944.79,28496.06,21106.77,14630.8,26866.77,26132.59,19168.85
1343,North Lahontan,6694230.864296614,686889900,2017-11,2017.0,11.0,month,0.5352992125984253,1.1646102362204724,0.8526929133858269,0.3457755905511811,1.1465708661417324,1.6638818897637795,0.7304330708661418,7571.56,16472.87,12060.95,4890.84,16217.71,23534.84,10331.64
1344,North Lahontan,6694230.864296614,686889900,2017-12,2017.0,12.0,month,0.5750472440944882,0.5411181102362205,0.554468503937008,0.32437007874015755,0.8370078740157482,0.6682125984251969,0.4770748031496063,8133.78,7653.87,7842.7,4588.06,11839.09,9451.56,6748.0
1345,North Lahontan,6694230.864296614,686889900,2018-00,,,water_year,21.86468503937008,32.15563385826772,28.268767716535432,25.02112598425197,30.507708661417325,34.03477165354331,26.46148818897638,309265.85000000003,454826.55000000005,399848.64,353912.24,431517.41000000003,481406.09,374285.49000000005
1346,North Lahontan,6694230.864296614,686889900,2018-01,2018.0,1.0,month,0.5311417322834646,0.6583937007874016,0.6887322834645669,0.5812992125984252,1.1815551181102364,1.2392755905511812,0.3933346456692914,7512.75,9312.67,9741.8,8222.21,16712.55,17528.98,5563.54
1347,North Lahontan,6694230.864296614,686889900,2018-02,2018.0,2.0,month,0.9405393700787402,0.7611850393700788,0.7229055118110236,0.4858740157480316,0.9718031496062993,0.7736850393700787,0.5820196850393702,13303.49,10766.61,10225.16,6872.46,13745.71,10943.42,8232.4
1348,North Lahontan,6694230.864296614,686889900,2018-03,2018.0,3.0,month,1.599255905511811,1.5410157480314963,1.5801299212598428,1.3116377952755907,1.7684094488188977,2.440043307086614,1.1697086614173229,22620.73,21796.95,22350.21,18552.51,25013.33,34513.28,16544.99
1349,North Lahontan,6694230.864296614,686889900,2018-04,2018.0,4.0,month,2.411157480314961,2.8628346456692912,2.699212598425197,2.777507874015748,2.9644960629921258,2.981425196850394,2.1760984251968507,34104.71,40493.47,38179.11,39286.56,41931.42,42170.88,30779.9
1350,North Lahontan,6694230.864296614,686889900,2018-05,2018.0,5.0,month,3.2371535433070866,4.030653543307087,4.0042244094488195,4.16940157480315,4.522047244094488,4.472350393700788,3.5570787401574804,45788.04,57011.73,56637.9,58974.25,63962.26,63259.33,50313.23
1351,North Lahontan,6694230.864296614,686889900,2018-06,2018.0,6.0,month,3.6714212598425195,5.3907440944881895,4.977267716535433,5.020456692913386,5.009590551181103,5.313393700787401,4.903988188976379,51930.55,76249.58,70401.15,71012.04,70858.34,75155.49,69364.64
1352,North Lahontan,6694230.864296614,686889900,2018-07,2018.0,7.0,month,3.4402362204724413,5.2889803149606305,4.618669291338583,3.981893700787402,4.4097992125984256,5.301094488188976,4.6308346456692915,48660.55,74810.18,65328.94,56322.04,62374.57,74981.53,65501.01
1353,North Lahontan,6694230.864296614,686889900,2018-08,2018.0,8.0,month,2.484405511811024,4.573649606299213,3.637968503937008,3.163629921259843,3.427972440944882,4.32590157480315,3.793338582677166,35140.77,64692.16,51457.38,44748.08,48487.08,61187.87,53655.02
1354,North Lahontan,6694230.864296614,686889900,2018-09,2018.0,9.0,month,1.4531496062992126,3.3278149606299214,2.440275590551181,1.8249015748031496,2.369011811023622,3.007968503937008,2.6923661417322835,20554.13,47070.4,34516.57,25812.39,33508.58,42546.32,38082.27
1355,North Lahontan,6694230.864296614,686889900,2018-10,2018.0,10.0,month,0.5696614173228347,1.6640236220472442,1.31092125984252,0.9077677165354332,1.5751496062992127,1.7153346456692913,1.277748031496063,8057.6,23536.84,18542.37,12839.95,22279.76,24262.61,18073.15
1356,North Lahontan,6694230.864296614,686889900,2018-11,2018.0,11.0,month,0.28540157480314965,0.8586062992125985,0.6246811023622048,0.30485826771653546,0.8784251968503938,0.9742559055118111,0.5546338582677166,4036.87,12144.59,8835.82,4312.08,12424.92,13780.4,7845.04
1357,North Lahontan,6694230.864296614,686889900,2018-12,2018.0,12.0,month,0.4227322834645669,0.34622440944881894,0.4252086614173229,0.20051574803149608,0.7098425196850394,0.954484251968504,0.32425984251968504,5979.35,4897.18,6014.38,2836.2,10040.39,13500.74,4586.51
1358,North Lahontan,6694230.864296614,686889900,2019-00,,,water_year,22.28634251968504,30.72646062992126,27.97365748031496,24.67271653543307,30.386303149606302,33.73741338582678,25.62852755905512,315229.98,434611.55,395674.44,348984.16,429800.18,477200.08,362503.67
1359,North Lahontan,6694230.864296614,686889900,2019-01,2019.0,1.0,month,0.6032598425196851,0.36808661417322835,0.5008228346456693,0.3314055118110236,0.7739251968503936,1.07746062992126,0.20809448818897638,8532.83,5206.41,7083.91,4687.58,10946.81,15240.18,2943.4
1360,North Lahontan,6694230.864296614,686889900,2019-02,2019.0,2.0,month,0.9380433070866142,0.5328346456692914,0.7570433070866142,0.42955118110236223,1.0166023622047244,1.4052992125984254,0.36108661417322835,13268.19,7536.7,10708.03,6075.8,14379.37,19877.31,5107.4
1361,North Lahontan,6694230.864296614,686889900,2019-03,2019.0,3.0,month,1.7233976377952755,1.5527913385826773,1.563204724409449,1.0266456692913386,1.9785669291338583,2.188370078740158,0.7803385826771654,24376.66,21963.51,22110.81,14521.43,27985.91,30953.48,11037.53
1362,North Lahontan,6694230.864296614,686889900,2019-04,2019.0,4.0,month,2.3006692913385827,3.000181102362205,2.7258503937007874,2.6951259842519684,3.2963818897637798,2.9595984251968503,2.121244094488189,32541.9,42436.17,38555.89,38121.31,46625.8,41862.15,30004.02
1363,North Lahontan,6694230.864296614,686889900,2019-05,2019.0,5.0,month,3.0874330708661417,3.596637795275591,3.6001338582677165,3.7047559055118113,3.931889763779528,4.01078346456693,3.16938188976378,43670.31,50872.78,50922.23,52402.06,55614.76,56730.67,44829.44
1364,North Lahontan,6694230.864296614,686889900,2019-06,2019.0,6.0,month,4.082944881889764,5.0638464566929136,4.910992125984252,5.254692913385827,4.978688976377953,5.004275590551181,4.71098031496063,57751.36,71625.76,69463.71,74325.2,70421.25,70783.16,66634.64
1365,North Lahontan,6694230.864296614,686889900,2019-07,2019.0,7.0,month,3.8503779527559057,5.7004212598425195,4.897055118110236,4.499586614173229,4.661976377952756,5.340814960629921,5.006023622047245,54461.81,80629.82,69266.58,63644.57,65941.5,75543.35,70807.89
1366,North Lahontan,6694230.864296614,686889900,2019-08,2019.0,8.0,month,2.9670708661417327,4.78146062992126,3.9248976377952762,3.2198188976377953,3.5775,4.735767716535434,4.312110236220473,41967.84,67631.55,55515.86,45542.85,50602.08,66985.24,60992.8
1367,North Lahontan,6694230.864296614,686889900,2019-09,2019.0,9.0,month,1.4553503937007874,3.261346456692914,2.7328464566929136,2.097992125984252,3.007354330708661,3.370968503937008,2.8026259842519687,20585.26,46130.24,38654.85,29675.13,42537.63,47680.79,39641.85
1368,North Lahontan,6694230.864296614,686889900,2019-10,2019.0,10.0,month,0.7810354330708662,1.925279527559055,1.4562913385826775,1.1402952755905513,1.6218700787401577,1.711736220472441,1.4104370078740158,11047.38,27232.19,20598.57,16128.95,22940.6,24211.72,19949.98
1369,North Lahontan,6694230.864296614,686889900,2019-11,2019.0,11.0,month,0.409992125984252,0.8935708661417323,0.6456968503937008,0.2847952755905512,0.9438582677165355,0.839232283464567,0.5910000000000001,5799.15,12639.15,9133.08,4028.3,13350.44,11870.55,8359.42
1370,North Lahontan,6694230.864296614,686889900,2019-12,2019.0,12.0,month,0.3380984251968504,0.33574015748031494,0.39004330708661417,0.2927204724409449,0.6051377952755905,1.043952755905512,0.20051574803149608,4782.25,4748.89,5516.98,4140.4,8559.39,14766.23,2836.2
1371,North Lahontan,6694230.864296614,686889900,2020-00,,,water_year,19.25905118110236,29.191043307086616,25.963582677165356,24.01855511811024,28.58003937007874,30.89445275590551,23.882944881889767,272410.36,412893.82,367242.86,339731.33999999997,404251.41,436987.73,337813.19
1372,North Lahontan,6694230.864296614,686889900,2020-01,2020.0,1.0,month,0.46837795275590555,0.5794488188976378,0.4661535433070866,0.30620866141732284,0.5876929133858269,1.0396141732283464,0.2895196850393701,6624.99,8196.04,6593.53,4331.18,8312.64,14704.86,4095.12
1373,North Lahontan,6694230.864296614,686889900,2020-02,2020.0,2.0,month,0.8401850393700787,0.9530944881889765,0.7175511811023623,0.5613385826771653,0.9003740157480314,0.744003937007874,0.40727952755905517,11884.03,13481.08,10149.43,7939.87,12735.37,10523.59,5760.78
1374,North Lahontan,6694230.864296614,686889900,2020-03,2020.0,3.0,month,1.0665551181102362,1.2927047244094487,1.1815472440944883,0.8047440944881891,1.6157519685039372,1.7883543307086616,0.7485236220472441,15085.93,18284.71,16712.44,11382.73,22854.06,25295.44,10587.52
1375,North Lahontan,6694230.864296614,686889900,2020-04,2020.0,4.0,month,2.1402440944881893,2.6478425196850397,2.4849527559055122,2.5423385826771656,3.167188976377953,2.6390511811023623,1.9011535433070865,30272.76,37452.51,35148.51,35960.2,44798.42,37328.16,26890.94
1376,North Lahontan,6694230.864296614,686889900,2020-05,2020.0,5.0,month,3.1457677165354334,3.9560354330708662,3.9042480314960635,4.02003937007874,4.579448818897638,4.174417322834645,3.6435,44495.43,55956.29,55223.78,56861.6,64774.18,59045.2,51535.62
1377,North Lahontan,6694230.864296614,686889900,2020-06,2020.0,6.0,month,3.636031496062992,4.560877952755906,4.355956692913386,4.206700787401575,4.619562992125984,4.728842519685039,4.316818897637796,51429.98,64511.51,61612.99,59501.83,65341.58,66887.29,61059.4
1378,North Lahontan,6694230.864296614,686889900,2020-07,2020.0,7.0,month,2.7208307086614174,4.757586614173229,4.303578740157481,4.226055118110237,4.220818897637796,4.926700787401575,4.233503937007875,38484.89,67293.86,60872.13,59775.59,59701.53,69685.9,59880.95
1379,North Lahontan,6694230.864296614,686889900,2020-08,2020.0,8.0,month,2.3622874015748034,4.253913385826772,3.5145866141732283,3.251208661417323,3.2637637795275594,4.248047244094488,3.547964566929134,33413.46,60169.64,49712.2,45986.84,46164.43,60086.66,50184.32
1380,North Lahontan,6694230.864296614,686889900,2020-09,2020.0,9.0,month,1.3496456692913386,3.0349488188976377,2.542976377952756,2.3821102362204725,2.4545708661417325,3.0105000000000004,2.5927283464566933,19090.11,42927.95,35969.22,33693.85,34718.77,42582.13,36672.94
1381,North Lahontan,6694230.864296614,686889900,2020-10,2020.0,10.0,month,0.6925984251968503,1.9635551181102362,1.4101574803149606,0.9371181102362206,1.6379330708661417,1.796952755905512,1.3871653543307088,9796.48,27773.58,19946.02,13255.1,23167.8,25417.06,19620.81
1382,North Lahontan,6694230.864296614,686889900,2020-11,2020.0,11.0,month,0.4491141732283465,0.8045157480314961,0.6250984251968504,0.35733070866141736,0.769744094488189,1.3532992125984253,0.5325905511811023,6352.51,11379.5,8841.73,5054.28,10887.67,19141.79,7533.25
1383,North Lahontan,6694230.864296614,686889900,2020-12,2020.0,12.0,month,0.46653149606299216,0.5032992125984252,0.46639763779527565,0.21720866141732284,0.5676653543307086,0.8601968503937009,0.34148031496062997,6598.87,7118.93,6596.98,3072.32,8029.36,12167.09,4830.08
1384,North Lahontan,6694230.864296614,686889900,2021-00,,,water_year,16.09642913385827,27.499039370078744,23.42303543307087,20.740102362204727,24.96515354330709,29.626299212598425,21.274799212598428,227676.53,388961.17,331307.99,293359.14999999997,353120.52,419050.28,300922.19
1385,North Lahontan,6694230.864296614,686889900,2021-01,2021.0,1.0,month,0.6301338582677166,0.4873188976377953,0.6036968503937008,0.4934251968503937,0.8765826771653544,0.9986377952755906,0.3249488188976378,8912.95,6892.9,8539.01,6979.27,12398.86,14125.27,4596.25
1386,North Lahontan,6694230.864296614,686889900,2021-02,2021.0,2.0,month,0.9196062992125985,0.6426181102362206,0.7587598425196851,0.688472440944882,0.8548976377952757,1.1363188976377954,0.3466496062992126,13007.41,9089.54,10732.31,9738.12,12092.13,16072.7,4903.2
1387,North Lahontan,6694230.864296614,686889900,2021-03,2021.0,3.0,month,1.1863740157480316,1.4279409448818898,1.1135748031496064,0.8141141732283464,1.2840433070866142,1.4900905511811025,0.5040393700787402,16780.71,20197.56,15751.0,11515.27,18162.2,21076.64,7129.4
1388,North Lahontan,6694230.864296614,686889900,2021-04,2021.0,4.0,month,1.6021535433070866,2.5026141732283467,2.1559015748031496,2.3701574803149605,2.867712598425197,2.1761141732283464,1.5115669291338583,22661.72,35398.32,30494.23,33524.78,40562.47,30780.13,21380.41
1389,North Lahontan,6694230.864296614,686889900,2021-05,2021.0,5.0,month,2.428665354330709,3.627177165354331,3.363476377952756,3.248984251968504,4.016464566929134,3.7736574803149607,3.022259842519685,34352.35,51304.74,47574.82,45955.38,56811.03,53376.64,42748.47
1390,North Lahontan,6694230.864296614,686889900,2021-06,2021.0,6.0,month,2.617173228346457,4.499720472440945,4.151291338582678,4.063649606299213,4.072976377952756,4.822291338582677,4.084090551181102,37018.7,63646.46,58718.09,57478.44,57610.36,68209.08,57767.57
1391,North Lahontan,6694230.864296614,686889900,2021-07,2021.0,7.0,month,2.1265275590551185,4.555259842519685,3.6611299212598425,3.312181102362205,3.3102677165354333,4.555358267716536,3.811448818897638,30078.75,64432.04,51784.99,46849.27,46822.2,64433.43,53911.18
1392,North Lahontan,6694230.864296614,686889900,2021-08,2021.0,8.0,month,1.932708661417323,3.6936377952755906,2.9550314960629924,2.6558661417322837,2.6433228346456694,3.5582834645669292,3.0316338582677167,27337.27,52244.8,41797.55,37566.0,37388.58,50330.27,42881.06
1393,North Lahontan,6694230.864296614,686889900,2021-09,2021.0,9.0,month,1.0448425196850395,2.79138188976378,2.15851968503937,1.5815944881889765,2.0635433070866145,3.1050984251968505,2.3769251968503937,14778.81,39482.8,30531.26,22370.92,29187.86,43920.18,33620.51
1394,North Lahontan,6694230.864296614,686889900,2021-10,2021.0,10.0,month,0.4518228346456693,1.6996456692913386,1.2677874015748032,0.9255944881889765,1.4680905511811022,1.895224409448819,1.1333779527559056,6390.82,24040.7,17932.27,13092.11,20765.46,26807.07,16031.11
1395,North Lahontan,6694230.864296614,686889900,2021-11,2021.0,11.0,month,0.4540078740157481,0.956251968503937,0.7565708661417323,0.352732283464567,0.9935748031496063,1.0150669291338583,0.7440472440944883,6421.73,13525.74,10701.34,4989.23,14053.66,14357.65,10524.2
1396,North Lahontan,6694230.864296614,686889900,2021-12,2021.0,12.0,month,0.36412204724409447,0.36148031496062993,0.385736220472441,0.1805669291338583,0.5500157480314961,0.7727716535433071,0.32524409448818903,5150.34,5112.97,5456.06,2554.04,7779.72,10930.5,4600.43
1397,North Lahontan,6694230.864296614,686889900,2022-00,,,water_year,17.181913385826775,29.255740157480318,25.641673228346463,21.422677165354333,28.028070866141732,31.357917322834645,24.797208661417326,243030.21999999997,413808.9,362689.58999999997,303013.86,396444.07000000007,443543.23,350745.04000000004
1398,North Lahontan,6694230.864296614,686889900,2022-01,2022.0,1.0,month,0.6801732283464567,0.5384173228346457,0.5890157480314961,0.4277834645669292,0.7451062992125984,0.6451614173228347,0.40415354330708664,9620.74,7615.66,8331.36,6050.8,10539.18,9125.51,5716.56
1399,North Lahontan,6694230.864296614,686889900,2022-02,2022.0,2.0,month,0.970984251968504,1.0034960629921261,0.8245708661417323,0.5498582677165355,1.1382086614173228,0.8879173228346458,0.5480826771653544,13734.12,14193.99,11663.17,7777.49,16099.43,12559.18,7752.38
1400,North Lahontan,6694230.864296614,686889900,2022-03,2022.0,3.0,month,1.3346456692913387,2.0436929133858266,1.5813346456692914,1.3240669291338585,1.8975629921259842,1.7936811023622048,1.2078858267716537,18877.95,28907.09,22367.25,18728.31,26840.15,25370.79,17084.99
1401,North Lahontan,6694230.864296614,686889900,2022-04,2022.0,4.0,month,1.805952755905512,2.5974251968503936,2.391488188976378,2.0777677165354334,2.8233267716535435,2.93051968503937,2.0261535433070867,25544.37,36739.38,33826.49,29389.06,39934.65,41450.84,28659.0
1402,North Lahontan,6694230.864296614,686889900,2022-05,2022.0,5.0,month,2.6983110236220473,3.515972440944882,3.473149606299213,3.3033543307086615,4.210700787401575,3.737681102362205,3.320216535433071,38166.36,49731.8,49126.09,46724.42,59558.41,52867.77,46962.93
1403,North Lahontan,6694230.864296614,686889900,2022-06,2022.0,6.0,month,2.902244094488189,4.470539370078741,4.2934409448818895,4.261405511811024,4.5585472440944885,4.614196850393701,4.236015748031496,41050.9,63233.71,60728.73,60275.61,64478.54,65265.68,59916.48
1404,North Lahontan,6694230.864296614,686889900,2022-07,2022.0,7.0,month,2.3193858267716534,4.693114173228347,4.243145669291339,3.847716535433071,4.228082677165355,4.853645669291339,4.256062992125984,32806.64,66381.93,60017.33,54424.17,59804.27,68652.57,60200.04
1405,North Lahontan,6694230.864296614,686889900,2022-08,2022.0,8.0,month,1.817937007874016,4.21132283464567,3.3675393700787404,2.4535039370078744,3.0590590551181105,4.646129921259843,3.8499606299212603,25713.88,59567.21,47632.29,34703.68,43268.97,65717.36,54455.91
1406,North Lahontan,6694230.864296614,686889900,2022-09,2022.0,9.0,month,1.3823267716535435,3.1643818897637797,2.4678937007874016,1.7183267716535433,2.3557952755905514,3.56592125984252,2.746007874015748,19552.37,44758.72,34907.21,24304.94,33321.63,50438.31,38841.01
1407,North Lahontan,6694230.864296614,686889900,2022-10,2022.0,10.0,month,0.5566456692913386,1.9690905511811023,1.437779527559055,0.8378858267716536,1.5960905511811025,1.9540511811023622,1.4708031496062994,7873.5,27851.87,20336.73,11851.51,22575.96,27639.15,20803.83
1408,North Lahontan,6694230.864296614,686889900,2022-11,2022.0,11.0,month,0.29204724409448823,0.5527952755905512,0.4848425196850394,0.2572244094488189,0.6166771653543308,1.06751968503937,0.44193700787401574,4130.87,7819.03,6857.87,3638.32,8722.61,15099.57,6250.99
1409,North Lahontan,6694230.864296614,686889900,2022-12,2022.0,12.0,month,0.2968700787401575,0.09893307086614174,0.26148031496062996,0.17465354330708663,0.3633897637795276,0.7596023622047244,0.19672834645669293,4199.09,1399.36,3698.52,2470.39,5139.98,10744.22,2782.63
1410,North Lahontan,6694230.864296614,686889900,2023-00,,,water_year,22.42429133858268,29.384814960629924,27.82042519685039,26.002944881889764,28.945940944881894,33.77827559055118,24.928633858267716,317181.22,415634.58,393507.04000000004,367799.61,409426.94,477778.07,352604.0
1411,North Lahontan,6694230.864296614,686889900,2023-01,2023.0,1.0,month,0.6850551181102363,0.11149212598425198,0.4043976377952756,0.3416141732283465,0.4139566929133858,0.8491614173228347,0.1516181102362205,9689.79,1577.0,5720.02,4831.97,5855.23,12011.0,2144.57
1412,North Lahontan,6694230.864296614,686889900,2023-02,2023.0,2.0,month,1.1121653543307086,0.37664566929133864,0.8203661417322835,0.9092165354330709,0.844208661417323,1.013251968503937,0.25753937007874017,15731.06,5327.48,11603.7,12860.45,11940.94,14331.98,3642.78
1413,North Lahontan,6694230.864296614,686889900,2023-03,2023.0,3.0,month,1.5664409448818897,0.9046417322834647,1.3902637795275592,1.7118070866141732,1.3512992125984253,2.375409448818898,0.6405944881889765,22156.58,12795.74,19664.64,24212.72,19113.5,33599.07,9060.91
1414,North Lahontan,6694230.864296614,686889900,2023-04,2023.0,4.0,month,2.3228700787401575,2.250228346456693,2.2183779527559055,2.772681102362205,2.597259842519685,2.108905511811024,1.5194527559055118,32855.92,31828.44,31377.93,39218.29,36737.04,29829.49,21491.96
1415,North Lahontan,6694230.864296614,686889900,2023-05,2023.0,5.0,month,3.4133937007874016,3.954165354330709,3.8497755905511815,3.604311023622047,4.550232283464568,4.3960433070866145,3.3881102362204727,48280.87,55929.84,54453.29,50981.31,64360.93,62180.0,47923.25
1416,North Lahontan,6694230.864296614,686889900,2023-06,2023.0,6.0,month,4.073248031496063,4.8722204724409455,4.793173228346457,4.901433070866142,4.776283464566929,5.226086614173229,4.531858267716536,57614.21,68915.3,67797.22,69328.5,67558.32,73920.58,64101.04
1417,North Lahontan,6694230.864296614,686889900,2023-07,2023.0,7.0,month,3.871645669291339,6.411066929133859,5.370866141732283,4.699759842519685,4.942496062992126,6.042673228346457,5.665370078740158,54762.64,90681.57,75968.41,66475.93,69909.32,85470.81,80134.04
1418,North Lahontan,6694230.864296614,686889900,2023-08,2023.0,8.0,month,2.5459488188976382,4.553358267716535,3.9486811023622046,3.4700629921259845,3.8304015748031497,4.680019685039371,3.923393700787402,36011.27,64405.14,55852.27,49082.43,54179.26,66196.71,55494.59
1419,North Lahontan,6694230.864296614,686889900,2023-09,2023.0,9.0,month,1.68796062992126,3.330177165354331,2.8404212598425196,2.3222952755905513,3.0636456692913385,3.3055511811023623,2.741228346456693,23875.42,47103.81,40176.44,32847.79,43333.85,46755.49,38773.41
1420,North Lahontan,6694230.864296614,686889900,2023-10,2023.0,10.0,month,0.9932913385826773,2.3631062992125984,1.7386771653543307,1.1948425196850394,1.9646299212598428,2.1007559055118112,1.6802165354330711,14049.65,33425.04,24592.78,16900.49,27788.78,29714.22,23765.88
1421,North Lahontan,6694230.864296614,686889900,2023-11,2023.0,11.0,month,0.4495393700787402,1.1820433070866143,0.8991968503937009,0.5616102362204725,1.1993937007874016,1.3407834645669292,0.7395944881889763,6358.53,16719.46,12718.72,7943.72,16964.87,18964.76,10461.22
1422,North Lahontan,6694230.864296614,686889900,2023-12,2023.0,12.0,month,0.35488188976377955,0.56248031496063,0.5194685039370079,0.3047952755905512,0.8126141732283465,0.9282007874015749,0.4142165354330709,5019.64,7956.02,7347.64,4311.19,11494.05,13128.97,5858.9
1423,North Lahontan,6694230.864296614,686889900,2024-00,,,water_year,20.901645669291337,32.129728346456695,28.427641732283465,24.848444881889765,30.31112992125984,33.47638188976378,26.420641732283467,295644.11,454460.11999999994,402095.82,351469.77,428736.89,473507.92000000004,373707.75
1424,North Lahontan,6694230.864296614,686889900,2024-01,2024.0,1.0,month,0.4814212598425197,0.760232283464567,0.6763385826771653,0.3752677165354331,0.9319685039370079,1.1529251968503937,0.45184645669291346,6809.48,10753.13,9566.5,5307.99,13182.26,16307.59,6391.16
1425,North Lahontan,6694230.864296614,686889900,2024-02,2024.0,2.0,month,0.9718503937007874,0.980476377952756,0.9761417322834647,0.8783779527559056,1.0083976377952757,1.6366102362204724,0.6459448818897638,13746.37,13868.38,13807.07,12424.25,14263.32,23149.09,9136.59
1426,North Lahontan,6694230.864296614,686889900,2024-03,2024.0,3.0,month,1.760716535433071,1.9286692913385828,1.6426259842519688,1.1643976377952756,1.5448582677165357,2.1023385826771657,1.2443818897637795,24904.52,27280.13,23234.18,16469.87,21851.3,29736.61,17601.21
1427,North Lahontan,6694230.864296614,686889900,2024-04,2024.0,4.0,month,2.519688976377953,2.9890472440944884,2.7848425196850397,2.7073937007874016,3.2173543307086616,2.9035826771653546,2.1665039370078745,35639.83,42278.69,39390.31,38294.83,45507.99,41069.83,30644.2
1428,North Lahontan,6694230.864296614,686889900,2024-05,2024.0,5.0,month,3.670870078740158,4.026299212598426,4.0218031496063,3.9704685039370085,4.8219763779527565,4.0987244094488196,3.6585708661417327,51922.76,56950.14,56886.54,56160.44,68204.62,57974.56,51748.79
1429,North Lahontan,6694230.864296614,686889900,2024-06,2024.0,6.0,month,3.4862716535433074,5.051629921259843,4.763271653543307,4.765629921259842,4.845688976377953,4.943964566929134,4.71386220472441,49311.7,71452.97,67374.27,67407.63,68540.03,69930.09,66675.4
1430,North Lahontan,6694230.864296614,686889900,2024-07,2024.0,7.0,month,3.0790393700787404,5.239098425196851,4.55336220472441,4.398582677165355,4.298114173228346,5.03996062992126,4.419677165354331,43551.59,74104.62,64405.2,62215.92,60794.83,71287.91,62514.29
1431,North Lahontan,6694230.864296614,686889900,2024-08,2024.0,8.0,month,1.8573700787401575,4.19342125984252,3.4854881889763782,2.8480511811023628,3.3427874015748036,4.204133858267717,3.6567992125984254,26271.64,59314.0,49300.62,40284.37,47282.18,59465.53,51723.73
1432,North Lahontan,6694230.864296614,686889900,2024-09,2024.0,9.0,month,1.276704724409449,2.8532244094488193,2.3664251968503938,1.6790275590551182,2.3233464566929136,3.0244015748031496,2.629027559055118,18058.4,40357.54,33471.99,23749.07,32862.66,42778.76,37186.38
1433,North Lahontan,6694230.864296614,686889900,2024-10,2024.0,10.0,month,0.7476023622047244,2.09040157480315,1.5328582677165357,0.8506377952755907,1.5898228346456695,2.130614173228347,1.5740708661417324,10574.49,29567.76,21681.57,12031.88,22487.31,30136.55,22264.5
1434,North Lahontan,6694230.864296614,686889900,2024-11,2024.0,11.0,month,0.4003622047244095,0.8965826771653543,0.664759842519685,0.31674803149606306,0.7943385826771655,1.2736220472440947,0.5587047244094488,5662.94,12681.75,9402.72,4480.25,11235.55,18014.79,7902.62
1435,North Lahontan,6694230.864296614,686889900,2024-12,2024.0,12.0,month,0.4176496062992126,0.6010196850393701,0.5291181102362206,0.2528464566929134,0.6947716535433072,0.8911574803149607,0.44421259842519684,5907.46,8501.15,7484.13,3576.4,9827.22,12605.01,6283.18
1436,North Lahontan,6694230.864296614,686889900,2025-00,,,water_year,21.843622047244093,32.632877952755905,28.936649606299213,25.169027559055117,29.94385039370079,34.21922440944882,27.100311023622048,308967.92,461576.94999999995,409295.5,356004.23,423541.88999999996,484015.06,383321.35
1437,North Lahontan,6694230.864296614,686889900,2025-01,2025.0,1.0,month,0.5409448818897639,0.5525629921259843,0.4933740157480315,0.3158188976377953,0.5432598425196851,0.9179133858267717,0.2991023622047244,7651.41,7815.75,6978.55,4467.11,7684.16,12983.46,4230.66
1438,North Lahontan,6694230.864296614,686889900,2025-02,2025.0,2.0,month,0.8971220472440945,0.9115511811023623,0.9154566929133859,0.7781062992125984,0.97698031496063,1.478523622047244,0.5357007874015748,12689.38,12893.47,12948.71,11005.95,13818.93,20913.03,7577.24
1439,North Lahontan,6694230.864296614,686889900,2025-03,2025.0,3.0,month,1.3943543307086617,1.8950748031496065,1.4818267716535434,0.7458385826771653,1.9272244094488191,1.9265787401574803,0.9990078740157481,19722.5,26804.96,20959.75,10549.54,27259.7,27250.56,14130.5
1440,North Lahontan,6694230.864296614,686889900,2025-04,2025.0,4.0,month,2.2471338582677167,2.9835472440944883,2.637984251968504,2.340992125984252,2.9703307086614172,2.851275590551181,2.1862874015748033,31784.67,42200.89,37313.07,33112.25,42013.95,40329.97,30924.02
1441,North Lahontan,6694230.864296614,686889900,2025-05,2025.0,5.0,month,3.8798858267716536,4.661779527559055,4.391212598425197,4.324346456692913,4.795192913385827,4.493503937007874,4.126677165354331,54879.19,65938.71,62111.67,61165.88,67825.78,63558.53,58369.94
1442,North Lahontan,6694230.864296614,686889900,2025-06,2025.0,6.0,month,4.061724409448819,5.274547244094489,5.079027559055118,5.1742519685039365,4.9068031496063,5.340216535433071,5.039023622047244,57451.21,74606.03,71840.49,73187.4,69404.46,75534.89,71274.66
1443,North Lahontan,6694230.864296614,686889900,2025-07,2025.0,7.0,month,3.2333779527559052,5.1164370078740165,4.647913385826772,4.321484251968504,4.4755669291338585,5.239775590551182,4.736866141732284,45734.63,72369.63,65742.58,61125.39,63304.82,74114.2,67000.78
1444,North Lahontan,6694230.864296614,686889900,2025-08,2025.0,8.0,month,2.3831456692913386,4.354330708661418,3.9130629921259845,3.7146259842519687,3.6991377952755906,4.503708661417323,3.800917322834646,33708.49,61589.99,55348.46,52541.66,52322.59,63702.87,53762.22
1445,North Lahontan,6694230.864296614,686889900,2025-09,2025.0,9.0,month,1.6403188976377954,3.2950433070866145,2.6500551181102368,2.0333307086614174,2.57042125984252,3.172334645669291,2.799740157480315,23201.55,46606.86,37483.8,28760.52,36357.42,44871.2,39601.03
1446,North Lahontan,6694230.864296614,686889900,2025-10,2025.0,10.0,month,0.8407125984251969,1.951425196850394,1.6433188976377953,1.0398779527559057,1.9441496062992127,2.1811929133858268,1.494275590551181,11891.49,27602.01,23243.98,14708.59,27499.1,30851.96,21135.84
1447,North Lahontan,6694230.864296614,686889900,2025-11,2025.0,11.0,month,0.43972834645669295,1.2931377952755907,0.8707677165354331,0.3074488188976378,0.9690905511811023,1.4681692913385826,0.8029488188976378,6219.75,18290.84,12316.61,4348.72,13707.34,20766.57,11357.34
1448,North Lahontan,6694230.864296614,686889900,2025-12,2025.0,12.0,month,0.41105905511811025,0.9080472440944882,0.6493149606299212,0.28727165354330714,0.8827125984251969,0.9792992125984252,0.553740157480315,5814.24,12843.91,9184.26,4063.32,12485.56,13851.73,7832.4
1449,North Lahontan,6694230.864296614,686889900,2026-00,,,water_year,,,,,,,,,,,,,,
1450,Sacramento River,29687649.918718655,8997543000,2003-10,2003.0,10.0,month,1.4921023622047245,2.2007125984251967,1.7030984251968504,1.407228346456693,1.7963346456692915,1.8074645669291338,1.707232283464567,276454.81,407745.21,315547.89,260729.46,332822.58,334884.72,316313.81
1451,Sacramento River,29687649.918718655,8997543000,2003-11,2003.0,11.0,month,0.6636653543307086,0.8353700787401575,0.7684251968503938,0.3306181102362205,0.8418385826771654,1.4033464566929137,0.7467480314960631,122963.07,154776.3,142372.83,61256.5,155974.77,260010.23,138356.52
1452,Sacramento River,29687649.918718655,8997543000,2003-12,2003.0,12.0,month,0.48346850393700785,0.4128897637795276,0.5948661417322835,0.2006417322834646,0.9776535433070866,0.9744370078740158,0.5594448818897638,89576.42,76499.69,110216.04,37174.64,181138.39,180542.44,103653.23
1453,Sacramento River,29687649.918718655,8997543000,2004-00,,,water_year,32.97144881889764,33.41492125984252,33.22216535433071,29.39846062992126,37.678200787401586,35.69575196850394,31.148755905511816,6108907.75,6191073.76,6155360.17,5446909.069999999,6980968.719999999,6613663.15,5771201.559999999
1454,Sacramento River,29687649.918718655,8997543000,2004-01,2004.0,1.0,month,0.7614212598425197,0.5013582677165355,0.7691692913385827,0.47835826771653545,1.0139370078740157,1.1015078740157482,0.6965629921259843,141075.15,92891.02,142510.7,88629.61,187860.95,204085.97,129058.3
1455,Sacramento River,29687649.918718655,8997543000,2004-02,2004.0,2.0,month,1.2113385826771654,1.004496062992126,1.3686102362204726,1.1378503937007873,1.9463425196850395,1.8996968503937008,1.202011811023622,224435.26,186111.74,253574.35,210819.46,360615.85,351973.4,222707.21
1456,Sacramento River,29687649.918718655,8997543000,2004-03,2004.0,3.0,month,2.822236220472441,2.568771653543307,2.765665354330709,2.3081181102362205,4.073515748031496,2.9678858267716537,2.407503937007874,522900.31,475938.72,512418.93,427645.16,754735.77,549886.08,446059.24
1457,Sacramento River,29687649.918718655,8997543000,2004-04,2004.0,4.0,month,3.0389370078740154,3.2193779527559054,3.239937007874016,2.9940354330708665,4.1826338582677165,3.3057795275590554,2.723240157480315,563050.35,596482.22,600291.37,554731.04,774953.04,612490.59,504558.44
1458,Sacramento River,29687649.918718655,8997543000,2004-05,2004.0,5.0,month,4.263751968503938,4.180704724409448,4.124618110236221,3.3772992125984254,4.7944566929133865,3.9333858267716537,3.776429133858268,789982.5,774595.61,764203.95,625741.67,888310.79,728772.68,699691.95
1459,Sacramento River,29687649.918718655,8997543000,2004-06,2004.0,6.0,month,5.720834645669292,4.916972440944882,5.252374015748032,5.192448818897638,5.653657480314961,5.041192913385827,4.763208661417323,1059948.9,911010.35,973153.12,962050.26,1047502.41,934025.76,882521.19
1460,Sacramento River,29687649.918718655,8997543000,2004-07,2004.0,7.0,month,5.521366141732284,5.365094488188977,5.359515748031496,5.0214251968503945,5.38753937007874,5.540866141732284,5.278098425196851,1022991.64,994037.82,993004.2,930363.22,998196.38,1026604.57,977919.31
1461,Sacramento River,29687649.918718655,8997543000,2004-08,2004.0,8.0,month,4.345133858267717,4.862838582677165,4.42301968503937,4.263574803149607,4.156413385826772,4.6443661417322835,4.43786220472441,805060.83,900980.49,819491.41,789949.67,770094.94,860502.2,822241.42
1462,Sacramento River,29687649.918718655,8997543000,2004-09,2004.0,9.0,month,2.6471929133858265,3.3463346456692915,2.852866141732284,2.68686220472441,2.853877952755906,3.0758228346456695,2.8504133858267715,490468.51,620004.59,528575.38,497818.38,528762.85,569884.51,528120.94
1463,Sacramento River,29687649.918718655,8997543000,2004-10,2004.0,10.0,month,1.5295433070866142,2.0518346456692913,1.740948818897638,1.360720472440945,2.146212598425197,2.074992125984252,1.5329645669291339,283391.82,380161.29,322560.76,252112.54,397647.52,384451.88,284025.71
1464,Sacramento River,29687649.918718655,8997543000,2004-11,2004.0,11.0,month,1.0105629921259842,1.0419173228346457,1.1041456692913387,0.4898228346456693,1.5437519685039371,1.527220472440945,0.9895708661417324,187235.81,193045.11,204574.69,90753.75,286024.38,282961.45,183346.42
1465,Sacramento River,29687649.918718655,8997543000,2004-12,2004.0,12.0,month,0.7145708661417323,0.8199409448818897,0.8293779527559055,0.3912952755905512,1.1053110236220474,1.0370984251968505,0.772992125984252,132394.77,151917.61,153666.08,72498.69,204790.61,192152.27,143218.99
1466,Sacramento River,29687649.918718655,8997543000,2005-00,,,water_year,33.53112598425197,32.24993700787402,33.77804330708661,30.335870078740157,40.14817716535434,36.27854724409449,30.79825196850394,6212603.98,5975226.970000001,6258352.52,5620591.100000001,7438602.76,6721642.709999999,5706260.62
1467,Sacramento River,29687649.918718655,8997543000,2005-01,2005.0,1.0,month,0.9930905511811023,0.6544488188976378,0.853244094488189,0.41436614173228353,1.1530984251968504,1.0361299212598425,0.6650629921259843,183998.54,121255.44,158087.97,76773.23,213644.6,191972.82,123222.02
1468,Sacramento River,29687649.918718655,8997543000,2005-02,2005.0,2.0,month,1.3965551181102362,1.2027795275590552,1.4214881889763782,1.192724409448819,2.165736220472441,1.601677165354331,1.25646062992126,258751.94,222849.45,263371.51,220986.45,401264.83,296756.69,232795.41
1469,Sacramento River,29687649.918718655,8997543000,2005-03,2005.0,3.0,month,2.5576732283464567,2.0644055118110236,2.6695196850393703,2.8806062992125985,4.0235669291338585,2.958409448818898,2.101448818897638,473882.41,382490.41,494605.18,533715.04,745481.32,548130.31,389353.74
1470,Sacramento River,29687649.918718655,8997543000,2005-04,2005.0,4.0,month,3.2041377952755905,2.767137795275591,3.0874094488188977,2.8075354330708664,4.104728346456693,3.26898031496063,2.6416259842519687,593658.54,512691.74,572031.26,520176.56,760518.8,605672.48,489437.07
1471,Sacramento River,29687649.918718655,8997543000,2005-05,2005.0,5.0,month,3.9425826771653543,3.8098031496063,4.14603937007874,3.795007874015748,5.454086614173229,4.404866141732284,3.55942125984252,730476.66,705875.44,768172.86,703134.19,1010526.17,816127.95,659485.01
1472,Sacramento River,29687649.918718655,8997543000,2005-06,2005.0,6.0,month,4.829503937007874,4.437444881889764,4.734259842519686,4.529625984251968,5.077098425196851,4.68882283464567,4.387019685039371,894804.29,822164.1,877157.59,839243.29,940678.28,868739.08,812821.38
1473,Sacramento River,29687649.918718655,8997543000,2005-07,2005.0,7.0,month,6.0611456692913395,5.376562992125984,5.643437007874016,5.363570866141733,5.665003937007874,5.785803149606299,5.492137795275592,1123001.29,996162.69,1045608.77,993755.53,1049604.66,1071986.19,1017576.25
1474,Sacramento River,29687649.918718655,8997543000,2005-08,2005.0,8.0,month,4.566842519685039,4.927755905511812,4.668232283464567,4.477370078740158,4.578153543307087,4.905074803149606,4.62103937007874,846138.72,913008.29,864924.09,829561.39,848234.42,908805.97,856180.25
1475,Sacramento River,29687649.918718655,8997543000,2005-09,2005.0,9.0,month,2.724917322834646,3.0959055118110235,2.8799409448818896,2.633224409448819,3.1314291338582683,2.9894724409448816,2.778507874015748,504869.19,573605.4,533591.76,487880.44,580187.17,553885.62,514798.37
1476,Sacramento River,29687649.918718655,8997543000,2005-10,2005.0,10.0,month,1.419472440944882,2.062125984251969,1.6820393700787402,1.2018425196850395,2.028255905511811,1.8590826771653544,1.613287401574803,262998.03,382068.06,311646.1,222675.84,375792.65,344448.45,298907.82
1477,Sacramento River,29687649.918718655,8997543000,2005-11,2005.0,11.0,month,0.6898661417322836,1.089712598425197,1.014255905511811,0.5186771653543307,1.4891811023622048,1.4730984251968504,0.978240157480315,127817.51,201900.55,187920.03,96099.84,275913.56,272933.79,181247.08
1478,Sacramento River,29687649.918718655,8997543000,2005-12,2005.0,12.0,month,0.4682992125984252,0.6153267716535433,0.6613503937007875,0.3303228346456693,0.9925118110236222,1.0739015748031497,0.596748031496063,86765.88,114006.95,122534.15,61201.79,183891.32,198971.11,110564.71
1479,Sacramento River,29687649.918718655,8997543000,2006-00,,,water_year,32.46655905511811,32.381011811023626,32.81967322834645,27.65804724409449,38.85744881889764,36.61279527559055,30.320700787401577,6015362.42,5999512.34,6080786.95,5124447.5200000005,7199458.27,6783571.750000001,5617780.550000001
1480,Sacramento River,29687649.918718655,8997543000,2006-01,2006.0,1.0,month,0.7562952755905513,0.7993858267716536,0.879992125984252,0.42715354330708666,0.9872755905511811,1.4126299212598425,0.9229606299212599,140125.42,148109.18,163043.81,79142.46,182921.16,261730.26,171004.96
1481,Sacramento River,29687649.918718655,8997543000,2006-02,2006.0,2.0,month,1.332173228346457,1.358267716535433,1.3969015748031497,1.0791299212598426,1.9086653543307088,1.5524842519685043,1.280476377952756,246823.35,251658.1,258816.13,199939.81,353635.07,287642.29,237245.02
1482,Sacramento River,29687649.918718655,8997543000,2006-03,2006.0,3.0,month,1.5837519685039372,1.4990826771653545,1.8260826771653544,1.5230826771653545,2.8645984251968506,2.786956692913386,1.4346062992125985,293435.53,277748.12,338334.26,282194.8,530749.12,516363.76,265802.01
1483,Sacramento River,29687649.918718655,8997543000,2006-04,2006.0,4.0,month,2.8558425196850394,2.1748740157480317,2.842370078740158,2.391196850393701,4.633606299212599,3.482767716535433,2.376503937007874,529126.84,402957.87,526630.68,443037.89,858508.63,645282.74,440315.6
1484,Sacramento River,29687649.918718655,8997543000,2006-05,2006.0,5.0,month,4.483122047244095,4.112271653543307,4.315586614173228,3.8831141732283467,5.64709842519685,4.317043307086615,3.4558858267716537,830627.1,761916.42,799586.35,719458.41,1046287.15,799856.25,640302.09
1485,Sacramento River,29687649.918718655,8997543000,2006-06,2006.0,6.0,month,5.270145669291339,5.0327598425196856,4.944255905511811,4.191929133858268,5.170614173228346,4.7676338582677165,4.657346456692913,976445.83,932463.29,916065.39,776675.25,958004.76,883341.09,862907.18
1486,Sacramento River,29687649.918718655,8997543000,2006-07,2006.0,7.0,month,6.057322834645669,5.558570866141733,5.648625984251969,4.966594488188977,5.615224409448819,5.873173228346457,5.543023622047245,1122293.01,1029884.88,1046570.18,920204.26,1040381.58,1088174.0,1027004.31
1487,Sacramento River,29687649.918718655,8997543000,2006-08,2006.0,8.0,month,4.665188976377953,4.619228346456693,4.549043307086614,4.212838582677166,4.454385826771654,4.784913385826772,4.492858267716536,864360.23,855844.7,842840.91,780549.33,825302.89,886542.61,832431.02
1488,Sacramento River,29687649.918718655,8997543000,2006-09,2006.0,9.0,month,2.8850787401574807,3.4594055118110236,3.059169291338583,2.932165354330709,3.066031496062992,3.229110236220473,2.968763779527559,534543.69,640954.22,566798.96,543267.84,568070.38,598285.4,550048.75
1489,Sacramento River,29687649.918718655,8997543000,2006-10,2006.0,10.0,month,1.4052677165354333,1.9538385826771654,1.6400275590551183,1.3671299212598425,2.373669291338583,1.6770826771653546,1.4710236220472441,260366.2,362004.71,303862.2,253300.08,439790.4,310727.73,272549.37
1490,Sacramento River,29687649.918718655,8997543000,2006-11,2006.0,11.0,month,0.6054566929133859,0.8937677165354331,0.876736220472441,0.42233858267716534,1.4531062992125987,1.4908070866141734,0.7807677165354331,112178.24,165596.14,162440.56,78250.35,269229.67,276214.82,144659.64
1491,Sacramento River,29687649.918718655,8997543000,2006-12,2006.0,12.0,month,0.48734251968503944,0.8478622047244094,0.8156377952755905,0.3213425196850394,1.1908385826771655,1.2156535433070867,0.7931338582677167,90294.2,157090.82,151120.32,59537.93,220637.05,225234.73,146950.82
1492,Sacramento River,29687649.918718655,8997543000,2007-00,,,water_year,31.95083858267717,34.74030708661417,33.35854330708661,28.09866929133858,36.9086062992126,36.457925196850404,31.729748031496065,5919810.399999999,6436639.550000001,6180628.12,5206085.41,6838379.24,6754877.62,5878847.02
1493,Sacramento River,29687649.918718655,8997543000,2007-01,2007.0,1.0,month,0.8523661417322834,1.1730551181102362,1.014023622047244,0.4756850393700788,1.3666299212598427,1.0896929133858269,1.1342716535433073,157925.31,217342.15,187877.0,88134.31,253207.44,201896.91,210156.4
1494,Sacramento River,29687649.918718655,8997543000,2007-02,2007.0,2.0,month,1.0194409448818897,1.0943385826771654,1.1566496062992127,0.5067244094488189,1.2976653543307088,1.7066653543307087,1.2312952755905513,188880.71,202757.65,214302.56,93885.25,240429.77,316208.77,228132.81
1495,Sacramento River,29687649.918718655,8997543000,2007-03,2007.0,3.0,month,2.5372519685039374,2.351897637795276,2.402287401574803,1.652031496062992,2.8185551181102366,2.5048937007874015,2.233972440944882,470098.79,435756.58,445092.73,306086.28,522218.28,464103.49,413907.55
1496,Sacramento River,29687649.918718655,8997543000,2007-04,2007.0,4.0,month,3.064736220472441,2.889988188976378,3.1385511811023625,2.7402716535433074,3.4217795275590555,3.677251968503937,2.7198740157480317,567830.4,535453.3,581506.74,507714.02,633982.92,681316.53,503934.77
1497,Sacramento River,29687649.918718655,8997543000,2007-05,2007.0,5.0,month,4.631377952755906,4.864393700787402,4.5094015748031495,3.5220236220472443,5.115232283464567,4.41440157480315,4.1296889763779525,858095.77,901268.63,835496.14,652556.02,947743.68,817894.66,765143.48
1498,Sacramento River,29687649.918718655,8997543000,2007-06,2007.0,6.0,month,5.219964566929134,5.24542125984252,5.041759842519685,4.811909448818898,4.854834645669292,5.061751968503938,4.869216535433071,967148.34,971864.92,934130.8,891544.41,899497.54,937834.91,902162.19
1499,Sacramento River,29687649.918718655,8997543000,2007-07,2007.0,7.0,month,5.319590551181103,5.313838582677166,5.322874015748032,4.944354330708662,5.435397637795276,5.657968503937008,5.242838582677166,985606.91,984541.2,986215.27,916083.63,1007063.5,1048301.15,971386.41
1500,Sacramento River,29687649.918718655,8997543000,2007-08,2007.0,8.0,month,4.122027559055119,4.731669291338583,4.506704724409449,4.46153937007874,4.413413385826772,4.831889763779528,4.522464566929134,763723.98,876677.62,834996.47,826628.29,817711.57,895246.34,837916.43
1501,Sacramento River,29687649.918718655,8997543000,2007-09,2007.0,9.0,month,2.686015748031496,3.380236220472441,2.9338897637795274,2.873318897637795,3.167484251968504,3.1298661417322835,2.6012007874015746,497661.55,626285.83,543587.33,532364.84,586867.42,579897.58,481947.15
1502,Sacramento River,29687649.918718655,8997543000,2007-10,2007.0,10.0,month,1.2130866141732284,1.9026299212598425,1.7288818897637797,1.2555748031496063,2.250200787401575,2.2091299212598425,1.689208661417323,224759.13,352516.83,320325.02,232631.29,416914.32,409304.76,312974.41
1503,Sacramento River,29687649.918718655,8997543000,2007-11,2007.0,11.0,month,0.8068031496062992,1.294051181102362,1.1360472440944882,0.5784330708661417,1.6716141732283467,1.3601299212598426,1.2018622047244096,149483.45,239760.14,210485.38,107171.34,309714.53,252003.13,222679.49
1504,Sacramento River,29687649.918718655,8997543000,2007-12,2007.0,12.0,month,0.5905354330708661,0.9802795275590552,0.983228346456693,0.20778346456692914,1.4783937007874017,1.489267716535433,0.933251968503937,109413.65,181624.93,182171.29,38497.85,273914.89,275929.61,172911.73
1505,Sacramento River,29687649.918718655,8997543000,2008-00,,,water_year,32.184763779527565,34.79720078740158,33.53196850393701,27.049196850393702,36.2907125984252,37.13851968503937,33.62017322834646,5963151.739999999,6447180.74,6212760.130000001,5011640.4799999995,6723896.679999999,6880977.289999999,6229102.590000001
1506,Sacramento River,29687649.918718655,8997543000,2008-01,2008.0,1.0,month,0.6423818897637796,0.7776141732283465,0.8627795275590552,0.3011496062992126,1.1698779527559056,1.2723228346456694,0.8055039370078741,119019.69,144075.36,159854.68,55796.61,216753.49,235734.34,149242.74
1507,Sacramento River,29687649.918718655,8997543000,2008-02,2008.0,2.0,month,1.4835669291338585,1.2291220472440945,1.4003425196850394,0.7073582677165354,1.3613307086614175,1.9060629921259844,1.4463346456692914,274873.38,227730.16,259453.67,131058.43,252225.61,353152.91,267975.03
1508,Sacramento River,29687649.918718655,8997543000,2008-03,2008.0,3.0,month,2.3523937007874016,2.1807519685039374,2.2846141732283467,1.6793267716535434,2.824889763779528,2.3526732283464566,2.1951299212598427,435848.49,404046.93,423290.38,311143.51,523391.95,435900.28,406710.86
1509,Sacramento River,29687649.918718655,8997543000,2008-04,2008.0,4.0,month,2.8725118110236223,2.7903228346456697,3.0188661417322833,2.790059055118111,3.9307598425196852,3.237464566929134,2.6684055118110237,532215.3,516987.44,559331.65,516938.56,728286.14,599833.28,494398.75
1510,Sacramento River,29687649.918718655,8997543000,2008-05,2008.0,5.0,month,4.260393700787402,4.512885826771654,4.410263779527559,3.630212598425197,4.800570866141732,4.565389763779527,4.53607874015748,789360.28,836141.7,817128.02,672601.13,889443.61,845869.56,840438.85
1511,Sacramento River,29687649.918718655,8997543000,2008-06,2008.0,6.0,month,5.349169291338582,5.03178346456693,5.009897637795276,4.6411811023622045,4.528409448818898,5.149559055118111,5.083562992125985,991087.22,932282.39,928227.41,859912.08,839017.89,954103.7,941876.03
1512,Sacramento River,29687649.918718655,8997543000,2008-07,2008.0,7.0,month,5.8668661417322845,5.336661417322834,5.296433070866143,4.6463228346456695,5.329098425196851,5.438074803149607,5.207948818897639,1087005.43,988769.78,981316.33,860864.73,987368.52,1007559.52,964922.08
1513,Sacramento River,29687649.918718655,8997543000,2008-08,2008.0,8.0,month,4.103669291338583,5.085625984251969,4.480062992125984,3.8679488188976383,4.104224409448819,5.052499999999999,4.877767716535433,760322.58,942258.26,830060.32,716648.6,760425.43,936120.72,903746.55
1514,Sacramento River,29687649.918718655,8997543000,2008-09,2008.0,9.0,month,2.6433858267716537,3.675472440944882,2.9205511811023626,2.7438464566929137,2.84134251968504,3.1059448818897644,2.9751181102362207,489763.14,680986.82,541115.98,508376.35,526440.3,575465.48,551226.07
1515,Sacramento River,29687649.918718655,8997543000,2008-10,2008.0,10.0,month,1.1717952755905512,1.9980511811023625,1.6479173228346458,1.0698307086614174,1.7918110236220475,1.947681102362205,1.9118385826771653,217108.73,370196.36,305324.01,198216.86,331984.45,360863.86,354223.0
1516,Sacramento River,29687649.918718655,8997543000,2008-11,2008.0,11.0,month,0.8343622047244095,1.0098897637795277,1.026531496062992,0.6078307086614174,1.9163070866141734,1.3561181102362205,0.966492125984252,154589.56,187111.08,190194.44,112618.09,355050.92,251259.82,179070.42
1517,Sacramento River,29687649.918718655,8997543000,2008-12,2008.0,12.0,month,0.6304685039370079,0.6431220472440945,0.6588858267716536,0.2963740157480315,0.8973188976377953,0.8210984251968504,0.5847795275590552,116812.4,119156.83,122077.52,54911.8,166254.09,152132.06,108347.2
1518,Sacramento River,29687649.918718655,8997543000,2009-00,,,water_year,30.534051181102363,34.00935433070866,33.19555511811024,28.814889763779526,37.76002755905512,36.14141338582678,31.63585433070866,5657309.840000001,6301209.539999999,6150429.87,5338785.82,6996129.46,6696234.709999999,5861450.509999999
1519,Sacramento River,29687649.918718655,8997543000,2009-01,2009.0,1.0,month,0.8806653543307087,0.9753779527559056,0.9923307086614175,0.5866259842519685,1.1222874015748032,1.2605551181102361,1.063755905511811,163168.55,180716.78,183857.76,108689.31,207935.97,233554.04,197091.33
1520,Sacramento River,29687649.918718655,8997543000,2009-02,2009.0,2.0,month,0.9784015748031497,0.991748031496063,1.1877992125984254,0.6482086614173229,1.6110708661417323,1.7569448818897637,1.192444881889764,181276.99,183749.8,220073.91,120099.27,298497.14,325524.49,220934.66
1521,Sacramento River,29687649.918718655,8997543000,2009-03,2009.0,3.0,month,2.309393700787402,2.173992125984252,2.362409448818898,1.66951968503937,3.2122992125984253,2.7406102362204727,2.1713149606299216,427881.5,402794.47,437704.19,309326.47,595170.68,507776.75,402298.45
1522,Sacramento River,29687649.918718655,8997543000,2009-04,2009.0,4.0,month,2.7651220472440947,2.8873307086614175,3.121224409448819,3.3026062992125986,3.9401535433070864,3.2375629921259845,2.4378503937007876,512318.27,534960.93,578296.45,611902.66,730026.59,599851.52,451681.79
1523,Sacramento River,29687649.918718655,8997543000,2009-05,2009.0,5.0,month,4.08928346456693,4.462811023622048,4.356787401574803,2.8144133858267715,5.338937007874017,4.4764803149606305,4.1912125984251976,757657.19,826863.9,807219.98,521450.9,989191.4,829396.53,776542.49
1524,Sacramento River,29687649.918718655,8997543000,2009-06,2009.0,6.0,month,4.6909881889763785,5.065192913385827,4.967019685039371,5.386799212598426,5.142255905511812,4.868370078740158,4.376291338582678,869140.27,938472.45,920283.04,998059.25,952750.58,902005.36,810833.65
1525,Sacramento River,29687649.918718655,8997543000,2009-07,2009.0,7.0,month,5.585051181102362,5.276917322834646,5.487728346456692,5.431740157480315,5.493366141732284,5.694716535433072,5.321811023622048,1034791.12,977700.47,1016759.27,1006385.85,1017803.83,1055109.78,986018.32
1526,Sacramento River,29687649.918718655,8997543000,2009-08,2009.0,8.0,month,4.115633858267716,4.82386220472441,4.425133858267716,4.3588031496063,4.436677165354331,4.654846456692914,4.310582677165354,762539.36,893759.0,819883.13,807593.46,822021.85,862443.98,798659.23
1527,Sacramento River,29687649.918718655,8997543000,2009-09,2009.0,9.0,month,2.482885826771654,3.7010590551181104,2.9617874015748034,2.6421377952755907,2.857543307086614,3.3264291338582677,3.1074803149606303,460025.9,685727.47,548756.17,489531.9,529441.96,616316.52,575749.97
1528,Sacramento River,29687649.918718655,8997543000,2009-10,2009.0,10.0,month,1.3823307086614172,1.9640314960629923,1.7888425196850395,1.200488188976378,2.5585984251968505,2.110102362204725,1.7523228346456694,256116.46,363893.24,331434.45,222424.91,474053.83,390957.06,324668.13
1529,Sacramento River,29687649.918718655,8997543000,2009-11,2009.0,11.0,month,0.758232283464567,1.1869251968503938,1.094476377952756,0.4816496062992126,1.6003543307086616,1.3108937007874017,1.1700314960629923,140484.3,219911.98,202783.18,89239.42,296511.6,242880.7,216781.93
1530,Sacramento River,29687649.918718655,8997543000,2009-12,2009.0,12.0,month,0.5390511811023623,0.5603031496062992,0.6590118110236222,0.33965354330708664,1.010472440944882,0.8873385826771654,0.5868622047244095,99874.71,103812.25,122100.86,62930.57,187219.04,164404.95,108733.08
1531,Sacramento River,29687649.918718655,8997543000,2010-00,,,water_year,31.882314960629923,32.06844488188977,32.97931496062992,28.1864094488189,37.93294094488189,35.28043700787402,31.429472440944885,5907114.42,5941600.35,6110365.19,5222341.78,7028166.630000001,6536714.100000001,5823212.33
1532,Sacramento River,29687649.918718655,8997543000,2010-01,2010.0,1.0,month,0.6918188976377952,0.5638228346456693,0.7708779527559056,0.26478346456692914,1.259952755905512,1.0410866141732285,0.6305118110236221,128179.32,104464.37,142827.28,49058.74,233442.43,192891.19,116820.42
1533,Sacramento River,29687649.918718655,8997543000,2010-02,2010.0,2.0,month,1.1901614173228348,1.0198110236220472,1.2339291338582679,0.6875787401574804,2.020527559055118,1.54696062992126,0.9743267716535434,220511.58,188949.28,228620.81,127393.71,374360.75,286618.88,180522.01
1534,Sacramento River,29687649.918718655,8997543000,2010-03,2010.0,3.0,month,2.523464566929134,2.09590157480315,2.3639803149606298,1.7628228346456694,3.0968425196850395,2.573322834645669,2.031448818897638,467544.28,388325.96,437995.24,326613.55,573779.01,476781.95,376384.23
1535,Sacramento River,29687649.918718655,8997543000,2010-04,2010.0,4.0,month,2.8826220472440944,2.3891259842519688,2.9046181102362203,2.5422755905511814,3.9427440944881895,3.5712086614173226,2.2288937007874017,534088.52,442654.2,538163.92,471029.56,730506.57,661668.96,412966.57
1536,Sacramento River,29687649.918718655,8997543000,2010-05,2010.0,5.0,month,3.643929133858268,3.592228346456693,3.685055118110236,3.1296496062992127,3.755251968503937,3.9033503937007876,3.7696338582677167,675142.52,665563.46,682762.29,579857.46,695768.27,723207.75,698432.93
1537,Sacramento River,29687649.918718655,8997543000,2010-06,2010.0,6.0,month,4.825736220472441,5.011204724409449,4.963677165354331,4.801814960629922,4.871062992125984,4.460212598425197,5.061535433070866,894106.22,928469.58,919663.74,889674.12,902504.3,826382.47,937794.79
1538,Sacramento River,29687649.918718655,8997543000,2010-07,2010.0,7.0,month,6.115586614173229,5.309582677165355,5.595488188976379,5.330570866141732,5.698787401574804,5.611220472440945,5.3602992125984255,1133088.04,983752.67,1036724.87,987641.33,1055864.02,1039639.73,993149.36
1539,Sacramento River,29687649.918718655,8997543000,2010-08,2010.0,8.0,month,4.542925196850394,4.684736220472441,4.679795275590552,4.502031496062992,4.786468503937008,4.854484251968504,4.614051181102362,841707.35,867981.92,867066.47,834130.62,886830.74,899432.62,854885.48
1540,Sacramento River,29687649.918718655,8997543000,2010-09,2010.0,9.0,month,2.786456692913386,3.6907716535433073,3.2395629921259843,3.143090551181103,3.3318779527559057,3.4102559055118116,3.2495551181102367,516271.12,683821.44,600222.08,582347.79,617326.07,631847.84,602073.4
1541,Sacramento River,29687649.918718655,8997543000,2010-10,2010.0,10.0,month,1.487003937007874,2.1382913385826776,1.8265669291338582,1.497720472440945,2.5567559055118108,2.0097992125984256,1.6683228346456693,275510.18,396179.88,338423.98,277495.73,473712.45,372373.02,309104.71
1542,Sacramento River,29687649.918718655,8997543000,2010-11,2010.0,11.0,month,0.9021141732283464,1.2193897637795277,1.1441456692913385,0.6181614173228347,1.9574055118110236,1.4318543307086615,1.032279527559055,167142.56,225926.97,211985.84,114532.15,362665.58,265292.13,191259.43
1543,Sacramento River,29687649.918718655,8997543000,2010-12,2010.0,12.0,month,0.4850472440944882,0.6329291338582678,0.6719606299212598,0.3447322834645669,1.0511102362204725,0.9994291338582678,0.5599566929133858,89868.93,117268.3,124500.0,63871.56,194748.36,185172.95,103748.06
1544,Sacramento River,29687649.918718655,8997543000,2011-00,,,water_year,32.14030708661417,32.288779527559065,33.1088188976378,27.93487795275591,39.20222047244094,35.47649212598425,30.787511811023627,5954914.880000001,5982423.659999999,6134359.49,5175738.359999999,7263337.109999999,6573038.95,5704270.7
1545,Sacramento River,29687649.918718655,8997543000,2011-01,2011.0,1.0,month,0.9944330708661419,0.794263779527559,0.9422992125984253,0.3839763779527559,1.2060984251968503,1.1305590551181104,0.797716535433071,184247.28,147160.17,174587.99,71142.65,223464.37,209468.53,147799.9
1546,Sacramento River,29687649.918718655,8997543000,2011-02,2011.0,2.0,month,1.191748031496063,1.5996062992125986,1.3414842519685042,0.7435669291338584,1.4878622047244094,1.6536141732283467,1.3453858267716536,220805.55,296373.0,248548.48,137767.13,275669.2,306379.51,249271.36
1547,Sacramento River,29687649.918718655,8997543000,2011-03,2011.0,3.0,month,1.6910472440944881,1.6165354330708663,1.8302992125984254,1.3341535433070868,2.0477755905511814,2.448527559055118,1.802224409448819,313315.06,299509.61,339115.49,247190.26,379409.23,453660.05,333913.83
1548,Sacramento River,29687649.918718655,8997543000,2011-04,2011.0,4.0,month,2.9588543307086614,2.860748031496063,3.069732283464567,3.3127913385826777,4.187740157480315,2.750948818897638,2.441606299212599,548212.74,530035.73,568756.06,613789.73,775899.12,509692.27,452377.68
1549,Sacramento River,29687649.918718655,8997543000,2011-05,2011.0,5.0,month,3.816696850393701,3.5927992125984254,3.7425039370078745,1.9862716535433074,4.701933070866143,4.155228346456693,3.2569251968503936,707152.7,665669.23,693406.33,368013.86,871168.13,769875.38,603438.92
1550,Sacramento River,29687649.918718655,8997543000,2011-06,2011.0,6.0,month,4.798775590551181,4.347204724409449,4.671031496062993,4.435913385826772,5.167507874015749,4.648468503937008,4.270326771653544,889110.99,805444.52,865442.72,821880.34,957429.23,861262.28,791200.67
1551,Sacramento River,29687649.918718655,8997543000,2011-07,2011.0,7.0,month,5.875543307086614,5.25448031496063,5.744374015748033,5.865649606299213,6.56136220472441,5.5991141732283465,5.376437007874016,1088613.13,973543.37,1064310.25,1086780.04,1215680.77,1037396.69,996139.35
1552,Sacramento River,29687649.918718655,8997543000,2011-08,2011.0,8.0,month,4.880692913385827,4.636409448818898,4.767724409448819,4.400992125984252,4.775267716535433,5.064507874015748,4.784145669291339,904288.52,859028.0,883357.86,815410.18,884755.48,938345.52,886400.37
1553,Sacramento River,29687649.918718655,8997543000,2011-09,2011.0,9.0,month,3.058350393700788,3.5961220472440947,3.3566968503937007,3.0109488188976377,3.5014015748031495,3.58444094488189,3.4521850393700793,566647.24,666284.88,621924.49,557864.73,648735.19,664120.62,639616.42
1554,Sacramento River,29687649.918718655,8997543000,2011-10,2011.0,10.0,month,1.6066889763779528,2.1404055118110237,1.8962874015748032,1.4698425196850395,2.5858228346456698,2.232645669291339,1.6865039370078743,297685.27,396571.59,351341.7,272330.54,479097.94,413661.73,312473.29
1555,Sacramento River,29687649.918718655,8997543000,2011-11,2011.0,11.0,month,0.7145826771653544,1.1394803149606298,0.9348779527559056,0.584992125984252,1.3965196850393702,1.2657874015748034,0.8045472440944883,132396.96,211121.45,173212.99,108386.59,258745.38,234523.47,149065.48
1556,Sacramento River,29687649.918718655,8997543000,2011-12,2011.0,12.0,month,0.5442125984251969,1.0346338582677166,0.9073661417322836,0.4759212598425197,1.6099645669291338,0.9088582677165356,1.0474409448818898,100831.01,191695.63,168115.63,88178.08,298292.17,168392.09,194068.51
1557,Sacramento River,29687649.918718655,8997543000,2012-00,,,water_year,31.725866141732286,32.78526771653544,33.4555157480315,28.986523622047248,37.83543307086614,36.22084251968504,32.207795275590556,5878127.779999999,6074412.329999999,6198595.05,5370585.91,7010100.53,6710951.249999999,5967418.99
1558,Sacramento River,29687649.918718655,8997543000,2012-01,2012.0,1.0,month,0.6328740157480315,0.9686102362204725,0.8830472440944883,0.3128937007874016,1.0696614173228347,1.149263779527559,0.9633582677165355,117258.09,179462.86,163609.86,57972.54,198185.5,212934.12,178489.78
1559,Sacramento River,29687649.918718655,8997543000,2012-02,2012.0,2.0,month,1.2748307086614172,1.4703543307086615,1.4066299212598425,0.6666614173228347,2.0998188976377956,1.6788228346456693,1.2561850393700789,236199.0,272425.36,260618.59,123518.17,389051.75,311050.14,232744.35
1560,Sacramento River,29687649.918718655,8997543000,2012-03,2012.0,3.0,month,1.6380629921259844,1.6015787401574806,1.854220472440945,1.5041535433070867,2.6960314960629925,2.442397637795276,1.5483700787401575,303498.21,296738.45,343547.59,278687.64,499517.26,452524.3,286880.02
1561,Sacramento River,29687649.918718655,8997543000,2012-04,2012.0,4.0,month,3.3508503937007874,2.459732283464567,3.171893700787402,3.147496062992126,3.6703228346456696,3.5810551181102364,2.518744094488189,620841.26,455736.04,587684.4,583164.03,680032.71,663493.3,466669.68
1562,Sacramento River,29687649.918718655,8997543000,2012-05,2012.0,5.0,month,4.417263779527559,3.941287401574803,4.189425196850394,2.9041614173228347,4.236027559055119,4.245279527559055,4.280161417322835,818424.97,730236.67,776211.33,538079.3,784845.75,786559.95,793022.82
1563,Sacramento River,29687649.918718655,8997543000,2012-06,2012.0,6.0,month,4.952649606299214,4.80286220472441,5.036377952755906,4.7187598425196855,5.13009842519685,4.877188976377953,5.066562992125984,917620.57,889868.15,933133.65,874285.77,950498.06,903639.32,938726.29
1564,Sacramento River,29687649.918718655,8997543000,2012-07,2012.0,7.0,month,5.363488188976378,5.132248031496064,5.3954842519685045,5.440870078740158,5.568125984251968,5.528818897637795,5.286110236220473,993740.21,950896.33,999668.4,1008077.43,1031655.24,1024372.47,979403.72
1565,Sacramento River,29687649.918718655,8997543000,2012-08,2012.0,8.0,month,4.395220472440945,4.6283385826771655,4.694338582677165,4.629405511811024,4.640208661417323,5.089527559055118,4.82557874015748,814340.81,857532.64,869761.03,857730.32,859731.91,942981.14,894077.04
1566,Sacramento River,29687649.918718655,8997543000,2012-09,2012.0,9.0,month,2.835141732283465,3.4657362204724413,3.0855669291338588,3.1313661417322836,3.1328307086614173,3.2211968503937007,2.924232283464567,525291.42,642127.16,571689.88,580175.5,580446.86,596819.22,541798.01
1567,Sacramento River,29687649.918718655,8997543000,2012-10,2012.0,10.0,month,1.6129724409448818,2.1754133858267717,1.8470314960629923,1.6520826771653543,2.3631535433070865,1.9759645669291341,1.5146062992125984,298849.46,403057.8,342215.63,306095.76,437842.06,366104.18,280624.31
1568,Sacramento River,29687649.918718655,8997543000,2012-11,2012.0,11.0,month,0.8058897637795276,0.9694724409448819,0.979968503937008,0.6479094488188977,1.427255905511811,1.432023622047244,0.7853661417322835,149314.22,179622.61,181567.31,120043.83,264440.14,265323.5,145511.63
1569,Sacramento River,29687649.918718655,8997543000,2012-12,2012.0,12.0,month,0.5984015748031497,0.6286023622047244,0.7860433070866142,0.40628740157480314,1.043271653543307,1.2225984251968505,0.7490905511811025,110871.08,116466.64,145637.1,75276.41,193296.03,226521.47,138790.54
1570,Sacramento River,29687649.918718655,8997543000,2013-00,,,water_year,32.41225196850394,34.219771653543305,35.00418110236221,29.061066929133858,39.15834645669292,38.47243307086614,34.885736220472445,6005300.48,6340195.4,6485529.78,5384397.209999999,7255208.21,7128123.0600000005,6463584.449999999
1571,Sacramento River,29687649.918718655,8997543000,2013-01,2013.0,1.0,month,0.9738622047244095,0.7993700787401574,0.9986377952755906,0.40275984251968505,1.1827598425196852,1.2141771653543307,0.9584685039370079,180435.94,148106.26,185026.33,74622.83,219140.23,224961.19,177583.81
1572,Sacramento River,29687649.918718655,8997543000,2013-02,2013.0,2.0,month,1.4881102362204726,1.367740157480315,1.4837598425196852,0.6897795275590551,2.1989094488188976,1.5893543307086615,1.4951417322834646,275715.16,253413.14,274909.12,127801.47,407411.12,294473.53,277017.94
1573,Sacramento River,29687649.918718655,8997543000,2013-03,2013.0,3.0,month,2.0305511811023624,1.9200472440944882,2.069665354330709,0.7331614173228347,2.2355393700787403,2.6681259842519687,2.1278622047244093,376217.92,355743.89,383464.94,135839.21,414197.87,494346.96,394247.58
1574,Sacramento River,29687649.918718655,8997543000,2013-04,2013.0,4.0,month,3.0090669291338585,2.844314960629921,3.2555984251968506,2.456240157480315,3.526976377952756,3.8358464566929134,3.728031496062992,557516.06,526991.03,603193.1,455089.03,653473.66,710700.71,690724.89
1575,Sacramento River,29687649.918718655,8997543000,2013-05,2013.0,5.0,month,4.319102362204725,4.383692913385827,4.479220472440945,3.437929133858268,5.465614173228348,4.445074803149606,4.3121968503937005,800237.75,812205.0,829904.22,636975.1,1012661.98,823577.76,798958.3
1576,Sacramento River,29687649.918718655,8997543000,2013-06,2013.0,6.0,month,5.083740157480316,4.8637086614173235,5.3587913385826775,5.487362204724409,5.725,5.4465944881889765,5.201212598425197,941908.86,901141.7,992869.99,1016691.43,1060720.66,1009138.04,963674.0
1577,Sacramento River,29687649.918718655,8997543000,2013-07,2013.0,7.0,month,5.647870078740159,5.935133858267717,5.9280984251968505,5.519007874015748,6.084625984251969,6.199078740157481,6.189629921259843,1046430.12,1099653.99,1098350.47,1022554.7,1127351.7,1148557.36,1146806.69
1578,Sacramento River,29687649.918718655,8997543000,2013-08,2013.0,8.0,month,4.2680629921259845,4.931472440944882,4.666799212598425,4.574838582677166,4.604448818897638,4.924909448818898,4.720413385826772,790781.24,913696.89,864658.57,847620.22,853106.37,912480.91,874592.14
1579,Sacramento River,29687649.918718655,8997543000,2013-09,2013.0,9.0,month,2.5746220472440946,3.400803149606299,3.1505669291338583,3.053708661417323,3.3007913385826777,3.518685039370079,3.103716535433071,477022.67,630096.45,583733.0,565787.22,611566.39,651937.45,575052.62
1580,Sacramento River,29687649.918718655,8997543000,2013-10,2013.0,10.0,month,1.2616653543307088,2.047964566929134,1.6747165354330709,1.3932992125984254,1.921267716535433,1.7152874015748032,1.7874763779527558,233759.74,379444.25,310289.33,258148.69,355970.02,317806.25,331181.33
1581,Sacramento River,29687649.918718655,8997543000,2013-11,2013.0,11.0,month,0.635763779527559,1.2136929133858267,1.0661141732283466,0.6888228346456693,1.6151889763779528,1.3640984251968504,1.0031653543307086,117793.5,224871.47,197528.27,127624.21,299260.14,252738.41,185865.19
1582,Sacramento River,29687649.918718655,8997543000,2013-12,2013.0,12.0,month,0.5103976377952756,0.9436968503937008,0.6776496062992126,0.2563425196850394,0.7717992125984252,0.8544488188976378,0.8051338582677166,94565.82,174846.94,125554.05,47494.81,142997.97,158311.18,149174.17
1583,Sacramento River,29687649.918718655,8997543000,2014-00,,,water_year,29.661185039370082,32.97833858267717,32.35302755905512,27.784094488188977,34.55708661417322,35.89563779527559,32.87961023622047,5495586.33,6110184.2700000005,5994327.45,5147801.380000001,6402692.679999999,6650697.73,6091892.01
1584,Sacramento River,29687649.918718655,8997543000,2014-01,2014.0,1.0,month,0.5233582677165355,1.0563464566929135,0.7893622047244095,0.5782874015748032,0.8698700787401575,0.9630511811023623,0.9391220472440945,96967.15,195718.52,146252.02,107144.35,161168.41,178432.89,173999.33
1585,Sacramento River,29687649.918718655,8997543000,2014-02,2014.0,2.0,month,0.8861732283464567,1.025452755905512,1.0095905511811023,0.6550157480314961,1.1880826771653543,1.4707047244094489,0.86648031496063,164189.04,189994.57,187055.64,121360.48,220126.43,272490.28,160540.36
1586,Sacramento River,29687649.918718655,8997543000,2014-03,2014.0,3.0,month,1.9481771653543307,1.9580551181102364,2.142314960629921,1.4039251968503939,2.457866141732284,2.884673228346457,2.3053503937007878,360955.77,362785.94,396925.37,260117.46,455390.29,534468.56,427132.36
1587,Sacramento River,29687649.918718655,8997543000,2014-04,2014.0,4.0,month,3.164279527559055,2.9137165354330707,3.245645669291339,2.875240157480315,3.828988188976378,3.527114173228347,2.9073188976377953,586273.65,539849.66,601349.07,532720.81,709430.02,653499.19,538664.32
1588,Sacramento River,29687649.918718655,8997543000,2014-05,2014.0,5.0,month,4.083669291338583,4.165338582677165,4.3389921259842525,3.4065393700787405,4.8704133858267715,4.576944881889764,4.391952755905512,756617.01,771748.59,803922.9,631159.24,902383.94,848010.48,813735.37
1589,Sacramento River,29687649.918718655,8997543000,2014-06,2014.0,6.0,month,4.921035433070866,4.99288188976378,5.1018031496063,5.490307086614173,5.014858267716535,5.005826771653544,4.899511811023622,911763.13,925074.75,945255.54,1017237.05,929146.51,927473.16,907775.26
1590,Sacramento River,29687649.918718655,8997543000,2014-07,2014.0,7.0,month,5.2687519685039375,4.878917322834646,5.0335787401574805,4.289318897637796,4.565629921259843,5.506696850393701,5.587173228346456,976187.61,903959.54,932615.01,794719.5,845914.06,1020273.73,1035184.29
1591,Sacramento River,29687649.918718655,8997543000,2014-08,2014.0,8.0,month,3.911728346456693,4.422141732283465,4.183791338582677,3.8338661417322837,4.169728346456694,4.581748031496064,4.304307086614174,724760.01,819328.75,775167.49,710333.8,772561.92,848900.4,797496.5
1592,Sacramento River,29687649.918718655,8997543000,2014-09,2014.0,9.0,month,2.546185039370079,3.3601338582677163,3.089468503937008,2.9131299212598427,3.2833937007874017,3.445043307086614,3.0826181102362207,471753.9,622561.29,572412.76,539740.98,608342.97,638293.2,571143.53
1593,Sacramento River,29687649.918718655,8997543000,2014-10,2014.0,10.0,month,1.30748031496063,1.992468503937008,1.6873740157480315,1.2704173228346458,1.8291023622047247,1.9506377952755907,1.861,242248.28,369162.01,312634.49,235381.29,338893.74,361411.67,344803.69
1594,Sacramento River,29687649.918718655,8997543000,2014-11,2014.0,11.0,month,0.7436220472440946,1.023188976377953,0.9185236220472441,0.6206692913385827,1.24796062992126,1.2938188976377953,0.7718622047244095,137777.34,189575.14,170182.88,114996.81,231220.54,239717.11,143009.64
1595,Sacramento River,29687649.918718655,8997543000,2014-12,2014.0,12.0,month,0.3924055118110237,0.8945708661417324,0.7585984251968504,0.21175590551181103,0.8742834645669292,1.2365669291338584,0.9169606299212599,72704.39,165744.94,140552.14,39233.86,161986.12,229109.53,169893.29
1596,Sacramento River,29687649.918718655,8997543000,2015-00,,,water_year,30.023011811023625,33.6639251968504,32.819066929133854,27.550137795275592,37.456763779527556,36.11847637795275,32.33905118110236,5562625.12,6237208.87,6080674.62,5104454.16,6939941.160000001,6691984.97,5991737.909999999
1597,Sacramento River,29687649.918718655,8997543000,2015-01,2015.0,1.0,month,0.9149566929133858,1.050511811023622,0.9629015748031496,0.537763779527559,1.1789330708661419,0.9213779527559055,1.0856732283464567,169522.0,194637.48,178405.17,99636.18,218431.21,170711.73,201152.14
1598,Sacramento River,29687649.918718655,8997543000,2015-02,2015.0,2.0,month,1.3530984251968503,1.4676692913385827,1.513259842519685,1.1035118110236222,1.975755905511811,1.7601299212598425,1.4424015748031498,250700.34,271927.88,280374.84,204457.25,366065.52,326114.61,267246.31
1599,Sacramento River,29687649.918718655,8997543000,2015-03,2015.0,3.0,month,2.178377952755906,2.318224409448819,2.384015748031496,2.003133858267717,3.3843070866141733,2.5826299212598425,2.1908818897637796,403607.07,429517.64,441707.38,371138.07,627040.08,478506.36,405923.79
1600,Sacramento River,29687649.918718655,8997543000,2015-04,2015.0,4.0,month,3.1163267716535437,2.914035433070866,3.314185039370079,2.9133503937007874,4.3215669291338585,3.814622047244095,2.8720472440944884,577389.03,539908.75,614047.95,539781.82,800694.38,706768.28,532129.23
1601,Sacramento River,29687649.918718655,8997543000,2015-05,2015.0,5.0,month,4.005673228346457,3.757149606299213,3.946649606299213,2.7022795275590554,5.1575,3.9735629921259843,3.7825314960629925,742166.0,696119.86,731230.18,500674.88,955574.98,736216.65,700822.58
1602,Sacramento River,29687649.918718655,8997543000,2015-06,2015.0,6.0,month,5.1665787401574805,5.0873425196850395,5.210677165354332,5.137539370078741,5.343999999999999,5.295062992125985,4.9436692913385825,957257.08,942576.3,965427.58,951876.7,990129.47,981062.48,915956.7
1603,Sacramento River,29687649.918718655,8997543000,2015-07,2015.0,7.0,month,4.891027559055119,5.073767716535434,5.181755905511811,4.740933070866142,5.39134251968504,5.610425196850394,5.306850393700788,906203.31,940061.17,960069.09,878394.0,998901.03,1039492.38,983246.43
1604,Sacramento River,29687649.918718655,8997543000,2015-08,2015.0,8.0,month,3.8325393700787407,4.9077125984251975,4.286677165354331,3.8560039370078742,4.141850393700787,4.613637795275591,4.450740157480316,710087.98,909294.7,794230.05,714435.46,767396.73,854808.89,824627.43
1605,Sacramento River,29687649.918718655,8997543000,2015-09,2015.0,9.0,month,2.120925196850394,3.1772834645669294,2.654448818897638,2.452779527559055,2.610161417322835,3.0660039370078738,2.714433070866142,392962.3,588683.0,491812.87,454447.84,483607.36,568065.28,502926.68
1606,Sacramento River,29687649.918718655,8997543000,2015-10,2015.0,10.0,month,1.3134055118110237,2.3866181102362205,1.7122677165354332,1.5035905511811025,1.7485118110236222,1.8853937007874018,1.7078622047244096,243346.09,442189.54,317246.77,278583.33,323962.03,349323.33,316430.52
1607,Sacramento River,29687649.918718655,8997543000,2015-11,2015.0,11.0,month,0.8442755905511812,1.1024409448818897,1.017767716535433,0.4487913385826772,1.1897007874015748,1.6845196850393702,1.0823937007874016,156426.3,204258.84,188570.7,83151.48,220426.24,312105.65,200544.52
1608,Sacramento River,29687649.918718655,8997543000,2015-12,2015.0,12.0,month,0.5085157480314961,0.7037952755905512,0.7042992125984252,0.15225984251968505,0.9082480314960631,1.2105393700787401,0.703488188976378,94217.15,130398.29,130491.65,28210.51,168279.03,224287.18,130341.39
1609,Sacramento River,29687649.918718655,8997543000,2016-00,,,water_year,32.932846456692914,33.514688976377954,34.6837125984252,30.22425984251969,40.01845669291338,38.299625984251975,33.44816141732283,6101755.54,6209558.58,6426153.7700000005,5599912.109999999,7414568.330000001,7096105.579999999,6197232.45
1610,Sacramento River,29687649.918718655,8997543000,2016-01,2016.0,1.0,month,0.5718582677165355,0.857968503937008,0.8477755905511811,0.4813661417322835,1.1955433070866144,1.2761062992125984,0.7418188976377953,105953.17,158963.3,157074.77,89186.9,221508.73,236435.34,137443.25
1611,Sacramento River,29687649.918718655,8997543000,2016-02,2016.0,2.0,month,1.5743385826771654,1.6320393700787403,1.6676102362204726,1.422488188976378,2.601535433070866,1.7121692913385829,1.4275669291338582,291691.43,302382.16,308972.69,263556.79,482009.15,317228.53,264497.77
1612,Sacramento River,29687649.918718655,8997543000,2016-03,2016.0,3.0,month,2.1418503937007873,1.7926102362204726,2.315153543307087,2.039484251968504,3.0839133858267718,2.789700787401575,2.1027952755905512,396839.29,332132.53,428948.68,377873.03,571383.52,516872.18,389603.21
1613,Sacramento River,29687649.918718655,8997543000,2016-04,2016.0,4.0,month,3.1188543307086616,2.9215078740157483,3.3625472440944884,3.2940590551181104,4.509767716535434,3.633602362204724,2.9335748031496065,577857.33,541293.23,623008.44,610319.04,835563.98,673229.18,543528.98
1614,Sacramento River,29687649.918718655,8997543000,2016-05,2016.0,5.0,month,3.987673228346457,3.7104055118110235,4.198996062992126,3.619909448818898,5.318826771653543,4.499622047244095,3.9955669291338585,738830.98,687459.17,777984.6,670692.18,985465.4,833684.2,740293.52
1615,Sacramento River,29687649.918718655,8997543000,2016-06,2016.0,6.0,month,5.554078740157481,4.789779527559055,5.334476377952756,4.658625984251969,5.656586614173229,5.458633858267717,5.324488188976378,1029052.58,887444.21,988364.94,863144.25,1048045.11,1011368.68,986514.34
1616,Sacramento River,29687649.918718655,8997543000,2016-07,2016.0,7.0,month,5.772736220472441,5.5233818897637805,5.753417322834646,5.393263779527559,5.878850393700787,6.0165354330708665,5.784011811023623,1069565.16,1023365.11,1065985.78,999257.0,1089225.86,1114735.97,1071654.29
1617,Sacramento River,29687649.918718655,8997543000,2016-08,2016.0,8.0,month,4.745350393700788,4.81286220472441,4.715972440944882,4.436318897637796,4.733885826771654,4.903362204724409,4.591594488188976,879212.43,891720.94,873769.32,821955.47,877088.29,908488.66,850724.74
1618,Sacramento River,29687649.918718655,8997543000,2016-09,2016.0,9.0,month,2.7999094488188976,3.281279527559055,3.053429133858268,2.7741023622047245,3.1930866141732284,3.22944094488189,3.053,518763.63,607951.26,565735.43,513982.13,591610.99,598346.68,565655.92
1619,Sacramento River,29687649.918718655,8997543000,2016-10,2016.0,10.0,month,1.179492125984252,1.7055748031496063,1.60148031496063,1.1017559055118111,2.249988188976378,2.145732283464567,1.535696850393701,218534.79,316006.71,296720.22,204131.92,416874.93,397558.53,284531.94
1620,Sacramento River,29687649.918718655,8997543000,2016-11,2016.0,11.0,month,0.8864566929133858,1.0013543307086614,1.0150196850393702,0.4946496062992126,1.622196850393701,1.155216535433071,1.0150905511811024,164241.56,185529.65,188061.55,91648.04,300558.55,214037.04,188074.68
1621,Sacramento River,29687649.918718655,8997543000,2016-12,2016.0,12.0,month,0.6796653543307087,0.8158897637795276,0.8621692913385828,0.28471259842519686,1.261492125984252,1.0944606299212598,0.796751968503937,125927.53,151167.01,159741.62,52751.19,233727.64,202780.26,147621.18
1622,Sacramento River,29687649.918718655,8997543000,2017-00,,,water_year,34.05707086614173,31.435807086614176,34.0238346456693,27.899354330708665,39.734031496063,38.03952362204725,32.44801968503937,6310050.41,5824386.02,6303892.44,5169156.59,7361870.38,7047914.16,6011927.4799999995
1623,Sacramento River,29687649.918718655,8997543000,2017-01,2017.0,1.0,month,0.9065708661417324,0.7902244094488189,0.9106338582677166,0.38189370078740165,0.9616614173228347,1.326948818897638,0.9105944881889765,167968.29,146411.76,168721.07,70756.78,178175.39,245855.38,168713.78
1624,Sacramento River,29687649.918718655,8997543000,2017-02,2017.0,2.0,month,1.1030787401574804,0.9755039370078741,1.286748031496063,0.6340354330708663,1.8841220472440945,1.9113070866141733,1.174976377952756,204377.01,180740.12,238407.02,117473.27,349087.72,354124.53,217698.12
1625,Sacramento River,29687649.918718655,8997543000,2017-03,2017.0,3.0,month,2.301279527559055,1.942007874015748,2.3648070866141735,2.1404527559055118,3.342255905511811,2.647744094488189,2.0730236220472444,426378.12,359812.73,438148.42,396580.34,619248.89,490570.63,384087.16
1626,Sacramento River,29687649.918718655,8997543000,2017-04,2017.0,4.0,month,3.0717834645669297,2.673948818897638,3.187181102362205,3.1732834645669294,4.056811023622048,3.525177165354331,2.657606299212599,569136.1,495425.81,590516.83,587941.89,751640.74,653140.3,492397.89
1627,Sacramento River,29687649.918718655,8997543000,2017-05,2017.0,5.0,month,4.71657874015748,3.8791574803149613,4.382645669291339,3.679417322834646,5.755051181102363,4.470358267716536,3.890031496062992,873881.66,718725.32,812010.97,681717.72,1066288.5,828262.25,720740.05
1628,Sacramento River,29687649.918718655,8997543000,2017-06,2017.0,6.0,month,5.472444881889764,4.648570866141733,5.022893700787402,4.305968503937009,5.140393700787402,5.302712598425197,4.905952755905512,1013927.57,861281.25,930635.3,797804.32,952405.55,982479.79,908968.63
1629,Sacramento River,29687649.918718655,8997543000,2017-07,2017.0,7.0,month,5.934551181102362,5.281456692913387,5.60266535433071,4.933728346456693,5.512897637795276,6.024232283464567,5.702125984251969,1099546.03,978541.52,1038054.65,914114.86,1021422.6,1116162.03,1056482.59
1630,Sacramento River,29687649.918718655,8997543000,2017-08,2017.0,8.0,month,4.968681102362205,4.513645669291339,4.777547244094489,4.344299212598425,4.944047244094489,5.054929133858267,4.648003937007874,920590.86,836282.48,885177.83,804906.19,916026.73,936570.79,861176.21
1631,Sacramento River,29687649.918718655,8997543000,2017-09,2017.0,9.0,month,2.836488188976378,3.208472440944882,3.0100433070866144,2.4251574803149607,3.0031141732283464,3.380704724409449,3.138165354330709,525540.89,594461.66,557696.96,449330.07,556413.14,626372.63,581435.25
1632,Sacramento River,29687649.918718655,8997543000,2017-10,2017.0,10.0,month,1.4185039370078742,2.0550196850393703,1.8587598425196852,1.3631181102362204,2.2170984251968506,2.111929133858268,2.015452755905512,262818.59,380751.41,344388.64,252556.77,410781.15,391295.52,373420.5
1633,Sacramento River,29687649.918718655,8997543000,2017-11,2017.0,11.0,month,0.7351535433070866,0.8506259842519684,0.9213385826771654,0.5132992125984253,1.6006141732283465,1.4362952755905514,0.8277086614173229,136208.31,157602.89,170704.43,95103.42,296559.74,266114.95,153356.8
1634,Sacramento River,29687649.918718655,8997543000,2017-12,2017.0,12.0,month,0.5806141732283465,1.1510236220472443,0.843511811023622,0.33287795275590554,1.1760118110236222,0.8883582677165355,0.9561181102362205,107575.45,213260.18,156284.79,61675.2,217889.96,164593.88,177148.34
1635,Sacramento River,29687649.918718655,8997543000,2018-00,,,water_year,33.900141732283466,33.790917322834645,34.50288976377953,29.943248031496065,40.049216535433075,37.03878346456693,32.354141732283466,6280974.779999999,6260737.800000001,6392651.16,5547846.58,7420267.4799999995,6862498.280000001,5994533.87
1636,Sacramento River,29687649.918718655,8997543000,2018-01,2018.0,1.0,month,0.7135157480314961,0.7751574803149607,0.8228897637795276,0.5628897637795276,1.074185039370079,1.1533031496062993,0.6272322834645669,132199.28,143620.18,152463.96,104291.49,199023.63,213682.53,116212.79
1637,Sacramento River,29687649.918718655,8997543000,2018-02,2018.0,2.0,month,1.3050275590551181,1.637,1.4825669291338586,0.9373897637795275,2.1206181102362205,1.565925196850394,1.4461023622047247,241793.83,303301.26,274688.1,173678.37,392905.4,290132.61,267931.99
1638,Sacramento River,29687649.918718655,8997543000,2018-03,2018.0,3.0,month,2.0054015748031495,1.874736220472441,2.103185039370079,1.3753110236220472,2.5538937007874014,2.9567559055118116,1.8677913385826772,371558.23,347348.72,389675.43,254815.86,473182.15,547823.94,346061.98
1639,Sacramento River,29687649.918718655,8997543000,2018-04,2018.0,4.0,month,3.1059133858267716,2.722751968503937,3.117755905511811,2.972700787401575,3.9113267716535436,3.3552362204724413,2.522437007874016,575459.65,504467.99,577653.81,550778.19,724685.61,621653.86,467353.89
1640,Sacramento River,29687649.918718655,8997543000,2018-05,2018.0,5.0,month,4.39161811023622,4.021547244094489,4.339614173228347,3.922200787401575,5.373295275590551,4.508700787401575,3.9093503937007874,813673.37,745107.11,804038.15,726700.33,995557.26,835366.3,724319.43
1641,Sacramento River,29687649.918718655,8997543000,2018-06,2018.0,6.0,month,5.721964566929134,5.389952755905512,5.61446062992126,5.181456692913386,6.245562992125985,5.42405905511811,5.382736220472441,1060158.26,998643.53,1040240.06,960013.65,1157169.9,1004962.7,997306.46
1642,Sacramento River,29687649.918718655,8997543000,2018-07,2018.0,7.0,month,5.966574803149606,5.256649606299213,5.679161417322835,5.3665669291338585,5.830295275590551,5.837338582677166,5.589830708661418,1105479.33,973945.3,1052227.74,994310.64,1080229.63,1081534.6,1035676.66
1643,Sacramento River,29687649.918718655,8997543000,2018-08,2018.0,8.0,month,5.071031496062993,4.5383188976377955,4.575078740157481,4.283814960629921,4.667476377952756,4.58557874015748,4.247007874015748,939554.21,840853.9,847664.72,793699.74,864784.04,849610.15,786880.17
1644,Sacramento River,29687649.918718655,8997543000,2018-09,2018.0,9.0,month,2.8848228346456697,3.518133858267717,3.1445669291338585,3.1316220472440945,3.2788385826771655,3.2153031496062994,2.9623740157480314,534496.27,651835.33,582621.33,580222.92,607499.01,595727.24,548864.86
1645,Sacramento River,29687649.918718655,8997543000,2018-10,2018.0,10.0,month,1.2841850393700787,2.3505590551181106,1.6963740157480316,1.1531456692913387,1.4289488188976378,2.073464566929134,2.2575944881889765,237932.16,435508.57,314302.0,213653.35,264753.8,384168.86,418284.21
1646,Sacramento River,29687649.918718655,8997543000,2018-11,2018.0,11.0,month,0.7369133858267717,1.2428543307086615,0.9399685039370079,0.388248031496063,0.9418503937007874,1.1148622047244094,1.1542992125984253,136534.37,230274.46,174156.16,71934.1,174504.83,206560.24,213867.08
1647,Sacramento River,29687649.918718655,8997543000,2018-12,2018.0,12.0,month,0.6214645669291339,0.7200196850393701,0.8116811023622048,0.25877952755905514,1.3091692913385826,1.1728070866141733,0.7355472440944882,115144.16,133404.32,150387.23,47946.34,242561.21,217296.19,136281.25
1648,Sacramento River,29687649.918718655,8997543000,2019-00,,,water_year,34.33554330708662,32.77455905511811,34.93347637795276,30.207137795275592,40.13259842519685,38.31900393700788,33.317618110236225,6361645.44,6072428.27,6472429.690000001,5596739.77,7435716.34,7099695.89,6173045.55
1649,Sacramento River,29687649.918718655,8997543000,2019-01,2019.0,1.0,month,0.7685944881889765,0.8178543307086614,0.9805354330708662,0.6827086614173229,1.3582125984251971,1.2925590551181105,0.8713582677165355,142404.2,151531.0,181672.35,126491.39,251647.89,239483.68,161444.14
1650,Sacramento River,29687649.918718655,8997543000,2019-02,2019.0,2.0,month,1.06046062992126,0.9973582677165355,1.2793976377952756,0.8883031496062992,1.6465944881889767,1.7839094488188978,1.1706141732283464,196480.79,184789.26,237045.15,164583.67,305078.91,330520.45,216889.89
1651,Sacramento River,29687649.918718655,8997543000,2019-03,2019.0,3.0,month,2.1625157480314963,1.7154055118110239,2.211405511811024,1.5829881889763782,3.174964566929134,2.9328149606299214,1.8431181102362204,400668.14,317828.13,409726.38,293294.02,588253.36,543388.19,341490.56
1652,Sacramento River,29687649.918718655,8997543000,2019-04,2019.0,4.0,month,3.1186574803149605,2.8768149606299214,3.3138346456692918,3.2704960629921263,4.743275590551182,3.460846456692914,2.8901732283464567,577820.86,533012.59,613983.03,605953.32,878828.02,641221.19,535487.59
1653,Sacramento River,29687649.918718655,8997543000,2019-05,2019.0,5.0,month,4.212905511811024,3.3755826771653545,4.018566929133859,3.534708661417323,4.814854330708662,4.544720472440945,3.3835196850393703,780561.73,625423.63,744554.93,654906.29,892090.03,842039.98,626894.19
1654,Sacramento River,29687649.918718655,8997543000,2019-06,2019.0,6.0,month,6.069956692913386,5.096185039370079,5.837905511811024,6.171385826771654,6.324917322834645,5.474712598425198,5.289551181102363,1124633.79,944214.63,1081639.64,1143426.45,1171872.57,1014347.73,980041.26
1655,Sacramento River,29687649.918718655,8997543000,2019-07,2019.0,7.0,month,6.256846456692914,5.31788188976378,5.732496062992126,5.5178110236220475,6.023720472440945,5.718192913385827,5.451653543307088,1159260.49,985290.34,1062109.52,1022332.95,1116067.2,1059459.45,1010075.38
1656,Sacramento River,29687649.918718655,8997543000,2019-08,2019.0,8.0,month,5.169633858267717,4.737716535433071,4.831015748031496,4.0790078740157485,4.82109842519685,5.093767716535433,4.902011811023622,957823.13,877798.04,895084.4,755753.35,893246.93,943766.75,908238.46
1657,Sacramento River,29687649.918718655,8997543000,2019-09,2019.0,9.0,month,2.8734094488188977,3.526326771653544,3.2802952755905515,2.6795551181102364,3.544992125984252,3.656346456692914,3.368177165354331,532381.62,653353.3,607768.9,496464.54,656811.59,677443.18,624051.54
1658,Sacramento River,29687649.918718655,8997543000,2019-10,2019.0,10.0,month,1.4321220472440945,2.577177165354331,1.8943779527559055,1.4886574803149608,1.8983937007874017,2.047696850393701,2.282255905511811,265341.74,477496.08,350987.92,275816.55,351731.95,379394.65,422853.45
1659,Sacramento River,29687649.918718655,8997543000,2019-11,2019.0,11.0,month,0.6896141732283465,1.1801614173228347,0.9154291338582677,0.5438110236220473,1.1694251968503937,0.9840196850393701,0.8636574803149607,127770.83,218658.79,169609.54,100756.61,216669.6,182317.91,160017.35
1660,Sacramento River,29687649.918718655,8997543000,2019-12,2019.0,12.0,month,0.4411771653543307,0.7533543307086615,0.72298031496063,0.3898228346456693,0.9719173228346456,1.3259251968503938,0.668748031496063,81740.74,139580.52,133952.87,72225.87,180075.59,245665.72,123904.78
1661,Sacramento River,29687649.918718655,8997543000,2020-00,,,water_year,32.94529921259843,34.521385826771656,35.02038188976378,31.771350393700786,39.93413385826772,37.0529409448819,33.20893700787402,6104062.79,6396078.07,6488531.46,5886555.04,7398945.100000001,6865121.379999999,6152909.260000001
1662,Sacramento River,29687649.918718655,8997543000,2020-01,2020.0,1.0,month,0.7383031496062993,0.7758070866141733,0.8807874015748032,0.5561692913385827,1.2141614173228348,1.1605629921259843,0.7485,136791.86,143740.54,163191.16,103046.33,224958.27,215027.62,138681.12
1663,Sacramento River,29687649.918718655,8997543000,2020-02,2020.0,2.0,month,1.5756338582677165,1.8797834645669291,1.7816535433070866,1.3716377952755905,2.646157480314961,1.716783464566929,1.8183937007874016,291931.42,348283.87,330102.48,254135.29,490276.66,318083.44,336909.65
1664,Sacramento River,29687649.918718655,8997543000,2020-03,2020.0,3.0,month,1.9775472440944883,1.7806574803149608,2.027724409448819,1.057748031496063,2.542976377952756,2.5542992125984254,1.911196850393701,366397.42,329917.93,375694.18,195978.2,471159.4,473257.28,354104.1
1665,Sacramento River,29687649.918718655,8997543000,2020-04,2020.0,4.0,month,3.0294645669291342,2.86196062992126,3.2649015748031496,3.5776535433070866,4.459795275590552,3.311248031496063,2.525637795275591,561295.31,530260.39,604916.78,662863.06,826305.15,613503.79,467946.93
1666,Sacramento River,29687649.918718655,8997543000,2020-05,2020.0,5.0,month,4.018141732283465,4.282011811023622,4.437649606299213,4.456704724409449,4.929811023622047,4.6705551181102365,4.064137795275591,744476.15,793365.66,822202.03,825732.53,913389.06,865354.46,752998.24
1667,Sacramento River,29687649.918718655,8997543000,2020-06,2020.0,6.0,month,5.347578740157481,4.925149606299213,5.466551181102362,5.373251968503937,5.856586614173228,5.484972440944882,5.297838582677166,990792.53,912525.4,1012835.59,995549.23,1085100.86,1016248.66,981576.74
1668,Sacramento River,29687649.918718655,8997543000,2020-07,2020.0,7.0,month,5.851003937007874,5.143307086614173,5.679279527559056,5.4834094488188985,5.981299212598426,5.74686220472441,5.531188976377953,1084066.5,952945.34,1052249.63,1015959.07,1108207.45,1064771.26,1024811.6
1669,Sacramento River,29687649.918718655,8997543000,2020-08,2020.0,8.0,month,4.6422716535433075,4.6269409448818895,4.688759842519685,4.29205905511811,4.8412362204724415,4.909740157480315,4.596472440944882,860114.14,857273.68,868727.41,795227.2,896978.04,909670.36,851628.52
1670,Sacramento River,29687649.918718655,8997543000,2020-09,2020.0,9.0,month,3.20244094488189,3.735074803149607,3.2602874015748036,3.180425196850394,3.4223740157480314,3.1402755905511817,2.9009094488188976,593344.15,692029.87,604061.87,589265.1,634093.07,581826.23,537476.78
1671,Sacramento River,29687649.918718655,8997543000,2020-10,2020.0,10.0,month,1.4374094488188975,2.3742165354330713,1.8358661417322837,1.3765196850393702,2.110287401574803,1.9267283464566929,1.977208661417323,266321.38,439891.79,340146.92,255039.8,390991.34,356981.76,366334.68
1672,Sacramento River,29687649.918718655,8997543000,2020-11,2020.0,11.0,month,0.7257795275590552,1.0882007874015749,0.9536220472440946,0.5960078740157481,1.1665787401574803,1.217279527559055,0.9045393700787402,134471.5,201620.45,176685.87,110427.57,216142.21,225535.99,167591.89
1673,Sacramento River,29687649.918718655,8997543000,2020-12,2020.0,12.0,month,0.6296929133858268,0.7658070866141733,0.7426141732283466,0.2700196850393701,0.8826535433070867,1.1236692913385828,0.7549409448818898,116668.7,141887.75,137590.6,50028.9,163536.92,208192.0,139874.49
1674,Sacramento River,29687649.918718655,8997543000,2021-00,,,water_year,31.19124409448819,34.076507874015746,33.25471653543307,29.396334645669295,35.05018897637795,36.237444881889765,32.9582125984252,5779073.699999999,6313651.65,6161391.2299999995,5446515.15,6494054.049999999,6714027.319999999,6106455.34
1675,Sacramento River,29687649.918718655,8997543000,2021-01,2021.0,1.0,month,0.7245748031496063,1.0039251968503937,0.9673543307086614,0.5236771653543307,1.2436692913385827,1.286740157480315,0.9076220472440946,134248.29,186005.97,179230.17,97026.23,230425.45,238405.57,168163.05
1676,Sacramento River,29687649.918718655,8997543000,2021-02,2021.0,2.0,month,1.2883976377952755,1.594937007874016,1.4243661417322835,0.7680000000000001,1.463728346456693,1.7994763779527558,1.5518740157480315,238712.66,295507.88,263904.73,142294.05,271197.71,333404.68,287529.23
1677,Sacramento River,29687649.918718655,8997543000,2021-03,2021.0,3.0,month,2.1956259842519685,2.2146220472440943,2.3780984251968507,1.8457047244094489,2.834110236220473,2.846728346456693,2.198830708661417,406802.77,410322.33,440611.03,341969.8,525100.31,527438.18,407396.53
1678,Sacramento River,29687649.918718655,8997543000,2021-04,2021.0,4.0,month,2.890307086614173,2.8202047244094492,3.0995078740157482,2.9694803149606304,4.03086220472441,3.1918543307086615,2.6230866141732285,535512.39,522523.91,574272.84,550181.5,746832.98,591382.68,486002.12
1679,Sacramento River,29687649.918718655,8997543000,2021-05,2021.0,5.0,month,4.327255905511811,4.486551181102362,4.573311023622047,4.485759842519685,4.68342125984252,4.561885826771654,4.679555118110236,801748.42,831262.45,847337.2,831115.83,867738.28,845220.35,867021.97
1680,Sacramento River,29687649.918718655,8997543000,2021-06,2021.0,6.0,month,5.188204724409449,4.782149606299213,5.111692913385826,5.059437007874016,5.146236220472442,5.1743267716535435,4.933724409448819,961263.92,886030.54,947087.91,937406.0,953488.05,958692.63,914114.13
1681,Sacramento River,29687649.918718655,8997543000,2021-07,2021.0,7.0,month,5.0829015748031505,5.477688976377952,5.175043307086614,4.875948818897639,4.8036850393700785,5.508141732283465,5.2947637795275595,941753.48,1014899.19,958825.39,903409.54,890020.6,1020541.43,981007.04
1682,Sacramento River,29687649.918718655,8997543000,2021-08,2021.0,8.0,month,4.245314960629922,4.289035433070866,4.122748031496063,3.932377952755906,3.8295393700787406,4.324476377952756,4.1465000000000005,786566.51,794666.98,763857.47,728585.94,709532.14,801233.44,768258.2
1683,Sacramento River,29687649.918718655,8997543000,2021-09,2021.0,9.0,month,2.4557795275590553,3.179169291338583,2.870492125984252,2.69340157480315,2.855417322834646,3.2761377952755906,2.9855669291338582,455003.68,589032.41,531841.1,499029.99,529048.06,606998.61,553162.01
1684,Sacramento River,29687649.918718655,8997543000,2021-10,2021.0,10.0,month,1.115732283464567,1.6765551181102363,1.5568188976377952,1.0428149606299213,1.8864488188976378,2.0321496062992126,1.6180433070866143,206721.45,310629.98,288445.41,193211.42,349518.82,376514.07,299788.99
1685,Sacramento River,29687649.918718655,8997543000,2021-11,2021.0,11.0,month,0.948244094488189,0.9659803149606301,1.051968503937008,0.4531771653543307,1.4625393700787401,1.2169409448818898,1.06751968503937,175689.45,178975.59,194907.38,83964.08,270977.42,225473.26,197788.68
1686,Sacramento River,29687649.918718655,8997543000,2021-12,2021.0,12.0,month,0.6682007874015748,0.5222637795275591,0.6542795275590552,0.26209055118110236,0.8179566929133859,0.8062047244094488,0.5709409448818897,123803.38,96764.36,121224.07,48559.8,151549.97,149372.58,105783.21
1687,Sacramento River,29687649.918718655,8997543000,2022-00,,,water_year,27.38664566929134,32.16867322834646,31.508023622047247,26.75187007874016,34.81640551181103,35.55642125984252,31.932440944881893,5074162.57,5960170.5,5837766.2,4956552.15,6450738.959999999,6587848.130000001,5916401.720000001
1688,Sacramento River,29687649.918718655,8997543000,2022-01,2022.0,1.0,month,1.0441929133858268,0.907,1.0821496062992126,0.8239212598425198,1.4571299212598425,1.0289960629921262,1.0643070866141733,193466.72,168047.8,200499.29,152655.07,269975.16,190651.07,197193.45
1689,Sacramento River,29687649.918718655,8997543000,2022-02,2022.0,2.0,month,1.4535787401574805,1.7290511811023623,1.6311929133858267,1.3300669291338585,2.322944881889764,1.549720472440945,1.5338307086614174,269317.2,320356.38,302225.33,246433.09,430392.25,287130.22,284186.19
1690,Sacramento River,29687649.918718655,8997543000,2022-03,2022.0,3.0,month,2.172236220472441,2.3551259842519685,2.3715433070866143,1.8189881889763782,3.1021259842519684,2.729228346456693,2.1140944881889765,402469.14,436354.72,439396.5,337019.8,574757.92,505667.93,391696.71
1691,Sacramento River,29687649.918718655,8997543000,2022-04,2022.0,4.0,month,2.8725944881889762,2.7293818897637796,3.1059645669291336,2.70448031496063,3.708118110236221,3.541944881889764,2.9412795275590553,532230.62,505696.38,575469.13,501082.64,687035.37,656247.0,544956.5
1692,Sacramento River,29687649.918718655,8997543000,2022-05,2022.0,5.0,month,3.8615236220472444,4.274751968503937,4.199007874015748,3.6241968503937008,4.523944881889764,4.341606299212598,4.373212598425197,715458.14,792020.56,777986.79,671486.54,838190.7,804407.25,810263.22
1693,Sacramento River,29687649.918718655,8997543000,2022-06,2022.0,6.0,month,3.957023622047244,4.822251968503937,4.467433070866142,4.195173228346457,4.037165354330709,5.0832440944881885,4.890937007874016,733152.26,893460.66,827720.27,777276.31,748000.82,941816.95,906186.54
1694,Sacramento River,29687649.918718655,8997543000,2022-07,2022.0,7.0,month,3.843015748031496,4.745846456692914,4.574992125984252,4.17057874015748,4.611476377952756,5.124173228346457,4.79692125984252,712029.03,879304.34,847648.67,772719.48,854408.43,949400.24,888767.42
1695,Sacramento River,29687649.918718655,8997543000,2022-08,2022.0,8.0,month,3.228909448818898,4.197751968503938,3.937716535433071,3.8424055118110236,3.900956692913386,4.546220472440945,4.0573543307086615,598248.2,777754.1,729575.07,711915.96,722764.25,842317.9,751741.41
1696,Sacramento River,29687649.918718655,8997543000,2022-09,2022.0,9.0,month,2.221393700787402,3.2427125984251974,2.874956692913386,2.4839763779527564,2.9855984251968506,3.555992125984252,2.9040000000000004,411576.98,600805.63,532668.29,460227.96,553167.85,658849.66,538049.4
1697,Sacramento River,29687649.918718655,8997543000,2022-10,2022.0,10.0,month,1.4463897637795278,2.3514251968503936,1.8292440944881891,1.5017401574803149,2.1210669291338586,1.8048740157480316,1.9002559055118111,267985.24,435669.04,338920.0,278240.49,392988.56,334404.74,352076.98
1698,Sacramento River,29687649.918718655,8997543000,2022-11,2022.0,11.0,month,0.6788700787401576,0.9605236220472442,0.9790393700787402,0.5148622047244095,1.2481259842519685,1.366720472440945,1.0350708661417323,125780.18,177964.58,181395.16,95393.01,231251.18,253224.22,191776.6
1699,Sacramento River,29687649.918718655,8997543000,2022-12,2022.0,12.0,month,0.48840157480314966,0.467503937007874,0.5838897637795276,0.22801181102362206,0.9968818897637796,0.9714448818897639,0.49190551181102365,90490.42,86618.53,108182.35,42245.74,184701.0,179988.06,91139.62
1700,Sacramento River,29687649.918718655,8997543000,2023-00,,,water_year,34.05147637795276,32.47162992125985,34.92689763779528,29.562047244094487,40.84533070866142,38.07283858267716,33.274740157480316,6309013.869999999,6016301.94,6471210.8100000005,5477218.1899999995,7567770.47,7054086.699999999,6165101.18
1701,Sacramento River,29687649.918718655,8997543000,2023-01,2023.0,1.0,month,0.797972440944882,1.1195944881889763,1.075,0.31320866141732284,1.1018228346456693,1.672968503937008,1.2185866141732284,147847.31,207437.03,199174.62,58030.9,204144.32,309965.46,225778.16
1702,Sacramento River,29687649.918718655,8997543000,2023-02,2023.0,2.0,month,1.329724409448819,1.2634251968503938,1.2666181102362206,0.5715787401574803,1.2891023622047246,1.5269212598425197,1.255244094488189,246369.63,234085.8,234677.38,105901.38,238843.23,282906.01,232570.02
1703,Sacramento River,29687649.918718655,8997543000,2023-03,2023.0,3.0,month,2.043255905511811,1.5433188976377954,2.0148503937007876,1.4310708661417324,2.698464566929134,3.0036850393700787,1.6466259842519686,378571.83,285944.15,373308.9,265146.97,499968.05,556518.91,305084.75
1704,Sacramento River,29687649.918718655,8997543000,2023-04,2023.0,4.0,month,3.730783464566929,2.724992125984252,3.4474960629921263,3.5945393700787402,4.586767716535434,3.237444881889764,2.86201968503937,691234.77,504883.05,638747.65,665991.64,849830.44,599829.64,530271.34
1705,Sacramento River,29687649.918718655,8997543000,2023-05,2023.0,5.0,month,4.537437007874016,3.6156062992125984,4.288917322834646,3.5766102362204726,5.360251968503937,4.522763779527559,3.8258740157480315,840690.51,669894.9,794645.1,662669.76,993140.61,837971.87,708853.03
1706,Sacramento River,29687649.918718655,8997543000,2023-06,2023.0,6.0,month,5.452570866141732,4.772051181102363,5.319858267716536,5.095389763779528,6.37074409448819,5.136074803149606,4.926724409448819,1010245.34,884159.52,985656.52,944067.28,1180363.29,951605.35,912817.18
1707,Sacramento River,29687649.918718655,8997543000,2023-07,2023.0,7.0,month,6.108614173228347,5.501992125984252,5.986409448818898,5.562003937007875,6.243799212598425,6.164059055118111,5.925078740157481,1131796.2,1019402.04,1109154.26,1030520.95,1156843.11,1142068.96,1097790.99
1708,Sacramento River,29687649.918718655,8997543000,2023-08,2023.0,8.0,month,4.636519685039371,4.878755905511811,4.972606299212599,4.325299212598425,5.283216535433072,5.303669291338583,5.0639763779527565,859048.42,903929.64,921318.12,801385.89,978867.58,982657.04,938247.05
1709,Sacramento River,29687649.918718655,8997543000,2023-09,2023.0,9.0,month,2.800937007874016,3.27244094488189,3.162968503937008,2.8477322834645675,3.5450866141732282,3.362212598425197,3.1233779527559054,518954.02,606313.66,586030.75,527624.18,656829.1,622946.44,578695.46
1710,Sacramento River,29687649.918718655,8997543000,2023-10,2023.0,10.0,month,1.5645905511811025,2.241003937007874,1.8933622047244096,1.235464566929134,1.9732244094488192,2.25146062992126,2.080708661417323,289885.33,415210.33,350799.72,228905.29,365596.49,417147.74,385511.03
1711,Sacramento River,29687649.918718655,8997543000,2023-11,2023.0,11.0,month,0.7632047244094489,1.3937086614173229,1.1563228346456693,0.6141496062992126,1.508437007874016,1.3866535433070866,1.1981811023622049,141405.59,258224.55,214242.01,113788.85,279481.27,256917.39,221997.46
1712,Sacramento River,29687649.918718655,8997543000,2023-12,2023.0,12.0,month,0.4618228346456693,0.6750984251968505,0.7018661417322836,0.21575590551181104,1.0351535433070866,1.0263307086614173,0.6620393700787401,85565.94,125081.37,130040.86,39974.98,191791.92,190157.24,122661.81
1713,Sacramento River,29687649.918718655,8997543000,2024-00,,,water_year,34.434114173228345,33.21994881889764,35.634767716535436,28.70446062992126,40.02700393700787,39.4112874015748,35.70762598425197,6379908.499999999,6154949.49,6602364.07,5318325.65,7416151.95,7302072.78,6615863.15
1714,Sacramento River,29687649.918718655,8997543000,2024-01,2024.0,1.0,month,0.6188937007874017,0.6888543307086614,0.8384409448818898,0.4776811023622048,1.3036023622047244,1.2859448818897636,0.7933188976377954,114667.83,127630.05,155345.26,88504.14,241529.77,238258.22,146985.11
1715,Sacramento River,29687649.918718655,8997543000,2024-02,2024.0,2.0,month,1.2241889763779528,1.0540944881889764,1.356669291338583,0.7249094488188977,1.6384094488188978,1.9667795275590554,1.3919803149606298,226816.16,195301.27,251361.95,134310.29,303562.4,364402.39,257904.33
1716,Sacramento River,29687649.918718655,8997543000,2024-03,2024.0,3.0,month,2.3203464566929135,1.9886850393700788,2.358468503937008,1.7521220472440946,3.256677165354331,2.8184685039370083,2.102145669291339,429910.82,368461.01,436974.02,324630.93,603392.97,522202.23,389482.85
1717,Sacramento River,29687649.918718655,8997543000,2024-04,2024.0,4.0,month,3.4717834645669297,2.6297007874015748,3.42140157480315,3.462492125984252,4.362464566929134,3.500889763779528,2.8003188976377955,643247.59,487227.59,633912.9,641526.1,808271.84,648640.36,518839.49
1718,Sacramento River,29687649.918718655,8997543000,2024-05,2024.0,5.0,month,4.961185039370079,4.345263779527559,4.937885826771654,3.8745669291338585,5.780031496062993,5.1144448818897645,4.965141732283465,919202.0,805084.9,914885.15,717874.79,1070916.82,947597.79,919935.09
1719,Sacramento River,29687649.918718655,8997543000,2024-06,2024.0,6.0,month,5.8046535433070865,5.075854330708662,5.47053937007874,4.725165354330709,5.488448818897638,5.483826771653543,5.60155905511811,1075478.76,940447.78,1013574.52,875472.58,1016892.76,1016036.39,1037849.68
1720,Sacramento River,29687649.918718655,8997543000,2024-07,2024.0,7.0,month,5.974129921259842,5.32682283464567,5.785240157480315,5.136649606299213,5.809566929133858,6.11976377952756,6.0645629921259845,1106879.13,986946.9,1071881.88,951711.85,1076389.11,1133861.98,1123634.45
1721,Sacramento River,29687649.918718655,8997543000,2024-08,2024.0,8.0,month,4.438468503937008,4.520350393700788,4.57644094488189,3.8631692913385827,4.575744094488189,4.988157480314961,4.733944881889764,822353.75,837524.72,847917.11,715763.05,847788.0,924199.42,877099.24
1722,Sacramento River,29687649.918718655,8997543000,2024-09,2024.0,9.0,month,2.8308464566929135,3.280511811023622,3.138129921259843,2.6223346456692913,3.2952440944881896,3.468566929133859,3.313724409448819,524495.6,607809.02,581428.69,485862.8,610538.6,642651.63,613962.61
1723,Sacramento River,29687649.918718655,8997543000,2024-10,2024.0,10.0,month,1.4713385826771654,2.318622047244095,1.8835748031496062,1.4995472440944884,2.1686181102362205,2.0365590551181105,1.9076220472440946,272607.73,429591.32,348986.32,277834.19,401798.78,377331.05,353441.77
1724,Sacramento River,29687649.918718655,8997543000,2024-11,2024.0,11.0,month,0.7370275590551182,1.008472440944882,1.0261535433070867,0.5926811023622047,1.4246929133858268,1.494787401574803,0.9744448818897639,136555.52,186848.48,190124.41,109811.19,263965.28,276952.29,180543.9
1725,Sacramento River,29687649.918718655,8997543000,2024-12,2024.0,12.0,month,0.6359409448818898,0.5764055118110237,0.6927834645669291,0.3690748031496063,0.9867362204724409,0.8636653543307088,0.6338110236220473,117826.32,106795.67,128358.03,68381.71,182821.22,160018.81,117431.69
1726,Sacramento River,29687649.918718655,8997543000,2025-00,,,water_year,35.309346456692914,33.74414566929134,35.65058267716535,30.223043307086616,41.1894842519685,38.39650393700788,34.445842519685044,6542070.409999999,6252072.02,6605294.23,5599686.7,7631534.81,7114055.010000001,6382081.5200000005
1727,Sacramento River,29687649.918718655,8997543000,2025-01,2025.0,1.0,month,0.955744094488189,1.2894133858267718,1.1333464566929135,0.4533582677165355,1.1744488188976379,1.4838267716535434,1.3621259842519686,177079.04,238900.86,209984.98,83997.64,217600.37,274921.52,252372.96
1728,Sacramento River,29687649.918718655,8997543000,2025-02,2025.0,2.0,month,1.2914015748031498,1.1743897637795275,1.3257677165354331,0.666255905511811,1.433952755905512,1.961279527559055,1.3158503937007875,239269.23,217589.43,245636.54,123443.04,265680.93,363383.36,243799.07
1729,Sacramento River,29687649.918718655,8997543000,2025-03,2025.0,3.0,month,2.240259842519685,1.8697125984251968,2.2244094488188977,1.830283464566929,3.0788503937007876,2.6273149606299215,1.8515472440944882,415072.47,346417.95,412135.73,339112.57,570445.45,486785.55,343052.3
1730,Sacramento River,29687649.918718655,8997543000,2025-04,2025.0,4.0,month,3.3765472440944886,2.9165275590551185,3.29444094488189,3.244724409448819,5.045421259842519,3.346724409448819,2.7638779527559056,625602.34,540370.49,610389.79,601178.38,934809.18,620076.81,512087.76
1731,Sacramento River,29687649.918718655,8997543000,2025-05,2025.0,5.0,month,5.165795275590551,4.649043307086615,5.03148031496063,4.109925196850394,5.931767716535433,4.87059842519685,4.8594803149606305,957111.92,861368.78,932226.22,761481.67,1099030.31,902418.23,900358.28
1732,Sacramento River,29687649.918718655,8997543000,2025-06,2025.0,6.0,month,6.118704724409449,4.872279527559055,5.437405511811024,4.694944881889764,5.684271653543308,5.4160196850393705,5.293145669291339,1133665.76,902729.7,1007435.52,869873.37,1053174.56,1003473.18,980707.24
1733,Sacramento River,29687649.918718655,8997543000,2025-07,2025.0,7.0,month,6.024346456692914,5.0452480314960635,5.716074803149606,5.684826771653544,6.145287401574804,5.703637795275591,5.39103937007874,1116183.18,934777.08,1059067.01,1053277.41,1138590.97,1056762.69,998844.86
1734,Sacramento River,29687649.918718655,8997543000,2025-08,2025.0,8.0,month,4.649188976377953,4.5800039370078744,4.828354330708661,4.441181102362205,4.9447874015748035,5.182157480314961,4.874551181102362,861395.77,848577.25,894591.3,822856.34,916163.87,960143.49,903150.59
1735,Sacramento River,29687649.918718655,8997543000,2025-09,2025.0,9.0,month,2.6430511811023623,3.4440275590551184,3.0567913385826775,2.636240157480315,3.1706496062992127,3.409933070866142,3.218346456692913,489701.13,638105.01,566358.38,488439.19,587453.89,631788.03,596291.1
1736,Sacramento River,29687649.918718655,8997543000,2025-10,2025.0,10.0,month,1.451208661417323,2.0423503937007874,1.8391023622047245,1.012531496062992,2.151929133858268,2.316011811023622,1.9128818897637798,268878.08,378404.06,340746.53,187600.54,398706.67,429107.7,354416.3
1737,Sacramento River,29687649.918718655,8997543000,2025-11,2025.0,11.0,month,0.9057716535433071,1.0173228346456693,0.9501496062992126,0.36378740157480316,0.9935393700787403,1.372724409448819,0.958748031496063,167820.21,188488.27,176042.5,67402.06,184081.7,254336.62,177635.61
1738,Sacramento River,29687649.918718655,8997543000,2025-12,2025.0,12.0,month,0.631748031496063,0.4346417322834646,0.6446259842519685,0.35205905511811025,0.8585393700787401,0.7073188976377953,0.6320393700787401,117049.46,80529.86,119435.48,65229.05,159069.07,131051.14,117103.44
1739,Sacramento River,29687649.918718655,8997543000,2026-00,,,water_year,,,,,,,,,,,,,,
1740,San Francisco Bay,4648987.904467493,537295500,2003-10,2003.0,10.0,month,1.0073582677165356,1.4194015748031497,1.2355551181102362,0.9931968503937009,1.9206338582677167,1.096720472440945,1.251244094488189,11145.48,15704.35,13670.26,10988.8,21250.02,12134.19,13843.85
1741,San Francisco Bay,4648987.904467493,537295500,2003-11,2003.0,11.0,month,0.5991377952755905,0.7516732283464568,0.7026181102362205,0.2882755905511811,0.9055472440944883,1.2425944881889766,0.6508661417322835,6628.9,8316.56,7773.81,3189.5,10019.04,13748.15,7201.23
1742,San Francisco Bay,4648987.904467493,537295500,2003-12,2003.0,12.0,month,0.5073070866141732,0.48738582677165354,0.6008858267716536,0.3166614173228347,1.0428897637795276,0.9842086614173229,0.5160905511811024,5612.88,5392.47,6648.24,3503.56,11538.6,10889.35,5710.06
1743,San Francisco Bay,4648987.904467493,537295500,2004-00,,,water_year,21.37365354330709,20.235622047244092,21.716039370078743,18.31777165354331,29.569937007874017,23.26409448818898,19.21007086614173,236479.54000000004,223888.27,240267.70999999996,202669.07000000004,327163.77,257395.51,212541.51
1744,San Francisco Bay,4648987.904467493,537295500,2004-01,2004.0,1.0,month,0.7443385826771654,0.5295039370078741,0.7649370078740159,0.3607165354330709,1.1428582677165355,1.078775590551181,0.6644094488188977,8235.41,5858.47,8463.31,3990.99,12644.66,11935.65,7351.07
1745,San Francisco Bay,4648987.904467493,537295500,2004-02,2004.0,2.0,month,1.1587283464566929,0.7625433070866142,1.268244094488189,1.0230866141732284,1.6612125984251969,1.771228346456693,1.183751968503937,12820.25,8436.83,14031.94,11319.5,18379.77,19596.99,13097.11
1746,San Francisco Bay,4648987.904467493,537295500,2004-03,2004.0,3.0,month,2.843755905511811,2.296204724409449,2.755188976377953,2.376224409448819,3.7678818897637796,2.9811377952755906,2.549118110236221,31463.51,25405.36,30483.6,26290.71,41688.1,32983.51,28203.61
1747,San Francisco Bay,4648987.904467493,537295500,2004-04,2004.0,4.0,month,2.874141732283465,2.7494133858267715,3.012523622047244,2.7819409448818897,3.723645669291339,3.1723228346456693,2.7273110236220477,31799.7,30419.69,33330.76,30779.58,41198.67,35098.79,30175.15
1748,San Francisco Bay,4648987.904467493,537295500,2004-05,2004.0,5.0,month,2.9660984251968503,2.446244094488189,2.6928464566929136,1.8540196850393702,4.301149606299213,2.832295275590551,2.3443070866141733,32817.11,27065.41,29793.83,20513.0,47588.21,31336.71,25937.57
1749,San Francisco Bay,4648987.904467493,537295500,2004-06,2004.0,6.0,month,2.8516220472440947,2.4201023622047244,2.5455708661417322,2.0548976377952757,3.6599094488188975,2.49442125984252,2.075307086614173,31550.54,26776.18,28164.37,22735.53,40493.48,27598.44,22961.34
1750,San Francisco Bay,4648987.904467493,537295500,2004-07,2004.0,7.0,month,2.5039370078740157,2.6470196850393704,2.5350551181102365,2.9475196850393703,2.9666023622047244,2.146157480314961,1.9265196850393702,27703.73,29286.8,28048.02,32611.56,32822.69,23745.23,21315.14
1751,San Francisco Bay,4648987.904467493,537295500,2004-08,2004.0,8.0,month,2.0521968503937007,2.569972440944882,2.2640984251968503,2.5143031496062993,2.718661417322835,1.8729173228346456,1.8197952755905513,22705.64,28434.35,25050.14,27818.42,30079.45,20722.08,20134.34
1752,San Francisco Bay,4648987.904467493,537295500,2004-09,2004.0,9.0,month,1.265031496062992,1.1561574803149606,1.3385157480314962,0.8069291338582677,1.758944881889764,1.5913149606299215,1.5013503937007877,13996.39,12791.8,14809.43,8927.92,19461.08,17606.42,16611.04
1753,San Francisco Bay,4648987.904467493,537295500,2004-10,2004.0,10.0,month,1.174015748031496,1.2275472440944883,1.2585236220472442,0.8905039370078741,2.0260708661417324,1.5143464566929135,1.1115826771653545,12989.39,13581.67,13924.39,9852.6,22416.58,16754.83,12298.63
1754,San Francisco Bay,4648987.904467493,537295500,2004-11,2004.0,11.0,month,0.9050275590551182,0.6272440944881891,0.9418818897637796,0.2524370078740158,1.5817755905511812,1.3076181102362208,0.9585748031496063,10013.29,6939.87,10421.04,2792.98,17500.87,14467.57,10605.74
1755,San Francisco Bay,4648987.904467493,537295500,2004-12,2004.0,12.0,month,0.6392559055118111,0.5642874015748032,0.7601338582677166,0.3638031496062993,1.1497952755905512,0.9528070866141732,0.7906417322834646,7072.77,6243.31,8410.17,4025.14,12721.41,10541.92,8747.71
1756,San Francisco Bay,4648987.904467493,537295500,2005-00,,,water_year,27.03807874015748,23.45827559055118,26.285724409448818,23.21951968503937,34.09227165354331,26.893452755905514,22.681944881889763,299151.14,259543.95,290827.03,256902.34000000003,377199.17000000004,297550.97,250954.57
1757,San Francisco Bay,4648987.904467493,537295500,2005-01,2005.0,1.0,month,0.8940984251968505,0.5196496062992126,0.83396062992126,0.29747637795275594,1.1192677165354332,1.0548464566929134,0.8135590551181103,9892.37,5749.44,9227.0,3291.3,12383.65,11670.89,9001.27
1758,San Francisco Bay,4648987.904467493,537295500,2005-02,2005.0,2.0,month,1.190444881889764,0.8690472440944882,1.271692913385827,0.750003937007874,1.9103897637795275,1.5261456692913387,1.2981338582677167,13171.16,9615.2,14070.1,8298.09,21136.68,16885.38,14362.64
1759,San Francisco Bay,4648987.904467493,537295500,2005-03,2005.0,3.0,month,2.848389763779528,1.8592755905511813,2.7974606299212597,2.6492795275590555,3.3448425196850398,3.021673228346457,2.489295275590551,31514.78,20571.15,30951.29,29311.81,37007.56,33432.0,27541.73
1760,San Francisco Bay,4648987.904467493,537295500,2005-04,2005.0,4.0,month,3.739145669291339,2.717775590551181,3.2275669291338582,2.625208661417323,3.965188976377953,3.438212598425197,2.8830905511811027,41370.16,30069.65,35710.02,29045.49,43871.12,38040.62,31898.71
1761,San Francisco Bay,4648987.904467493,537295500,2005-05,2005.0,5.0,month,4.218354330708661,3.638952755905512,3.8432874015748033,3.4459724409448818,5.262917322834646,3.9695393700787407,3.012874015748032,46672.16,40261.62,42522.39,38126.47,58229.27,43919.25,33334.64
1762,San Francisco Bay,4648987.904467493,537295500,2005-06,2005.0,6.0,month,3.472358267716536,3.071850393700788,3.3749094488188978,3.586023622047244,4.2406732283464565,3.320925196850394,2.708720472440945,38418.41,33987.16,37340.23,39676.01,46919.09,36742.94,29969.47
1763,San Francisco Bay,4648987.904467493,537295500,2005-07,2005.0,7.0,month,3.751527559055118,3.28486220472441,3.371511811023622,3.420527559055118,3.8155629921259844,2.9983897637795276,2.720145669291339,41507.15,36343.94,37302.63,37844.95,42215.65,33174.39,30095.87
1764,San Francisco Bay,4648987.904467493,537295500,2005-08,2005.0,8.0,month,2.7503503937007876,3.2358188976377957,2.8243110236220472,3.1300511811023624,3.1205078740157486,2.2545787401574806,2.242811023622047,30430.06,35801.32,31248.37,34631.1,34525.51,24944.81,24814.61
1765,San Francisco Bay,4648987.904467493,537295500,2005-09,2005.0,9.0,month,1.4551102362204726,1.8419645669291338,1.780484251968504,1.808232283464567,2.555279527559055,1.5343700787401575,1.6525157480314963,16099.44,20379.62,19699.4,20006.4,28271.78,16976.37,18283.55
1766,San Francisco Bay,4648987.904467493,537295500,2005-10,2005.0,10.0,month,1.087248031496063,1.5505944881889766,1.3183385826771654,1.0199094488188978,1.938937007874016,1.3244488188976378,1.252692913385827,12029.39,17155.88,14586.19,11284.35,21452.53,14653.79,13859.88
1767,San Francisco Bay,4648987.904467493,537295500,2005-11,2005.0,11.0,month,0.582007874015748,0.7858937007874016,0.8051535433070867,0.49382283464566934,1.4258346456692914,1.1951732283464567,0.7363228346456694,6439.37,8695.18,8908.27,5463.69,15775.53,13223.48,8146.73
1768,San Francisco Bay,4648987.904467493,537295500,2005-12,2005.0,12.0,month,0.4346653543307087,0.38087401574803154,0.5309409448818898,0.19495669291338585,1.0840905511811025,0.9595590551181103,0.5105,4809.17,4214.02,5874.37,2157.01,11994.45,10616.63,5648.21
1769,San Francisco Bay,4648987.904467493,537295500,2006-00,,,water_year,24.387397637795274,22.265307086614175,24.304759842519687,21.856744094488192,31.507767716535437,25.31009448818898,20.812433070866145,269823.81,246344.86,268909.51,241824.49999999997,348604.07000000007,280032.6,230270.17
1770,San Francisco Bay,4648987.904467493,537295500,2006-01,2006.0,1.0,month,0.8254488188976379,0.6121377952755905,0.8229330708661418,0.28430314960629927,0.9402401574803151,1.3107283464566928,0.8716811023622048,9132.82,6772.73,9104.99,3145.55,10402.88,14501.99,9644.34
1771,San Francisco Bay,4648987.904467493,537295500,2006-02,2006.0,2.0,month,1.3536889763779527,1.0441496062992126,1.3649960629921263,0.7286062992125985,1.8112322834645669,1.6289212598425198,1.3078346456692915,14977.31,11552.54,15102.41,8061.35,20039.6,18022.49,14469.97
1772,San Francisco Bay,4648987.904467493,537295500,2006-03,2006.0,3.0,month,1.7545275590551181,1.2810905511811026,1.8238976377952756,1.2046653543307089,2.5401102362204724,2.567968503937008,1.5605393700787404,19412.21,14174.07,20179.73,13328.5,28103.95,28412.18,17265.91
1773,San Francisco Bay,4648987.904467493,537295500,2006-04,2006.0,4.0,month,2.9152952755905517,2.120649606299213,2.718181102362205,2.0949527559055117,3.819846456692914,3.138177165354331,2.3180118110236223,32255.02,23463.01,30074.14,23178.7,42263.04,34721.0,25646.64
1774,San Francisco Bay,4648987.904467493,537295500,2006-05,2006.0,5.0,month,4.234870078740158,3.4355787401574807,3.71344094488189,3.4251614173228346,4.993082677165354,3.6246889763779526,3.0358937007874016,46854.89,38011.47,41085.76,37896.22,55243.8,40103.8,33589.33
1775,San Francisco Bay,4648987.904467493,537295500,2006-06,2006.0,6.0,month,3.528192913385827,3.0559448818897637,3.3276417322834644,3.358011811023622,4.061818897637795,3.006122047244095,2.739062992125984,39036.16,33811.18,36817.25,37153.27,44940.24,33259.94,30305.18
1776,San Francisco Bay,4648987.904467493,537295500,2006-07,2006.0,7.0,month,3.4118346456692916,3.3095826771653547,3.3806929133858272,3.8736141732283462,3.7919881889763785,2.9089291338582677,2.672181102362205,37748.77,36617.45,37404.21,42857.93,41954.81,32184.59,29565.19
1777,San Francisco Bay,4648987.904467493,537295500,2006-08,2006.0,8.0,month,2.590232283464567,2.6961771653543307,2.6133346456692914,3.0300354330708665,2.9867874015748033,2.0852874015748033,2.104736220472441,28658.5,29830.69,28914.11,33524.52,33046.02,23071.76,23286.94
1778,San Francisco Bay,4648987.904467493,537295500,2006-09,2006.0,9.0,month,1.6693858267716537,1.9926338582677168,1.8852086614173231,2.148704724409449,2.1137992125984253,1.5600905511811025,1.702976377952756,18470.2,22046.64,20858.08,23773.41,23387.22,17260.95,18841.85
1779,San Francisco Bay,4648987.904467493,537295500,2006-10,2006.0,10.0,month,0.8931377952755907,1.360484251968504,1.2053937007874016,1.1778425196850395,1.8819173228346457,1.1958661417322836,1.034224409448819,9881.74,15052.49,13336.56,13031.73,20821.66,13231.14,11442.73
1780,San Francisco Bay,4648987.904467493,537295500,2006-11,2006.0,11.0,month,0.6532992125984253,0.7499055118110236,0.8111023622047244,0.45829921259842527,1.512972440944882,1.3144566929133858,0.7091417322834646,7228.15,8297.01,8974.09,5070.65,16739.63,14543.24,7845.99
1781,San Francisco Bay,4648987.904467493,537295500,2006-12,2006.0,12.0,month,0.4696259842519685,0.7076299212598426,0.7697125984251969,0.30370472440944885,1.3118031496062994,1.081259842519685,0.7873188976377954,5195.97,7829.27,8516.15,3360.21,14513.88,11963.13,8710.95
1782,San Francisco Bay,4648987.904467493,537295500,2007-00,,,water_year,21.259751968503938,20.92235826771654,22.40420472440945,19.332933070866147,30.533204724409448,23.97402755905512,19.56677165354331,235219.33,231486.38999999998,247881.63,213900.87,337821.43,265250.26,216488.08000000002
1783,San Francisco Bay,4648987.904467493,537295500,2007-01,2007.0,1.0,month,0.7918661417322834,0.7904448818897639,0.9569645669291339,0.4782755905511811,1.4066417322834648,1.185496062992126,1.009744094488189,8761.26,8745.54,10587.92,5291.67,15563.18,13116.41,11171.88
1784,San Francisco Bay,4648987.904467493,537295500,2007-02,2007.0,2.0,month,1.0466811023622047,0.7774212598425198,1.1589921259842522,0.7034330708661418,1.5561102362204724,1.5911614173228348,1.2189724409448819,11580.55,8601.44,12823.17,7782.83,17216.91,17604.72,13486.79
1785,San Francisco Bay,4648987.904467493,537295500,2007-03,2007.0,3.0,month,2.6248070866141737,2.2001574803149606,2.5530708661417325,1.9986496062992127,3.090511811023622,2.6949566929133857,2.4722362204724413,29041.04,24342.69,28247.35,22113.19,34193.63,29817.18,27352.99
1786,San Francisco Bay,4648987.904467493,537295500,2007-04,2007.0,4.0,month,2.8682519685039374,2.152795275590551,2.8158110236220475,2.133732283464567,3.3935078740157483,3.426492125984252,2.6591811023622047,31734.53,23818.67,31154.32,23607.76,37546.0,37910.94,29421.36
1787,San Francisco Bay,4648987.904467493,537295500,2007-05,2007.0,5.0,month,3.1667874015748034,3.2112637795275596,3.161700787401575,2.7975669291338585,4.791311023622047,3.1052834645669294,2.4966102362204725,35037.55,35529.64,34981.27,30952.47,53011.39,34357.07,27622.66
1788,San Francisco Bay,4648987.904467493,537295500,2007-06,2007.0,6.0,month,2.7173149606299214,2.6148779527559056,2.6683464566929134,2.7263149606299217,3.4483307086614174,2.496944881889764,2.0486535433070867,30064.56,28931.19,29522.76,30164.13,38152.56,27626.37,22666.44
1789,San Francisco Bay,4648987.904467493,537295500,2007-07,2007.0,7.0,month,2.6940551181102363,2.4092283464566933,2.529125984251969,2.566208661417323,3.1747755905511816,2.403972440944882,1.9855944881889764,29807.21,26655.86,27982.42,28392.71,35125.93,26597.71,21968.75
1790,San Francisco Bay,4648987.904467493,537295500,2007-08,2007.0,8.0,month,1.9488425196850394,2.3140118110236223,2.1770590551181104,2.3981299212598426,2.642692913385827,1.9889055118110237,1.789712598425197,21562.12,25602.38,24087.13,26533.07,29238.93,22005.38,19801.5
1791,San Francisco Bay,4648987.904467493,537295500,2007-09,2007.0,9.0,month,1.3850826771653544,1.6341377952755907,1.596925196850394,1.5907755905511813,2.3226299212598427,1.489232283464567,1.3553818897637795,15324.65,18080.21,17668.49,17600.45,25697.73,16476.97,14996.04
1792,San Francisco Bay,4648987.904467493,537295500,2007-10,2007.0,10.0,month,0.9142244094488189,1.0973779527559056,1.20798031496063,0.7089409448818899,1.8053897637795278,1.8010669291338586,1.1018110236220473,10115.04,12141.46,13365.18,7843.77,19974.95,19927.13,12190.51
1793,San Francisco Bay,4648987.904467493,537295500,2007-11,2007.0,11.0,month,0.7877047244094488,0.8256299212598426,0.9869606299212599,0.7295354330708662,1.6645157480314963,1.151775590551181,0.985236220472441,8715.22,9134.82,10919.8,8071.63,18416.31,12743.32,10900.72
1794,San Francisco Bay,4648987.904467493,537295500,2007-12,2007.0,12.0,month,0.48394094488188977,0.5637874015748032,0.7345157480314961,0.1964763779527559,1.0579724409448819,1.1503503937007875,0.8906220472440946,5354.36,6237.78,8126.73,2173.83,11705.48,12727.55,9853.9
1795,San Francisco Bay,4648987.904467493,537295500,2008-00,,,water_year,20.547759842519685,19.510944881889767,21.522574803149606,18.149492125984253,28.199011811023627,23.748897637795277,20.11035039370079,227341.81000000003,215870.4,238127.21999999997,200807.2,311995.76,262759.39,222502.26
1796,San Francisco Bay,4648987.904467493,537295500,2008-01,2008.0,1.0,month,0.6121692913385827,0.5195275590551182,0.7515708661417323,0.21543700787401576,1.0157362204724412,1.193452755905512,0.8591614173228347,6773.08,5748.09,8315.43,2383.61,11238.17,13204.44,9505.82
1797,San Francisco Bay,4648987.904467493,537295500,2008-02,2008.0,2.0,month,1.4043464566929136,0.874492125984252,1.3002598425196852,0.6111771653543308,1.358968503937008,1.8188110236220474,1.44896062992126,15537.78,9675.44,14386.16,6762.11,15035.72,20123.45,16031.4
1798,San Francisco Bay,4648987.904467493,537295500,2008-03,2008.0,3.0,month,2.5091574803149608,1.9942755905511813,2.3731574803149607,1.516472440944882,2.9445039370078745,2.501751968503937,2.364937007874016,27761.49,22064.8,26256.77,16778.35,32578.19,27679.55,26165.82
1799,San Francisco Bay,4648987.904467493,537295500,2008-04,2008.0,4.0,month,2.3773031496062993,2.1169173228346456,2.540161417322835,2.293964566929134,3.8578622047244098,2.871484251968504,2.391133858267717,26302.64,23421.72,28104.52,25380.58,42683.65,31770.29,26455.67
1800,San Francisco Bay,4648987.904467493,537295500,2008-05,2008.0,5.0,month,2.674956692913386,2.6098188976377954,2.73846062992126,2.4835511811023623,4.364681102362205,2.8260826771653544,2.306720472440945,29595.9,28875.21,30298.51,27478.18,48291.13,31267.97,25521.71
1801,San Francisco Bay,4648987.904467493,537295500,2008-06,2008.0,6.0,month,2.7220826771653543,2.2501456692913386,2.5015590551181104,2.4938110236220474,2.8408110236220474,2.6492598425196854,2.1208503937007874,30117.31,24895.76,27677.42,27591.69,31430.92,29311.59,23465.23
1802,San Francisco Bay,4648987.904467493,537295500,2008-07,2008.0,7.0,month,3.06836220472441,2.736996062992126,2.62155905511811,2.6351614173228346,2.7812677165354334,2.3198149606299214,2.0956456692913386,33948.57,30282.31,29005.11,29155.6,30772.13,25666.59,23186.36
1803,San Francisco Bay,4648987.904467493,537295500,2008-08,2008.0,8.0,month,1.914712598425197,2.511330708661417,2.238551181102362,2.5816377952755905,2.553665354330709,1.9979842519685043,1.960984251968504,21184.51,27785.53,24767.48,28563.41,28253.93,22105.83,21696.46
1804,San Francisco Bay,4648987.904467493,537295500,2008-09,2008.0,9.0,month,1.0787992125984252,1.4106456692913385,1.5278385826771654,1.6833267716535436,1.9536377952755906,1.4670629921259841,1.5842874015748034,11935.91,15607.48,16904.11,18624.44,21615.18,16231.68,17528.66
1805,San Francisco Bay,4648987.904467493,537295500,2008-10,2008.0,10.0,month,0.5640590551181103,0.9652795275590552,1.0681692913385827,0.8711062992125985,1.6628661417322836,1.2806496062992128,1.1948503937007875,6240.79,10679.92,11818.3,9637.98,18398.06,14169.19,13219.91
1806,San Francisco Bay,4648987.904467493,537295500,2008-11,2008.0,11.0,month,0.7416811023622047,0.884775590551181,0.9118464566929135,0.39655511811023625,1.554228346456693,1.127763779527559,0.8424015748031496,8206.01,9789.22,10088.73,4387.51,17196.09,12477.65,9320.39
1807,San Francisco Bay,4648987.904467493,537295500,2008-12,2008.0,12.0,month,0.6043070866141732,0.5496929133858268,0.6940393700787402,0.40753543307086615,0.9342637795275591,0.7977086614173229,0.6767952755905512,6686.09,6081.84,7678.9,4509.0,10336.76,8825.9,7488.11
1808,San Francisco Bay,4648987.904467493,537295500,2009-00,,,water_year,21.05217322834646,21.863,23.443185039370082,21.323188976377956,31.06968503937008,24.18664960629921,20.959748031496062,232922.65,241893.71000000002,259376.97999999998,235921.19999999995,343757.09,267602.71,231900.07
1809,San Francisco Bay,4648987.904467493,537295500,2009-01,2009.0,1.0,month,0.9438070866141732,0.7416850393700788,1.0481811023622047,0.7026377952755907,1.2213818897637796,1.2403070866141732,1.1204055118110237,10442.35,8206.05,11597.15,7774.03,13513.45,13722.84,12396.24
1810,San Francisco Bay,4648987.904467493,537295500,2009-02,2009.0,2.0,month,0.9471181102362205,0.5755078740157481,1.1235826771653545,0.5915157480314961,1.6059291338582677,1.5832007874015748,1.2101535433070867,10478.98,6367.46,12431.39,6544.57,17768.11,17516.64,13389.22
1811,San Francisco Bay,4648987.904467493,537295500,2009-03,2009.0,3.0,month,2.4249015748031497,1.829456692913386,2.5148582677165354,1.691291338582677,3.1661220472440945,2.8274448818897637,2.5379960629921263,26829.27,20241.23,27824.56,18712.56,35030.19,31283.04,28080.56
1812,San Francisco Bay,4648987.904467493,537295500,2009-04,2009.0,4.0,month,2.902023622047244,2.669413385826772,3.0332992125984255,3.1143503937007875,3.856637795275591,3.0775669291338583,2.665232283464567,32108.18,29534.57,33560.63,34457.38,42670.1,34050.41,29488.31
1813,San Francisco Bay,4648987.904467493,537295500,2009-05,2009.0,5.0,month,3.2398858267716535,3.086748031496063,3.163173228346457,2.531437007874016,4.729007874015748,3.2920669291338585,2.6580787401574804,35846.31,34151.99,34997.56,28007.99,52322.06,36423.65,29409.16
1814,San Francisco Bay,4648987.904467493,537295500,2009-06,2009.0,6.0,month,2.44094094488189,3.0726023622047247,2.935527559055118,3.508389763779528,3.9755669291338585,2.616275590551181,2.2045787401574803,27006.73,33995.48,32478.87,38817.06,43985.94,28946.65,24391.61
1815,San Francisco Bay,4648987.904467493,537295500,2009-07,2009.0,7.0,month,2.8333385826771655,2.7240551181102366,2.696696850393701,2.8199291338582677,3.152531496062992,2.504496062992126,2.1562401574803154,31348.25,30139.13,29836.44,31199.89,34879.82,27709.91,23856.79
1816,San Francisco Bay,4648987.904467493,537295500,2009-08,2009.0,8.0,month,2.1096259842519687,2.615673228346457,2.368937007874016,2.658972440944882,2.887188976377953,2.0955275590551183,1.941728346456693,23341.04,28939.98,26210.08,29419.05,31944.05,23185.06,21483.41
1817,San Francisco Bay,4648987.904467493,537295500,2009-09,2009.0,9.0,month,1.300484251968504,2.1481102362204725,1.8848740157480315,2.0294685039370077,2.32396062992126,1.7436417322834645,1.7512874015748032,14388.65,23766.84,20854.37,22454.18,25712.46,19291.77,19376.36
1818,San Francisco Bay,4648987.904467493,537295500,2009-10,2009.0,10.0,month,1.2176850393700789,1.5759015748031497,1.4801259842519685,0.9805472440944882,2.5241220472440946,1.6806771653543309,1.4391968503937007,13472.55,17435.88,16376.21,10848.84,27927.06,18595.13,15923.37
1819,San Francisco Bay,4648987.904467493,537295500,2009-11,2009.0,11.0,month,0.7991496062992127,0.9159921259842521,1.0447047244094487,0.4379763779527559,1.6883070866141734,1.1802440944881891,1.1922795275590552,8841.85,10134.6,11558.68,4845.8,18679.54,13058.3,13191.46
1820,San Francisco Bay,4648987.904467493,537295500,2009-12,2009.0,12.0,month,0.6032007874015749,0.36351574803149606,0.6627834645669293,0.3020905511811024,1.0028622047244096,0.8595196850393702,0.699464566929134,6673.85,4021.96,7333.08,3342.35,11095.73,9509.78,7738.92
1821,San Francisco Bay,4648987.904467493,537295500,2010-00,,,water_year,24.378755905511813,21.377767716535438,24.944122047244093,22.369350393700792,33.29004724409449,25.509169291338583,22.53376377952756,269728.19,236525.06,275983.45,247496.0,368323.32,282235.16000000003,249315.08000000002
1822,San Francisco Bay,4648987.904467493,537295500,2010-01,2010.0,1.0,month,0.7223700787401575,0.541255905511811,0.8115905511811023,0.3034606299212599,1.2677716535433072,1.066003937007874,0.7643740157480315,7992.35,5988.49,8979.49,3357.51,14026.71,11794.34,8457.09
1823,San Francisco Bay,4648987.904467493,537295500,2010-02,2010.0,2.0,month,1.1530275590551182,1.1328228346456695,1.3411771653543307,0.6860314960629922,2.036688976377953,1.644925196850394,1.1761259842519685,12757.17,12533.63,14838.87,7590.3,22534.06,18199.56,13012.74
1824,San Francisco Bay,4648987.904467493,537295500,2010-03,2010.0,3.0,month,2.8362874015748036,1.7486062992125986,2.577913385826772,1.9795,3.040948818897638,2.787035433070866,2.3913700787401577,31380.87,19346.7,28522.21,21901.32,33645.26,30835.95,26458.28
1825,San Francisco Bay,4648987.904467493,537295500,2010-04,2010.0,4.0,month,3.2673110236220473,2.1758070866141734,3.062279527559055,2.8946141732283466,3.9414370078740157,3.4496456692913386,2.552763779527559,36149.75,24073.28,33881.27,32026.21,43608.32,38167.11,28243.95
1826,San Francisco Bay,4648987.904467493,537295500,2010-05,2010.0,5.0,month,3.502236220472441,2.4085905511811023,3.2180000000000004,2.5411141732283467,3.6761732283464568,3.6840866141732285,3.1510984251968504,38748.98,26648.81,35604.17,28115.06,40673.43,40760.98,34863.96
1827,San Francisco Bay,4648987.904467493,537295500,2010-06,2010.0,6.0,month,3.2468582677165356,2.570448818897638,3.110803149606299,3.0213110236220473,4.120366141732284,3.0032992125984252,2.8813661417322836,35923.46,28439.62,34418.14,33427.99,45588.01,33228.7,31879.63
1828,San Francisco Bay,4648987.904467493,537295500,2010-07,2010.0,7.0,month,3.3734645669291345,3.1106141732283468,3.179326771653544,4.056216535433071,3.9267283464566933,2.5733897637795273,2.435452755905512,37324.24,34416.04,35176.29,44878.25,43445.59,28472.16,26946.01
1829,San Francisco Bay,4648987.904467493,537295500,2010-08,2010.0,8.0,month,2.177129921259843,2.559952755905512,2.476429133858268,2.8731259842519687,3.4185590551181106,2.0474015748031498,2.081488188976378,24087.91,28323.49,27399.38,31788.46,37823.17,22652.59,23029.73
1830,San Francisco Bay,4648987.904467493,537295500,2010-09,2010.0,9.0,month,1.4800354330708663,2.274259842519685,1.978988188976378,2.2933622047244095,2.6460826771653543,1.53294094488189,1.7687834645669294,16375.21,25162.56,21895.66,25373.91,29276.44,16960.56,19569.94
1831,San Francisco Bay,4648987.904467493,537295500,2010-10,2010.0,10.0,month,1.0190551181102363,1.5112677165354333,1.435425196850394,1.5771417322834644,2.304003937007874,1.4006023622047243,1.2150944881889765,11274.89,16720.77,15881.64,17449.6,25491.65,15496.36,13443.89
1832,San Francisco Bay,4648987.904467493,537295500,2010-11,2010.0,11.0,month,0.9489566929133859,0.8233818897637797,1.0219488188976378,0.48185433070866146,1.8980354330708662,1.268488188976378,1.0091811023622048,10499.32,9109.95,11306.91,5331.27,20999.99,14034.64,11165.65
1833,San Francisco Bay,4648987.904467493,537295500,2010-12,2010.0,12.0,month,0.4892283464566929,0.4053188976377953,0.6315236220472442,0.18965354330708661,1.1092677165354332,0.9685039370078741,0.6245905511811024,5412.86,4484.48,6987.22,2098.34,12273.01,10715.59,6910.51
1834,San Francisco Bay,4648987.904467493,537295500,2011-00,,,water_year,25.095543307086615,21.621421259842524,25.36337795275591,24.034074803149604,34.33521653543307,25.789740157480317,21.940685039370084,277658.76999999996,239220.87000000002,280622.11,265914.61,379887.12,285339.42,242753.22
1835,San Francisco Bay,4648987.904467493,537295500,2011-01,2011.0,1.0,month,1.0056968503937007,0.4707047244094488,0.9009488188976379,0.376736220472441,1.1482559055118111,1.085716535433071,0.8751377952755907,11127.1,5207.91,9968.16,4168.23,12704.38,12012.44,9682.58
1836,San Francisco Bay,4648987.904467493,537295500,2011-02,2011.0,2.0,month,1.2693622047244095,0.8841771653543308,1.3271377952755905,0.7911850393700788,1.5360748031496065,1.647736220472441,1.4521614173228348,14044.31,9782.6,14683.54,8753.72,16995.23,18230.66,16066.81
1837,San Francisco Bay,4648987.904467493,537295500,2011-03,2011.0,3.0,month,1.8746653543307088,1.4412755905511814,2.0951771653543307,1.9089015748031497,2.6128818897637793,2.5682992125984256,1.8445039370078742,20741.42,15946.37,23181.18,21120.22,28909.1,28415.84,20407.72
1838,San Francisco Bay,4648987.904467493,537295500,2011-04,2011.0,4.0,month,3.1887165354330707,2.5545708661417326,3.210539370078741,3.99690157480315,4.154307086614174,2.9878346456692917,2.6713228346456694,35280.17,28263.94,35521.62,44221.99,45963.53,33057.6,29555.7
1839,San Francisco Bay,4648987.904467493,537295500,2011-05,2011.0,5.0,month,3.4413740157480315,2.4299960629921262,3.0448897637795276,1.8048149606299215,4.392543307086615,3.4620590551181105,2.6075787401574804,38075.59,26885.64,33688.87,19968.59,48599.39,38304.45,28850.43
1840,San Francisco Bay,4648987.904467493,537295500,2011-06,2011.0,6.0,month,3.6062952755905515,2.941338582677165,3.3083622047244097,3.1161338582677165,4.159468503937008,3.4368425196850394,2.6107992125984256,39900.29,32543.17,36603.94,34477.11,46020.64,38025.46,28886.06
1841,San Francisco Bay,4648987.904467493,537295500,2011-07,2011.0,7.0,month,3.784952755905512,3.3779488188976377,3.64340157480315,4.450062992125984,5.071248031496063,2.951838582677165,2.8382086614173234,41876.97,37373.85,40310.84,49235.8,56108.63,32659.34,31402.13
1842,San Francisco Bay,4648987.904467493,537295500,2011-08,2011.0,8.0,month,2.7487992125984255,2.7388543307086617,2.7136850393700787,3.112023622047244,3.3372992125984253,2.279527559055118,2.339476377952756,30412.9,30302.87,30024.39,34431.64,36924.1,25220.85,25884.12
1843,San Francisco Bay,4648987.904467493,537295500,2011-09,2011.0,9.0,month,1.71844094488189,2.0425866141732287,2.0303385826771656,2.2286653543307087,2.611830708661418,1.7322913385826773,1.8526299212598427,19012.95,22599.32,22463.8,24658.1,28897.47,19166.19,20497.62
1844,San Francisco Bay,4648987.904467493,537295500,2011-10,2011.0,10.0,month,1.2660393700787402,1.1899015748031496,1.4328228346456695,0.9500236220472442,2.368437007874016,1.7253188976377953,1.4873425196850394,14007.54,13165.15,15852.85,10511.13,26204.55,19089.04,16456.06
1845,San Francisco Bay,4648987.904467493,537295500,2011-11,2011.0,11.0,month,0.6710944881889764,0.6439881889763779,0.8395551181102363,0.48652755905511813,1.5640511811023623,1.1937244094488189,0.8115472440944882,7425.03,7125.13,9288.89,5382.97,17304.77,13207.45,8979.01
1846,San Francisco Bay,4648987.904467493,537295500,2011-12,2011.0,12.0,month,0.6253464566929134,0.6392755905511811,0.7956535433070866,0.5783307086614173,1.51594094488189,0.7766889763779529,0.9502795275590552,6918.88,7072.99,8803.16,6398.69,16772.47,8593.34,10513.96
1847,San Francisco Bay,4648987.904467493,537295500,2012-00,,,water_year,22.7053031496063,18.898011811023625,22.905885826771655,19.920027559055118,31.17038976377953,24.53805905511811,21.264960629921262,251212.99000000002,209088.87,253432.25000000003,220396.51,344871.29000000004,271490.74,235276.95
1848,San Francisco Bay,4648987.904467493,537295500,2012-01,2012.0,1.0,month,0.5672952755905513,0.4997283464566929,0.7245157480314961,0.2715275590551181,1.0580748031496063,1.0150433070866143,0.8360157480314961,6276.59,5529.03,8016.09,3004.2,11706.61,11230.51,9249.73
1849,San Francisco Bay,4648987.904467493,537295500,2012-02,2012.0,2.0,month,1.132732283464567,0.8467992125984253,1.3125944881889764,0.6955590551181103,2.0763385826771654,1.7483976377952757,1.341031496062992,12532.63,9369.04,14522.63,7695.71,22972.75,19344.39,14837.26
1850,San Francisco Bay,4648987.904467493,537295500,2012-03,2012.0,3.0,month,1.6051968503937009,1.3238543307086617,1.9153503937007876,1.5627716535433072,2.6158897637795278,2.455996062992126,1.8551181102362204,17760.01,14647.21,21191.57,17290.61,28942.38,27173.31,20525.15
1851,San Francisco Bay,4648987.904467493,537295500,2012-04,2012.0,4.0,month,3.47001968503937,2.297677165354331,3.192807086614174,2.8986692913385825,3.817696850393701,3.5089960629921264,2.893511811023622,38392.53,25421.65,35325.43,32071.07,42239.25,38823.77,32014.01
1852,San Francisco Bay,4648987.904467493,537295500,2012-05,2012.0,5.0,month,3.7644488188976384,2.4833700787401574,3.1833582677165353,1.8590905511811024,3.9962874015748033,3.4172559055118112,3.030177165354331,41650.11,27476.17,35220.89,20569.1,44215.19,37808.75,33526.08
1853,San Francisco Bay,4648987.904467493,537295500,2012-06,2012.0,6.0,month,2.972866141732284,2.409177165354331,2.7473070866141733,2.2581692913385827,3.821716535433071,2.797496062992126,2.398645669291339,32891.99,26655.3,30396.39,24984.54,42283.73,30951.68,26538.78
1854,San Francisco Bay,4648987.904467493,537295500,2012-07,2012.0,7.0,month,2.819208661417323,2.516976377952756,2.726248031496063,3.5366338582677166,3.3396732283464567,2.4258425196850393,2.211204724409449,31191.91,27848.0,30163.39,39129.55,36950.37,26839.68,24464.92
1855,San Francisco Bay,4648987.904467493,537295500,2012-08,2012.0,8.0,month,2.2114645669291337,2.152,2.1890118110236223,2.318992125984252,2.569677165354331,2.0575866141732284,1.9467795275590551,24467.79,23809.87,24219.37,25657.48,28431.08,22765.28,21539.3
1856,San Francisco Bay,4648987.904467493,537295500,2012-09,2012.0,9.0,month,1.5995905511811026,1.895263779527559,1.8466614173228348,2.503732283464567,2.4266062992125987,1.4157125984251968,1.5033070866141731,17697.98,20969.33,20431.59,27701.46,26848.14,15663.54,16632.69
1857,San Francisco Bay,4648987.904467493,537295500,2012-10,2012.0,10.0,month,1.142740157480315,1.4305866141732284,1.3937795275590552,1.517027559055118,2.449964566929134,1.3616417322834649,1.1137440944881891,12643.35,15828.11,15420.87,16784.49,27106.57,15065.3,12322.54
1858,San Francisco Bay,4648987.904467493,537295500,2012-11,2012.0,11.0,month,0.8728661417322835,0.7071850393700787,0.9673582677165355,0.7419015748031497,1.5051417322834648,1.298212598425197,0.814751968503937,9657.45,7824.34,10702.92,8208.45,16652.99,14363.51,9014.47
1859,San Francisco Bay,4648987.904467493,537295500,2012-12,2012.0,12.0,month,0.5951299212598425,0.5331023622047245,0.7367874015748033,0.22462992125984252,1.0663622047244095,1.0511850393700788,0.7634566929133859,6584.56,5898.28,8151.87,2485.32,11798.3,11630.38,8446.94
1860,San Francisco Bay,4648987.904467493,537295500,2013-00,,,water_year,21.317354330708664,19.894425196850396,23.34368503937008,20.36911417322835,31.22818503937008,25.301401574803148,21.65461811023622,235856.64,220113.26,258276.11000000002,225365.26000000004,345510.73999999993,279936.41000000003,239588.14
1861,San Francisco Bay,4648987.904467493,537295500,2013-01,2013.0,1.0,month,0.9584685039370079,0.5653661417322835,0.9648267716535434,0.30490944881889764,1.1028700787401575,1.2091968503937007,1.0655984251968504,10604.56,6255.25,10674.91,3373.54,12202.23,13378.64,11789.85
1862,San Francisco Bay,4648987.904467493,537295500,2013-02,2013.0,2.0,month,1.4965118110236222,0.9111850393700789,1.4522716535433073,0.8955944881889765,1.8955669291338584,1.6373110236220472,1.4937086614173227,16557.51,10081.41,16068.03,9908.92,20972.68,18115.32,16526.49
1863,San Francisco Bay,4648987.904467493,537295500,2013-03,2013.0,3.0,month,2.0166811023622047,1.445759842519685,2.106685039370079,1.378437007874016,2.4548818897637794,2.508972440944882,2.2470984251968504,22312.7,15995.98,23308.5,15251.12,27160.98,27759.44,24862.05
1864,San Francisco Bay,4648987.904467493,537295500,2013-04,2013.0,4.0,month,2.6216614173228345,1.8362795275590553,3.010562992125984,2.6364291338582677,3.5100787401574807,3.6130748031496065,3.3426417322834645,29006.24,20316.72,33309.07,29169.63,38835.75,39975.3,36983.21
1865,San Francisco Bay,4648987.904467493,537295500,2013-05,2013.0,5.0,month,2.8075472440944886,2.2576811023622048,2.7655551181102362,2.2718188976377953,4.590377952755906,3.0345314960629923,2.4478267716535433,31062.89,24979.14,30598.29,25135.56,50788.25,33574.26,27082.92
1866,San Francisco Bay,4648987.904467493,537295500,2013-06,2013.0,6.0,month,2.5843070866141735,2.344988188976378,2.6792322834645668,2.538744094488189,3.542338582677165,2.9208385826771655,2.198535433070866,28592.95,25945.11,29643.21,28088.84,39192.67,32316.35,24324.74
1867,San Francisco Bay,4648987.904467493,537295500,2013-07,2013.0,7.0,month,2.709393700787402,3.2979094488188982,2.9597913385826775,3.2544921259842523,3.6244055118110237,2.610535433070866,2.348224409448819,29976.91,36488.29,32747.33,36007.92,40100.67,28883.14,25980.91
1868,San Francisco Bay,4648987.904467493,537295500,2013-08,2013.0,8.0,month,2.1310826771653546,2.8006102362204723,2.571220472440945,3.1440314960629925,3.0430590551181105,2.1491377952755903,2.114220472440945,23578.44,30986.14,28448.16,34785.78,33668.61,23778.21,23391.88
1869,San Francisco Bay,4648987.904467493,537295500,2013-09,2013.0,9.0,month,1.380964566929134,1.763771653543307,1.7356141732283465,1.4610984251968504,2.443137795275591,1.9067637795275592,1.7048110236220473,15279.08,19514.49,19202.95,16165.69,27031.04,21096.56,18862.14
1870,San Francisco Bay,4648987.904467493,537295500,2013-10,2013.0,10.0,month,0.7796692913385826,1.1335354330708662,1.0565433070866144,0.7714527559055118,1.7525905511811024,1.0603346456692915,1.130751968503937,8626.31,12541.51,11689.67,8535.41,19390.78,11731.61,12510.72
1871,San Francisco Bay,4648987.904467493,537295500,2013-11,2013.0,11.0,month,0.3959763779527559,0.5988070866141733,0.6141850393700788,0.40737795275590555,1.470448818897638,0.9462125984251969,0.519751968503937,4381.11,6625.24,6795.38,4507.26,16269.14,10468.96,5750.57
1872,San Francisco Bay,4648987.904467493,537295500,2013-12,2013.0,12.0,month,0.42112992125984255,0.4223661417322835,0.5081220472440945,0.3030944881889764,0.8273110236220473,0.743472440944882,0.44695275590551187,4659.41,4673.09,5621.9,3353.46,9153.42,8225.83,4945.12
1873,San Francisco Bay,4648987.904467493,537295500,2014-00,,,water_year,20.418381889763786,19.499110236220474,22.08435826771654,18.74873622047244,28.08291338582677,24.677905511811026,21.312818897637797,225910.33999999997,215739.46999999997,244342.83,207437.27999999997,310711.25000000006,273038.00999999995,235806.47000000003
1874,San Francisco Bay,4648987.904467493,537295500,2014-01,2014.0,1.0,month,0.4196417322834646,0.46040944881889767,0.592464566929134,0.5280708661417324,0.7868976377952757,0.7500196850393701,0.5822007874015749,4642.94,5094.0,6555.07,5842.61,8706.29,8298.27,6441.51
1875,San Francisco Bay,4648987.904467493,537295500,2014-02,2014.0,2.0,month,0.8554606299212599,0.5704055118110237,0.9356299212598426,0.7500866141732283,1.1743543307086615,1.4551653543307086,0.8349094488188977,9464.87,6311.0,10351.87,8299.01,12993.14,16100.05,9237.49
1876,San Francisco Bay,4648987.904467493,537295500,2014-03,2014.0,3.0,month,1.906696850393701,1.440708661417323,2.1425354330708664,1.155948818897638,2.6345590551181104,2.787893700787402,2.374905511811024,21095.82,15940.1,23705.16,12789.5,29148.94,30845.44,26276.11
1877,San Francisco Bay,4648987.904467493,537295500,2014-04,2014.0,4.0,month,3.175952755905512,2.6774212598425198,3.315968503937008,2.9970629921259846,4.092700787401575,3.621358267716536,3.2230551181102363,35138.95,29623.17,36688.1,33159.71,45281.92,40066.95,35660.1
1878,San Francisco Bay,4648987.904467493,537295500,2014-05,2014.0,5.0,month,3.0788228346456696,2.7470629921259846,3.215724409448819,1.9808976377952756,4.2858976377952755,3.580582677165354,3.3190787401574804,34064.3,30393.69,35578.99,21916.78,47419.46,39615.81,36722.51
1879,San Francisco Bay,4648987.904467493,537295500,2014-06,2014.0,6.0,month,3.1082952755905513,2.6873346456692917,2.9761299212598424,3.1470236220472443,3.2952913385826776,2.9055196850393705,2.6238267716535435,34390.39,29732.85,32928.1,34818.88,36459.33,32146.87,29030.2
1880,San Francisco Bay,4648987.904467493,537295500,2014-07,2014.0,7.0,month,2.9580944881889764,2.4386417322834646,2.5769645669291337,2.2616614173228347,2.5556259842519684,2.773055118110236,2.4820669291338584,32728.56,26981.3,28511.71,25023.17,28275.62,30681.27,27461.76
1881,San Francisco Bay,4648987.904467493,537295500,2014-08,2014.0,8.0,month,1.9800354330708663,2.503649606299213,2.3125472440944885,2.576637795275591,2.7807874015748033,2.124677165354331,2.036933070866142,21907.25,27700.55,25586.18,28508.09,30766.82,23507.57,22536.76
1882,San Francisco Bay,4648987.904467493,537295500,2014-09,2014.0,9.0,month,1.3386062992125984,1.8187677165354332,1.8375433070866143,1.8694212598425197,2.426448818897638,1.9296141732283465,1.7383858267716537,14810.43,20122.97,20330.7,20683.4,26846.39,21349.38,19233.62
1883,San Francisco Bay,4648987.904467493,537295500,2014-10,2014.0,10.0,month,0.8645,1.1065511811023623,1.166188976377953,0.7590472440944883,1.744952755905512,1.425692913385827,1.2866259842519687,9564.89,12242.96,12902.79,8398.15,19306.27,15773.96,14235.32
1884,San Francisco Bay,4648987.904467493,537295500,2014-11,2014.0,11.0,month,0.6818740157480316,0.8203858267716536,0.8533740157480315,0.7392047244094488,1.2512637795275592,1.0856062992125985,0.7143937007874017,7544.3,9076.8,9441.79,8178.61,13844.07,12011.22,7904.1
1885,San Francisco Bay,4648987.904467493,537295500,2014-12,2014.0,12.0,month,0.36809448818897644,0.4388740157480315,0.7079685039370078,0.1541299212598425,1.1830433070866142,1.1309448818897638,0.9555787401574803,4072.62,4855.73,7833.01,1705.3,13089.27,12512.85,10572.59
1886,San Francisco Bay,4648987.904467493,537295500,2015-00,,,water_year,20.770811023622045,20.698417322834647,22.810751968503943,17.622440944881888,31.10757480314961,25.04448818897638,22.274,229809.66,229008.7,252379.69,194975.87000000002,344176.30999999994,277093.9,246441.03000000003
1887,San Francisco Bay,4648987.904467493,537295500,2015-01,2015.0,1.0,month,1.0240629921259843,0.5985826771653544,0.9985944881889764,0.5851220472440946,1.1819763779527561,1.0499488188976378,1.2184881889763781,11330.3,6622.76,11048.52,6473.83,13077.47,11616.7,13481.44
1888,San Francisco Bay,4648987.904467493,537295500,2015-02,2015.0,2.0,month,1.4743070866141734,0.9408543307086615,1.5475354330708664,0.8771220472440946,1.9018031496062993,1.77094094488189,1.6842086614173228,16311.83,10409.68,17122.04,9704.54,21041.68,19593.81,18634.2
1889,San Francisco Bay,4648987.904467493,537295500,2015-03,2015.0,3.0,month,2.312425196850394,2.0353543307086617,2.4762637795275593,2.0191338582677165,3.3786141732283466,2.6432283464566932,2.5319960629921265,25584.83,22519.3,27397.55,22339.83,37381.21,29244.86,28014.17
1890,San Francisco Bay,4648987.904467493,537295500,2015-04,2015.0,4.0,month,2.9930590551181107,2.402185039370079,3.0314685039370084,2.5887559055118112,4.160771653543307,3.4193149606299214,2.830744094488189,33115.41,26577.94,33540.37,28642.17,46035.06,37831.53,31319.54
1891,San Francisco Bay,4648987.904467493,537295500,2015-05,2015.0,5.0,month,2.8307716535433074,2.407748031496063,2.611259842519685,2.0261653543307085,4.443598425196851,2.6665039370078745,2.3372755905511813,31319.85,26639.49,28891.15,22417.63,49164.27,29502.38,25859.77
1892,San Francisco Bay,4648987.904467493,537295500,2015-06,2015.0,6.0,month,3.0955629921259846,3.135779527559055,3.0216181102362207,2.7245275590551183,3.609661417322835,2.966692913385827,2.518196850393701,34249.52,34694.48,33431.39,30144.36,39937.54,32823.69,27861.5
1893,San Francisco Bay,4648987.904467493,537295500,2015-07,2015.0,7.0,month,2.249248031496063,2.3649212598425198,2.4783897637795276,1.9610314960629922,3.3081614173228346,2.8000472440944884,2.2843425196850395,24885.83,26165.65,27421.07,21696.98,36601.72,30979.91,25274.12
1894,San Francisco Bay,4648987.904467493,537295500,2015-08,2015.0,8.0,month,1.865492125984252,2.70601968503937,2.36738188976378,1.9873307086614174,2.962716535433071,2.34196062992126,2.2697480314960634,20639.93,29939.58,26192.87,21987.96,32779.7,25911.61,25112.64
1895,San Francisco Bay,4648987.904467493,537295500,2015-09,2015.0,9.0,month,1.0114133858267718,1.7411614173228347,1.5507086614173229,1.2008700787401574,1.9810118110236223,1.7436062992125985,1.6424015748031497,11190.35,19264.33,17157.14,13286.51,21918.05,19291.38,18171.64
1896,San Francisco Bay,4648987.904467493,537295500,2015-10,2015.0,10.0,month,0.8878307086614173,1.5132165354330709,1.1875472440944883,0.7093700787401576,1.7500314960629924,1.190468503937008,1.2696614173228347,9823.02,16742.33,13139.1,7848.52,19362.47,13171.42,14047.62
1897,San Francisco Bay,4648987.904467493,537295500,2015-11,2015.0,11.0,month,0.750728346456693,0.7368346456692914,0.8721535433070866,0.30611023622047245,1.2381732283464568,1.4308307086614174,0.8596574803149607,8306.11,8152.39,9649.57,3386.82,13699.23,15830.81,9511.31
1898,San Francisco Bay,4648987.904467493,537295500,2015-12,2015.0,12.0,month,0.44211417322834645,0.39373228346456696,0.618740157480315,0.21174015748031497,1.0333149606299215,1.0556653543307086,0.6702992125984253,4891.58,4356.28,6845.78,2342.71,11432.67,11679.95,7416.24
1899,San Francisco Bay,4648987.904467493,537295500,2016-00,,,water_year,23.694043307086616,21.6613031496063,24.527043307086615,21.80559448818898,32.03097244094488,25.583181102362207,22.80077952755905,262152.49,239662.11,271368.85,241258.57000000007,354392.85,283054.04000000004,252269.36
1900,San Francisco Bay,4648987.904467493,537295500,2016-01,2016.0,1.0,month,0.5482007874015749,0.6116692913385827,0.8221889763779529,0.47728346456692916,1.3073543307086615,1.2181377952755905,0.8477755905511811,6065.33,6767.55,9096.75,5280.7,14464.66,13477.56,9379.85
1901,San Francisco Bay,4648987.904467493,537295500,2016-02,2016.0,2.0,month,1.6700236220472442,1.3463661417322834,1.7130866141732284,1.448748031496063,2.6017755905511812,1.8228346456692914,1.6600236220472442,18477.25,14896.29,18953.71,16029.05,28786.22,20167.97,18366.61
1902,San Francisco Bay,4648987.904467493,537295500,2016-03,2016.0,3.0,month,2.3151968503937006,1.5136535433070868,2.431409448818898,2.173299212598425,3.028688976377953,2.6647992125984254,2.3730708661417323,25615.49,16747.16,26901.28,24045.53,33509.62,29483.52,26255.82
1903,San Francisco Bay,4648987.904467493,537295500,2016-04,2016.0,4.0,month,3.333972440944882,2.6451181102362207,3.4188858267716533,3.434086614173229,4.226464566929134,3.5616850393700794,3.2695472440944884,36887.3,29265.76,37826.78,37994.97,46761.89,39406.72,36174.49
1904,San Francisco Bay,4648987.904467493,537295500,2016-05,2016.0,5.0,month,3.251645669291339,2.6954566929133863,3.2514763779527565,3.708744094488189,4.7097913385826775,3.1310944881889764,2.7717559055118115,35976.43,29822.71,35974.55,41033.79,52109.45,34642.64,30666.89
1905,San Francisco Bay,4648987.904467493,537295500,2016-06,2016.0,6.0,month,3.367437007874016,2.525688976377953,2.9784055118110238,2.244748031496063,3.577129921259843,3.0199094488188973,2.696448818897638,37257.55,27944.39,32953.28,24836.04,39577.61,33412.48,29833.69
1906,San Francisco Bay,4648987.904467493,537295500,2016-07,2016.0,7.0,month,2.970724409448819,2.9090196850393704,2.924732283464567,3.012523622047244,3.4112952755905517,2.7570196850393702,2.460385826771654,32868.29,32185.59,32359.43,33330.76,37742.8,30503.85,27221.87
1907,San Francisco Bay,4648987.904467493,537295500,2016-08,2016.0,8.0,month,2.60392125984252,2.9236732283464573,2.6054291338582676,2.835751968503937,2.9323897637795273,2.138204724409449,2.1959251968503937,28809.96,32347.72,28826.64,31374.95,32444.16,23657.24,24295.86
1908,San Francisco Bay,4648987.904467493,537295500,2016-09,2016.0,9.0,month,1.5522480314960632,1.8468740157480317,1.7029881889763778,1.243188976377953,2.2145629921259844,1.5925314960629922,1.7262283464566932,17174.18,20433.94,18841.98,13754.73,24502.07,17619.88,19099.11
1909,San Francisco Bay,4648987.904467493,537295500,2016-10,2016.0,10.0,month,0.9739133858267718,0.9305,1.1830472440944881,0.6062440944881891,1.979933070866142,1.6435787401574802,1.1655157480314962,10775.44,10295.11,13089.31,6707.53,21906.11,18184.67,12895.34
1910,San Francisco Bay,4648987.904467493,537295500,2016-11,2016.0,11.0,month,0.9916811023622049,0.6623425196850393,0.9780944881889764,0.3560826771653543,1.6228503937007874,1.0538070866141733,1.0763622047244095,10972.03,7328.2,10821.7,3939.72,17955.33,11659.39,11908.94
1911,San Francisco Bay,4648987.904467493,537295500,2016-12,2016.0,12.0,month,0.6078976377952756,0.5260787401574804,0.7413622047244095,0.273744094488189,1.2713740157480318,0.9164645669291338,0.8378070866141732,6725.82,5820.57,8202.48,3028.72,14066.57,10139.83,9269.55
1912,San Francisco Bay,4648987.904467493,537295500,2017-00,,,water_year,25.59343700787402,20.303866141732286,24.903346456692912,20.41871653543307,32.718334645669295,26.225393700787404,23.527582677165356,283167.51,224643.34999999998,275532.29,225914.05,361997.86000000004,290159.53,260310.74
1913,San Francisco Bay,4648987.904467493,537295500,2017-01,2017.0,1.0,month,0.8175472440944882,0.3908267716535433,0.8563228346456693,0.27594094488188975,1.1278700787401574,1.1460433070866143,0.8961102362204725,9045.4,4324.13,9474.41,3053.03,12478.83,12679.9,9914.62
1914,San Francisco Bay,4648987.904467493,537295500,2017-02,2017.0,2.0,month,1.081492125984252,0.673255905511811,1.1909527559055118,0.608992125984252,1.7290236220472441,1.629751968503937,1.2096023622047245,11965.7,7448.95,13176.78,6737.93,19130.03,18031.69,13383.12
1915,San Francisco Bay,4648987.904467493,537295500,2017-03,2017.0,3.0,month,2.5459842519685045,1.5713070866141734,2.476677165354331,1.88098031496063,3.2457637795275596,2.8304488188976378,2.3965905511811023,28168.94,17385.05,27402.12,20811.29,35911.35,31316.28,26516.04
1916,San Francisco Bay,4648987.904467493,537295500,2017-04,2017.0,4.0,month,3.1817086614173227,2.211968503937008,3.140996062992126,3.0195787401574803,3.948177165354331,3.370393700787402,2.91651968503937,35202.64,24473.37,34752.19,33408.82,43682.9,37290.26,32268.57
1917,San Francisco Bay,4648987.904467493,537295500,2017-05,2017.0,5.0,month,3.959996062992126,3.0783622047244097,3.5093031496062994,3.30196062992126,5.06738188976378,3.3538503937007875,3.157976377952756,43813.66,34059.21,38827.17,36533.11,56065.85,37107.23,34940.06
1918,San Francisco Bay,4648987.904467493,537295500,2017-06,2017.0,6.0,month,3.679236220472441,3.0259015748031497,3.405523622047244,3.4802125984251973,4.1145748031496066,3.289283464566929,2.8213858267716536,40707.32,33478.78,37678.94,38505.31,45523.93,36392.85,31216.0
1919,San Francisco Bay,4648987.904467493,537295500,2017-07,2017.0,7.0,month,3.4666181102362206,2.941889763779528,3.004204724409449,2.1354015748031494,3.286976377952756,2.9778307086614175,2.789452755905512,38354.9,32549.27,33238.72,23626.23,36367.33,32946.92,30862.69
1920,San Francisco Bay,4648987.904467493,537295500,2017-08,2017.0,8.0,month,2.811074803149607,2.635984251968504,2.692515748031496,3.0259881889763784,3.1457362204724415,2.2635944881889767,2.330330708661417,31101.92,29164.71,29790.18,33479.74,34804.64,25044.56,25782.94
1921,San Francisco Bay,4648987.904467493,537295500,2017-09,2017.0,9.0,month,1.4762874015748033,1.655448818897638,1.7243464566929134,1.4535905511811025,2.1786732283464567,1.7503464566929134,1.929929133858268,16333.74,18316.0,19078.29,16082.62,24104.99,19365.95,21352.87
1922,San Francisco Bay,4648987.904467493,537295500,2017-10,2017.0,10.0,month,1.0145669291338584,1.1611456692913387,1.2325118110236222,0.9903543307086615,1.5704291338582679,1.3141496062992126,1.4031377952755906,11225.24,12846.99,13636.59,10957.35,17375.33,14539.84,15524.41
1923,San Francisco Bay,4648987.904467493,537295500,2017-11,2017.0,11.0,month,0.7279173228346457,0.7258779527559056,0.8215905511811025,0.43639763779527563,1.5152952755905513,1.2287874015748033,0.6568307086614174,8053.73,8031.16,9090.13,4828.33,16765.33,13595.39,7267.22
1924,San Francisco Bay,4648987.904467493,537295500,2017-12,2017.0,12.0,month,0.6772047244094489,0.6617637795275592,0.7666062992125985,0.442503937007874,1.282956692913386,0.7453346456692914,0.9199606299212599,7492.64,7321.8,8481.78,4895.89,14194.72,8246.43,10178.51
1925,San Francisco Bay,4648987.904467493,537295500,2018-00,,,water_year,24.91869291338583,22.258728346456692,24.618956692913386,21.514555118110238,32.01608267716536,25.02854724409449,22.63153937007874,275702.10000000003,246272.07,272385.77,238038.48,354228.1,276917.54,250396.86000000002
1926,San Francisco Bay,4648987.904467493,537295500,2018-01,2018.0,1.0,month,0.8012716535433071,0.4531535433070866,0.8162716535433071,0.43676377952755907,1.0965748031496063,1.0685629921259843,0.7861811023622048,8865.32,5013.72,9031.28,4832.38,12132.58,11822.65,8698.36
1927,San Francisco Bay,4648987.904467493,537295500,2018-02,2018.0,2.0,month,1.3320511811023623,1.0307086614173229,1.49796062992126,0.7435629921259843,2.049322834645669,1.7066377952755905,1.7131692913385828,14737.9,11403.83,16573.54,8226.83,22673.85,18882.36,18954.62
1928,San Francisco Bay,4648987.904467493,537295500,2018-03,2018.0,3.0,month,2.249992125984252,1.4078346456692914,2.1983897637795278,1.5089212598425197,2.5979921259842524,2.7709645669291336,2.132,24894.06,15576.38,24323.13,16694.81,28744.36,30658.14,23588.59
1929,San Francisco Bay,4648987.904467493,537295500,2018-04,2018.0,4.0,month,3.4494842519685043,2.5927795275590553,3.299437007874016,3.5936141732283464,3.922149606299213,3.2844921259842526,2.9264881889763785,38165.33,28686.69,36505.19,39759.99,43394.93,36339.84,32378.86
1930,San Francisco Bay,4648987.904467493,537295500,2018-05,2018.0,5.0,month,3.5415748031496066,2.886153543307087,3.174204724409449,2.513129921259843,4.774763779527559,3.1815314960629926,2.8546259842519683,39184.22,31932.6,35119.61,27805.44,52828.31,35200.68,31583.77
1931,San Francisco Bay,4648987.904467493,537295500,2018-06,2018.0,6.0,month,3.460185039370079,3.1440590551181105,3.1840472440944882,2.88242125984252,4.464405511811024,3.018704724409449,2.7021141732283467,38283.72,34786.08,35228.51,31891.3,49394.48,33399.15,29896.37
1932,San Francisco Bay,4648987.904467493,537295500,2018-07,2018.0,7.0,month,3.3342401574803153,3.204905511811024,3.166740157480315,3.4844881889763784,3.456204724409449,2.8944527559055118,2.6498228346456694,36890.26,35459.29,35037.03,38552.61,38239.68,32024.42,29317.82
1933,San Francisco Bay,4648987.904467493,537295500,2018-08,2018.0,8.0,month,2.7475118110236223,2.740259842519685,2.5061299212598427,2.410716535433071,2.7835196850393706,2.201700787401575,2.146437007874016,30398.66,30318.42,27727.99,26672.33,30797.05,24359.77,23748.32
1934,San Francisco Bay,4648987.904467493,537295500,2018-09,2018.0,9.0,month,1.582692913385827,2.2500866141732283,1.9550669291338585,2.071681102362205,2.502468503937008,1.613228346456693,1.7407716535433073,17511.02,24895.11,21630.99,22921.22,27687.48,17848.87,19260.01
1935,San Francisco Bay,4648987.904467493,537295500,2018-10,2018.0,10.0,month,0.9199488188976379,1.1160314960629922,1.1860708661417323,0.7228976377952756,1.4007755905511812,1.5061102362204726,1.6155826771653545,10178.38,12347.85,13122.77,7998.19,15498.28,16663.7,17874.92
1936,San Francisco Bay,4648987.904467493,537295500,2018-11,2018.0,11.0,month,0.5351102362204725,0.5645511811023622,0.7124527559055118,0.41907874015748037,0.9823267716535433,0.9051614173228347,0.7857677165354331,5920.5,6246.23,7882.63,4636.72,10868.53,10014.77,8693.79
1937,San Francisco Bay,4648987.904467493,537295500,2018-12,2018.0,12.0,month,0.5366614173228347,0.4652913385826772,0.7089606299212599,0.2549448818897638,1.4188346456692915,1.1476771653543307,0.7161771653543307,5937.66,5148.01,7843.99,2820.73,15698.08,12697.98,7923.83
1938,San Francisco Bay,4648987.904467493,537295500,2019-00,,,water_year,24.50980708661417,22.980724409448822,25.95638188976378,23.001570866141734,33.484322834645674,27.610984251968507,24.73833464566929,271178.17,254260.27999999997,287183.17,254490.93999999997,370472.82,305489.79000000004,273706.59
1939,San Francisco Bay,4648987.904467493,537295500,2019-01,2019.0,1.0,month,0.6920078740157481,0.5605275590551181,0.901,0.5647992125984252,1.2572401574803151,1.2542244094488189,0.9008779527559055,7656.42,6201.71,9968.72,6248.98,13910.19,13876.82,9967.37
1940,San Francisco Bay,4648987.904467493,537295500,2019-02,2019.0,2.0,month,1.0071771653543307,0.7409881889763781,1.2010826771653544,0.6512874015748031,1.4853307086614176,1.6687874015748032,1.2642677165354332,11143.48,8198.34,13288.86,7205.89,16433.8,18463.58,13987.94
1941,San Francisco Bay,4648987.904467493,537295500,2019-03,2019.0,3.0,month,2.286992125984252,1.3531496062992125,2.338484251968504,1.6920157480314963,3.0398385826771657,2.843031496062992,2.2700787401574805,25303.43,14971.34,25873.15,18720.58,33632.98,31455.49,25116.3
1942,San Francisco Bay,4648987.904467493,537295500,2019-04,2019.0,4.0,month,3.004830708661417,2.765688976377953,3.3391259842519685,3.656259842519685,4.430275590551181,3.348700787401575,3.2513031496062994,33245.65,30599.77,36944.31,40453.1,49016.87,37050.25,35972.64
1943,San Francisco Bay,4648987.904467493,537295500,2019-05,2019.0,5.0,month,3.1959881889763784,2.813629921259843,3.1186929133858268,2.840153543307087,4.569437007874016,3.45798031496063,2.603244094488189,35360.63,31130.19,34505.43,31423.65,50556.56,38259.33,28802.47
1944,San Francisco Bay,4648987.904467493,537295500,2019-06,2019.0,6.0,month,4.100744094488189,3.7960314960629926,3.9901299212598427,4.3104566929133865,4.826181102362205,3.644177165354331,3.4027047244094493,45370.91,41999.55,44147.07,47691.18,53397.19,40319.42,37647.75
1945,San Francisco Bay,4648987.904467493,537295500,2019-07,2019.0,7.0,month,3.7235708661417326,3.6270196850393703,3.635677165354331,4.040118110236221,4.181996062992126,3.249417322834646,3.103948818897638,41197.84,40129.59,40225.38,44700.14,46269.89,35951.77,34342.3
1946,San Francisco Bay,4648987.904467493,537295500,2019-08,2019.0,8.0,month,3.0051338582677167,3.1647598425196852,2.9158346456692916,2.6902598425196853,3.1868818897637796,2.6456102362204725,2.627748031496063,33249.0,35015.12,32260.99,29765.22,35259.88,29271.21,29073.58
1947,San Francisco Bay,4648987.904467493,537295500,2019-09,2019.0,9.0,month,1.5016417322834648,2.0130551181102363,1.9088700787401576,1.1592992125984254,2.7052047244094486,1.9401062992125986,2.1966338582677167,16614.27,22272.58,21119.87,12826.56,29930.57,21465.47,24303.7
1948,San Francisco Bay,4648987.904467493,537295500,2019-10,2019.0,10.0,month,0.7439685039370079,1.1741299212598426,1.17951968503937,0.6035787401574804,1.6715866141732285,1.3400629921259843,1.5833779527559055,8231.32,12990.65,13050.29,6678.04,18494.55,14826.55,17518.6
1949,San Francisco Bay,4648987.904467493,537295500,2019-11,2019.0,11.0,month,0.41568110236220474,0.5677165354330709,0.5407795275590551,0.33840551181102363,1.0414488188976379,0.6555905511811024,0.4728818897637796,4599.12,6281.25,5983.22,3744.14,11522.66,7253.5,5232.0
1950,San Francisco Bay,4648987.904467493,537295500,2019-12,2019.0,12.0,month,0.4502598425196851,0.4378307086614174,0.5830354330708662,0.3059763779527559,0.9538307086614174,1.1001377952755906,0.4941889763779528,4981.71,4844.19,6450.74,3385.34,10553.25,12172.0,5467.74
1951,San Francisco Bay,4648987.904467493,537295500,2020-00,,,water_year,21.108299212598425,21.04008267716535,22.878921259842524,18.480877952755908,30.493421259842517,24.93358661417323,21.607700787401576,233543.65000000002,232788.89,253133.91,204473.68,337381.28,275866.87999999995,239069.05
1952,San Francisco Bay,4648987.904467493,537295500,2020-01,2020.0,1.0,month,0.7791259842519686,0.5682007874015749,0.8625826771653544,0.5184015748031496,1.2368110236220473,1.1984094488188977,0.7921850393700788,8620.3,6286.61,9543.67,5735.63,13684.16,13259.28,8764.79
1953,San Francisco Bay,4648987.904467493,537295500,2020-02,2020.0,2.0,month,1.5256811023622048,1.3183267716535434,1.7722795275590553,1.223468503937008,2.6203543307086616,1.8793976377952757,1.9359881889763781,16880.24,14586.06,19608.62,13536.54,28991.78,20793.78,21419.9
1954,San Francisco Bay,4648987.904467493,537295500,2020-03,2020.0,3.0,month,1.955681102362205,1.391496062992126,2.1083188976377953,1.3861259842519686,2.4325629921259844,2.661204724409449,2.2774055118110237,21637.79,15395.61,23326.58,15336.19,26914.04,29443.75,25197.37
1955,San Francisco Bay,4648987.904467493,537295500,2020-04,2020.0,4.0,month,2.682236220472441,2.1855236220472443,2.8115393700787403,1.948732283464567,3.912248031496063,3.1628543307086616,2.8642480314960634,29676.44,24180.78,31107.06,21560.91,43285.38,34994.03,31690.23
1956,San Francisco Bay,4648987.904467493,537295500,2020-05,2020.0,5.0,month,2.7748543307086617,2.955263779527559,3.119090551181103,3.0229921259842523,4.176003937007874,3.528740157480315,2.7279685039370083,30701.17,32697.24,34509.83,33446.59,46203.59,39042.22,30182.43
1957,San Francisco Bay,4648987.904467493,537295500,2020-06,2020.0,6.0,month,2.6765905511811026,2.733157480314961,2.8344251968503937,2.4880905511811022,3.7183779527559055,2.911874015748032,2.5116299212598427,29613.98,30239.84,31360.27,27528.4,41140.38,32217.17,27788.84
1958,San Francisco Bay,4648987.904467493,537295500,2020-07,2020.0,7.0,month,2.8982480314960632,2.8597007874015747,2.78788188976378,2.951787401574803,3.310303149606299,2.5691929133858267,2.180484251968504,32066.41,31639.92,30845.31,32658.77,36625.42,28425.72,24125.02
1959,San Francisco Bay,4648987.904467493,537295500,2020-08,2020.0,8.0,month,2.479236220472441,2.873913385826772,2.497429133858268,2.2668622047244096,2.898976377952756,2.3636023622047246,2.1370826771653544,27430.44,31797.17,27631.72,25080.72,32074.47,26151.06,23644.83
1960,San Francisco Bay,4648987.904467493,537295500,2020-09,2020.0,9.0,month,1.726736220472441,1.9748228346456693,1.7820393700787405,1.426456692913386,2.520917322834646,1.5625196850393703,1.630259842519685,19104.73,21849.57,19716.6,15782.41,27891.6,17287.82,18037.3
1961,San Francisco Bay,4648987.904467493,537295500,2020-10,2020.0,10.0,month,0.7253110236220472,1.1032598425196851,1.025511811023622,0.6813267716535434,1.5146496062992125,1.1658031496062993,1.1755393700787402,8024.89,12206.54,11346.33,7538.25,16758.19,12898.52,13006.25
1962,San Francisco Bay,4648987.904467493,537295500,2020-11,2020.0,11.0,month,0.4587244094488189,0.6396259842519686,0.652255905511811,0.4179330708661418,1.0310905511811024,0.9611850393700788,0.5355866141732284,5075.36,7076.86,7216.6,4624.04,11408.06,10634.62,5925.77
1963,San Francisco Bay,4648987.904467493,537295500,2020-12,2020.0,12.0,month,0.5132795275590551,0.3801929133858268,0.5641417322834646,0.2703149606299213,0.9371968503937008,0.9101102362204725,0.5349527559055118,5678.96,4206.48,6241.7,2990.78,10369.21,10069.52,5918.75
1964,San Francisco Bay,4648987.904467493,537295500,2021-00,,,water_year,19.008192913385827,19.84964566929134,21.158515748031498,19.674641732283465,26.03544094488189,23.06695275590551,19.455287401574804,210307.92,219617.82,234099.25,217681.56999999998,288057.89,255214.32,215254.61000000002
1965,San Francisco Bay,4648987.904467493,537295500,2021-01,2021.0,1.0,month,0.6943543307086615,0.6825,0.9762795275590551,0.6834448818897638,1.402704724409449,1.3243897637795277,1.015255905511811,7682.38,7551.23,10801.62,7561.68,15519.62,14653.14,11232.86
1966,San Francisco Bay,4648987.904467493,537295500,2021-02,2021.0,2.0,month,1.2784055118110236,1.0555748031496064,1.4454173228346456,0.812716535433071,1.5150629921259842,1.9745236220472444,1.8737677165354332,14144.36,11678.95,15992.19,8991.95,16762.76,21846.26,20731.49
1967,San Francisco Bay,4648987.904467493,537295500,2021-03,2021.0,3.0,month,2.2439960629921263,1.676972440944882,2.5101299212598427,1.6131614173228348,3.064,2.9708503937007875,2.687066929133858,24827.72,18554.14,27772.25,17848.13,33900.3,32869.69,29729.89
1968,San Francisco Bay,4648987.904467493,537295500,2021-04,2021.0,4.0,month,2.2626220472440943,2.403251968503937,2.6473818897637797,2.719484251968504,3.815409448818898,2.6870511811023623,2.401905511811024,25033.8,26589.74,29290.81,30088.56,42213.95,29729.72,26574.84
1969,San Francisco Bay,4648987.904467493,537295500,2021-05,2021.0,5.0,month,2.199468503937008,2.5415118110236223,2.6208858267716537,2.9508031496062994,3.2820472440944886,2.6845984251968504,2.1669094488188976,24335.07,28119.46,28997.66,32647.88,36312.79,29702.58,23974.83
1970,San Francisco Bay,4648987.904467493,537295500,2021-06,2021.0,6.0,month,2.502673228346457,2.588023622047244,2.5344409448818896,2.604334645669291,2.9867913385826776,2.470748031496063,1.9531574803149607,27689.74,28634.07,28041.23,28814.53,33046.06,27336.52,21609.87
1971,San Francisco Bay,4648987.904467493,537295500,2021-07,2021.0,7.0,month,2.6921417322834644,3.1159881889763783,2.6540905511811026,3.2341141732283467,2.7043622047244096,2.369653543307087,1.923779527559055,29786.04,34475.5,29365.04,35782.46,29921.25,26218.01,21284.83
1972,San Francisco Bay,4648987.904467493,537295500,2021-08,2021.0,8.0,month,2.2661456692913386,2.163055118110236,2.049267716535433,2.198472440944882,2.071003937007874,1.9593937007874016,1.7082047244094487,25072.79,23932.19,22673.24,24324.05,22913.73,21678.86,18899.69
1973,San Francisco Bay,4648987.904467493,537295500,2021-09,2021.0,9.0,month,1.1710708661417324,1.4996889763779528,1.478712598425197,1.4885354330708662,1.7111220472440944,1.5886456692913387,1.479161417322835,12956.81,16592.66,16360.58,16469.26,18931.97,17576.88,16365.54
1974,San Francisco Bay,4648987.904467493,537295500,2021-10,2021.0,10.0,month,0.5640511811023623,0.7787834645669292,0.9663346456692913,0.5370196850393701,1.4992992125984252,1.5300236220472443,1.0588188976377952,6240.7,8616.51,10691.59,5941.62,16588.35,16928.28,11714.84
1975,San Francisco Bay,4648987.904467493,537295500,2021-11,2021.0,11.0,month,0.9140433070866142,0.6963267716535433,1.008011811023622,0.4194645669291339,1.3777874015748033,1.2238149606299213,1.0622125984251969,10113.04,7704.21,11152.71,4640.98,15243.93,13540.37,11752.39
1976,San Francisco Bay,4648987.904467493,537295500,2021-12,2021.0,12.0,month,0.6263031496062992,0.3019842519685039,0.6585708661417322,0.3261299212598425,0.9626811023622048,0.7801456692913387,0.7413937007874015,6929.46,3341.17,7286.47,3608.32,10651.17,8631.58,8202.83
1977,San Francisco Bay,4648987.904467493,537295500,2022-00,,,water_year,20.90379921259843,22.84729527559055,24.476570866141735,19.36983858267716,29.59663779527559,27.280692913385828,23.99973622047244,231281.05000000002,252784.0,270810.42,214309.19000000003,327459.2,301835.42,265534.68
1978,San Francisco Bay,4648987.904467493,537295500,2022-01,2022.0,1.0,month,0.9903937007874016,0.5569763779527559,1.0864842519685038,0.613740157480315,1.436755905511811,1.2173503937007875,1.267244094488189,10957.78,6162.42,12020.93,6790.46,15896.36,13468.85,14020.87
1979,San Francisco Bay,4648987.904467493,537295500,2022-02,2022.0,2.0,month,1.4968464566929134,1.2656496062992126,1.7246929133858269,1.0965314960629922,2.1787952755905513,1.8938031496062995,1.9682086614173229,16561.21,14003.23,19082.12,12132.1,24106.34,20953.17,21776.39
1980,San Francisco Bay,4648987.904467493,537295500,2022-03,2022.0,3.0,month,2.2431299212598423,1.8868976377952758,2.3946338582677167,1.5176771653543308,3.0099448818897643,2.8084645669291337,2.4455236220472445,24818.14,20876.76,26494.39,16791.68,33302.23,31073.04,27057.44
1981,San Francisco Bay,4648987.904467493,537295500,2022-04,2022.0,4.0,month,2.9380393700787404,2.4029370078740158,3.1233031496062997,3.0784842519685043,3.749015748031496,3.5612283464566934,2.809574803149607,32506.67,26586.26,34556.44,34060.56,41479.36,39401.67,31085.32
1982,San Francisco Bay,4648987.904467493,537295500,2022-05,2022.0,5.0,month,3.023665354330709,2.9778425196850398,3.2343503937007876,2.4148110236220472,3.8593464566929137,3.384066929133858,3.107377952755906,33454.04,32947.05,35785.07,26717.63,42700.07,37441.54,34380.24
1983,San Francisco Bay,4648987.904467493,537295500,2022-06,2022.0,6.0,month,2.4355,3.355661417322835,2.879192913385827,2.0375826771653545,2.8997401574803154,3.3178503937007875,2.8578543307086615,26946.54,37127.26,31855.58,22543.95,32082.92,36708.92,31619.49
1984,San Francisco Bay,4648987.904467493,537295500,2022-07,2022.0,7.0,month,2.553996062992126,3.177208661417323,2.8871850393700793,3.046543307086614,3.34448031496063,2.8181417322834648,2.4935551181102364,28257.58,35152.85,31944.01,33707.16,37003.56,31180.11,27588.86
1985,San Francisco Bay,4648987.904467493,537295500,2022-08,2022.0,8.0,month,1.9881299212598427,3.141732283464567,2.5709212598425197,2.6081220472440947,2.878244094488189,2.5346771653543305,2.3402086614173228,21996.8,34760.34,28444.85,28856.44,31845.09,28043.84,25892.23
1986,San Francisco Bay,4648987.904467493,537295500,2022-09,2022.0,9.0,month,1.129700787401575,2.3052952755905514,1.9428897637795277,1.673732283464567,2.400547244094488,2.2111259842519684,1.8477637795275592,12499.09,25505.94,21496.26,18518.29,26559.82,24464.05,20443.78
1987,San Francisco Bay,4648987.904467493,537295500,2022-10,2022.0,10.0,month,0.8845551181102363,1.6236535433070867,1.358208661417323,1.329503937007874,2.0943031496062994,1.1667401574803151,1.2863464566929135,9786.78,17964.21,15027.31,14709.72,23171.51,12908.89,14232.22
1988,San Francisco Bay,4648987.904467493,537295500,2022-11,2022.0,11.0,month,0.4754330708661418,0.49933858267716535,0.733744094488189,0.5055787401574803,1.2543425196850393,1.1211653543307087,0.7307125984251969,5260.22,5524.72,8118.19,5593.76,13878.13,12404.65,8084.65
1989,San Francisco Bay,4648987.904467493,537295500,2022-12,2022.0,12.0,month,0.3806456692913386,0.2647795275590551,0.48859842519685037,0.25833858267716536,1.073275590551181,0.8794370078740159,0.4679488188976378,4211.49,2929.54,5405.89,2858.28,11874.79,9730.15,5177.42
1990,San Francisco Bay,4648987.904467493,537295500,2023-00,,,water_year,24.146267716535434,22.436704724409452,25.422724409448822,22.12825984251969,33.81304724409449,26.687055118110237,23.89111417322835,267155.92,248241.2,281278.72000000003,244828.56,374109.82999999996,295267.37,264332.89
1991,San Francisco Bay,4648987.904467493,537295500,2023-01,2023.0,1.0,month,0.7844763779527559,0.4155629921259843,0.8799133858267716,0.19353149606299214,1.0752677165354332,1.4406141732283466,1.0855511811023624,8679.5,4597.82,9735.42,2141.25,11896.83,15939.05,12010.61
1992,San Francisco Bay,4648987.904467493,537295500,2023-02,2023.0,2.0,month,1.2209960629921262,0.8102716535433071,1.2001062992125986,0.4950118110236221,1.2875905511811023,1.6212598425196851,1.3563543307086614,13509.18,8964.9,13278.06,5476.84,14245.99,17937.73,15006.8
1993,San Francisco Bay,4648987.904467493,537295500,2023-03,2023.0,3.0,month,1.9440393700787402,1.0751023622047244,2.002822834645669,1.2269960629921262,2.540708661417323,2.790515748031496,2.013708661417323,21508.98,11895.0,22159.37,13575.57,28110.57,30874.45,22279.81
1994,San Francisco Bay,4648987.904467493,537295500,2023-04,2023.0,4.0,month,3.9170078740157486,2.5338070866141735,3.5530669291338586,3.5226614173228348,4.2350669291338585,3.3567086614173234,3.358535433070866,43338.04,28034.21,39311.37,38974.96,46857.07,37138.85,37159.06
1995,San Francisco Bay,4648987.904467493,537295500,2023-05,2023.0,5.0,month,3.9195551181102366,3.225637795275591,3.5827125984251973,3.7343346456692914,4.899590551181102,3.430791338582677,2.939755905511811,43366.22,35688.67,39639.37,41316.93,54209.4,37958.51,32525.66
1996,San Francisco Bay,4648987.904467493,537295500,2023-06,2023.0,6.0,month,3.30498031496063,2.9731062992125987,3.264425196850394,3.472688976377953,4.806523622047244,3.0963425196850394,2.7747086614173226,36566.52,32894.65,36117.82,38422.06,53179.7,34258.14,30699.56
1997,San Francisco Bay,4648987.904467493,537295500,2023-07,2023.0,7.0,month,3.4014724409448824,3.3296338582677167,3.361248031496063,2.558681102362205,4.046724409448819,3.3132952755905514,3.0901929133858266,37634.12,36839.29,37189.07,28309.42,44773.23,36658.52,34190.1
1998,San Francisco Bay,4648987.904467493,537295500,2023-08,2023.0,8.0,month,2.4536456692913386,3.491181102362205,3.0800078740157484,3.3158503937007877,3.859133858267717,2.692937007874016,2.758688976377953,27147.3,38626.66,34077.41,36686.79,42697.72,29794.84,30522.32
1999,San Francisco Bay,4648987.904467493,537295500,2023-09,2023.0,9.0,month,1.45946062992126,2.1946299212598426,1.9178700787401577,1.5150826771653545,2.64051968503937,1.777248031496063,2.0286102362204725,16147.57,24281.53,21219.44,16762.98,29214.89,19663.59,22444.68
2000,San Francisco Bay,4648987.904467493,537295500,2023-10,2023.0,10.0,month,0.9289409448818897,1.2288818897637797,1.287248031496063,0.8156062992125985,1.8395236220472442,1.553204724409449,1.50046062992126,10277.87,13596.43,14242.2,9023.92,20352.61,17184.76,16601.2
2001,San Francisco Bay,4648987.904467493,537295500,2023-11,2023.0,11.0,month,0.6240669291338583,1.015015748031496,0.9796535433070866,0.7357637795275591,1.3781102362204725,1.2596535433070868,0.8488740157480315,6904.72,11230.2,10838.95,8140.54,15247.5,13936.89,9392.0
2002,San Francisco Bay,4648987.904467493,537295500,2023-12,2023.0,12.0,month,0.48978740157480316,0.4710275590551181,0.6490787401574803,0.20721259842519688,1.0731811023622049,0.9938976377952757,0.6427519685039371,5419.04,5211.48,7181.45,2292.61,11873.75,10996.55,7111.45
2003,San Francisco Bay,4648987.904467493,537295500,2024-00,,,water_year,25.897082677165354,21.617921259842518,25.91587401574803,20.15319291338583,32.04120078740158,27.98828740157481,25.4951220472441,286527.06,239182.12000000002,286734.95999999996,222976.27,354506.00000000006,309664.27999999997,282079.75
2004,San Francisco Bay,4648987.904467493,537295500,2024-01,2024.0,1.0,month,0.5541299212598425,0.3718897637795276,0.8179527559055119,0.44362598425196853,1.479952755905512,1.2814251968503938,0.8998937007874016,6130.93,4114.61,9049.88,4908.31,16374.3,14177.77,9956.48
2005,San Francisco Bay,4648987.904467493,537295500,2024-02,2024.0,2.0,month,1.11803937007874,0.6581496062992126,1.297712598425197,0.6284527559055119,1.6018976377952758,1.7950078740157482,1.4960944881889764,12370.06,7281.81,14357.98,6953.24,17723.5,19860.09,16552.89
2006,San Francisco Bay,4648987.904467493,537295500,2024-03,2024.0,3.0,month,2.3616023622047244,1.6871023622047245,2.5485433070866144,2.0071732283464567,3.1628858267716535,2.9685787401574806,2.5945984251968506,26128.93,18666.21,28197.25,22207.5,34994.38,32844.55,28706.81
2007,San Francisco Bay,4648987.904467493,537295500,2024-04,2024.0,4.0,month,3.8202519685039373,2.207397637795276,3.5181299212598427,3.6809448818897637,4.420086614173229,3.3950669291338587,3.191196850393701,42267.52,24422.8,38924.83,40726.22,48904.14,37563.25,35307.62
2008,San Francisco Bay,4648987.904467493,537295500,2024-05,2024.0,5.0,month,4.165299212598425,2.9945590551181107,3.798244094488189,3.025527559055118,5.1375,3.911185039370079,3.7025,46085.15,33132.0,42024.03,33474.64,56841.65,43273.61,40964.71
2009,San Francisco Bay,4648987.904467493,537295500,2024-06,2024.0,6.0,month,3.9330511811023627,2.816543307086614,3.335527559055118,2.40884251968504,3.7300590551181103,3.3187952755905514,3.2191614173228347,43515.54,31162.42,36904.5,26651.6,41269.62,36719.37,35617.02
2010,San Francisco Bay,4648987.904467493,537295500,2024-07,2024.0,7.0,month,3.66340157480315,2.948854330708661,3.0849803149606303,2.547602362204725,3.075933070866142,3.18851968503937,2.907094488188976,40532.12,32626.32,34132.43,28186.84,34032.33,35278.0,32164.29
2011,San Francisco Bay,4648987.904467493,537295500,2024-08,2024.0,8.0,month,2.5621968503937014,2.919535433070866,2.5636181102362205,1.5982637795275592,2.772263779527559,2.5261850393700787,2.5412165354330707,28348.32,32301.94,28364.04,17683.3,30672.51,27949.88,28116.19
2012,San Francisco Bay,4648987.904467493,537295500,2024-09,2024.0,9.0,month,1.6763149606299215,2.298964566929134,2.035185039370079,2.054177165354331,2.3698070866141734,1.7967677165354332,1.9512795275590553,18546.86,25435.9,22517.42,22727.55,26219.71,19879.56,21589.09
2013,San Francisco Bay,4648987.904467493,537295500,2024-10,2024.0,10.0,month,1.0503070866141733,1.6730590551181104,1.422748031496063,1.1395826771653543,1.9546456692913388,1.3944251968503938,1.4813622047244097,11620.67,18510.84,15741.38,12608.42,21626.33,15428.01,16389.89
2014,San Francisco Bay,4648987.904467493,537295500,2024-11,2024.0,11.0,month,0.6200511811023622,0.76101968503937,0.8250944881889765,0.5508937007874016,1.4300472440944882,1.3757637795275592,0.7160787401574804,6860.29,8419.97,9128.9,6095.12,15822.14,15221.54,7922.74
2015,San Francisco Bay,4648987.904467493,537295500,2024-12,2024.0,12.0,month,0.6083070866141733,0.3318976377952756,0.6318385826771654,0.36696850393700786,0.8886062992125985,0.8333700787401576,0.6062047244094488,6730.35,3672.14,6990.7,4060.16,9831.6,9220.46,6707.09
2016,San Francisco Bay,4648987.904467493,537295500,2025-00,,,water_year,24.751354330708665,22.336031496062994,24.906492125984254,19.12903937007874,31.88216141732284,26.635263779527556,24.22396850393701,273850.64999999997,247127.35000000003,275567.11,211644.96999999997,352746.38,294694.35,268015.6
2017,San Francisco Bay,4648987.904467493,537295500,2025-01,2025.0,1.0,month,0.9523031496062994,0.6326259842519685,0.9951456692913387,0.4007755905511811,1.024736220472441,1.346011811023622,1.290228346456693,10536.35,6999.42,11010.36,4434.21,11337.75,14892.37,14275.17
2018,San Francisco Bay,4648987.904467493,537295500,2025-02,2025.0,2.0,month,1.114748031496063,0.6114055118110236,1.2093740157480315,0.5105669291338584,1.440464566929134,1.7895708661417324,1.4129015748031497,12333.65,6764.63,13380.6,5648.95,15937.4,19799.93,15632.44
2019,San Francisco Bay,4648987.904467493,537295500,2025-03,2025.0,3.0,month,2.300220472440945,1.6007440944881892,2.396015748031496,1.833952755905512,3.0760826771653544,2.7063937007874017,2.410692913385827,25449.79,17710.74,26509.68,20290.98,34033.99,29943.72,26672.07
2020,San Francisco Bay,4648987.904467493,537295500,2025-04,2025.0,4.0,month,3.356712598425197,2.559952755905512,3.2235748031496065,3.1615393700787404,4.354204724409449,3.2379173228346456,3.1407322834645672,37138.89,28323.49,35665.85,34979.48,48175.21,35824.54,34749.27
2021,San Francisco Bay,4648987.904467493,537295500,2025-05,2025.0,5.0,month,3.93094094488189,2.988043307086614,3.5870196850393703,2.397700787401575,4.981523622047244,3.7001417322834644,3.4610275590551183,43492.2,33059.91,39687.03,26528.32,55115.91,40938.62,38293.04
2022,San Francisco Bay,4648987.904467493,537295500,2025-06,2025.0,6.0,month,3.635562992125984,3.1963779527559057,3.2149212598425203,2.5086771653543307,3.9245039370078745,3.063732283464567,2.810586614173229,40224.11,35364.94,35570.11,27756.17,43420.98,33897.34,31096.52
2023,San Francisco Bay,4648987.904467493,537295500,2025-07,2025.0,7.0,month,3.288,3.0340787401574807,2.9561141732283467,2.594204724409449,3.6476456692913386,2.7833740157480316,2.5391929133858273,36378.65,33569.25,32706.65,28702.46,40357.8,30795.44,28093.8
2024,San Francisco Bay,4648987.904467493,537295500,2025-08,2025.0,8.0,month,2.5263307086614177,3.070826771653543,2.6933779527559056,2.278185039370079,3.0025,2.5549960629921262,2.5382440944881894,27951.49,33975.83,29799.71,25205.99,33219.86,28268.65,28083.3
2025,San Francisco Bay,4648987.904467493,537295500,2025-09,2025.0,9.0,month,1.3678700787401574,1.8760000000000001,1.7512677165354331,1.385992125984252,2.157200787401575,1.8495669291338583,1.8167165354330708,15134.21,20756.19,19376.14,15334.71,23867.41,20463.73,20100.27
2026,San Francisco Bay,4648987.904467493,537295500,2025-10,2025.0,10.0,month,0.9390944881889765,1.2393937007874016,1.2933622047244095,0.7718937007874017,2.138228346456693,1.7021299212598426,1.308204724409449,10390.2,13712.74,14309.85,8540.28,23657.5,18832.48,14474.07
2027,San Francisco Bay,4648987.904467493,537295500,2025-11,2025.0,11.0,month,0.7878700787401576,0.7030984251968504,0.9078779527559055,0.5098228346456694,1.4564173228346458,1.1636574803149606,0.9191732283464568,8717.05,7779.13,10044.82,5640.71,16113.9,12874.78,10169.79
2028,San Francisco Bay,4648987.904467493,537295500,2025-12,2025.0,12.0,month,0.5707913385826773,0.31200000000000006,0.6754094488188976,0.5420551181102362,1.0331811023622048,0.7224448818897639,0.7687007874015748,6315.27,3451.99,7472.78,5997.33,11431.19,7993.18,8504.96
2029,San Francisco Bay,4648987.904467493,537295500,2026-00,,,water_year,,,,,,,,,,,,,,
2030,San Joaquin River,15653424.369168406,8380635300,2003-10,2003.0,10.0,month,2.008685039370079,2.6530118110236223,1.9819251968503937,1.2468267716535433,2.0810629921259842,1.8709133858267717,1.9428267716535434,346649.35,457844.21,342031.26,215171.46,359140.0,322873.37,335283.84
2031,San Joaquin River,15653424.369168406,8380635300,2003-11,2003.0,11.0,month,0.8968779527559055,1.1394173228346456,0.9953937007874016,0.6961653543307087,1.6785314960629922,1.2355984251968504,0.7798110236220474,154778.95,196635.25,171780.33,120140.92,289673.02,213233.72,134576.09
2032,San Joaquin River,15653424.369168406,8380635300,2003-12,2003.0,12.0,month,0.5393622047244094,0.849736220472441,0.7691535433070866,0.5182086614173228,1.1369370078740157,1.2553070866141733,0.6086259842519686,93080.57,146643.45,132736.88,89430.0,196207.2,216634.95,105033.79
2033,San Joaquin River,15653424.369168406,8380635300,2004-00,,,water_year,35.7857283464567,35.37703149606299,33.85409448818898,29.893318897637798,37.38208267716536,35.18238188976378,30.196653543307086,6175731.5,6105200.54,5842379.289999999,5158847.41,6451222.79,6071608.83,5211195.449999999
2034,San Joaquin River,15653424.369168406,8380635300,2004-01,2004.0,1.0,month,0.9758818897637797,0.7457992125984253,0.93696062992126,0.7210629921259843,1.1814173228346456,1.129220472440945,0.740244094488189,168413.07,128706.5,161696.23,124437.64,203883.41,194875.52,127747.82
2035,San Joaquin River,15653424.369168406,8380635300,2004-02,2004.0,2.0,month,1.366728346456693,1.2586220472440945,1.5025708661417325,1.177484251968504,2.0836889763779527,1.9720196850393703,1.298692913385827,235863.51,217207.03,259306.56,203204.66,359593.18,340321.82,224122.27
2036,San Joaquin River,15653424.369168406,8380635300,2004-03,2004.0,3.0,month,3.2895590551181106,2.769,3.0388110236220474,2.5531811023622053,3.9515393700787405,3.0455157480314963,2.7740393700787402,567696.52,477860.91,524423.61,440615.9,681937.95,525580.68,478730.58
2037,San Joaquin River,15653424.369168406,8380635300,2004-04,2004.0,4.0,month,3.5697677165354333,3.3793740157480316,3.446696850393701,3.245212598425197,4.151405511811024,3.381669291338583,2.8057086614173232,616053.61,583196.36,594814.62,560043.42,716429.9,583592.47,484195.91
2038,San Joaquin River,15653424.369168406,8380635300,2004-05,2004.0,5.0,month,4.1581692913385835,3.560385826771654,3.727606299212599,3.636425196850394,4.143181102362205,3.6432795275590553,2.934956692913386,717597.16,614434.52,643292.64,627557.04,715010.57,628739.93,506500.93
2039,San Joaquin River,15653424.369168406,8380635300,2004-06,2004.0,6.0,month,5.2126417322834655,4.732937007874016,4.587877952755906,4.150866141732283,4.683641732283465,4.570228346456693,4.061236220472441,899573.02,816787.85,791754.25,716336.82,808280.71,788708.36,700868.91
2040,San Joaquin River,15653424.369168406,8380635300,2004-07,2004.0,7.0,month,5.80090157480315,5.508,5.26388188976378,4.954728346456693,5.044220472440945,5.3462834645669295,4.9907204724409455,1001092.12,950544.55,908415.81,855063.55,870507.68,922636.28,861274.9
2041,San Joaquin River,15653424.369168406,8380635300,2004-08,2004.0,8.0,month,4.839122047244095,5.020086614173229,4.518476377952756,4.201988188976379,4.208803149606299,4.573614173228346,4.40084251968504,835112.76,866342.77,779777.25,725159.22,726335.31,789292.67,759476.56
2042,San Joaquin River,15653424.369168406,8380635300,2004-09,2004.0,9.0,month,3.128031496062992,3.7606614173228348,3.084740157480315,2.791169291338583,3.037653543307087,3.1587322834645675,2.858948818897638,539820.86,648997.14,532349.85,481686.78,524223.86,545119.06,493383.85
2043,San Joaquin River,15653424.369168406,8380635300,2004-10,2004.0,10.0,month,1.876996062992126,2.056507874015748,1.9556692913385827,1.653224409448819,2.7496023622047248,2.1768700787401576,1.5918622047244095,323923.09,354902.39,337500.14,285305.64,474513.35,375673.93,274716.04
2044,San Joaquin River,15653424.369168406,8380635300,2004-11,2004.0,11.0,month,1.1246929133858268,1.0409251968503936,1.0906614173228346,0.6120196850393701,1.5024330708661418,1.3841062992125985,0.868271653543307,194094.18,179637.94,188221.18,105619.46,259282.78,238862.51,149842.21
2045,San Joaquin River,15653424.369168406,8380635300,2004-12,2004.0,12.0,month,0.8736338582677166,0.7410590551181103,0.7723149606299213,0.35647637795275594,0.9179055118110238,0.9188661417322835,0.6145511811023623,150767.59,127888.46,133282.46,61519.01,158407.79,158573.57,106056.33
2046,San Joaquin River,15653424.369168406,8380635300,2005-00,,,water_year,36.4379251968504,33.183531496063,34.27387007874016,31.12357480314961,38.475834645669295,35.883031496063,29.888204724409448,6288284.55,5726656.71,5914822.170000001,5371159.149999999,6639977.330000001,6192523.64,5157964.8100000005
2047,San Joaquin River,15653424.369168406,8380635300,2005-01,2005.0,1.0,month,1.227996062992126,0.7055748031496064,0.9279488188976379,0.40680708661417325,1.0983149606299214,1.1576456692913386,0.7125708661417323,211921.74,121764.76,160141.01,70204.84,189541.99,199781.01,122972.11
2048,San Joaquin River,15653424.369168406,8380635300,2005-02,2005.0,2.0,month,1.604484251968504,1.139476377952756,1.5024566929133858,1.0770748031496065,2.0728228346456694,1.734988188976378,1.2855905511811025,276894.29,196645.44,259286.86,185876.47,357717.95,299416.04,221861.13
2049,San Joaquin River,15653424.369168406,8380635300,2005-03,2005.0,3.0,month,2.865685039370079,2.326716535433071,2.8755511811023626,2.975051181102362,3.8912913385826777,3.061708661417323,2.2461692913385827,494546.35,401533.72,496249.0,513420.24,671540.63,528375.18,387633.26
2050,San Joaquin River,15653424.369168406,8380635300,2005-04,2005.0,4.0,month,3.6762559055118116,3.021468503937008,3.4529960629921264,3.4273070866141735,4.008984251968504,3.4119251968503934,2.8707992125984254,634430.83,521430.72,595901.71,591468.43,691851.52,588813.89,495428.93
2051,San Joaquin River,15653424.369168406,8380635300,2005-05,2005.0,5.0,month,4.2018464566929135,3.4380551181102366,3.9177677165354337,3.7237952755905517,4.553476377952756,4.067889763779528,3.1792913385826775,725134.76,593323.27,676109.8,642634.95,785817.39,702017.15,548667.04
2052,San Joaquin River,15653424.369168406,8380635300,2005-06,2005.0,6.0,month,4.635984251968504,3.8464724409448823,4.244850393700787,4.327992125984252,4.524027559055119,4.17659842519685,3.5996338582677168,800056.21,663806.0,732556.18,746904.38,780735.25,720777.58,621207.76
2053,San Joaquin River,15653424.369168406,8380635300,2005-07,2005.0,7.0,month,6.071232283464568,5.858181102362205,5.481062992125985,5.146700787401575,5.138728346456693,5.599818897637795,5.244133858267716,1047744.51,1010977.15,945895.89,888193.25,886817.4,966390.22,905007.78
2054,San Joaquin River,15653424.369168406,8380635300,2005-08,2005.0,8.0,month,5.153122047244095,5.340716535433072,4.864047244094489,4.446724409448819,4.5763622047244095,5.046854330708662,4.749043307086614,889301.4,921675.57,839414.24,767394.64,789766.92,870962.22,819567.4
2055,San Joaquin River,15653424.369168406,8380635300,2005-09,2005.0,9.0,month,3.1259960629921264,3.6683779527559057,3.1885433070866145,2.97040157480315,3.441885826771654,3.145759842519685,2.926287401574803,539469.6,633071.29,550263.7,512617.84,593984.36,542880.34,505004.82
2056,San Joaquin River,15653424.369168406,8380635300,2005-10,2005.0,10.0,month,1.9706456692913388,2.35044094488189,1.9414330708661418,1.5973228346456696,2.357677165354331,1.794015748031496,1.7698818897637796,340084.7,405627.97,335043.32,275658.41,406876.76,309602.74,305437.83
2057,San Joaquin River,15653424.369168406,8380635300,2005-11,2005.0,11.0,month,0.7926417322834646,1.1279409448818898,0.9321299212598426,0.7222677165354332,1.485732283464567,0.9326338582677166,0.7958779527559056,136790.36,194654.71,160862.57,124645.54,256400.64,160949.53,137348.85
2058,San Joaquin River,15653424.369168406,8380635300,2005-12,2005.0,12.0,month,0.627992125984252,0.6084409448818898,0.6849055118110237,0.4839724409448819,1.0287992125984253,1.1314330708661418,0.5148897637795277,108375.91,105001.86,118197.75,83521.67,177545.3,195257.36,88857.24
2059,San Joaquin River,15653424.369168406,8380635300,2006-00,,,water_year,35.5965,33.90333070866142,33.393173228346456,29.282736220472444,37.839393700787404,35.7257125984252,29.491110236220475,6143075.4,5850876.260000001,5762835.700000001,5053475.94,6530143.36,6165374.2700000005,5089436.129999999
2060,San Joaquin River,15653424.369168406,8380635300,2006-01,2006.0,1.0,month,0.9771417322834647,0.9133897637795275,0.991988188976378,0.6933661417322835,1.2699173228346456,1.4389173228346457,0.7742952755905512,168630.49,157628.48,171192.62,119657.84,219156.32,248321.54,133624.21
2061,San Joaquin River,15653424.369168406,8380635300,2006-02,2006.0,2.0,month,1.5644212598425198,1.361933070866142,1.494476377952756,1.2812874015748033,2.211204724409449,1.5420157480314962,1.2793582677165354,269980.41,235035.96,257909.66,221118.51,381599.24,266113.77,220785.59
2062,San Joaquin River,15653424.369168406,8380635300,2006-03,2006.0,3.0,month,2.054653543307087,1.6882559055118112,2.1893779527559056,1.8265984251968506,2.9001653543307087,2.977263779527559,1.7993976377952758,354582.38,291351.21,377832.48,315225.71,500496.8,513802.08,310531.52
2063,San Joaquin River,15653424.369168406,8380635300,2006-04,2006.0,4.0,month,3.3205551181102364,2.469212598425197,3.1201102362204725,2.901736220472441,4.259358267716536,3.5004685039370083,2.543228346456693,573045.68,426125.02,538453.85,500767.89,735059.88,604094.28,438898.3
2064,San Joaquin River,15653424.369168406,8380635300,2006-05,2006.0,5.0,month,4.767437007874016,4.233598425196851,4.335350393700788,3.927992125984252,4.965866141732284,4.326543307086614,3.435157480314961,822741.7,730614.37,748174.24,677874.28,856985.66,746654.35,592823.21
2065,San Joaquin River,15653424.369168406,8380635300,2006-06,2006.0,6.0,month,5.1473188976377955,4.473177165354331,4.440251968503937,3.8873740157480317,4.547456692913386,4.508885826771654,3.862200787401575,888299.92,771959.73,766277.66,670864.6,784778.54,778122.16,666520.32
2066,San Joaquin River,15653424.369168406,8380635300,2006-07,2006.0,7.0,month,5.965964566929134,5.67713779527559,5.391137795275591,4.988066929133859,5.1332755905511815,5.599874015748031,5.107074803149606,1029577.91,979733.55,930377.03,860816.97,885876.39,966399.74,881354.78
2067,San Joaquin River,15653424.369168406,8380635300,2006-08,2006.0,8.0,month,5.045204724409449,4.808606299212599,4.5780669291338585,4.131614173228346,4.455118110236221,4.709200787401575,4.41411811023622,870677.54,829846.5,790061.11,713014.41,768843.18,812691.57,761767.6
2068,San Joaquin River,15653424.369168406,8380635300,2006-09,2006.0,9.0,month,3.3625236220472443,4.191196850393701,3.293944881889764,2.841137795275591,3.2248228346456695,3.2644606299212597,3.1956299212598425,580288.4,723296.9,568453.41,490310.11,556524.65,563365.15,551486.68
2069,San Joaquin River,15653424.369168406,8380635300,2006-10,2006.0,10.0,month,1.7395866141732284,2.112700787401575,1.814700787401575,1.3726259842519686,2.56238188976378,1.783681102362205,1.5641338582677167,300209.62,364599.9,313172.47,236881.29,442203.73,307819.24,269930.81
2070,San Joaquin River,15653424.369168406,8380635300,2006-11,2006.0,11.0,month,0.7290078740157481,1.1166732283464567,0.9237874015748033,0.5762952755905513,1.4279173228346458,1.168244094488189,0.7199015748031496,125808.73,192710.18,159422.85,99454.31,246423.21,201610.03,124237.2
2071,San Joaquin River,15653424.369168406,8380635300,2006-12,2006.0,12.0,month,0.564740157480315,0.9567874015748031,0.7995511811023622,0.44209842519685044,1.175236220472441,1.215003937007874,0.6148897637795276,97460.18,165117.84,137982.76,76295.25,202816.7,209679.63,106114.76
2072,San Joaquin River,15653424.369168406,8380635300,2007-00,,,water_year,34.488440944881894,35.79773622047244,33.979476377952764,31.803196850393704,36.910877952755904,35.29627952755906,29.656228346456697,5951851.8,6177803.789999999,5864017.13,5488445.09,6369904.499999999,6091264.76,5117931.42
2073,San Joaquin River,15653424.369168406,8380635300,2007-01,2007.0,1.0,month,0.9594212598425197,1.150728346456693,0.9802913385826773,0.8305354330708662,1.235464566929134,1.0208267716535433,0.7924448818897638,165572.38,198587.25,169174.04,143329.87,213210.62,176169.45,136756.38
2074,San Joaquin River,15653424.369168406,8380635300,2007-02,2007.0,2.0,month,1.234740157480315,1.2030551181102362,1.3511141732283465,1.2847007874015748,1.7670511811023624,1.6569921259842522,1.0303779527559056,213085.61,207617.55,233168.89,221707.58,304949.32,285955.85,177817.75
2075,San Joaquin River,15653424.369168406,8380635300,2007-03,2007.0,3.0,month,3.000515748031496,2.561165354330709,2.8382677165354333,2.732188976377953,3.4100590551181105,2.8144921259842524,2.4302007874015747,517814.8,441993.79,489814.8,471508.23,588491.84,485711.72,419392.54
2076,San Joaquin River,15653424.369168406,8380635300,2007-04,2007.0,4.0,month,3.5631259842519687,3.078830708661417,3.366228346456693,3.137594488188977,3.680051181102362,3.540409448818898,2.7739606299212602,614907.41,531330.02,580927.75,541471.2,635085.8,610987.1,478716.99
2077,San Joaquin River,15653424.369168406,8380635300,2007-05,2007.0,5.0,month,4.256767716535433,4.2344055118110235,4.082838582677166,4.316188976377953,4.324755905511811,3.897311023622047,3.0459015748031497,734612.81,730753.65,704596.95,744867.45,746345.89,672579.48,525647.27
2078,San Joaquin River,15653424.369168406,8380635300,2007-06,2007.0,6.0,month,5.015649606299212,4.817145669291339,4.568188976377953,4.265350393700787,4.393614173228347,4.701389763779528,4.130877952755906,865577.05,831320.19,788356.42,736093.97,758229.13,811343.58,712887.35
2079,San Joaquin River,15653424.369168406,8380635300,2007-07,2007.0,7.0,month,5.481614173228347,5.762724409448819,5.3013937007874015,5.182405511811025,4.986992125984252,5.418929133858269,5.103015748031496,945991.01,994503.69,914889.42,894355.0,860631.48,935173.13,880654.29
2080,San Joaquin River,15653424.369168406,8380635300,2007-08,2007.0,8.0,month,4.907488188976378,5.301755905511811,4.852267716535434,4.805090551181102,4.615606299212599,4.926732283464567,4.668051181102363,846911.07,914951.92,837381.38,829239.77,796539.48,850232.12,805590.16
2081,San Joaquin River,15653424.369168406,8380635300,2007-09,2007.0,9.0,month,3.0357834645669297,3.5017637795275594,3.1008464566929135,2.8581220472440947,3.3317480314960632,3.1522677165354334,2.782472440944882,523901.13,604317.81,535129.4,493241.17,574977.3,544003.43,480185.92
2082,San Joaquin River,15653424.369168406,8380635300,2007-10,2007.0,10.0,month,1.553248031496063,2.0733582677165354,1.810720472440945,1.3816574803149606,2.2908228346456694,2.0584055118110234,1.6009015748031497,268052.19,357810.35,312485.56,238439.9,395339.36,355229.87,276276.01
2083,San Joaquin River,15653424.369168406,8380635300,2007-11,2007.0,11.0,month,1.0438267716535434,1.2843976377952757,1.0846771653543308,0.916255905511811,1.4067283464566929,1.1147755905511811,0.896232283464567,180138.68,221655.26,187188.45,158123.1,242766.52,192382.69,154667.52
2084,San Joaquin River,15653424.369168406,8380635300,2007-12,2007.0,12.0,month,0.6941614173228347,0.9044291338582677,0.9127401574803149,0.7410866141732283,1.2470669291338583,1.321988188976378,0.654011811023622,119795.09,156082.1,157516.37,127893.22,215212.9,228142.46,112866.26
2085,San Joaquin River,15653424.369168406,8380635300,2008-00,,,water_year,33.82335433070867,35.19387401574804,33.455196850393705,30.26564960629921,35.97576771653543,35.60336220472441,30.18725984251969,5837074.300000001,6073592.1,5773539.430000001,5223102.46,6208527.619999999,6144259.62,5209574.32
2086,San Joaquin River,15653424.369168406,8380635300,2008-01,2008.0,1.0,month,0.8060826771653543,0.8245393700787402,0.9322165354330709,0.5781653543307087,1.3454960629921262,1.3913425196850395,0.778744094488189,139109.93,142295.1,160877.51,99777.04,232199.34,240111.3,134391.97
2087,San Joaquin River,15653424.369168406,8380635300,2008-02,2008.0,2.0,month,1.5467716535433071,1.2986220472440946,1.4777598425196852,1.0618661417322834,1.7761220472440946,1.8778937007874017,1.2812952755905511,266934.53,224110.04,255024.79,183251.83,306514.73,324078.0,221119.87
2088,San Joaquin River,15653424.369168406,8380635300,2008-03,2008.0,3.0,month,2.9100472440944882,2.546937007874016,2.7182874015748033,2.3335866141732287,3.2293464566929138,2.6238740157480316,2.521181102362205,502202.17,439538.33,469109.17,402719.33,557305.32,452815.75,435093.49
2089,San Joaquin River,15653424.369168406,8380635300,2008-04,2008.0,4.0,month,3.3963543307086614,3.056996062992126,3.30998031496063,3.356429133858268,3.879476377952756,3.240228346456693,2.7292952755905513,586126.75,527561.9,571220.73,579236.64,669501.66,559183.26,471008.85
2090,San Joaquin River,15653424.369168406,8380635300,2008-05,2008.0,5.0,month,4.046255905511812,3.8493070866141736,3.683200787401575,3.0781259842519684,3.976161417322835,3.8105866141732285,3.1524330708661417,698283.68,664295.19,635629.35,531208.4,686187.11,657612.99,544031.97
2091,San Joaquin River,15653424.369168406,8380635300,2008-06,2008.0,6.0,month,4.689578740157481,4.726811023622048,4.489531496062992,4.30715748031496,4.25642125984252,4.722551181102363,4.143204724409449,809305.29,815730.66,774782.08,743308.84,734553.02,814995.52,715014.65
2092,San Joaquin River,15653424.369168406,8380635300,2008-07,2008.0,7.0,month,5.532326771653543,5.6710393700787405,5.2734921259842515,5.0572716535433075,5.143043307086614,5.409287401574804,4.972472440944882,954742.75,978681.12,910074.3,872759.99,887562.06,933509.2,858125.74
2093,San Joaquin River,15653424.369168406,8380635300,2008-08,2008.0,8.0,month,4.6105787401574805,5.284968503937009,4.678814960629921,4.538385826771654,4.239964566929134,4.924240157480315,4.664988188976379,795671.84,912054.83,807447.73,783213.13,731713.0,849802.05,805061.57
2094,San Joaquin River,15653424.369168406,8380635300,2008-09,2008.0,9.0,month,2.994122047244095,3.672468503937008,3.0837755905511814,2.915661417322835,3.1851181102362207,3.108188976377953,2.7925000000000004,516711.4,633777.22,532183.39,503171.04,549672.6,536396.53,481916.42
2095,San Joaquin River,15653424.369168406,8380635300,2008-10,2008.0,10.0,month,1.4568503937007875,2.344515748031496,1.7479370078740157,1.274456692913386,1.8548228346456692,1.9121456692913388,1.8161456692913387,251416.34,404605.42,301650.69,219939.7,320096.54,329989.04,313421.82
2096,San Joaquin River,15653424.369168406,8380635300,2008-11,2008.0,11.0,month,0.9465866141732283,1.1685433070866142,1.0460433070866142,0.5956062992125984,1.7446456692913386,1.245964566929134,0.8536968503937009,163357.43,201661.67,180521.2,102786.91,301082.69,215022.66,147326.96
2097,San Joaquin River,15653424.369168406,8380635300,2008-12,2008.0,12.0,month,0.8038149606299212,0.7796102362204724,0.7715708661417323,0.507248031496063,1.0905669291338582,0.8991023622047244,0.534248031496063,138718.58,134541.44,133154.05,87538.46,188204.88,155162.83,92198.0
2098,San Joaquin River,15653424.369168406,8380635300,2009-00,,,water_year,33.183748031496066,35.52251968503937,33.59464566929134,30.40440157480315,35.66400393700788,36.1360472440945,30.87261811023622,5726694.08,6130308.200000001,5797604.85,5247047.609999999,6154724.91,6236187.91,5327850.219999999
2099,San Joaquin River,15653424.369168406,8380635300,2009-01,2009.0,1.0,month,1.034744094488189,1.0040275590551182,0.9971496062992127,0.7919212598425197,1.3066535433070867,1.0768149606299213,0.7400078740157481,178571.24,173270.32,172083.36,136666.02,225496.08,185831.63,127707.05
2100,San Joaquin River,15653424.369168406,8380635300,2009-02,2009.0,2.0,month,1.3165472440944883,1.1667165354330709,1.426271653543307,1.1032244094488188,1.838244094488189,1.9303031496062992,1.258244094488189,227203.49,201346.41,246139.21,190389.24,317235.46,333122.58,217141.81
2101,San Joaquin River,15653424.369168406,8380635300,2009-03,2009.0,3.0,month,2.8645669291338587,2.4074724409448818,2.740929133858268,2.180204724409449,3.173992125984252,2.982106299212599,2.645177165354331,494353.39,415470.19,473016.57,376249.41,547752.53,514637.78,456492.15
2102,San Joaquin River,15653424.369168406,8380635300,2009-04,2009.0,4.0,month,3.3399724409448823,3.234255905511811,3.248952755905512,3.0585039370078744,3.239354330708662,3.440968503937008,3.024511811023622,576396.63,558152.57,560688.88,527822.12,559032.43,593826.05,521955.92
2103,San Joaquin River,15653424.369168406,8380635300,2009-05,2009.0,5.0,month,4.042027559055119,4.1380984251968504,4.0980905511811025,3.956224409448819,4.423263779527559,4.325129921259843,3.38740157480315,697553.97,714133.43,707229.06,682746.47,763345.91,746410.44,584581.72
2104,San Joaquin River,15653424.369168406,8380635300,2009-06,2009.0,6.0,month,4.3280118110236225,4.509078740157481,4.454326771653544,4.889078740157481,4.495452755905512,4.498066929133858,3.8443661417322836,746907.78,778155.45,768706.62,843734.05,775803.95,776255.09,663442.5
2105,San Joaquin River,15653424.369168406,8380635300,2009-07,2009.0,7.0,month,5.474137795275591,5.659665354330709,5.265830708661418,4.812082677165354,4.939413385826772,5.62053937007874,5.161992125984252,944700.78,976718.24,908752.12,830446.44,852420.57,969966.07,890832.15
2106,San Joaquin River,15653424.369168406,8380635300,2009-08,2009.0,8.0,month,4.562051181102362,5.282893700787401,4.540590551181102,4.161291338582677,4.334523622047245,4.750385826771654,4.470842519685039,787297.19,911696.78,783593.61,718135.95,748031.56,819799.09,771556.83
2107,San Joaquin River,15653424.369168406,8380635300,2009-09,2009.0,9.0,month,3.0144370078740157,3.827641732283465,3.256952755905512,3.0745590551181103,3.2230708661417324,3.45451968503937,3.135984251968504,520217.26,660556.28,562069.48,530592.84,556222.31,596164.65,541193.31
2108,San Joaquin River,15653424.369168406,8380635300,2009-10,2009.0,10.0,month,1.7276062992125985,2.292350393700788,1.951267716535433,1.6236850393700788,2.581444881889764,2.087562992125984,1.6759645669291339,298142.11,395602.97,336740.54,280207.87,445493.53,360261.73,289230.03
2109,San Joaquin River,15653424.369168406,8380635300,2009-11,2009.0,11.0,month,0.8421614173228347,1.2851023622047244,1.0443267716535434,0.8322125984251969,1.7377362204724411,1.0395629921259844,0.9274055118110237,145336.23,221776.88,180224.97,143619.31,299890.29,179402.86,160047.25
2110,San Joaquin River,15653424.369168406,8380635300,2009-12,2009.0,12.0,month,0.5853622047244095,0.6793110236220473,0.7100118110236222,0.5233267716535434,1.0938228346456693,1.0449645669291339,0.49218110236220475,101019.04,117232.28,122530.48,90313.26,188766.76,180335.04,84938.28
2111,San Joaquin River,15653424.369168406,8380635300,2010-00,,,water_year,34.60045669291339,33.02396456692914,33.8636968503937,31.353834645669295,39.03516141732284,35.4905157480315,30.088610236220475,5971182.9399999995,5699119.41,5844036.449999999,5410896.280000001,6736503.279999999,6124785.13,5192549.86
2112,San Joaquin River,15653424.369168406,8380635300,2010-01,2010.0,1.0,month,0.8772440944881891,0.5763188976377953,0.9292952755905511,0.8373425196850394,1.4437283464566928,1.1283425196850394,0.7231535433070866,151390.63,99458.39,160373.38,144504.61,249151.8,194724.01,124798.41
2113,San Joaquin River,15653424.369168406,8380635300,2010-02,2010.0,2.0,month,1.3693740157480316,1.0408031496062993,1.3853818897637795,1.2526456692913386,2.207732283464567,1.6870629921259843,1.0972322834645671,236320.08,179616.88,239082.65,216175.66,380999.98,291145.34,189355.15
2114,San Joaquin River,15653424.369168406,8380635300,2010-03,2010.0,3.0,month,3.093889763779528,2.7750393700787406,2.9483740157480316,2.957582677165355,3.8313031496062995,2.7963425196850396,2.2490905511811023,533928.84,478903.15,508816.42,510405.61,661188.15,482579.55,388137.4
2115,San Joaquin River,15653424.369168406,8380635300,2010-04,2010.0,4.0,month,3.5730118110236218,2.72094094488189,3.364751968503937,3.2255629921259845,3.910188976377953,3.698271653543307,2.6984488188976377,616613.46,469567.1,580672.96,556652.38,674801.89,638230.21,465685.52
2116,San Joaquin River,15653424.369168406,8380635300,2010-05,2010.0,5.0,month,4.03651968503937,3.478007874015748,3.853913385826772,3.8766220472440946,4.470157480314961,3.9140748031496067,3.213507874015748,696603.45,600218.13,665090.12,669009.07,771438.61,675472.49,554571.97
2117,San Joaquin River,15653424.369168406,8380635300,2010-06,2010.0,6.0,month,4.62351968503937,4.458350393700788,4.423948818897638,4.0097559055118115,4.451299212598426,4.57407874015748,4.204358267716536,797905.13,769401.0,763464.14,691984.68,768184.14,789372.85,725568.24
2118,San Joaquin River,15653424.369168406,8380635300,2010-07,2010.0,7.0,month,5.805311023622048,5.281023622047244,5.270795275590551,4.810673228346457,5.230858267716536,5.458606299212598,5.001850393700788,1001853.08,911374.05,909608.89,830203.2,902716.75,942020.42,863195.65
2119,San Joaquin River,15653424.369168406,8380635300,2010-08,2010.0,8.0,month,4.870082677165355,4.772448818897638,4.671641732283465,4.333614173228347,4.66844094488189,4.754933070866142,4.602326771653543,840455.8,823606.61,806209.81,747874.61,805657.43,820583.83,794247.76
2120,San Joaquin River,15653424.369168406,8380635300,2010-09,2010.0,9.0,month,3.196374015748032,3.6642677165354334,3.3099881889763783,3.0708110236220474,3.408448818897638,3.306712598425197,3.203090551181103,551615.09,632361.97,571222.09,529946.02,588213.95,570656.8,552774.2
2121,San Joaquin River,15653424.369168406,8380635300,2010-10,2010.0,10.0,month,1.874255905511811,2.1858070866141732,1.9966456692913386,1.6499527559055118,2.7279685039370083,2.187799212598425,1.711996062992126,323450.21,377216.23,344571.65,284741.03,470779.88,377560.03,295448.17
2122,San Joaquin River,15653424.369168406,8380635300,2010-11,2010.0,11.0,month,1.0977795275590552,1.1036889763779527,1.1147637795275591,0.6578228346456694,1.6695826771653546,1.3359212598425199,0.9063740157480314,189449.59,190469.42,192380.65,113523.95,288128.67,230546.96,156417.74
2123,San Joaquin River,15653424.369168406,8380635300,2010-12,2010.0,12.0,month,0.5940905511811024,0.8086653543307086,0.7339409448818898,0.3846889763779528,0.9763031496062994,1.0861220472440944,0.6174409448818898,102525.33,139555.64,126660.05,66387.8,168485.77,187437.8,106555.03
2124,San Joaquin River,15653424.369168406,8380635300,2011-00,,,water_year,34.88673228346457,32.0746220472441,33.69006692913386,30.9436968503937,39.32058661417324,35.69599212598426,29.6378937007874,6020587.0200000005,5535286.369999999,5814072.17,5340116.65,6785760.61,6160245.2700000005,5114767.32
2125,San Joaquin River,15653424.369168406,8380635300,2011-01,2011.0,1.0,month,1.0899527559055118,0.7302204724409449,0.8347992125984253,0.5280748031496063,1.0169055118110237,0.9475433070866142,0.6199015748031497,188098.88,126017.99,144065.69,91132.65,175492.74,163522.54,106979.68
2126,San Joaquin River,15653424.369168406,8380635300,2011-02,2011.0,2.0,month,1.520748031496063,1.332984251968504,1.4656417322834647,1.1483700787401576,2.0195196850393704,1.6649173228346457,1.238251968503937,262443.49,230040.11,252933.51,198180.27,348519.14,287323.55,213691.66
2127,San Joaquin River,15653424.369168406,8380635300,2011-03,2011.0,3.0,month,2.2419133858267717,1.75296062992126,2.2391653543307086,2.017023622047244,3.0743582677165358,2.6998149606299213,1.9303622047244096,386898.79,302517.64,386424.55,348088.38,530558.19,465921.28,333132.77
2128,San Joaquin River,15653424.369168406,8380635300,2011-04,2011.0,4.0,month,3.347472440944882,2.739988188976378,3.259688976377953,3.492185039370079,4.464145669291339,3.1800905511811024,2.7967677165354328,577690.94,472854.19,562541.69,602664.76,770401.12,548804.97,482652.93
2129,San Joaquin River,15653424.369168406,8380635300,2011-05,2011.0,5.0,month,4.009145669291339,3.506767716535433,3.778452755905512,3.683885826771654,4.408307086614173,3.8505000000000003,2.7715708661417326,691879.37,605181.36,652067.48,635747.57,760764.76,664501.05,478304.57
2130,San Joaquin River,15653424.369168406,8380635300,2011-06,2011.0,6.0,month,4.690220472440945,4.004700787401575,4.41498031496063,4.301181102362205,4.799598425196851,4.706751968503937,3.7004724409448824,809416.04,691112.3,761916.39,742277.46,828291.97,812268.96,638610.01
2131,San Joaquin River,15653424.369168406,8380635300,2011-07,2011.0,7.0,month,5.825314960629921,4.971212598425197,5.383216535433071,5.265377952755906,5.595755905511812,5.428,5.090685039370079,1005305.27,857908.33,929010.01,908673.99,965689.05,936738.53,878526.31
2132,San Joaquin River,15653424.369168406,8380635300,2011-08,2011.0,8.0,month,5.19290157480315,5.102173228346457,4.959775590551182,4.644657480314961,4.836649606299213,5.070893700787402,4.937925196850394,896166.36,880508.89,855934.58,801552.99,834686.08,875110.82,852163.74
2133,San Joaquin River,15653424.369168406,8380635300,2011-09,2011.0,9.0,month,3.402937007874016,3.835452755905512,3.5089960629921264,3.170476377952756,3.731492125984252,3.5376377952755904,3.3161456692913385,587262.75,661904.27,605565.92,547145.8,643963.24,610508.78,572284.71
2134,San Joaquin River,15653424.369168406,8380635300,2011-10,2011.0,10.0,month,1.9210944881889764,2.256503937007874,1.9974488188976378,1.5800629921259843,2.5927952755905515,2.103425196850394,1.72192125984252,331533.39,389416.76,344710.26,272679.79,447452.33,362999.16,297161.02
2135,San Joaquin River,15653424.369168406,8380635300,2011-11,2011.0,11.0,month,0.9368937007874016,1.1724606299212599,1.0249094488188977,0.6990629921259843,1.6077086614173228,1.2423149606299213,0.848751968503937,161684.68,202337.7,176874.02,120640.98,277450.75,214392.83,146473.6
2136,San Joaquin River,15653424.369168406,8380635300,2011-12,2011.0,12.0,month,0.6706692913385828,0.994236220472441,0.7933858267716536,0.765228346456693,1.2502952755905512,0.5927834645669291,0.6456653543307086,115740.93,171580.58,136918.77,132059.48,215770.04,102299.76,111425.87
2137,San Joaquin River,15653424.369168406,8380635300,2012-00,,,water_year,34.852724409448825,34.98222440944882,34.24612992125984,31.876472440944884,37.28959055118111,35.91723622047245,30.833574803149606,6014718.12,6037066.6,5910034.91,5501090.65,6435260.93,6198426.52,5321112.33
2138,San Joaquin River,15653424.369168406,8380635300,2012-01,2012.0,1.0,month,0.8090393700787403,0.9848228346456694,0.9351062992125985,0.9146968503937009,1.3544330708661418,1.029212598425197,0.6739488188976379,139620.18,169956.06,161376.22,157854.05,233741.64,177616.64,116306.9
2139,San Joaquin River,15653424.369168406,8380635300,2012-02,2012.0,2.0,month,1.3435708661417323,1.3775629921259842,1.4470196850393702,1.3809685039370079,1.8982047244094489,1.5069055118110237,1.212204724409449,231867.1,237733.3,249719.8,238321.0,327583.18,260054.62,209196.55
2140,San Joaquin River,15653424.369168406,8380635300,2012-03,2012.0,3.0,month,1.923748031496063,1.8065787401574802,2.1866732283464567,2.2440472440944883,2.7292165354330713,2.57692125984252,1.8086614173228346,331991.32,311770.8,377365.71,387267.05,470995.26,444712.87,312130.22
2141,San Joaquin River,15653424.369168406,8380635300,2012-04,2012.0,4.0,month,3.7675433070866142,2.7793188976377956,3.351669291338583,3.250779527559055,3.8436811023622046,3.685232283464567,2.6735393700787404,650184.78,479641.69,578415.21,561004.14,663324.28,635979.93,461386.76
2142,San Joaquin River,15653424.369168406,8380635300,2012-05,2012.0,5.0,month,4.732051181102363,4.356188976377953,4.346444881889764,4.215996062992126,4.226850393700787,4.397913385826771,3.779759842519685,816634.98,751770.46,750088.87,727576.63,729449.82,758971.06,652293.05
2143,San Joaquin River,15653424.369168406,8380635300,2012-06,2012.0,6.0,month,5.057228346456693,4.81696062992126,4.621287401574803,4.413913385826772,4.3294921259842525,4.809220472440945,4.114661417322835,872752.52,831288.25,797519.89,761732.27,747163.25,829952.49,710088.78
2144,San Joaquin River,15653424.369168406,8380635300,2012-07,2012.0,7.0,month,5.426279527559055,5.202027559055118,5.199043307086614,4.923657480314961,5.226200787401575,5.384696850393701,5.030015748031496,936441.62,897741.28,897226.27,849701.49,901912.98,929265.48,868056.3
2145,San Joaquin River,15653424.369168406,8380635300,2012-08,2012.0,8.0,month,4.973566929133859,5.477114173228347,5.054929133858267,4.623066929133858,4.9390236220472445,5.239185039370079,5.152240157480315,858314.63,945214.42,872355.73,797827.0,852353.31,904153.74,889149.21
2146,San Joaquin River,15653424.369168406,8380635300,2012-09,2012.0,9.0,month,3.29103937007874,3.758448818897638,3.288212598425197,2.864992125984252,3.2916889763779533,3.349425196850394,3.172204724409449,567951.99,648615.3,567464.16,494426.77,568064.09,578027.94,547444.07
2147,San Joaquin River,15653424.369168406,8380635300,2012-10,2012.0,10.0,month,1.866751968503937,2.295468503937008,1.8995157480314961,1.4589015748031497,2.341622047244095,1.8819133858267718,1.6693740157480315,322155.21,396141.08,327809.43,251770.32,404106.04,324771.7,288092.66
2148,San Joaquin River,15653424.369168406,8380635300,2012-11,2012.0,11.0,month,0.9048661417322835,1.101992125984252,1.0449330708661417,0.8787952755905513,1.6501771653543307,1.2844566929133858,0.7891220472440946,156157.51,190176.58,180329.6,151658.33,284779.76,221665.45,136182.95
2149,San Joaquin River,15653424.369168406,8380635300,2012-12,2012.0,12.0,month,0.6582795275590553,0.7329291338582677,0.8028503937007874,0.6421496062992127,1.2822440944881892,1.2110551181102363,0.5904685039370079,113602.76,126485.44,138552.12,110819.14,221283.61,208998.16,101900.26
2150,San Joaquin River,15653424.369168406,8380635300,2013-00,,,water_year,34.860413385826774,35.790374015748036,35.294948818897645,31.665291338582684,38.691043307086616,37.66588188976378,33.55092913385827,6016045.03,6176533.23,6091035.090000001,5464646.01,6677116.999999999,6500199.52,5790060.459999999
2151,San Joaquin River,15653424.369168406,8380635300,2013-01,2013.0,1.0,month,1.0746259842519685,0.9553740157480316,0.9963188976377954,0.6274330708661418,1.1705629921259844,1.1533110236220474,0.8467755905511811,185453.86,164873.92,171940.0,108279.43,202010.22,199032.95,146132.52
2152,San Joaquin River,15653424.369168406,8380635300,2013-02,2013.0,2.0,month,1.5974015748031496,1.4518818897637795,1.4707204724409448,1.1420669291338583,2.019653543307087,1.4775944881889767,1.2852598425196853,275672.0,250558.9,253809.97,197092.5,348542.24,254996.26,221804.06
2153,San Joaquin River,15653424.369168406,8380635300,2013-03,2013.0,3.0,month,2.54244094488189,2.438696850393701,2.563468503937008,2.0258582677165355,3.124413385826772,2.769413385826772,2.4821771653543308,438762.42,420858.75,442391.25,349613.03,539196.46,477932.25,428362.38
2154,San Joaquin River,15653424.369168406,8380635300,2013-04,2013.0,4.0,month,3.68082283464567,3.335007874015748,3.712173228346457,3.4541338582677166,3.8698582677165354,3.94340157480315,3.655909448818898,635218.97,575539.86,640629.27,596098.06,667841.81,680533.57,630919.54
2155,San Joaquin River,15653424.369168406,8380635300,2013-05,2013.0,5.0,month,4.339330708661417,4.1703503937007875,4.185610236220472,4.100897637795276,4.438200787401575,4.245527559055119,3.654015748031496,748861.14,719699.32,722332.79,707713.49,765923.67,732673.04,630592.73
2156,San Joaquin River,15653424.369168406,8380635300,2013-06,2013.0,6.0,month,5.053358267716535,4.845704724409449,4.870421259842519,4.520452755905512,4.8646574803149605,5.112712598425197,4.724992125984252,872084.64,836248.77,840514.23,780118.33,839519.55,882327.73,815416.76
2157,San Joaquin River,15653424.369168406,8380635300,2013-07,2013.0,7.0,month,5.4485314960629925,5.596338582677165,5.6082598425196855,5.240023622047244,5.790905511811024,6.000543307086615,5.610173228346457,940281.76,965789.61,967846.92,904298.46,999367.05,1035545.35,968177.13
2158,San Joaquin River,15653424.369168406,8380635300,2013-08,2013.0,8.0,month,4.665933070866142,5.185523622047245,4.874637795275591,4.577618110236221,4.8326299212598425,5.146177165354331,5.011889763779528,805224.63,894893.11,841241.9,789983.65,833992.38,888102.88,864928.2
2159,San Joaquin River,15653424.369168406,8380635300,2013-09,2013.0,9.0,month,3.028070866141732,3.681106299212599,3.2660393700787407,2.99696062992126,3.3061181102362203,3.4397755905511813,3.2307716535433073,522570.13,635267.89,563637.61,517201.27,570554.21,593620.18,557551.27
2160,San Joaquin River,15653424.369168406,8380635300,2013-10,2013.0,10.0,month,1.5800590551181102,2.26192125984252,1.8203031496062994,1.5621062992125987,2.149850393700788,1.7996141732283466,1.7430118110236221,272679.11,390351.66,314139.3,269580.91,371011.0,310568.89,300800.72
2161,San Joaquin River,15653424.369168406,8380635300,2013-11,2013.0,11.0,month,0.8930944881889764,1.3620905511811023,1.0442283464566928,0.7811141732283464,1.209488188976378,1.1745629921259844,0.9166259842519685,154126.02,235063.14,180207.98,134800.98,208727.74,202700.52,158186.97
2162,San Joaquin River,15653424.369168406,8380635300,2013-12,2013.0,12.0,month,0.6815236220472441,1.0057755905511812,0.7662834645669292,0.6810393700787403,0.8967874015748033,0.7598267716535434,0.6363740157480317,117614.12,173571.99,132241.57,117530.55,154763.32,131127.31,109822.41
2163,San Joaquin River,15653424.369168406,8380635300,2014-00,,,water_year,33.51317322834646,36.14948818897638,34.44638976377953,32.230763779527564,35.29953543307087,36.88059842519685,32.52355118110236,5783544.7299999995,6238507.470000001,5944594.790000001,5562232.57,6091826.65,6364679.0,5612760.430000001
2164,San Joaquin River,15653424.369168406,8380635300,2014-01,2014.0,1.0,month,0.7524055118110237,1.0691771653543307,0.8974685039370079,0.9789173228346457,0.9892677165354332,0.8797755905511812,0.7233385826771654,129846.58,184513.53,154880.86,168936.92,170723.14,151827.5,124830.35
2165,San Joaquin River,15653424.369168406,8380635300,2014-02,2014.0,2.0,month,1.1511496062992126,1.3327362204724411,1.252456692913386,0.8635669291338584,1.4518622047244094,1.6715275590551182,1.0635196850393702,198659.95,229997.31,216143.04,149030.29,250555.5,288464.31,183537.19
2166,San Joaquin River,15653424.369168406,8380635300,2014-03,2014.0,3.0,month,2.4781023622047247,2.3139881889763783,2.6447952755905515,2.544870078740158,2.749704724409449,3.0854724409448817,2.5528503937007874,427659.17,399337.12,456426.24,439181.63,474531.02,532476.22,440558.83
2167,San Joaquin River,15653424.369168406,8380635300,2014-04,2014.0,4.0,month,3.6280944881889763,3.079240157480315,3.5805196850393703,3.5031181102362208,3.812188976377953,3.8678661417322835,3.282622047244095,626119.36,531400.68,617909.13,604551.53,657889.52,667498.02,566499.37
2168,San Joaquin River,15653424.369168406,8380635300,2014-05,2014.0,5.0,month,4.073814960629922,3.9552913385826773,4.198614173228346,4.267625984251969,4.475696850393701,4.442704724409449,3.7902795275590555,703039.69,682585.45,724576.95,736486.68,772394.57,766700.94,654108.49
2169,San Joaquin River,15653424.369168406,8380635300,2014-06,2014.0,6.0,month,4.871937007874016,5.230318897637796,4.8563503937007875,4.891468503937008,4.5420905511811025,5.076799212598426,4.573366141732284,840775.82,902623.66,838085.95,844146.47,783852.48,876129.96,789249.87
2170,San Joaquin River,15653424.369168406,8380635300,2014-07,2014.0,7.0,month,5.945870078740159,5.7611062992125985,5.482377952755906,4.7865314960629926,5.114145669291339,5.748708661417323,5.424007874015748,1026110.1,994224.44,946122.82,826036.94,882575.04,992084.91,936049.59
2171,San Joaquin River,15653424.369168406,8380635300,2014-08,2014.0,8.0,month,4.549051181102363,5.073779527559055,4.636937007874016,4.3855472440944885,4.442629921259843,4.890405511811024,4.668649606299213,785053.71,875608.84,800220.63,756836.97,766688.03,843963.02,805693.44
2172,San Joaquin River,15653424.369168406,8380635300,2014-09,2014.0,9.0,month,2.908070866141732,3.7040629921259844,3.266055118110237,2.9848582677165356,3.465822834645669,3.483334645669291,3.148905511811024,501861.1,639229.65,563640.32,515112.7,598115.29,601137.4,543423.2
2173,San Joaquin River,15653424.369168406,8380635300,2014-10,2014.0,10.0,month,1.6566299212598428,2.4645944881889768,1.9955354330708661,1.6148070866141733,2.247228346456693,2.056185039370079,2.0435,285893.35,425328.04,344380.05,278675.76,387816.03,354846.68,352657.55
2174,San Joaquin River,15653424.369168406,8380635300,2014-11,2014.0,11.0,month,1.020968503937008,1.326279527559055,1.1431023622047245,0.8397716535433072,1.682472440944882,1.2768110236220471,0.9553267716535434,176193.91,228883.04,197271.19,144923.81,290353.13,220346.0,164865.77
2175,San Joaquin River,15653424.369168406,8380635300,2014-12,2014.0,12.0,month,0.5734173228346457,0.9786141732283465,0.864204724409449,0.4801850393700788,1.0541417322834647,1.3953267716535434,0.8934448818897638,98957.65,168884.6,149140.36,82868.06,181918.79,240798.89,154186.49
2176,San Joaquin River,15653424.369168406,8380635300,2015-00,,,water_year,33.346681102362204,35.93947637795275,34.412972440944884,30.351031496062994,37.6329094488189,37.52632283464567,32.81400787401575,5754812.289999999,6202264.62,5938827.79,5237837.26,6494509.299999999,6476115.08,5662886.07
2177,San Joaquin River,15653424.369168406,8380635300,2015-01,2015.0,1.0,month,1.1316850393700788,0.8068897637795276,0.883228346456693,0.6203346456692914,1.131748031496063,0.7818307086614174,0.8376141732283465,195300.84,139249.21,152423.37,107054.42,195311.72,134924.64,144551.49
2178,San Joaquin River,15653424.369168406,8380635300,2015-02,2015.0,2.0,month,1.7202283464566932,1.4245039370078743,1.6210551181102362,1.276716535433071,2.436641732283465,1.778251968503937,1.414472440944882,296868.86,245834.14,279754.01,220329.69,420504.09,306882.3,244102.95
2179,San Joaquin River,15653424.369168406,8380635300,2015-03,2015.0,3.0,month,2.8189173228346456,2.62298031496063,2.7538937007874016,2.3055314960629922,3.1340393700787406,2.9841377952755908,2.6460866141732287,486475.4,452661.52,475253.93,397877.71,540857.67,514988.37,456649.1
2180,San Joaquin River,15653424.369168406,8380635300,2015-04,2015.0,4.0,month,3.434933070866142,3.104598425196851,3.4153425196850398,2.92357874015748,3.9238346456692916,3.906669291338583,2.9919803149606303,592784.48,535776.89,589403.64,504537.37,677156.8,674194.48,516341.79
2181,San Joaquin River,15653424.369168406,8380635300,2015-05,2015.0,5.0,month,4.096602362204725,3.575688976377953,3.829035433070866,3.7291181102362208,4.491366141732284,3.847712598425197,3.13696062992126,706972.23,617075.47,660796.8,643553.54,775098.7,664020.02,541361.81
2182,San Joaquin River,15653424.369168406,8380635300,2015-06,2015.0,6.0,month,4.664047244094489,5.140688976377953,4.855452755905512,4.543688976377953,4.7105826771653545,5.297413385826772,4.820877952755906,804899.18,887155.76,837931.04,784128.32,812930.05,914202.51,831964.29
2183,San Joaquin River,15653424.369168406,8380635300,2015-07,2015.0,7.0,month,5.201188976377953,5.661295275590551,5.341090551181103,4.613271653543308,5.289700787401575,5.84092125984252,5.428484251968504,897596.56,976999.53,921740.11,796136.57,912871.51,1007998.53,936822.1
2184,San Joaquin River,15653424.369168406,8380635300,2015-08,2015.0,8.0,month,4.403566929133858,5.250519685039371,4.714496062992126,4.616452755905512,4.550031496062992,5.034220472440945,4.706397637795276,759946.73,906109.82,813605.4,796685.55,785222.89,868781.93,812207.81
2185,San Joaquin River,15653424.369168406,8380635300,2015-09,2015.0,9.0,month,2.624496062992126,3.582822834645669,2.996535433070866,2.7875748031496066,2.981122047244095,3.3268425196850395,2.9388622047244093,452923.1,618306.6,517127.89,481066.46,514467.92,574130.73,507174.92
2186,San Joaquin River,15653424.369168406,8380635300,2015-10,2015.0,10.0,month,1.8083976377952757,2.7932007874015747,2.062082677165354,1.7922992125984254,2.280181102362205,2.1035590551181103,1.902937007874016,312084.7,482037.36,355864.46,309306.51,393502.86,363022.26,328399.86
2187,San Joaquin River,15653424.369168406,8380635300,2015-11,2015.0,11.0,month,1.0835196850393702,1.1933307086614173,1.1698070866141734,0.7173858267716535,1.4465118110236221,1.7149370078740158,0.9673858267716536,186988.7,205939.36,201879.77,123803.05,249632.16,295955.71,166946.86
2188,San Joaquin River,15653424.369168406,8380635300,2015-12,2015.0,12.0,month,0.6743307086614173,1.0086338582677166,0.9090944881889764,0.5327795275590551,1.2494448818897639,1.2256496062992126,0.80748031496063,116372.8,174065.25,156887.22,91944.57,215623.28,211516.8,139351.13
2189,San Joaquin River,15653424.369168406,8380635300,2016-00,,,water_year,35.63888582677165,36.59504330708662,36.29655905511811,32.77133464566929,40.26497244094488,39.82968110236221,33.98605118110237,6150390.13,6315399.24,6263888.26,5655521.74,6948738.25,6873617.709999999,5865151.75
2190,San Joaquin River,15653424.369168406,8380635300,2016-01,2016.0,1.0,month,0.8269448818897639,0.9198149606299213,1.0602007874015749,0.9535433070866142,1.571259842519685,1.4607755905511812,0.86948031496063,142710.23,158737.31,182964.43,164557.99,271160.58,252093.73,150050.79
2191,San Joaquin River,15653424.369168406,8380635300,2016-02,2016.0,2.0,month,2.002681102362205,1.5975275590551181,1.8281299212598425,1.6355354330708662,2.7068897637795275,1.8355629921259844,1.6258582677165354,345613.22,275693.74,315490.0,282252.96,467142.22,316772.77,280582.92
2192,San Joaquin River,15653424.369168406,8380635300,2016-03,2016.0,3.0,month,2.650326771653543,2.086177165354331,2.7736181102362205,2.826330708661417,3.7714015748031495,3.0836102362204727,2.3754055118110236,457380.84,360022.58,478657.88,487754.77,650850.62,532154.85,409936.23
2193,San Joaquin River,15653424.369168406,8380635300,2016-04,2016.0,4.0,month,3.7382637795275593,3.1144645669291338,3.7752519685039374,3.6935,4.533208661417323,4.126456692913386,3.319429133858268,645131.86,537479.54,651515.11,637406.74,782319.68,712124.35,572851.36
2194,San Joaquin River,15653424.369168406,8380635300,2016-05,2016.0,5.0,month,4.224456692913386,3.689456692913386,4.083535433070867,3.860503937007874,4.724271653543307,4.29994094488189,3.5034724409448823,729036.73,636708.96,704717.21,666227.49,815292.43,742063.44,604612.68
2195,San Joaquin River,15653424.369168406,8380635300,2016-06,2016.0,6.0,month,5.137070866141732,5.147492125984252,5.00096062992126,4.291377952755906,4.894358267716536,5.45128346456693,4.966637795275591,886531.36,888329.81,863042.1,740585.68,844645.17,940756.68,857118.83
2196,San Joaquin River,15653424.369168406,8380635300,2016-07,2016.0,7.0,month,5.639062992125985,5.889106299212599,5.6380433070866145,5.323507874015748,5.390838582677166,6.050311023622047,5.654283464566929,973162.78,1016314.07,972986.81,918705.78,930325.39,1044134.02,975789.46
2197,San Joaquin River,15653424.369168406,8380635300,2016-08,2016.0,8.0,month,4.881866141732283,5.33740157480315,4.861814960629921,4.521531496062993,4.5271968503937,5.1693267716535445,4.877102362204725,842489.34,921103.49,839029.0,780304.49,781282.19,892097.93,841667.23
2198,San Joaquin River,15653424.369168406,8380635300,2016-09,2016.0,9.0,month,2.9719645669291337,3.818437007874016,3.1340196850393705,2.6230393700787404,3.169409448818898,3.3082677165354335,3.1165787401574807,512887.57,658967.77,540854.27,452671.71,546961.67,570925.17,537844.4
2199,San Joaquin River,15653424.369168406,8380635300,2016-10,2016.0,10.0,month,1.537755905511811,2.355830708661417,1.8903149606299214,1.4323503937007875,2.2400748031496063,2.1695433070866144,1.7748228346456694,265378.63,406558.11,326221.6,247188.25,386581.5,374409.51,306290.52
2200,San Joaquin River,15653424.369168406,8380635300,2016-11,2016.0,11.0,month,1.1636062992125984,1.1825,1.1530669291338584,0.7308149606299212,1.6060669291338583,1.2095866141732285,1.0881771653543308,200809.66,204070.25,198990.83,126120.58,277167.42,208744.73,187792.46
2201,San Joaquin River,15653424.369168406,8380635300,2016-12,2016.0,12.0,month,0.7711220472440946,0.7675511811023622,0.8561338582677166,0.5306771653543307,1.2771929133858269,1.1423700787401576,0.6976771653543308,133076.59,132460.35,147747.53,91581.75,220411.9,197144.82,120401.82
2202,San Joaquin River,15653424.369168406,8380635300,2017-00,,,water_year,36.56882677165355,35.14556299212598,35.99772047244094,31.51328346456693,40.81686614173229,39.045562992125994,33.56698818897638,6310874.930000002,6065254.82,6212316.12,5438413.2,7043981.43,6738298.33,5792831.850000001
2203,San Joaquin River,15653424.369168406,8380635300,2017-01,2017.0,1.0,month,0.9374133858267718,0.7674685039370079,0.9666496062992127,0.535992125984252,1.4193858267716535,1.383677165354331,0.7467952755905511,161774.36,132446.08,166819.81,92498.98,244950.88,238788.45,128878.39
2204,San Joaquin River,15653424.369168406,8380635300,2017-02,2017.0,2.0,month,1.271755905511811,1.1460669291338583,1.4346181102362208,1.1795236220472443,2.1143149606299216,2.0410039370078743,1.227429133858268,219473.61,197782.8,247579.6,203556.6,364878.46,352226.79,211823.91
2205,San Joaquin River,15653424.369168406,8380635300,2017-03,2017.0,3.0,month,2.870917322834646,2.199165354330709,2.7836220472440942,2.9194488188976377,4.008897637795275,2.865,2.278929133858268,495449.31,379521.54,480384.31,503824.65,691836.57,494428.13,393286.8
2206,San Joaquin River,15653424.369168406,8380635300,2017-04,2017.0,4.0,month,3.4460826771653545,2.736791338582677,3.3938976377952756,3.1177755905511813,4.213602362204725,3.671047244094489,3.077405511811024,594708.63,472302.49,585702.78,538050.95,727163.54,633531.95,531084.07
2207,San Joaquin River,15653424.369168406,8380635300,2017-05,2017.0,5.0,month,4.8662322834645675,3.9166968503937007,4.359062992125985,4.032858267716536,5.160602362204724,4.284326771653544,3.680775590551181,839791.32,675924.99,752266.45,695971.58,890592.31,739368.82,635210.82
2208,San Joaquin River,15653424.369168406,8380635300,2017-06,2017.0,6.0,month,5.490846456692914,4.799366141732284,4.907165354330709,4.240055118110236,4.8210078740157485,5.25240157480315,4.691578740157481,947584.28,828251.88,846855.36,731728.63,831986.71,906434.59,809650.44
2209,San Joaquin River,15653424.369168406,8380635300,2017-07,2017.0,7.0,month,5.949610236220473,6.115507874015749,5.833854330708662,5.147267716535433,5.657102362204725,6.241133858267717,5.864330708661418,1026755.56,1055385.39,1006778.95,888291.08,976275.93,1077065.32,1012038.42
2210,San Joaquin River,15653424.369168406,8380635300,2017-08,2017.0,8.0,month,5.189602362204725,5.425035433070866,5.073220472440945,4.437874015748031,4.9482992125984255,5.304405511811024,5.137535433070867,895597.0,936226.92,875512.36,765867.28,853954.04,915409.18,886611.53
2211,San Joaquin River,15653424.369168406,8380635300,2017-09,2017.0,9.0,month,3.0738818897637796,3.7335826771653546,3.3461141732283464,3.208645669291339,3.3503188976377953,3.4810669291338585,3.3015314960629927,530475.98,644324.02,577456.54,553732.87,578182.17,600746.04,569762.67
2212,San Joaquin River,15653424.369168406,8380635300,2017-10,2017.0,10.0,month,1.7808070866141734,2.413169291338583,2.0050748031496064,1.565204724409449,2.3203267716535434,2.0058503937007877,1.9984881889763781,307323.25,416453.33,346026.31,270115.62,400431.01,346160.16,344889.63
2213,San Joaquin River,15653424.369168406,8380635300,2017-11,2017.0,11.0,month,0.8929409448818899,1.1067834645669292,1.0080826771653544,0.6540984251968505,1.7486377952755905,1.2522677165354332,0.8455314960629923,154099.52,191003.45,173970.13,112881.21,301771.63,216110.43,145917.82
2214,San Joaquin River,15653424.369168406,8380635300,2017-12,2017.0,12.0,month,0.7257244094488189,0.9970787401574804,0.7596220472440945,0.4681102362204725,0.9469409448818897,0.7185393700787402,0.7364015748031496,125242.08,172071.13,131091.98,80784.25,163418.58,124002.12,127084.7
2215,San Joaquin River,15653424.369168406,8380635300,2018-00,,,water_year,36.14373622047245,36.423956692913386,35.67501181102362,32.36177559055118,38.65246456692914,38.00947637795275,33.172326771653545,6237514.83,6285873.95,6156624.58,5584841.960000001,6670459.2700000005,6559495.399999999,5724723.06
2216,San Joaquin River,15653424.369168406,8380635300,2018-01,2018.0,1.0,month,0.8480511811023623,0.7842992125984252,0.9019724409448819,0.6351299212598426,1.2798897637795277,1.3043188976377953,0.6913464566929134,146352.66,135350.64,155658.13,109607.71,220877.31,225093.18,119309.3
2217,San Joaquin River,15653424.369168406,8380635300,2018-02,2018.0,2.0,month,1.60548031496063,1.5022716535433072,1.563700787401575,1.2461023622047245,1.9560433070866143,1.5535866141732284,1.4972913385826772,277066.19,259254.93,269856.08,215046.44,337564.69,268110.62,258395.45
2218,San Joaquin River,15653424.369168406,8380635300,2018-03,2018.0,3.0,month,2.3148661417322836,2.0848188976377955,2.3818661417322837,2.3408503937007876,2.527661417322835,3.0509960629921262,1.9838385826771654,399488.64,359788.17,411051.18,403972.87,436211.84,526526.45,342361.47
2219,San Joaquin River,15653424.369168406,8380635300,2018-04,2018.0,4.0,month,3.691031496062992,2.9559015748031494,3.34105905511811,3.0853385826771653,3.5074055118110237,3.7214409448818904,2.9830866141732284,636980.73,510115.49,576584.15,532453.12,605291.43,642228.65,514806.96
2220,San Joaquin River,15653424.369168406,8380635300,2018-05,2018.0,5.0,month,4.505114173228347,3.6241062992125985,4.1949094488188985,4.146633858267717,4.965413385826772,4.200803149606299,3.622783464566929,777471.27,625431.1,723937.61,715606.43,856907.53,724954.71,625202.81
2221,San Joaquin River,15653424.369168406,8380635300,2018-06,2018.0,6.0,month,5.356681102362205,4.943858267716536,5.047574803149607,4.734153543307087,5.1670354330708665,5.173799212598426,4.7898464566929135,924430.66,853187.65,871086.55,816997.8,891702.5,892869.76,826609.02
2222,San Joaquin River,15653424.369168406,8380635300,2018-07,2018.0,7.0,month,6.045173228346457,6.608287401574804,6.096153543307087,5.864389763779528,5.981318897637796,6.353259842519686,5.8537440944881896,1043247.37,1140426.94,1052045.31,1012048.61,1032227.69,1096415.49,1010211.43
2223,San Joaquin River,15653424.369168406,8380635300,2018-08,2018.0,8.0,month,5.143594488188977,5.554208661417323,5.022145669291339,4.7027125984251965,4.804098425196851,5.196850393700788,4.89144094488189,887657.18,958519.03,866698.11,811571.87,829068.55,896847.83,844141.71
2224,San Joaquin River,15653424.369168406,8380635300,2018-09,2018.0,9.0,month,3.234271653543307,3.8491732283464573,3.3528503937007876,2.9190511811023625,3.447692913385827,3.4777637795275593,3.2785275590551186,558155.28,664272.09,578619.04,503756.03,594986.51,600176.0,565792.76
2225,San Joaquin River,15653424.369168406,8380635300,2018-10,2018.0,10.0,month,1.767720472440945,2.5813740157480316,2.0643346456692915,1.745976377952756,2.344984251968504,2.1343385826771657,2.031740157480315,305064.83,445481.3,356253.1,301312.33,404686.28,368334.04,350628.09
2226,San Joaquin River,15653424.369168406,8380635300,2018-11,2018.0,11.0,month,0.83498031496063,1.1905196850393702,1.009003937007874,0.9075196850393701,1.2415,1.0792244094488188,0.8188622047244095,144096.95,205454.25,174129.12,156615.45,214252.19,186247.44,141315.36
2227,San Joaquin River,15653424.369168406,8380635300,2018-12,2018.0,12.0,month,0.7059724409448819,0.9609724409448819,0.9154763779527559,0.5811692913385826,1.351228346456693,1.3142874015748032,0.7795314960629922,121833.38,165840.07,157988.58,100295.44,233188.59,226813.5,134527.85
2228,San Joaquin River,15653424.369168406,8380635300,2019-00,,,water_year,36.23004724409449,34.7194094488189,36.21453937007874,33.2757874015748,39.5118031496063,39.5442125984252,33.84578740157481,6252409.9799999995,5991711.249999999,6249733.699999999,5742577.78,6818759.859999999,6824352.9399999995,5840945.68
2229,San Joaquin River,15653424.369168406,8380635300,2019-01,2019.0,1.0,month,0.9028267716535433,1.014507874015748,1.059759842519685,0.7800196850393701,1.3469803149606299,1.4482322834645671,0.9056023622047246,155805.57,175078.96,182888.33,134612.1,232455.48,249929.07,156284.57
2230,San Joaquin River,15653424.369168406,8380635300,2019-02,2019.0,2.0,month,1.2707795275590552,1.0996456692913388,1.4678070866141733,1.1894173228346459,1.825224409448819,2.007677165354331,1.3225787401574804,219305.11,189771.64,253307.2,205264.01,314988.58,346475.42,228244.38
2231,San Joaquin River,15653424.369168406,8380635300,2019-03,2019.0,3.0,month,2.6038503937007875,1.8600944881889765,2.6478700787401577,2.550338582677165,3.512070866141732,3.131976377952756,2.119,449360.17,321006.3,456956.88,440125.35,606096.56,540501.65,365686.98
2232,San Joaquin River,15653424.369168406,8380635300,2019-04,2019.0,4.0,month,3.6304212598425196,2.8575551181102368,3.5548700787401577,3.4456220472440946,4.310531496062993,3.6820984251968505,3.2853307086614176,626520.91,493143.33,613482.64,594629.13,743891.11,635439.11,566966.81
2233,San Joaquin River,15653424.369168406,8380635300,2019-05,2019.0,5.0,month,4.333003937007875,3.167488188976378,3.9305669291338585,3.8795078740157485,4.51494094488189,4.3211377952755905,3.123468503937008,747769.3,546630.11,678318.63,669507.1,779167.13,745721.5,539033.4
2234,San Joaquin River,15653424.369168406,8380635300,2019-06,2019.0,6.0,month,5.626531496062993,4.8775748031496065,5.153724409448818,4.594740157480316,5.232606299212598,5.347688976377953,4.992803149606299,971000.16,841748.76,889405.35,792938.5,903018.41,922878.84,861634.32
2235,San Joaquin River,15653424.369168406,8380635300,2019-07,2019.0,7.0,month,6.144240157480316,5.656496062992127,5.7883740157480315,5.5328700787401575,5.424704724409449,6.099507874015749,5.814208661417323,1060343.87,976171.3,998930.17,954836.51,936169.85,1052624.18,1003388.59
2236,San Joaquin River,15653424.369168406,8380635300,2019-08,2019.0,8.0,month,5.231326771653543,5.609677165354332,5.162913385826772,4.754161417322835,4.8469921259842526,5.452102362204724,5.184503937007874,902797.6,968091.52,890991.14,820450.66,836470.95,940898.0,894717.14
2237,San Joaquin River,15653424.369168406,8380635300,2019-09,2019.0,9.0,month,3.1783937007874017,3.843503937007874,3.4598385826771656,3.314444881889764,3.5600393700787403,3.52594094488189,3.468157480314961,548512.13,663293.71,597082.56,571991.2,614374.73,608490.19,598518.19
2238,San Joaquin River,15653424.369168406,8380635300,2019-10,2019.0,10.0,month,1.7608228346456694,2.6107637795275593,1.9668543307086617,1.6734803149606299,2.1355551181102364,1.9073582677165355,2.000236220472441,303874.47,450553.25,339430.41,288801.31,368543.99,329162.86,345191.29
2239,San Joaquin River,15653424.369168406,8380635300,2019-11,2019.0,11.0,month,0.9171850393700789,1.1748346456692915,0.9836653543307087,0.8051929133858268,1.3070157480314961,0.9045944881889765,0.8310236220472441,158283.45,202747.4,169756.31,138956.38,225558.59,156110.63,143414.12
2240,San Joaquin River,15653424.369168406,8380635300,2019-12,2019.0,12.0,month,0.6101181102362205,0.6644251968503937,0.7729645669291338,0.3700157480314961,1.3106653543307087,1.268740157480315,0.6990590551181103,105291.29,114663.35,133394.56,63855.57,226188.42,218953.17,120640.3
2241,San Joaquin River,15653424.369168406,8380635300,2020-00,,,water_year,36.729114173228346,36.29296062992126,35.85137795275591,32.87213779527559,39.4254094488189,37.026232283464566,33.35395275590552,6338536.57,6263267.249999999,6187061.01,5672917.859999999,6803850.45,6389811.82,5756067.2
2242,San Joaquin River,15653424.369168406,8380635300,2020-01,2020.0,1.0,month,0.928748031496063,0.8754212598425198,0.9316299212598426,0.6939251968503937,1.412712598425197,1.0791102362204725,0.7424015748031496,160278.94,151076.06,160776.28,119754.32,243799.25,186227.73,128120.15
2243,San Joaquin River,15653424.369168406,8380635300,2020-02,2020.0,2.0,month,1.7820393700787405,1.8545433070866144,1.8004212598425198,1.4237598425196851,2.5592952755905514,1.7094015748031497,1.706228346456693,307535.91,320048.3,310708.17,245705.73,441671.06,295000.43,294452.81
2244,San Joaquin River,15653424.369168406,8380635300,2020-03,2020.0,3.0,month,2.425771653543307,1.973992125984252,2.453228346456693,2.275909448818898,3.089212598425197,2.7583464566929132,2.0984133858267717,418628.18,340662.21,423366.53,392765.67,533121.68,476022.37,362134.24
2245,San Joaquin River,15653424.369168406,8380635300,2020-04,2020.0,4.0,month,3.706181102362205,2.9571653543307086,3.635240157480315,3.786677165354331,4.453409448818898,3.7428188976377954,3.131185039370079,639595.18,510333.59,627352.53,653486.81,768548.31,645917.96,540365.08
2246,San Joaquin River,15653424.369168406,8380635300,2020-05,2020.0,5.0,month,4.432952755905512,4.134346456692914,4.298929133858268,4.41648031496063,4.42753937007874,4.371992125984252,3.87651968503937,765017.99,713485.93,741888.83,762175.26,764083.78,754497.7,668991.41
2247,San Joaquin River,15653424.369168406,8380635300,2020-06,2020.0,6.0,month,5.368925196850394,4.839996062992126,5.011724409448819,4.609055118110236,5.032618110236221,5.2133779527559065,4.861704724409449,926543.68,835263.6,864899.66,795408.9,868505.4,899700.08,839009.98
2248,San Joaquin River,15653424.369168406,8380635300,2020-07,2020.0,7.0,month,6.038444881889764,5.665590551181103,5.694712598425197,5.420996062992126,5.634716535433071,5.8715866141732285,5.483200787401575,1042086.22,977740.78,982766.53,935529.83,972412.69,1013290.61,946264.82
2249,San Joaquin River,15653424.369168406,8380635300,2020-08,2020.0,8.0,month,5.269129921259843,5.682744094488189,4.927161417322835,4.2402362204724415,4.560255905511811,5.029055118110237,4.859208661417323,909321.49,980701.06,850306.18,731759.89,786987.37,867890.51,838579.22
2250,San Joaquin River,15653424.369168406,8380635300,2020-09,2020.0,9.0,month,3.4887952755905514,3.8591377952755908,3.374846456692914,3.1564094488188976,3.5024133858267716,3.169850393700788,3.0647716535433074,602079.77,665991.72,582415.02,544718.19,604429.91,547037.77,528903.78
2251,San Joaquin River,15653424.369168406,8380635300,2020-10,2020.0,10.0,month,2.019177165354331,2.5996220472440945,1.9510866141732286,1.5668779527559054,2.1803700787401574,1.7833307086614174,1.726484251968504,348460.03,448630.46,336709.29,270404.38,376277.94,307758.77,297948.48
2252,San Joaquin River,15653424.369168406,8380635300,2020-11,2020.0,11.0,month,0.9039055118110236,1.2802362204724411,1.0269645669291338,0.8550236220472441,1.4839094488188977,1.0427834645669292,0.7856535433070867,155991.73,220937.1,177228.68,147555.93,256086.06,179958.63,135584.37
2253,San Joaquin River,15653424.369168406,8380635300,2020-12,2020.0,12.0,month,0.7680236220472442,0.7161850393700787,0.7652165354330709,0.5936417322834646,0.9746811023622048,0.9427165354330709,0.5090944881889764,132541.88,123595.82,132057.45,102447.88,168205.85,162689.55,87857.12
2254,San Joaquin River,15653424.369168406,8380635300,2021-00,,,water_year,37.293405511811024,37.98957086614173,36.28768503937008,32.93436614173228,37.99468897637796,37.9147283464567,34.13488188976379,6435919.3,6556060.209999999,6262356.829999999,5683656.9399999995,6556943.48,6543144.27,5890836.26
2255,San Joaquin River,15653424.369168406,8380635300,2021-01,2021.0,1.0,month,0.9277677165354331,1.0634488188976379,1.058003937007874,1.1145,1.5248661417322835,1.0908346456692914,0.7875629921259844,160109.76,183524.96,182585.31,192335.13,263154.18,188251.08,135913.89
2256,San Joaquin River,15653424.369168406,8380635300,2021-02,2021.0,2.0,month,1.5795866141732284,1.430003937007874,1.5840196850393702,1.4836732283464567,2.01798031496063,1.6715551181102364,1.4063740157480316,272597.58,246783.31,273362.62,256045.3,348253.49,288469.07,242705.37
2257,San Joaquin River,15653424.369168406,8380635300,2021-03,2021.0,3.0,month,2.6545314960629924,2.1713622047244097,2.517043307086614,1.9835393700787403,2.909992125984252,2.791527559055118,2.4300354330708664,458106.47,374723.41,434379.41,342309.83,502192.66,481748.61,419364.01
2258,San Joaquin River,15653424.369168406,8380635300,2021-04,2021.0,4.0,month,3.829933070866142,3.2196259842519686,3.654027559055118,3.4543307086614172,4.3329094488188975,3.7212952755905513,3.26842125984252,660951.71,555627.8,630594.77,596132.03,747752.99,642203.51,564048.66
2259,San Joaquin River,15653424.369168406,8380635300,2021-05,2021.0,5.0,month,4.729547244094489,4.5448031496063,4.582003937007874,4.363870078740158,4.661366141732284,4.737889763779528,4.282531496062993,816202.86,784320.6,790740.54,753096.03,804436.49,817642.58,739059.0
2260,San Joaquin River,15653424.369168406,8380635300,2021-06,2021.0,6.0,month,5.585161417322835,5.080062992125985,5.129692913385827,4.692212598425197,4.958094488188976,5.424098425196851,4.93682283464567,963860.71,876693.21,885258.11,809759.83,855644.47,936065.22,851973.5
2261,San Joaquin River,15653424.369168406,8380635300,2021-07,2021.0,7.0,month,5.858244094488189,6.1354448818897644,5.770716535433071,5.38224409448819,5.164767716535434,6.198767716535434,5.903188976377953,1010988.02,1058826.02,995882.93,928842.2,891311.15,1069753.98,1018744.4
2262,San Joaquin River,15653424.369168406,8380635300,2021-08,2021.0,8.0,month,5.212759842519685,5.654283464566929,4.9622598425196855,4.590515748031496,4.581566929133858,5.037685039370079,4.881909448818898,899593.41,975789.46,856363.3,792209.47,790665.12,869379.83,842496.81
2263,San Joaquin River,15653424.369168406,8380635300,2021-09,2021.0,9.0,month,3.224767716535433,4.094492125984252,3.286649606299213,2.853937007874016,3.204185039370079,3.4722440944881887,3.2168031496062994,556515.14,706608.06,567194.42,492518.93,552963.08,599223.44,555140.65
2264,San Joaquin River,15653424.369168406,8380635300,2021-10,2021.0,10.0,month,1.651976377952756,2.0106181102362206,1.9289055118110237,1.7930078740157482,2.288929133858268,2.223696850393701,1.7367362204724412,285090.26,346982.95,332881.38,309428.81,395012.55,383755.07,299717.71
2265,San Joaquin River,15653424.369168406,8380635300,2021-11,2021.0,11.0,month,1.0771062992125984,1.0140551181102364,0.9966141732283466,0.8153464566929135,1.5292874015748033,0.9567874015748031,0.8436181102362206,185881.9,175000.83,171990.95,140708.63,263917.18,165117.84,145587.62
2266,San Joaquin River,15653424.369168406,8380635300,2021-12,2021.0,12.0,month,0.7360393700787402,0.6625866141732284,0.7538858267716536,0.49502755905511814,1.0963031496062994,0.96098031496063,0.5745433070866143,127022.19,114346.06,130102.05,85429.51,189194.81,165841.43,99151.96
2267,San Joaquin River,15653424.369168406,8380635300,2022-00,,,water_year,34.96863385826772,35.73341732283465,35.31675590551181,30.90153937007874,37.37209055118111,38.98468897637796,35.21720078740158,6034721.21,6166703.94,6094798.48,5332841.3,6449498.4,6727793.0,6077617.71
2268,San Joaquin River,15653424.369168406,8380635300,2022-01,2022.0,1.0,month,1.1593976377952757,0.8140275590551183,0.9841535433070866,0.8840748031496064,1.5101732283464568,0.8991181102362205,0.8163818897637796,200083.35,140481.02,169840.56,152569.44,260618.54,155165.55,140887.32
2269,San Joaquin River,15653424.369168406,8380635300,2022-02,2022.0,2.0,month,1.6943740157480316,1.5509251968503939,1.5933070866141732,1.3067795275590552,2.315433070866142,1.5550275590551184,1.4292519685039369,292407.04,267651.33,274965.39,225517.82,399586.47,268359.29,246653.54
2270,San Joaquin River,15653424.369168406,8380635300,2022-03,2022.0,3.0,month,2.698200787401575,2.388472440944882,2.6126338582677167,2.156814960629921,3.089925196850394,2.9785866141732282,2.312492125984252,465642.71,412191.26,450875.98,372212.91,533244.66,514030.37,399078.94
2271,San Joaquin River,15653424.369168406,8380635300,2022-04,2022.0,4.0,month,3.4948031496062995,3.536255905511811,3.5818307086614176,3.2593858267716533,3.8367795275590555,3.948102362204725,3.2943267716535436,603116.58,610270.3,618135.38,562489.37,662133.24,681344.81,568519.31
2272,San Joaquin River,15653424.369168406,8380635300,2022-05,2022.0,5.0,month,4.448425196850394,3.9062992125984253,4.192181102362205,3.714562992125985,3.944610236220473,4.6413031496062995,4.3816259842519685,767688.15,674130.62,723466.76,641041.69,680742.15,800974.12,756160.26
2273,San Joaquin River,15653424.369168406,8380635300,2022-06,2022.0,6.0,month,4.731625984251969,4.502145669291339,4.692153543307087,3.756118110236221,4.3670511811023625,5.476669291338584,5.294106299212599,816561.6,776958.98,809749.64,648213.07,753645.01,945137.65,913631.79
2274,San Joaquin River,15653424.369168406,8380635300,2022-07,2022.0,7.0,month,5.5334015748031495,5.593232283464567,5.559291338582677,5.22192125984252,5.290677165354331,6.08336220472441,5.745807086614174,954928.24,965253.54,959396.17,901174.44,913040.01,1049837.84,991584.17
2275,San Joaquin River,15653424.369168406,8380635300,2022-08,2022.0,8.0,month,4.756173228346457,5.48203937007874,4.965114173228347,4.523590551181102,4.607657480314961,5.426141732283465,5.264885826771654,820797.85,946064.39,856855.89,780659.83,795167.71,936417.84,908589.06
2276,San Joaquin River,15653424.369168406,8380635300,2022-09,2022.0,9.0,month,2.987110236220473,4.272759842519685,3.456685039370079,2.974909448818898,3.4952637795275594,3.834913385826772,3.5234251968503942,515501.34,737372.66,596538.33,513395.78,603196.07,661811.19,608056.03
2277,San Joaquin River,15653424.369168406,8380635300,2022-10,2022.0,10.0,month,1.933712598425197,2.820744094488189,2.160307086614173,1.7703346456692917,2.464023622047244,2.0699094488188976,2.134248031496063,333710.96,486790.66,372815.57,305515.97,425229.53,357215.17,368318.42
2278,San Joaquin River,15653424.369168406,8380635300,2022-11,2022.0,11.0,month,0.9771141732283465,1.088283464566929,1.0615866141732284,0.7345236220472442,1.527551181102362,1.318763779527559,0.8668622047244094,168625.74,187810.81,183203.59,126760.61,263617.55,227586.01,149598.97
2279,San Joaquin River,15653424.369168406,8380635300,2022-12,2022.0,12.0,month,0.6511811023622047,0.45790944881889767,0.6277362204724409,0.38090157480314957,1.066763779527559,0.9603700787401576,0.4295669291338583,112377.75,79023.84,108331.74,65734.19,184097.04,165736.12,74132.63
2280,San Joaquin River,15653424.369168406,8380635300,2023-00,,,water_year,37.01770078740158,32.72961417322835,35.92316141732284,33.78388582677166,41.534633858267725,37.8750748031496,32.64753937007874,6388339.49,5648321.8,6199449.069999999,5830263.029999999,7167850.41,6536301.03,5634157.73
2281,San Joaquin River,15653424.369168406,8380635300,2023-01,2023.0,1.0,month,0.9265000000000001,0.8662440944881891,1.003015748031496,0.7046929133858268,1.247984251968504,1.514744094488189,0.8409448818897638,159890.98,149492.3,173095.71,121612.57,215371.21,261407.36,145126.28
2282,San Joaquin River,15653424.369168406,8380635300,2023-02,2023.0,2.0,month,1.4677952755905512,1.2533267716535432,1.4397952755905512,1.3298818897637796,2.0566338582677166,1.5578464566929133,1.1155511811023624,253305.16,216293.2,248473.05,229504.72,354924.13,268845.76,192516.54
2283,San Joaquin River,15653424.369168406,8380635300,2023-03,2023.0,3.0,month,2.356712598425197,1.5954133858267716,2.4227834645669293,2.6166417322834645,2.931677165354331,2.9993543307086616,1.8440748031496064,406710.3,275328.89,418112.5,451567.64,505934.96,517614.37,318241.7
2284,San Joaquin River,15653424.369168406,8380635300,2023-04,2023.0,4.0,month,4.367803149606299,2.969724409448819,3.8696535433070864,3.9183307086614176,4.882893700787402,3.638996062992126,3.411716535433071,753774.78,512500.97,667806.48,676206.96,842666.67,628000.71,588777.88
2285,San Joaquin River,15653424.369168406,8380635300,2023-05,2023.0,5.0,month,4.7654370078740165,3.384125984251969,4.3581299212598426,4.554507874015748,5.275287401574803,4.3108188976377955,3.542933070866142,822396.55,584016.44,752105.42,785995.4,910384.12,743940.71,611422.61
2286,San Joaquin River,15653424.369168406,8380635300,2023-06,2023.0,6.0,month,5.179228346456694,4.179582677165355,4.734736220472441,4.671724409448819,5.385177165354331,4.694236220472441,4.194740157480315,893806.7,721292.58,817098.35,806224.07,929348.37,810109.05,723908.39
2287,San Joaquin River,15653424.369168406,8380635300,2023-07,2023.0,7.0,month,6.095090551181103,5.339629921259843,5.722708661417323,5.4680984251968505,5.6733503937007885,6.0249370078740165,5.616543307086615,1051861.86,921488.04,987597.96,943658.53,979079.94,1039755.09,969276.44
2288,San Joaquin River,15653424.369168406,8380635300,2023-08,2023.0,8.0,month,5.165,5.202889763779528,5.098858267716536,4.4816299212598425,5.157952755905512,5.3256929133858275,5.215244094488189,891351.24,897890.07,879936.81,773418.47,890135.06,919082.86,900022.13
2289,San Joaquin River,15653424.369168406,8380635300,2023-09,2023.0,9.0,month,3.1321259842519686,3.571740157480315,3.423850393700788,3.1526181102362205,3.865338582677165,3.4594055118110236,3.435114173228347,540527.47,616394.0,590871.89,544063.9,667061.83,597007.82,592815.74
2290,San Joaquin River,15653424.369168406,8380635300,2023-10,2023.0,10.0,month,1.8370590551181103,2.437259842519685,2.050692913385827,1.7168740157480318,2.590216535433071,2.0137637795275594,1.947708661417323,317030.95,420610.76,353898.87,296289.99,447007.3,347525.82,336126.34
2291,San Joaquin River,15653424.369168406,8380635300,2023-11,2023.0,11.0,month,0.9055826771653543,1.4002755905511812,1.1054527559055118,0.6454370078740158,1.6365826771653544,1.2076653543307088,0.9926181102362205,156281.17,241652.93,190773.8,111386.46,282433.69,208413.17,171301.33
2292,San Joaquin River,15653424.369168406,8380635300,2023-12,2023.0,12.0,month,0.6211574803149607,0.8308464566929135,0.720507874015748,0.42249606299212605,1.2644645669291341,0.9370196850393702,0.5444055118110236,107196.42,143383.55,124341.84,72912.37,218215.31,161706.42,93950.92
2293,San Joaquin River,15653424.369168406,8380635300,2024-00,,,water_year,38.25066141732284,35.347295275590554,37.30532283464567,33.11388582677166,41.48600787401575,39.98354330708661,35.176240157480315,6601117.99,6100068.84,6437975.93,5714637.59,7159458.779999999,6900170.54,6070548.91
2294,San Joaquin River,15653424.369168406,8380635300,2024-01,2024.0,1.0,month,0.8475196850393701,0.6662086614173229,0.934996062992126,0.7166574803149607,1.4772047244094488,1.3861456692913388,0.7281968503937009,146260.93,114971.14,161357.19,123677.35,254929.0,239214.45,125668.76
2295,San Joaquin River,15653424.369168406,8380635300,2024-02,2024.0,2.0,month,1.5274133858267718,0.941732283464567,1.5425039370078741,1.2552992125984253,2.1627047244094486,2.017342519685039,1.3165039370078742,263593.77,162519.7,266198.02,216633.59,373229.34,348143.42,227196.01
2296,San Joaquin River,15653424.369168406,8380635300,2024-03,2024.0,3.0,month,2.8193582677165354,2.027720472440945,2.5732913385826772,1.9743543307086615,2.774984251968504,3.0633188976377954,2.467366141732284,486551.5,349934.4,444086.43,340724.72,478893.64,528653.07,425806.36
2297,San Joaquin River,15653424.369168406,8380635300,2024-04,2024.0,4.0,month,4.420027559055118,2.7470314960629927,4.00896062992126,4.21298031496063,4.907307086614174,3.9513149606299214,3.3654133858267716,762787.42,474069.69,691847.44,727056.19,846879.82,681899.22,580787.1
2298,San Joaquin River,15653424.369168406,8380635300,2024-05,2024.0,5.0,month,5.18153937007874,3.7852952755905513,4.949562992125985,5.372346456692914,5.793744094488189,4.916228346456694,4.2131338582677165,894205.52,653248.33,854172.14,927134.11,999856.92,848419.4,727082.69
2299,San Joaquin River,15653424.369168406,8380635300,2024-06,2024.0,6.0,month,5.754799212598425,4.9801771653543305,5.287374015748031,4.945582677165355,5.160507874015748,5.5097283464566935,5.174976377952756,993135.99,859455.39,912469.97,853485.24,890576.01,950842.82,893072.91
2300,San Joaquin River,15653424.369168406,8380635300,2024-07,2024.0,7.0,month,6.155015748031497,6.438787401574803,5.949031496062992,4.95086220472441,5.693688976377953,6.28476377952756,6.045661417322835,1062203.47,1111175.44,1026655.68,854396.35,982589.88,1084594.77,1043331.62
2301,San Joaquin River,15653424.369168406,8380635300,2024-08,2024.0,8.0,month,4.900716535433071,5.122937007874016,4.84392125984252,4.075488188976378,4.660622047244095,5.219692913385827,5.0629881889763775,845742.45,884092.21,835940.99,703328.45,804308.08,900789.88,873746.52
2302,San Joaquin River,15653424.369168406,8380635300,2024-09,2024.0,9.0,month,3.280472440944882,3.969023622047244,3.3390275590551184,2.825507874015748,3.3639803149606298,3.47655905511811,3.3172677165354334,566128.4,684955.3,576233.56,487612.77,580539.79,599968.1,572478.35
2303,San Joaquin River,15653424.369168406,8380635300,2024-10,2024.0,10.0,month,1.910492125984252,2.868948818897638,2.0757716535433075,1.6069409448818899,2.313204724409449,2.048393700787402,2.059535433070866,329703.68,495109.6,358226.84,277318.26,399201.92,353502.08,355424.87
2304,San Joaquin River,15653424.369168406,8380635300,2024-11,2024.0,11.0,month,0.9188622047244095,1.1663582677165354,1.1006417322834645,0.913720472440945,1.493492125984252,1.3251692913385829,0.9196889763779528,158572.89,201284.59,189943.54,157685.55,257739.8,228691.44,158715.57
2305,San Joaquin River,15653424.369168406,8380635300,2024-12,2024.0,12.0,month,0.721492125984252,0.6745944881889764,0.7472795275590551,0.5898346456692913,1.0806496062992126,0.9159685039370079,0.5537047244094488,124511.69,116418.32,128961.96,101790.87,186493.39,158073.51,95555.74
2306,San Joaquin River,15653424.369168406,8380635300,2025-00,,,water_year,37.58220078740158,35.82894488188976,37.15196850393701,34.61928740157481,40.85714566929135,39.16028346456694,34.66165354330709,6485758.22,6183189.62,6411510.77,5974432.66,7050932.71,6758096.26,5981744.01
2307,San Joaquin River,15653424.369168406,8380635300,2025-01,2025.0,1.0,month,1.0806535433070867,1.0638267716535434,1.0764173228346459,0.6922047244094489,1.1863937007874017,1.353433070866142,0.9882125984251969,186494.07,183590.19,185763.0,119457.41,204742.21,233569.07,170541.05
2308,San Joaquin River,15653424.369168406,8380635300,2025-02,2025.0,2.0,month,1.4733425196850394,1.386732283464567,1.575192913385827,1.2561889763779528,2.1693346456692915,1.985909448818898,1.3301614173228347,254262.47,239315.69,271839.33,216787.14,374373.5,342718.85,229552.96
2309,San Joaquin River,15653424.369168406,8380635300,2025-03,2025.0,3.0,month,2.8257795275590554,2.0938503937007873,2.678145669291339,2.4538385826771654,3.2415551181102362,3.0264763779527564,2.284425196850394,487659.65,361346.78,462181.7,423471.84,559412.23,522294.96,394235.28
2310,San Joaquin River,15653424.369168406,8380635300,2025-04,2025.0,4.0,month,3.9024645669291345,3.006511811023622,3.77501968503937,4.153405511811024,4.612669291338583,3.6218503937007878,3.264562992125984,673468.85,518849.57,651475.02,716775.05,796032.62,625041.79,563382.82
2311,San Joaquin River,15653424.369168406,8380635300,2025-05,2025.0,5.0,month,4.986094488188977,4.016885826771653,4.709775590551181,4.578354330708661,5.158291338582678,4.740413385826772,4.391283464566929,860476.57,693215.13,812790.77,790110.71,890193.49,818078.09,757826.9
2312,San Joaquin River,15653424.369168406,8380635300,2025-06,2025.0,6.0,month,5.589437007874016,4.744267716535433,5.2024055118110235,4.822519685039371,5.252590551181102,5.441614173228348,5.080917322834646,964598.57,818743.25,897806.5,832247.61,906467.2,939088.0,876840.65
2313,San Joaquin River,15653424.369168406,8380635300,2025-07,2025.0,7.0,month,5.962803149606299,5.278996062992126,5.626874015748031,5.629594488188977,5.759185039370079,5.7539448818897645,5.269181102362205,1029032.33,911024.14,971059.27,971528.75,993892.88,992988.56,909330.32
2314,San Joaquin River,15653424.369168406,8380635300,2025-08,2025.0,8.0,month,5.228149606299213,5.515216535433071,5.179267716535434,4.826051181102362,5.053913385826773,5.357763779527559,5.172507874015748,902249.3,951789.95,893813.49,832857.06,872180.44,924617.5,892646.91
2315,San Joaquin River,15653424.369168406,8380635300,2025-09,2025.0,9.0,month,2.9826299212598424,4.012755905511812,3.405177165354331,3.0966338582677166,3.535866141732284,3.5893464566929136,3.347472440944882,514728.15,692502.41,587649.35,534402.41,610203.03,619432.41,577690.94
2316,San Joaquin River,15653424.369168406,8380635300,2025-10,2025.0,10.0,month,1.8508503937007876,2.1171259842519685,2.0116141732283466,1.707972440944882,2.6678188976377957,2.191149606299213,1.8725472440944884,319411.0,365363.58,347154.85,294753.79,460399.55,378138.22,323155.33
2317,San Joaquin River,15653424.369168406,8380635300,2025-11,2025.0,11.0,month,1.139208661417323,1.0246181102362206,1.0343818897637795,0.7949566929133859,1.306437007874016,1.226492125984252,0.8695905511811024,196599.24,176823.74,178508.73,137189.86,225458.71,211662.2,150069.82
2318,San Joaquin River,15653424.369168406,8380635300,2025-12,2025.0,12.0,month,0.9168385826771654,0.46781889763779533,0.7195196850393701,0.485507874015748,1.0167992125984253,0.7737874015748032,0.6521141732283465,158223.66,80733.97,124171.3,83786.65,175474.39,133536.57,112538.78
2319,San Joaquin River,15653424.369168406,8380635300,2026-00,,,water_year,,,,,,,,,,,,,,
2320,South Coast,4366.539287592107,847669500,2003-10,2003.0,10.0,month,1.9684488188976381,2.4808818897637797,2.140055118110236,2.395224409448819,2.2341929133858267,1.8412047244094487,1.8626771653543308,34359.93,43304.62,37355.38,41809.44,38998.58,32138.84,32513.65
2321,South Coast,4366.539287592107,847669500,2003-11,2003.0,11.0,month,0.9228858267716535,1.31698031496063,1.2878661417322834,0.8885000000000001,1.5875629921259844,1.7469173228346457,1.3917559055118112,16109.28,22988.33,22480.13,15509.06,27711.44,30493.03,24293.56
2322,South Coast,4366.539287592107,847669500,2003-12,2003.0,12.0,month,0.5882047244094488,1.3448110236220474,1.0985826771653544,0.8892007874015748,1.3408622047244094,1.4146102362204724,1.1814094488188978,10267.31,23474.13,19176.13,15521.3,23405.2,24692.49,20621.9
2323,South Coast,4366.539287592107,847669500,2004-00,,,water_year,28.79507086614173,33.484566929133855,29.70287795275591,34.94058661417323,28.682759842519687,27.405496062992125,24.18926377952756,502627.57,584484.2999999999,518473.67000000004,609899.6099999999,500667.1499999999,478372.0900000001,422231.67999999993
2324,South Coast,4366.539287592107,847669500,2004-01,2004.0,1.0,month,0.8825118110236221,1.3138149606299212,1.200263779527559,0.8423346456692914,1.370716535433071,1.526751968503937,1.4132755905511811,15404.54,22933.08,20951.01,14703.23,23926.31,26649.97,24669.2
2325,South Coast,4366.539287592107,847669500,2004-02,2004.0,2.0,month,1.296964566929134,1.7737834645669293,1.5503070866141733,1.2504015748031496,1.6218464566929134,2.2223543307086615,1.589503937007874,22638.95,30961.98,27061.13,21826.18,28309.87,38791.94,27745.32
2326,South Coast,4366.539287592107,847669500,2004-03,2004.0,3.0,month,2.808803149606299,3.0010551181102363,2.860145669291339,2.9291062992125982,2.7772716535433073,2.938165354330709,2.5695393700787403,49028.6,52384.42,49924.8,51128.53,48478.2,51286.66,44852.17
2327,South Coast,4366.539287592107,847669500,2004-04,2004.0,4.0,month,2.931952755905512,2.84107874015748,2.9222992125984253,3.6205472440944884,2.847661417322835,2.878531496062992,2.3750314960629924,51178.21,49591.98,51009.71,63197.86,49706.88,50245.73,41456.97
2328,South Coast,4366.539287592107,847669500,2004-05,2004.0,5.0,month,3.5327244094488193,3.5393346456692916,3.3920275590551183,4.589925196850394,3.2421377952755908,2.798464566929134,2.4984370078740157,61664.88,61780.27,59208.97,80118.68,56592.6,48848.13,43611.05
2329,South Coast,4366.539287592107,847669500,2004-06,2004.0,6.0,month,4.038299212598425,3.9018818897637795,3.5018464566929137,4.726933070866142,3.03740157480315,2.407925196850394,2.1918818897637795,70489.86,68108.65,61125.9,82510.2,53018.86,42031.14,38260.03
2330,South Coast,4366.539287592107,847669500,2004-07,2004.0,7.0,month,3.874464566929134,4.542106299212599,3.7042716535433073,5.033972440944882,3.2233543307086614,2.825716535433071,2.6125551181102367,67630.07,79283.98,64659.3,87869.67,56264.73,49323.83,45603.02
2331,South Coast,4366.539287592107,847669500,2004-08,2004.0,8.0,month,3.6310000000000002,4.0160787401574805,3.4559291338582683,4.595208661417323,3.08388188976378,2.5219370078740155,2.3286417322834647,63380.32,70102.0,60324.4,80210.9,53830.19,44021.25,40647.22
2332,South Coast,4366.539287592107,847669500,2004-09,2004.0,9.0,month,2.318811023622047,3.4127598425196854,2.589283464566929,3.179232283464567,2.3158700787401574,2.282917322834646,2.1745551181102365,40475.62,59570.86,45196.81,55494.56,40424.29,39849.08,37957.59
2333,South Coast,4366.539287592107,847669500,2004-10,2004.0,10.0,month,1.5933346456692914,2.182507874015748,1.9291062992125985,2.0965708661417324,2.069043307086614,2.1364330708661416,1.4975196850393702,27812.19,38096.4,33673.19,36596.34,36115.84,37292.15,26139.71
2334,South Coast,4366.539287592107,847669500,2004-11,2004.0,11.0,month,1.0996968503937008,1.7523385826771654,1.539484251968504,1.19398031496063,1.7897874015748032,1.7106417322834646,1.6618503937007874,19195.58,30587.66,26872.21,20841.33,31241.34,29859.82,29008.15
2335,South Coast,4366.539287592107,847669500,2004-12,2004.0,12.0,month,0.8133070866141733,1.5551929133858269,1.4329212598425198,1.259271653543307,1.4933622047244095,1.7813267716535435,1.6828149606299212,14196.55,27146.41,25012.12,21981.01,26067.14,31093.65,29374.1
2336,South Coast,4366.539287592107,847669500,2005-00,,,water_year,30.947496062992123,33.83249606299213,32.17605511811024,38.11236614173229,33.15990157480316,29.912232283464572,25.184866141732286,540198.87,590557.5200000001,561643.78,665264.08,578817.1599999999,522127.99,439610.25
2337,South Coast,4366.539287592107,847669500,2005-01,2005.0,1.0,month,1.0544055118110236,1.1883661417322835,1.3539212598425199,1.138964566929134,1.4408110236220475,1.9853031496062992,1.5711299212598426,18405.0,20743.33,23633.15,19881.01,25149.84,34654.13,27424.6
2338,South Coast,4366.539287592107,847669500,2005-02,2005.0,2.0,month,1.3603425196850396,1.5447795275590552,1.6139330708661417,1.2328582677165354,2.0060472440944883,2.1595944881889766,1.591787401574803,23745.23,26964.64,28171.74,21519.95,35016.22,37696.44,27785.18
2339,South Coast,4366.539287592107,847669500,2005-03,2005.0,3.0,month,2.524464566929134,2.718507874015748,2.8249803149606296,3.009090551181102,3.3443267716535434,2.991456692913386,2.3158425196850394,44065.37,47452.46,49310.97,52524.68,58376.34,52216.88,40423.8
2340,South Coast,4366.539287592107,847669500,2005-04,2005.0,4.0,month,3.4023779527559057,3.0580551181102362,3.292885826771654,4.04238188976378,3.4385433070866145,3.069212598425197,2.4460433070866143,59389.64,53379.37,57478.42,70561.13,60020.92,53574.13,42696.5
2341,South Coast,4366.539287592107,847669500,2005-05,2005.0,5.0,month,4.223905511811024,3.9133228346456694,4.031574803149606,5.145114173228347,4.407129921259843,3.1600590551181105,2.5892795275590554,73729.68,68308.36,70372.48,89809.69,76927.92,55159.89,45196.74
2342,South Coast,4366.539287592107,847669500,2005-06,2005.0,6.0,month,3.998653543307087,4.013724409448819,3.7042322834645676,5.202968503937008,3.4686771653543307,2.7041811023622047,2.451759842519685,69797.83,70060.9,64658.61,90819.55,60546.92,47202.38,42796.29
2343,South Coast,4366.539287592107,847669500,2005-07,2005.0,7.0,month,4.579937007874016,4.75572440944882,4.243775590551182,5.931161417322835,3.823870078740158,3.133437007874016,2.749027559055118,79944.33,83012.76,74076.52,103530.4,66746.93,54695.19,47985.19
2344,South Coast,4366.539287592107,847669500,2005-08,2005.0,8.0,month,3.9253740157480315,4.254318897637796,3.697968503937008,5.031074803149607,3.3672834645669294,2.8283110236220477,2.5470905511811024,68518.71,74260.56,64549.28,87819.09,58777.06,49369.11,44460.32
2345,South Coast,4366.539287592107,847669500,2005-09,2005.0,9.0,month,2.371696850393701,2.895657480314961,2.5112716535433073,2.8289291338582676,2.5110196850393702,2.2522755905511813,2.080720472440945,41398.76,50544.67,43835.09,49379.9,43830.69,39314.22,36319.67
2346,South Coast,4366.539287592107,847669500,2005-10,2005.0,10.0,month,1.8025,1.9971377952755907,1.7633897637795277,1.5580196850393702,1.6174881889763781,2.0566220472440944,1.725232283464567,31463.24,34860.71,30780.56,27195.75,28233.8,35899.02,30114.51
2347,South Coast,4366.539287592107,847669500,2005-11,2005.0,11.0,month,0.9583307086614173,1.6405314960629922,1.3970590551181103,1.0005393700787402,1.5192677165354331,1.628964566929134,1.6145984251968506,16727.98,28636.03,24386.13,17464.75,26519.33,28434.12,28183.35
2348,South Coast,4366.539287592107,847669500,2005-12,2005.0,12.0,month,0.5945472440944882,1.2931220472440945,1.1756614173228346,1.0511811023622049,1.6930708661417322,1.1978070866141732,1.1297677165354332,10378.02,22571.88,20521.56,18348.72,29553.12,20908.12,19720.47
2349,South Coast,4366.539287592107,847669500,2006-00,,,water_year,28.829114173228348,33.119582677165354,30.63893307086614,36.45460629921261,31.38127952755906,28.447338582677165,23.80014566929134,503221.82,578113.38,534812.8099999999,636327.3099999999,547770.73,496557.7800000001,415439.50000000006
2350,South Coast,4366.539287592107,847669500,2006-01,2006.0,1.0,month,0.7914251968503937,1.7085393700787403,1.4315472440944883,1.0515590551181102,1.9429015748031497,1.6701299212598426,1.3923582677165356,13814.59,29823.13,24988.14,18355.31,33914.0,29152.68,24304.08
2351,South Coast,4366.539287592107,847669500,2006-02,2006.0,2.0,month,1.2043267716535433,1.7158779527559056,1.7245275590551181,1.9363149606299215,2.0312716535433073,1.8070236220472442,1.5723149606299214,21021.93,29951.22,30102.2,33799.02,35456.53,31542.2,27445.28
2352,South Coast,4366.539287592107,847669500,2006-03,2006.0,3.0,month,2.1183070866141733,2.082755905511811,2.233787401574803,2.2530157480314963,2.4345511811023623,2.8665669291338585,1.7108779527559055,36975.76,36355.2,38991.51,39327.14,42495.9,50036.88,29863.95
2353,South Coast,4366.539287592107,847669500,2006-04,2006.0,4.0,month,2.9451062992125987,2.8252637795275595,3.0363307086614175,3.519204724409449,3.4402874015748037,3.0754724409448824,2.216929133858268,51407.81,49315.92,53000.17,61428.89,60051.37,53683.4,38697.24
2354,South Coast,4366.539287592107,847669500,2006-05,2006.0,5.0,month,4.145653543307087,3.89092125984252,3.782216535433071,5.047350393700787,3.625897637795276,3.0701574803149607,2.3816456692913386,72363.77,67917.33,66019.85,88103.19,63291.25,53590.62,41572.42
2355,South Coast,4366.539287592107,847669500,2006-06,2006.0,6.0,month,4.006653543307087,4.237484251968504,3.7508267716535437,5.103716535433071,3.361248031496063,2.860216535433071,2.5792755905511813,69937.48,73966.7,65471.93,89087.08,58671.71,49926.03,45022.12
2356,South Coast,4366.539287592107,847669500,2006-07,2006.0,7.0,month,4.200606299212599,4.419090551181102,3.983283464566929,5.495334645669292,3.5475826771653542,3.204027559055118,2.816661417322835,73322.99,77136.7,69529.54,95922.9,61924.24,55927.37,49165.77
2357,South Coast,4366.539287592107,847669500,2006-08,2006.0,8.0,month,3.5248779527559053,4.103318897637796,3.5618582677165356,4.901177165354331,3.3248307086614175,2.751803149606299,2.528433070866142,61527.92,71624.8,62173.43,85551.68,58036.03,48033.64,44134.64
2358,South Coast,4366.539287592107,847669500,2006-09,2006.0,9.0,month,2.5367795275590552,3.20553937007874,2.798444881889764,3.537192913385827,2.8428818897637793,2.2585472440944883,2.132051181102362,44280.33,55953.76,48847.79,61742.88,49623.45,39423.7,37215.67
2359,South Coast,4366.539287592107,847669500,2006-10,2006.0,10.0,month,1.4975590551181102,2.22053937007874,1.9921732283464568,2.324732283464567,2.367295275590551,1.7238700787401575,1.6158661417322835,26140.39,38760.26,34774.05,40578.98,41321.93,30090.73,28205.48
2360,South Coast,4366.539287592107,847669500,2006-11,2006.0,11.0,month,0.8599842519685039,1.6286535433070868,1.4043700787401576,1.296933070866142,1.6725433070866143,1.3711181102362204,1.3879842519685042,15011.31,28428.69,24513.75,22638.4,29194.8,23933.32,24227.73
2361,South Coast,4366.539287592107,847669500,2006-12,2006.0,12.0,month,0.5056692913385826,1.1922086614173228,1.0644251968503937,0.5026496062992126,1.3426062992125987,1.64446062992126,1.3355590551181105,8826.63,20810.4,18579.9,8773.92,23435.64,28704.61,23312.63
2362,South Coast,4366.539287592107,847669500,2007-00,,,water_year,25.791267716535433,31.28479527559055,27.810503937007876,33.70060236220473,27.570913385826774,25.516031496062997,22.387157480314965,450195.19,546086.55,485441.64,588255.27,481259.49000000005,445390.83999999997,390775.30999999994
2363,South Coast,4366.539287592107,847669500,2007-01,2007.0,1.0,month,0.6380354330708662,1.4148425196850394,1.0595314960629922,0.7545748031496063,1.0373740157480316,1.4408622047244097,1.4358740157480316,11137.12,24696.55,18494.48,13171.36,18107.71,25150.73,25063.66
2364,South Coast,4366.539287592107,847669500,2007-02,2007.0,2.0,month,1.1145,1.5002598425196851,1.3831692913385827,1.2203818897637795,1.4950196850393702,1.8587401574803153,1.284224409448819,19453.97,26187.54,24143.68,21302.17,26096.07,32444.93,22416.57
2365,South Coast,4366.539287592107,847669500,2007-03,2007.0,3.0,month,2.0753228346456694,2.675444881889764,2.3756614173228345,2.814488188976378,2.3621181102362203,2.2364094488188977,2.078433070866142,36225.45,46700.78,41467.96,49127.83,41231.56,39037.27,36279.74
2366,South Coast,4366.539287592107,847669500,2007-04,2007.0,4.0,month,2.6585157480314963,2.6563385826771655,2.606779527559055,3.6644724409448823,2.4896220472440946,2.462307086614173,1.8749370078740157,46405.28,46367.28,45502.21,63964.59,43457.18,42980.39,32727.65
2367,South Coast,4366.539287592107,847669500,2007-05,2007.0,5.0,month,3.285181102362205,3.347456692913386,3.1446338582677167,4.480976377952756,3.071374015748032,2.4630866141732284,2.1989291338582677,57343.93,58430.97,54890.63,78216.94,53611.86,42994.0,38383.04
2368,South Coast,4366.539287592107,847669500,2007-06,2007.0,6.0,month,3.541685039370079,3.8231377952755907,3.3897834645669294,4.705811023622048,2.9705511811023624,2.631665354330709,2.430141732283465,61821.3,66734.15,59169.8,82141.5,51851.96,45936.6,42418.94
2369,South Coast,4366.539287592107,847669500,2007-07,2007.0,7.0,month,3.7438700787401578,4.25144094488189,3.6623267716535435,5.132622047244094,3.4376968503937007,2.7753425196850396,2.4795669291338585,65350.5,74210.32,63927.14,89591.63,60006.15,48444.53,43281.67
2370,South Coast,4366.539287592107,847669500,2007-08,2007.0,8.0,month,3.478295275590551,3.6688385826771657,3.2611456692913388,3.8300078740157484,3.0142913385826775,2.608547244094488,2.3780826771653545,60714.81,64040.8,56924.39,66854.07,52615.46,45533.06,41510.23
2371,South Coast,4366.539287592107,847669500,2007-09,2007.0,9.0,month,2.3926496062992126,2.905633858267717,2.4665039370078743,2.9729527559055122,2.31042125984252,2.2996220472440947,1.8875590551181105,41764.5,50718.81,43053.65,51893.88,40329.17,40140.67,32947.97
2372,South Coast,4366.539287592107,847669500,2007-10,2007.0,10.0,month,1.6133582677165357,2.0970944881889766,1.972972440944882,2.1954094488188978,2.048527559055118,1.9319173228346458,1.9812401574803151,28161.71,36605.48,34438.89,38321.61,35757.73,33722.26,34583.21
2373,South Coast,4366.539287592107,847669500,2007-11,2007.0,11.0,month,0.9269291338582678,1.3201338582677165,1.3524173228346457,1.428527559055118,1.6168779527559056,1.457232283464567,1.236437007874016,16179.86,23043.38,23606.9,24935.43,28223.14,25436.48,21582.42
2374,South Coast,4366.539287592107,847669500,2007-12,2007.0,12.0,month,0.620728346456693,1.0066850393700788,1.0830748031496065,0.9032204724409449,1.2897795275590551,1.6995118110236223,1.2272086614173228,10835.02,17572.02,18905.43,15766.01,22513.53,29665.55,21421.34
2375,South Coast,4366.539287592107,847669500,2008-00,,,water_year,27.313200787401577,32.12890551181103,29.938547244094494,37.96772440944882,29.451842519685044,28.409035433070866,24.684622047244098,476761.04,560820.77,522587.34,662739.3099999999,514091.73,495889.21,430878.34
2376,South Coast,4366.539287592107,847669500,2008-01,2008.0,1.0,month,0.799740157480315,1.189023622047244,1.191220472440945,1.0826181102362205,1.1965236220472442,1.807964566929134,1.3911456692913386,13959.73,20754.8,20793.15,18897.46,20885.72,31558.63,24282.91
2377,South Coast,4366.539287592107,847669500,2008-02,2008.0,2.0,month,1.5147716535433071,1.7236377952755906,1.8045787401574804,1.9410275590551183,1.8163385826771654,2.293535433070866,1.6873976377952757,26440.85,30086.67,31499.52,33881.28,31704.8,40034.43,29454.09
2378,South Coast,4366.539287592107,847669500,2008-03,2008.0,3.0,month,2.5150629921259844,2.9656141732283468,2.978744094488189,3.4027519685039374,3.0985,2.9196377952755905,2.652090551181103,43901.26,51765.79,51994.97,59396.17,54085.35,50963.25,46293.13
2379,South Coast,4366.539287592107,847669500,2008-04,2008.0,4.0,month,2.7465,3.0761456692913387,3.063653543307087,4.039937007874016,3.0197047244094493,2.8981220472440947,2.5682125984251973,47941.07,53695.15,53477.1,70518.45,52709.95,50587.69,44829.01
2380,South Coast,4366.539287592107,847669500,2008-05,2008.0,5.0,month,3.299224409448819,2.8233661417322833,2.9692755905511814,3.6448582677165358,2.861700787401575,2.7017795275590557,2.273759842519685,57589.06,49282.8,51829.7,63622.22,49951.94,47160.46,39689.24
2381,South Coast,4366.539287592107,847669500,2008-06,2008.0,6.0,month,3.6398385826771653,4.01576377952756,3.570582677165355,5.417503937007875,3.2416535433070868,2.921299212598425,2.5630472440944883,63534.6,70096.5,62325.71,94564.34,56584.15,50992.25,44738.85
2382,South Coast,4366.539287592107,847669500,2008-07,2008.0,7.0,month,3.888464566929134,4.5468307086614175,3.8694055118110238,5.752200787401574,3.4428031496062994,2.9423070866141736,2.6421062992125983,67874.45,79366.45,67541.77,100406.59,60095.28,51358.95,46118.85
2383,South Coast,4366.539287592107,847669500,2008-08,2008.0,8.0,month,3.391157480314961,4.150748031496064,3.4448149606299214,4.953232283464567,3.1773740157480312,2.650637795275591,2.4574133858267717,59193.79,72452.69,60130.4,86460.32,55462.12,46267.77,42894.97
2384,South Coast,4366.539287592107,847669500,2008-09,2008.0,9.0,month,2.357425196850394,3.213862204724409,2.637807086614173,3.206437007874016,2.6420590551181102,2.1850905511811023,2.0045629921259844,41149.64,56099.04,46043.8,55969.43,46118.02,38141.49,34990.32
2385,South Coast,4366.539287592107,847669500,2008-10,2008.0,10.0,month,1.302948818897638,2.11840157480315,1.8198582677165356,1.6981929133858267,1.789996062992126,2.0051417322834646,2.0005629921259844,22743.41,36977.41,31766.23,29642.52,31244.98,35000.42,34920.5
2386,South Coast,4366.539287592107,847669500,2008-11,2008.0,11.0,month,0.9015669291338583,1.397476377952756,1.2003937007874015,0.7356456692913387,1.2002992125984253,1.8064803149606299,1.5164055118110238,15737.15,24393.42,20953.27,12840.94,20951.62,31532.72,26469.36
2387,South Coast,4366.539287592107,847669500,2008-12,2008.0,12.0,month,0.6975905511811025,0.8950157480314961,1.0084173228346458,0.7554015748031496,1.1722519685039372,1.560169291338583,1.2488267716535433,12176.68,15622.8,17602.26,13185.79,20462.05,27233.28,21798.69
2388,South Coast,4366.539287592107,847669500,2009-00,,,water_year,25.616066929133858,32.381547244094484,29.13802755905512,34.676889763779535,29.46668503937008,30.453665354330713,25.16408661417323,447137.01,565230.72,508614.00999999995,605296.69,514350.82999999996,531578.8999999999,439247.52999999997
2389,South Coast,4366.539287592107,847669500,2009-01,2009.0,1.0,month,0.8231732283464568,1.5184527559055119,1.4258897637795276,0.9023779527559056,1.4381614173228348,2.0583228346456695,2.000834645669291,14368.76,26505.1,24889.38,15751.31,25103.59,35928.71,34925.24
2390,South Coast,4366.539287592107,847669500,2009-02,2009.0,2.0,month,1.1756299212598427,1.5555,1.5875118110236222,1.3123661417322836,1.6802204724409449,2.211236220472441,1.649220472440945,20521.01,27151.77,27710.55,22907.79,29328.81,38597.87,28787.69
2391,South Coast,4366.539287592107,847669500,2009-03,2009.0,3.0,month,2.406956692913386,2.5766062992125986,2.6561259842519687,2.3444645669291337,3.0098700787401578,2.824641732283465,2.5189251968503936,42014.23,44975.52,46363.57,40923.41,52538.29,49305.06,43968.68
2392,South Coast,4366.539287592107,847669500,2009-04,2009.0,4.0,month,2.7403267716535433,3.2133031496062996,3.12488188976378,4.032196850393701,3.397248031496063,2.970688976377953,2.429775590551181,47833.32,56089.28,54545.86,70383.34,59300.1,51854.37,42412.54
2393,South Coast,4366.539287592107,847669500,2009-05,2009.0,5.0,month,3.541736220472441,3.9755354330708665,3.445665354330709,5.083905511811024,3.4964606299212604,2.933472440944882,2.2798307086614176,61822.19,69394.3,60145.24,88741.27,61031.89,51204.74,39795.21
2394,South Coast,4366.539287592107,847669500,2009-06,2009.0,6.0,month,3.250153543307087,3.7067283464566927,3.1772047244094486,4.468751968503937,3.002736220472441,2.851685039370079,2.163429133858268,56732.52,64702.18,55459.17,78003.56,52413.76,49777.11,37763.38
2395,South Coast,4366.539287592107,847669500,2009-07,2009.0,7.0,month,3.6955275590551184,4.580574803149607,3.8234448818897637,5.466787401574804,3.5361062992125984,3.453259842519685,2.7192401574803156,64506.67,79955.46,66739.51,95424.6,61723.92,60277.8,47465.24
2396,South Coast,4366.539287592107,847669500,2009-08,2009.0,8.0,month,2.9046220472440947,3.8795748031496067,3.3209645669291343,4.6444881889763785,3.323724409448819,3.096448818897638,2.5192992125984253,50701.15,67719.27,57968.55,81071.09,58016.72,54049.55,43975.21
2397,South Coast,4366.539287592107,847669500,2009-09,2009.0,9.0,month,2.1758346456692914,2.9643779527559055,2.547669291338583,3.2323110236220476,2.4196102362204726,2.6821181102362206,2.117736220472441,37979.92,51744.21,44470.42,56421.07,42235.1,46817.27,36965.79
2398,South Coast,4366.539287592107,847669500,2009-10,2009.0,10.0,month,1.448976377952756,2.103673228346457,1.8366062992125984,1.8030748031496062,1.7644133858267717,2.148653543307087,1.7597716535433072,25292.37,36720.32,32058.58,31473.27,30798.42,37505.47,30717.4
2399,South Coast,4366.539287592107,847669500,2009-11,2009.0,11.0,month,0.7737559055118112,1.6323740157480315,1.3360708661417324,1.01948031496063,1.4128346456692915,1.6394094488188977,1.4636102362204726,13506.17,28493.63,23321.56,17795.37,24661.5,28616.44,25547.81
2400,South Coast,4366.539287592107,847669500,2009-12,2009.0,12.0,month,0.5477125984251968,1.0893070866141732,1.080976377952756,0.7403543307086614,1.366224409448819,1.598255905511811,1.1491141732283465,9560.51,19014.22,18868.8,12923.13,23847.9,27898.09,20058.17
2401,South Coast,4366.539287592107,847669500,2010-00,,,water_year,27.826952755905516,32.652685039370084,30.496519685039374,36.65105118110237,30.86695669291339,31.009570866141733,25.054133858267722,485728.75000000006,569963.52,532326.95,639756.35,538793.0299999999,541282.42,437328.2800000001
2402,South Coast,4366.539287592107,847669500,2010-01,2010.0,1.0,month,0.8458543307086615,1.2073149606299214,1.5140826771653546,1.4964133858267716,1.7810984251968505,1.8054606299212599,1.4818622047244094,14764.67,21074.09,26428.82,26120.4,31089.67,31514.92,25866.4
2403,South Coast,4366.539287592107,847669500,2010-02,2010.0,2.0,month,1.464728346456693,1.4372007874015749,1.7222952755905512,1.5041732283464568,1.8268110236220474,2.2228188976377954,1.740287401574803,25567.32,25086.82,30063.24,26255.85,31887.6,38800.05,30377.3
2404,South Coast,4366.539287592107,847669500,2010-03,2010.0,3.0,month,2.569933070866142,2.546728346456693,2.719755905511811,2.2401023622047247,2.9137598425196853,3.007464566929134,2.7346023622047246,44859.04,44453.99,47474.25,39101.73,50860.65,52496.3,47733.4
2405,South Coast,4366.539287592107,847669500,2010-04,2010.0,4.0,month,3.195515748031496,3.264826771653543,3.4123070866141734,4.116700787401575,3.7073700787401576,3.4886338582677165,2.4796811023622047,55778.79,56988.64,59562.96,71858.39,64713.38,60895.27,43283.66
2406,South Coast,4366.539287592107,847669500,2010-05,2010.0,5.0,month,3.6655236220472442,3.790755905511811,3.6238818897637795,4.946834645669292,3.630649606299213,3.308011811023622,2.659645669291339,63982.94,66168.91,63256.07,86348.65,63374.2,57742.45,46425.0
2407,South Coast,4366.539287592107,847669500,2010-06,2010.0,6.0,month,3.8468346456692912,4.116751968503937,3.592968503937008,5.18705905511811,3.44536220472441,3.0680039370078744,2.4774606299212603,67147.78,71859.28,62716.47,90541.85,60139.95,53553.03,43244.9
2408,South Coast,4366.539287592107,847669500,2010-07,2010.0,7.0,month,4.076366141732284,4.301082677165355,3.739448818897638,5.38098031496063,3.434574803149607,3.1378385826771655,2.50138188976378,71154.33,75076.83,65273.33,93926.81,59951.65,54772.02,43662.46
2409,South Coast,4366.539287592107,847669500,2010-08,2010.0,8.0,month,3.2365039370078743,4.195271653543307,3.3952244094488186,4.88807874015748,3.0949409448818903,3.0629842519685044,2.579370078740158,56494.26,73229.87,59264.78,85323.05,54023.23,53465.41,45023.77
2410,South Coast,4366.539287592107,847669500,2010-09,2010.0,9.0,month,2.155248031496063,2.9673976377952758,2.5229015748031496,3.3277992125984253,2.488917322834646,2.5220354330708665,2.0273464566929134,37620.57,51796.92,44038.09,58087.85,43444.88,44022.97,35388.01
2411,South Coast,4366.539287592107,847669500,2010-10,2010.0,10.0,month,1.3556220472440945,2.019700787401575,1.758933070866142,1.6032874015748033,1.6838385826771656,2.4230905511811027,1.6474330708661418,23662.84,35254.55,30702.76,27985.92,29391.96,42295.85,28756.49
2412,South Coast,4366.539287592107,847669500,2010-11,2010.0,11.0,month,0.859476377952756,1.795964566929134,1.5166811023622047,1.0127322834645671,1.6569448818897639,1.96896062992126,1.6959842519685042,15002.45,31349.16,26474.18,17677.58,28922.53,34368.87,29603.97
2413,South Coast,4366.539287592107,847669500,2010-12,2010.0,12.0,month,0.5836732283464567,1.0283897637795276,1.1541456692913388,0.8510511811023623,1.5806653543307088,1.5668818897637795,1.1583070866141734,10188.21,17950.89,20146.0,14855.38,27591.04,27350.45,20218.64
2414,South Coast,4366.539287592107,847669500,2011-00,,,water_year,26.771992125984255,32.07488188976378,30.4447125984252,36.77758661417323,31.654389763779534,31.696633858267717,25.786582677165356,467314.07999999996,559877.7699999999,531422.63,641965.05,552537.9299999999,553275.3500000001,450113.4
2415,South Coast,4366.539287592107,847669500,2011-01,2011.0,1.0,month,0.965496062992126,1.369917322834646,1.4936850393700787,1.1318503937007873,1.6126102362204724,1.93592125984252,1.8438543307086614,16853.06,23912.36,26072.77,19756.83,28148.65,33792.15,32185.09
2416,South Coast,4366.539287592107,847669500,2011-02,2011.0,2.0,month,1.4481456692913386,1.5519251968503938,1.6900590551181105,1.5138700787401576,1.736448818897638,2.127736220472441,1.7153661417322836,25277.87,27089.37,29500.55,26425.11,30310.29,37140.35,29942.29
2417,South Coast,4366.539287592107,847669500,2011-03,2011.0,3.0,month,2.347488188976378,2.6461062992125988,2.7708464566929134,2.9353740157480313,3.275263779527559,2.9360748031496064,2.314433070866142,40976.19,46188.67,48366.05,51237.93,57170.82,51250.17,40399.2
2418,South Coast,4366.539287592107,847669500,2011-04,2011.0,4.0,month,2.940279527559055,2.949484251968504,3.0670433070866143,3.5711299212598426,3.05703937007874,3.0830236220472447,2.758952755905512,51323.56,51484.23,53536.27,62335.27,53361.64,53815.21,48158.44
2419,South Coast,4366.539287592107,847669500,2011-05,2011.0,5.0,month,3.3702440944881893,3.4715433070866144,3.495716535433071,4.85134251968504,3.56055905511811,3.5085669291338584,2.7182952755905516,58828.74,60596.95,61018.9,84681.8,62150.75,61243.21,47448.75
2420,South Coast,4366.539287592107,847669500,2011-06,2011.0,6.0,month,3.8357952755905513,3.9559842519685042,3.567287401574803,5.204173228346457,3.3931023622047243,3.029562992125985,2.5098897637795274,66955.09,69053.03,62268.19,90840.58,59227.73,52882.03,43810.96
2421,South Coast,4366.539287592107,847669500,2011-07,2011.0,7.0,month,3.584948818897638,4.186771653543307,3.7635157480314962,5.481413385826772,3.7725354330708663,3.3919566929133858,2.762287401574803,62576.48,73081.5,65693.42,95679.9,65850.87,59207.74,48216.65
2422,South Coast,4366.539287592107,847669500,2011-08,2011.0,8.0,month,3.1574645669291344,4.048374015748031,3.4658188976377957,5.108562992125984,3.397031496062992,3.2163897637795276,2.6196102362204727,55114.6,70665.72,60497.03,89171.67,59296.32,56143.16,45726.17
2423,South Coast,4366.539287592107,847669500,2011-09,2011.0,9.0,month,2.3233582677165354,3.0507204724409447,2.70098031496063,3.5127992125984253,2.9283503937007875,2.508468503937008,2.042169291338583,40554.99,53251.34,47146.51,61317.08,51115.33,43786.16,35646.75
2424,South Coast,4366.539287592107,847669500,2011-10,2011.0,10.0,month,1.517208661417323,2.441988188976378,2.2082480314960633,2.5506653543307087,2.3513661417322838,2.38092125984252,1.8523543307086614,26483.38,42625.72,38545.71,44522.72,41043.88,41559.78,32333.46
2425,South Coast,4366.539287592107,847669500,2011-11,2011.0,11.0,month,0.8847086614173229,1.5702716535433072,1.4140629921259844,1.0385472440944883,1.6115118110236222,2.0931023622047245,1.4063070866141731,15442.89,27409.62,24682.94,18128.19,28129.48,36535.8,24547.56
2426,South Coast,4366.539287592107,847669500,2011-12,2011.0,12.0,month,0.6136692913385827,1.3026181102362206,1.191,0.7385669291338582,1.2498779527559056,1.6868897637795277,1.5536692913385828,10711.8,22737.63,20789.3,12891.93,21817.04,29445.22,27119.82
2427,South Coast,4366.539287592107,847669500,2012-00,,,water_year,25.474566929133857,33.255633858267714,30.35814566929134,36.50486220472441,30.556913385826775,32.435157480314956,25.96736220472441,444667.06999999995,580488.1900000001,529911.5599999999,637204.54,533381.12,566166.52,453268.98000000004
2428,South Coast,4366.539287592107,847669500,2012-01,2012.0,1.0,month,0.8003661417322835,1.8074212598425197,1.61194094488189,1.3545590551181104,1.657720472440945,2.063681102362205,1.7531496062992127,13970.66,31549.14,28136.97,23644.28,28936.06,36022.24,30601.81
2429,South Coast,4366.539287592107,847669500,2012-02,2012.0,2.0,month,1.2513661417322837,1.8207519685039373,1.7625787401574804,1.7555157480314962,1.9825275590551183,2.0329803149606303,1.7555314960629922,21843.01,31781.83,30766.4,30643.11,34605.68,35486.35,30643.39
2430,South Coast,4366.539287592107,847669500,2012-03,2012.0,3.0,month,2.1078188976377956,2.279263779527559,2.439692913385827,3.095196850393701,2.3938385826771653,2.8691377952755905,2.1810787401574805,36792.68,39785.31,42585.65,54027.69,41785.25,50081.76,38071.46
2431,South Coast,4366.539287592107,847669500,2012-04,2012.0,4.0,month,2.922535433070866,2.859783464566929,2.9985826771653548,3.483964566929134,2.76553937007874,3.508358267716536,2.496503937007874,51013.83,49918.48,52341.26,60813.76,48273.41,61239.57,43577.31
2432,South Coast,4366.539287592107,847669500,2012-05,2012.0,5.0,month,3.4105551181102367,3.7403149606299215,3.528759842519685,4.865476377952756,3.7163779527559058,3.2442716535433074,2.6021929133858266,59532.38,65288.45,61595.68,84928.51,64870.62,56629.85,45422.15
2433,South Coast,4366.539287592107,847669500,2012-06,2012.0,6.0,month,3.26044094488189,3.8467047244094488,3.4475590551181106,5.012996062992126,3.394720472440945,3.1933740157480317,2.616870078740158,56912.09,67145.52,60178.29,87503.52,59255.98,55741.41,45678.34
2434,South Coast,4366.539287592107,847669500,2012-07,2012.0,7.0,month,3.256948818897638,4.038165354330709,3.5669291338582676,4.895740157480315,3.6137125984251974,3.29261811023622,2.5912834645669296,56851.13,70487.52,62261.94,85456.78,63078.56,57473.75,45231.72
2435,South Coast,4366.539287592107,847669500,2012-08,2012.0,8.0,month,3.2343622047244094,4.23215748031496,3.5162007874015746,4.605555118110236,3.3649251968503937,3.299279527559055,2.751649606299213,56456.87,73873.72,61376.46,80391.5,58735.89,57590.03,48030.96
2436,South Coast,4366.539287592107,847669500,2012-09,2012.0,9.0,month,2.2145866141732284,3.316192913385827,2.672590551181102,3.1080787401574805,2.454795275590551,2.770543307086614,2.406771653543307,38656.35,57885.25,46650.96,54252.55,42849.27,48360.76,42011.0
2437,South Coast,4366.539287592107,847669500,2012-10,2012.0,10.0,month,1.4280118110236222,2.322555118110236,1.9118385826771653,1.7292952755905513,1.9943385826771654,2.2293582677165356,1.8351850393700788,24926.42,40540.98,33371.78,30185.43,34811.85,38914.19,32033.77
2438,South Coast,4366.539287592107,847669500,2012-11,2012.0,11.0,month,0.727968503937008,1.685527559055118,1.3995748031496063,1.0845629921259843,2.0683188976377953,1.6395472440944883,1.276716535433071,12706.93,29421.45,24430.05,18931.41,36103.2,28618.84,22285.51
2439,South Coast,4366.539287592107,847669500,2012-12,2012.0,12.0,month,0.5815590551181102,1.1551417322834645,1.0473582677165356,0.6708700787401575,1.2360314960629921,1.7184251968503939,1.0937755905511812,10151.31,20163.38,18281.99,11710.26,21575.34,29995.69,19092.22
2440,South Coast,4366.539287592107,847669500,2013-00,,,water_year,24.61601181102363,33.700118110236225,30.0191968503937,36.76100000000001,30.40281102362205,31.847188976377954,25.988503937007874,429680.70999999996,588246.81,523995.12,641675.52,530691.22,555903.31,453638.00999999995
2441,South Coast,4366.539287592107,847669500,2013-01,2013.0,1.0,month,0.8031653543307088,1.3941377952755905,1.3367952755905512,0.9868818897637797,1.3478464566929136,2.0251850393700788,1.700708661417323,14019.52,24335.14,23334.21,17226.35,23527.11,35350.28,29686.44
2442,South Coast,4366.539287592107,847669500,2013-02,2013.0,2.0,month,1.354763779527559,1.8293031496062995,1.8680157480314963,1.836015748031496,2.0021102362204726,2.123240157480315,1.844228346456693,23647.85,31931.1,32606.84,32048.27,34947.5,37061.87,32191.62
2443,South Coast,4366.539287592107,847669500,2013-03,2013.0,3.0,month,2.1840433070866143,2.848909448818898,2.7928464566929136,3.197248031496063,2.900826771653543,2.890468503937008,2.5038228346456695,38123.21,49728.67,48750.07,55809.03,50634.9,50454.09,43705.06
2444,South Coast,4366.539287592107,847669500,2013-04,2013.0,4.0,month,2.563972440944882,2.84642125984252,2.874712598425197,3.6325866141732286,2.892433070866142,3.00246062992126,2.415484251968504,44755.0,49685.23,50179.07,63408.01,50488.39,52408.95,42163.08
2445,South Coast,4366.539287592107,847669500,2013-05,2013.0,5.0,month,3.127972440944882,4.290031496062992,3.5213503937007875,4.671129921259842,3.2183070866141734,3.4692598425196857,2.7916338582677165,54599.8,74883.93,61466.35,81536.13,56176.62,60557.09,48728.9
2446,South Coast,4366.539287592107,847669500,2013-06,2013.0,6.0,month,3.4702165354330714,4.018515748031496,3.569988188976378,4.957728346456693,3.425972440944882,3.2475118110236223,2.6972007874015747,60573.79,70144.53,62315.34,86538.8,59801.49,56686.4,47080.54
2447,South Coast,4366.539287592107,847669500,2013-07,2013.0,7.0,month,3.233181102362205,4.182070866141732,3.5000590551181103,4.988673228346457,3.193503937007874,3.3637362204724415,2.7878897637795275,56436.26,72999.44,61094.7,87078.96,55743.68,58715.14,48663.55
2448,South Coast,4366.539287592107,847669500,2013-08,2013.0,8.0,month,2.9726732283464568,4.0378346456692915,3.4072716535433076,5.126700787401575,3.2198976377952757,3.260925196850394,2.739208661417323,51889.0,70481.75,59475.06,89488.27,56204.39,56920.54,47813.8
2449,South Coast,4366.539287592107,847669500,2013-09,2013.0,9.0,month,2.168484251968504,3.089669291338583,2.7893858267716536,3.8793070866141734,2.903224409448819,2.877070866141733,2.302649606299213,37851.62,53931.21,48689.66,67714.6,50676.75,50220.23,40193.52
2450,South Coast,4366.539287592107,847669500,2013-10,2013.0,10.0,month,1.2395944881889764,2.315133858267717,2.107314960629921,2.3585000000000003,2.3278267716535437,2.3034015748031496,1.8440629921259843,21637.54,40411.43,36783.89,41168.41,40632.99,40206.64,32188.74
2451,South Coast,4366.539287592107,847669500,2013-11,2013.0,11.0,month,0.7155511811023623,1.4106181102362207,1.2906220472440944,0.9997480314960631,1.3376811023622048,1.823716535433071,1.5070984251968504,12490.18,24622.81,22528.24,17450.94,23349.67,31833.58,26306.91
2452,South Coast,4366.539287592107,847669500,2013-12,2013.0,12.0,month,0.6263464566929134,1.3493307086614175,1.2801771653543308,0.9639212598425198,1.3454094488188977,1.7651653543307089,1.607799212598425,10933.09,23553.02,22345.92,16825.57,23484.57,30811.55,28064.67
2453,South Coast,4366.539287592107,847669500,2014-00,,,water_year,24.785653543307085,33.92994094488189,30.91545669291339,36.73317322834646,31.17797637795276,32.81846850393701,27.17603937007874,432641.87,592258.4400000001,539639.62,641189.81,544221.9800000001,572857.33,474366.83999999997
2454,South Coast,4366.539287592107,847669500,2014-01,2014.0,1.0,month,0.7099685039370079,1.4564448818897637,1.2938779527559057,0.8992244094488189,1.3280984251968504,1.7631692913385828,1.764996062992126,12392.74,25422.73,22585.07,15696.26,23182.4,30776.71,30808.6
2455,South Coast,4366.539287592107,847669500,2014-02,2014.0,2.0,month,1.0910590551181103,1.7155669291338584,1.6775629921259845,1.8487677165354333,2.0001377952755908,1.8166181102362204,1.4493346456692913,19044.8,29945.79,29282.42,32270.86,34913.07,31709.68,25298.62
2456,South Coast,4366.539287592107,847669500,2014-03,2014.0,3.0,month,1.9775748031496065,2.779003937007874,2.653122047244095,2.9866181102362206,2.9030393700787402,2.7755590551181104,2.2486141732283467,34519.23,48508.44,46311.13,52132.42,50673.52,48448.31,39250.31
2457,South Coast,4366.539287592107,847669500,2014-04,2014.0,4.0,month,2.7123818897637793,3.0385944881889766,3.0569055118110238,3.193283464566929,3.0070590551181104,3.4951220472440947,2.9190511811023625,47345.53,53039.68,53359.31,55739.83,52489.22,61008.52,50953.01
2458,South Coast,4366.539287592107,847669500,2014-05,2014.0,5.0,month,2.864555118110236,4.0351889763779525,3.6443267716535437,4.547338582677165,3.550917322834646,3.6748582677165356,3.026803149606299,50001.77,70435.57,63612.94,79375.31,61982.45,64145.88,52833.86
2459,South Coast,4366.539287592107,847669500,2014-06,2014.0,6.0,month,3.4180669291338583,4.072649606299213,3.5582716535433074,5.0737559055118115,3.4330000000000003,3.3479645669291345,2.714208661417323,59663.5,71089.46,62110.82,88564.1,59924.16,58439.84,47377.42
2460,South Coast,4366.539287592107,847669500,2014-07,2014.0,7.0,month,4.022208661417324,4.556858267716536,4.015814960629921,5.731244094488189,3.780897637795276,3.5875039370078743,2.932606299212599,70209.0,79541.48,70097.39,100040.78,65996.83,62621.08,51189.62
2461,South Coast,4366.539287592107,847669500,2014-08,2014.0,8.0,month,2.9705826771653543,4.007696850393701,3.518885826771654,4.501118110236221,3.411098425196851,3.564992125984252,2.8738031496062995,51852.51,69955.69,61423.33,78568.52,59541.86,62228.13,50163.19
2462,South Coast,4366.539287592107,847669500,2014-09,2014.0,9.0,month,2.437763779527559,3.192854330708662,2.8185748031496067,3.629653543307087,2.7528110236220478,2.900397637795276,2.287661417322835,42551.98,55732.34,49199.16,63356.81,48051.24,50627.41,39931.89
2463,South Coast,4366.539287592107,847669500,2014-10,2014.0,10.0,month,1.6131692913385827,2.4290748031496063,2.07805905511811,2.1590984251968504,2.2231220472440945,2.1784921259842522,1.864972440944882,28158.41,42400.31,36273.21,37687.78,38805.34,38026.31,32553.72
2464,South Coast,4366.539287592107,847669500,2014-11,2014.0,11.0,month,0.8661535433070866,1.5532165354330711,1.3579842519685041,0.9787677165354332,1.3930393700787402,1.8572086614173229,1.6535,15119.0,27111.91,23704.07,17084.72,24315.97,32418.2,28862.39
2465,South Coast,4366.539287592107,847669500,2014-12,2014.0,12.0,month,0.6418031496062993,0.857751968503937,1.0975748031496064,0.7444173228346458,1.4386181102362205,1.8182007874015749,1.3103740157480315,11202.89,14972.35,19158.53,12994.05,25111.56,31737.3,22873.02
2466,South Coast,4366.539287592107,847669500,2015-00,,,water_year,25.0524842519685,33.44461811023623,31.140133858267713,35.33184251968504,32.30114960629922,34.27436220472441,27.612811023622054,437299.48,583786.98,543561.4299999999,616729.09,563827.37,598270.45,481990.8499999999
2467,South Coast,4366.539287592107,847669500,2015-01,2015.0,1.0,month,0.9075472440944883,1.3975275590551182,1.6735354330708663,1.4456496062992126,2.278464566929134,2.0253385826771657,1.6865,15841.54,24394.31,29212.12,25234.3,39771.36,35352.96,29438.42
2468,South Coast,4366.539287592107,847669500,2015-02,2015.0,2.0,month,1.4228425196850394,1.8494251968503939,1.8448818897637795,1.5444409448818899,1.8556574803149606,2.299303149606299,2.0621062992125982,24836.19,32282.33,32203.03,26958.73,32391.12,40135.1,35994.75
2469,South Coast,4366.539287592107,847669500,2015-03,2015.0,3.0,month,2.3043031496062993,3.155220472440945,3.0482952755905512,3.141307086614173,2.945492125984252,3.4559330708661418,3.047141732283465,40222.38,55075.43,53209.01,54832.56,51414.55,60324.47,53188.88
2470,South Coast,4366.539287592107,847669500,2015-04,2015.0,4.0,month,2.538220472440945,3.2962874015748036,3.0753858267716536,3.4588346456692913,3.0355590551181106,3.312952755905512,2.6739527559055123,44305.49,57537.8,53681.89,60375.11,52986.7,57828.7,46674.74
2471,South Coast,4366.539287592107,847669500,2015-05,2015.0,5.0,month,2.8808464566929137,3.3532283464566928,3.202866141732284,3.8381023622047246,3.4872559055118115,3.328964566929134,2.3700708661417327,50286.14,58531.72,55907.1,66995.36,60871.22,58108.19,41370.38
2472,South Coast,4366.539287592107,847669500,2015-06,2015.0,6.0,month,3.244031496062992,4.251295275590551,3.622893700787402,5.221874015748032,3.6037480314960635,3.369299212598426,2.6847401574803156,56625.65,74207.78,63238.82,91149.55,62904.63,58812.24,46863.04
2473,South Coast,4366.539287592107,847669500,2015-07,2015.0,7.0,month,3.032456692913386,4.097389763779528,3.73596062992126,5.2588425196850395,3.7947519685039373,3.901807086614174,2.8333228346456694,52932.54,71521.31,65212.44,91794.85,66238.66,68107.35,49456.6
2474,South Coast,4366.539287592107,847669500,2015-08,2015.0,8.0,month,3.1058700787401574,3.8085866141732287,3.437889763779528,4.33186220472441,3.340751968503937,3.4691614173228347,2.9030433070866146,54214.0,66480.15,60009.51,75614.1,58313.94,60555.37,50673.59
2475,South Coast,4366.539287592107,847669500,2015-09,2015.0,9.0,month,2.4952401574803154,3.3956141732283465,2.9648070866141736,3.208645669291339,2.904688976377953,3.257700787401575,2.5230866141732284,43555.25,59271.58,51751.7,56007.98,50702.32,56864.26,44041.32
2476,South Coast,4366.539287592107,847669500,2015-10,2015.0,10.0,month,1.4469409448818897,2.2204330708661417,2.025984251968504,1.7788346456692914,2.091035433070866,2.608200787401575,2.0919212598425196,25256.84,38758.4,35364.23,31050.15,36499.72,45527.02,36515.18
2477,South Coast,4366.539287592107,847669500,2015-11,2015.0,11.0,month,0.6712559055118111,1.4611102362204726,1.3725669291338582,0.886248031496063,1.6365984251968506,1.9050669291338584,1.646724409448819,11717.0,25504.17,23958.61,15469.76,28567.37,33253.58,28744.12
2478,South Coast,4366.539287592107,847669500,2015-12,2015.0,12.0,month,0.49800787401574803,1.2596102362204724,1.1734291338582679,0.6262047244094489,1.61198031496063,1.6205275590551182,1.361787401574803,8692.89,21986.92,20482.6,10930.61,28137.65,28286.85,23770.45
2479,South Coast,4366.539287592107,847669500,2016-00,,,water_year,24.858897637795273,33.742905511811024,30.46619291338583,36.06455905511811,30.997496062992127,33.23168897637795,27.17333858267716,433920.35000000003,588993.6799999999,531797.55,629518.92,541071.63,580070.25,474319.69
2480,South Coast,4366.539287592107,847669500,2016-01,2016.0,1.0,month,0.625003937007874,0.9827795275590551,1.1140629921259844,0.8273976377952755,1.288271653543307,1.5913976377952757,1.3386338582677166,10909.65,17154.74,19446.34,14442.5,22487.21,27778.38,23366.3
2481,South Coast,4366.539287592107,847669500,2016-02,2016.0,2.0,month,1.5558307086614174,2.0070196850393702,1.9620511811023624,1.5414881889763778,1.7008149606299212,2.7199488188976377,2.54409842519685,27157.54,35033.2,34248.26,26907.19,29688.29,47477.61,44408.09
2482,South Coast,4366.539287592107,847669500,2016-03,2016.0,3.0,month,2.325716535433071,2.7985669291338584,2.7830905511811026,2.7948976377952754,2.878543307086614,3.2088740157480315,2.474996062992126,40596.16,48849.92,48579.77,48785.87,50245.93,56011.97,43201.88
2483,South Coast,4366.539287592107,847669500,2016-04,2016.0,4.0,month,2.533425196850394,3.0972952755905516,3.071185039370079,3.5713385826771655,3.0448700787401575,3.390110236220473,2.6589055118110236,44221.78,54064.32,53608.56,62338.91,53149.22,59175.51,46412.08
2484,South Coast,4366.539287592107,847669500,2016-05,2016.0,5.0,month,3.0207047244094487,3.3323779527559054,3.1840590551181105,4.1553188976377955,3.3741417322834644,3.074248031496063,2.3743543307086616,52727.41,58167.77,55578.81,72532.48,58896.77,53662.03,41445.15
2485,South Coast,4366.539287592107,847669500,2016-06,2016.0,6.0,month,3.671515748031496,4.640188976377953,3.9140590551181105,5.850598425196851,3.9236771653543308,3.4667637795275597,2.8131732283464568,64087.53,80996.05,68321.21,102124.15,68489.1,60513.52,49104.88
2486,South Coast,4366.539287592107,847669500,2016-07,2016.0,7.0,month,3.4009960629921263,4.666515748031497,3.8294291338582678,5.7283897637795285,3.662866141732284,3.6539763779527563,2.9850866141732286,59365.52,81455.59,66843.96,99990.96,63936.55,63781.38,52105.68
2487,South Coast,4366.539287592107,847669500,2016-08,2016.0,8.0,month,3.143744094488189,4.127586614173229,3.3915669291338584,4.843035433070866,3.2258385826771656,3.2517795275590555,2.6411259842519685,54875.1,72048.4,59200.93,84536.8,56308.09,56760.9,46101.74
2488,South Coast,4366.539287592107,847669500,2016-09,2016.0,9.0,month,1.965755905511811,3.1494212598425197,2.644708661417323,3.4608070866141736,2.558858267716536,2.7407952755905516,2.242531496062992,34312.93,54974.2,46164.27,60409.54,44665.73,47841.5,39144.14
2489,South Coast,4366.539287592107,847669500,2016-10,2016.0,10.0,month,1.2489251968503938,2.108511811023622,1.9210511811023623,1.9625511811023622,2.070220472440945,2.237641732283465,1.780688976377953,21800.41,36804.78,33532.59,34256.99,36136.39,39058.78,31082.52
2490,South Coast,4366.539287592107,847669500,2016-11,2016.0,11.0,month,0.7757362204724411,1.552775590551181,1.5633031496062995,1.252228346456693,1.893748031496063,2.0830905511811024,1.6100039370078743,13540.73,27104.22,27287.98,21858.06,33056.0,36361.04,28103.16
2491,South Coast,4366.539287592107,847669500,2016-12,2016.0,12.0,month,0.5891023622047245,1.1042913385826771,1.2361535433070867,0.7890039370078741,1.9348858267716535,1.8116259842519686,1.27298031496063,10282.98,19275.77,21577.47,13772.33,33774.08,31622.54,22220.3
2492,South Coast,4366.539287592107,847669500,2017-00,,,water_year,25.04956692913386,32.62059842519685,31.012909448818903,37.25426377952756,33.55881102362205,33.31279527559055,26.467590551181104,437248.55,569403.44,541340.7000000001,650285.61,585780.25,581485.96,462000.64
2493,South Coast,4366.539287592107,847669500,2017-01,2017.0,1.0,month,0.8256377952755906,0.8001811023622047,1.2522559055118112,0.9756377952755906,1.867720472440945,1.9785275590551183,1.3029133858267719,14411.78,13967.43,21858.55,17030.08,32601.68,34535.86,22742.79
2494,South Coast,4366.539287592107,847669500,2017-02,2017.0,2.0,month,1.1272244094488189,1.3861299212598428,1.607712598425197,1.6503779527559057,1.9224803149606302,2.0329803149606303,1.4146023622047246,19676.08,24195.36,28063.16,28807.9,33557.54,35486.35,24692.36
2495,South Coast,4366.539287592107,847669500,2017-03,2017.0,3.0,month,2.658688976377953,2.913003937007874,3.009228346456693,3.1509960629921263,3.06646062992126,3.1536259842519683,2.857925196850394,46408.3,50847.46,52527.09,55001.69,53526.09,55047.59,49886.04
2496,South Coast,4366.539287592107,847669500,2017-04,2017.0,4.0,month,2.9640314960629923,3.2128740157480316,3.216826771653544,3.898736220472441,3.1468543307086616,3.289586614173228,2.7327362204724412,51738.16,56081.79,56150.79,68053.74,54929.39,57420.83,47700.82
2497,South Coast,4366.539287592107,847669500,2017-05,2017.0,5.0,month,2.9680787401574804,3.556259842519685,3.3741220472440943,4.650291338582678,3.7141653543307087,3.3144606299212596,2.5743582677165358,51808.81,62075.7,58896.43,81172.39,64832.0,57855.02,44936.28
2498,South Coast,4366.539287592107,847669500,2017-06,2017.0,6.0,month,3.493216535433071,4.026224409448819,3.671696850393701,5.223062992125985,3.542444881889764,3.490661417322835,2.88598031496063,60975.26,70279.09,64090.69,91170.31,61834.56,60930.66,50375.75
2499,South Coast,4366.539287592107,847669500,2017-07,2017.0,7.0,month,3.738610236220473,4.537122047244095,3.9375118110236222,5.488185039370079,3.8150511811023624,3.719177165354331,2.9844999999999997,65258.69,79196.98,68730.58,95798.1,66592.99,64919.48,52095.44
2500,South Coast,4366.539287592107,847669500,2017-08,2017.0,8.0,month,2.898905511811024,4.010692913385827,3.4542716535433073,4.94184251968504,3.575212598425197,3.3845590551181104,2.784775590551181,50601.36,70007.98,60295.47,86261.51,62406.53,59078.61,48609.19
2501,South Coast,4366.539287592107,847669500,2017-09,2017.0,9.0,month,1.7614094488188978,3.412531496062992,2.768775590551181,3.2713503937007875,3.0095669291338583,2.8168582677165355,2.2661259842519685,30745.99,59566.88,48329.9,57102.51,52533.0,49169.2,39555.99
2502,South Coast,4366.539287592107,847669500,2017-10,2017.0,10.0,month,1.2441023622047245,2.1838818897637795,1.802224409448819,1.1993110236220472,1.7187795275590552,2.4248149606299214,2.220972440944882,21716.22,38120.39,31458.43,20934.37,30001.87,42325.95,38767.82
2503,South Coast,4366.539287592107,847669500,2017-11,2017.0,11.0,month,0.7480866141732284,1.5082125984251968,1.318728346456693,1.099503937007874,1.6897401574803153,1.5026023622047244,1.387464566929134,13058.1,26326.35,23018.84,19192.21,29494.98,26228.43,24218.66
2504,South Coast,4366.539287592107,847669500,2017-12,2017.0,12.0,month,0.46370078740157483,1.4268070866141735,1.2784133858267717,0.9307322834645669,1.6103149606299214,1.6221850393700787,1.502933070866142,8094.05,24905.39,22315.13,16246.24,28108.59,28315.78,26234.2
2505,South Coast,4366.539287592107,847669500,2018-00,,,water_year,24.33483464566929,32.84575196850394,29.43369291338583,32.59000787401575,30.558775590551182,31.65893307086614,25.865940944881896,424772.65,573333.55,513774.93,568869.45,533413.6299999999,552617.25,451498.64
2506,South Coast,4366.539287592107,847669500,2018-01,2018.0,1.0,month,0.7331102362204724,1.2484094488188977,1.4100826771653543,0.9550039370078741,1.8241299212598427,1.8943503937007875,1.6283267716535432,12796.68,21791.4,24613.46,16669.91,31840.8,33066.52,28422.99
2507,South Coast,4366.539287592107,847669500,2018-02,2018.0,2.0,month,1.0886338582677166,1.70401968503937,1.6711220472440946,1.4796338582677167,2.0041732283464566,1.979909448818898,1.6853031496062993,19002.47,29744.23,29169.99,25827.5,34983.51,34559.98,29417.53
2508,South Coast,4366.539287592107,847669500,2018-03,2018.0,3.0,month,1.7100354330708663,2.5858228346456698,2.536043307086614,2.318413385826772,2.964279527559055,3.27044094488189,2.1827952755905513,29849.24,45136.4,44267.48,40468.68,51742.49,57086.64,38101.42
2509,South Coast,4366.539287592107,847669500,2018-04,2018.0,4.0,month,2.7653385826771655,3.3182322834645674,3.060527559055118,3.270188976377953,2.957929133858268,3.1592795275590553,2.7165,48269.91,57920.85,53422.53,57082.24,51631.64,55146.28,47417.41
2510,South Coast,4366.539287592107,847669500,2018-05,2018.0,5.0,month,3.0158661417322836,3.1343661417322837,3.042311023622047,3.9776259842519686,3.2176220472440944,2.96198031496063,2.2415590551181106,52642.95,54711.41,53104.55,69430.79,56164.67,51702.36,39127.16
2511,South Coast,4366.539287592107,847669500,2018-06,2018.0,6.0,month,3.4102637795275594,3.9685866141732284,3.473937007874016,4.751610236220473,3.392374015748032,3.260259842519685,2.5817952755905513,59527.29,69273.0,60638.73,82940.94,59215.02,56908.92,45066.1
2512,South Coast,4366.539287592107,847669500,2018-07,2018.0,7.0,month,3.7508858267716536,4.722877952755906,3.8763661417322837,5.029791338582677,3.4454960629921265,3.6877204724409447,2.9493897637795277,65472.96,82439.41,67663.27,87796.69,60142.28,64370.39,51482.58
2513,South Coast,4366.539287592107,847669500,2018-08,2018.0,8.0,month,3.3133897637795275,3.862700787401575,3.414476377952756,4.472704724409449,3.2261614173228352,3.3147125984251975,2.6650629921259843,57836.32,67424.73,59600.83,78072.55,56313.72,57859.42,46519.56
2514,South Coast,4366.539287592107,847669500,2018-09,2018.0,9.0,month,2.09142125984252,3.1818346456692916,2.54946062992126,3.1054881889763783,2.5077755905511814,2.580677165354331,2.1038385826771653,36506.46,55539.99,44501.69,54207.33,43774.06,45046.58,36723.21
2515,South Coast,4366.539287592107,847669500,2018-10,2018.0,10.0,month,1.2627047244094487,2.137700787401575,1.9098740157480318,1.7438503937007874,2.0555944881889765,2.346944881889764,1.825240157480315,22040.93,37314.28,33337.49,30439.49,35881.09,40966.71,31860.18
2516,South Coast,4366.539287592107,847669500,2018-11,2018.0,11.0,month,0.7023858267716535,1.4098858267716539,1.315192913385827,0.8923582677165355,1.473468503937008,1.7962874015748034,1.5059763779527562,12260.38,24610.03,22957.13,15576.41,25719.88,31354.8,26287.32
2517,South Coast,4366.539287592107,847669500,2018-12,2018.0,12.0,month,0.6569330708661417,1.167248031496063,1.2004291338582678,0.9585984251968505,1.428259842519685,1.6516377952755905,1.3218188976377954,11466.99,20374.7,20953.89,16732.66,24930.75,28829.89,23072.79
2518,South Coast,4366.539287592107,847669500,2019-00,,,water_year,24.249346456692916,31.726125984251972,30.31653543307087,34.38217716535433,32.46875590551181,33.598059055118114,26.397397637795276,423280.44,553790.13,529185.24,600152.38,566752.98,586465.35,460775.39
2519,South Coast,4366.539287592107,847669500,2019-01,2019.0,1.0,month,0.8395866141732284,1.2694330708661419,1.4261535433070867,0.931992125984252,1.677996062992126,2.094771653543307,1.6928149606299214,14655.26,22158.38,24893.99,16268.23,29289.98,36564.94,29548.65
2520,South Coast,4366.539287592107,847669500,2019-02,2019.0,2.0,month,1.0888110236220472,1.1001496062992127,1.4262913385826774,1.0788622047244094,1.691224409448819,2.222232283464567,1.5372716535433073,19005.56,19203.48,24896.39,18831.9,29520.89,38789.81,26833.59
2521,South Coast,4366.539287592107,847669500,2019-03,2019.0,3.0,month,2.0052165354330707,2.304216535433071,2.599799212598425,2.4973346456692913,3.0905629921259843,3.168700787401575,2.3953464566929137,35001.72,40220.87,45380.36,43591.81,53946.81,55310.73,41811.57
2522,South Coast,4366.539287592107,847669500,2019-04,2019.0,4.0,month,2.7157204724409447,3.241618110236221,3.2358976377952757,3.721279527559055,3.3928188976377953,3.35646062992126,2.879456692913386,47403.81,56583.53,56483.67,64956.18,59222.79,58588.14,50261.88
2523,South Coast,4366.539287592107,847669500,2019-05,2019.0,5.0,month,2.967204724409449,3.3626653543307086,3.3530236220472442,4.5017559055118115,3.573244094488189,3.552708661417323,2.384409448818898,51793.55,58696.45,58528.15,78579.65,62372.17,62013.72,41620.66
2524,South Coast,4366.539287592107,847669500,2019-06,2019.0,6.0,month,3.524688976377953,3.884582677165355,3.63438188976378,5.088688976377953,3.821870078740158,3.2700944881889766,2.7073700787401576,61524.62,67806.69,63439.35,88824.77,66712.02,57080.59,47258.05
2525,South Coast,4366.539287592107,847669500,2019-07,2019.0,7.0,month,3.432649606299213,4.442826771653544,3.8747677165354335,5.01444094488189,3.805543307086614,3.7666614173228345,3.0743818897637794,59918.05,77551.02,67635.36,87528.74,66427.03,65748.33,53664.36
2526,South Coast,4366.539287592107,847669500,2019-08,2019.0,8.0,month,3.0101181102362204,4.295433070866142,3.5881023622047246,4.608106299212599,3.5264645669291337,3.5453031496062994,2.8662165354330713,52542.62,74978.22,62631.52,80436.03,61555.62,61884.45,50030.77
2527,South Coast,4366.539287592107,847669500,2019-09,2019.0,9.0,month,2.0433267716535433,3.1103661417322837,2.7526220472440945,3.344909448818898,2.931708661417323,2.8262559055118115,2.2070944881889765,35666.95,54292.48,48047.94,58386.51,51173.95,49333.24,38525.57
2528,South Coast,4366.539287592107,847669500,2019-10,2019.0,10.0,month,1.32098031496063,2.37353937007874,1.9808858267716538,1.438248031496063,2.1614960629921263,2.531212598425197,2.206507874015748,23058.15,41430.92,34577.02,25105.1,37729.64,44183.16,38515.33
2529,South Coast,4366.539287592107,847669500,2019-11,2019.0,11.0,month,0.7874370078740158,1.6196811023622046,1.5624921259842521,1.4037952755905512,2.010405511811024,1.8472913385826772,1.4300275590551181,13744.98,28272.07,27273.82,24503.72,35092.3,32245.09,24961.61
2530,South Coast,4366.539287592107,847669500,2019-12,2019.0,12.0,month,0.6532440944881891,0.9187204724409449,1.2151653543307088,0.8186535433070867,1.6457440944881891,1.8448070866141733,1.4228110236220475,11402.59,16036.57,21211.12,14289.87,28727.01,32201.72,24835.64
2531,South Coast,4366.539287592107,847669500,2020-00,,,water_year,26.586271653543307,33.53726771653543,31.445015748031498,34.99605511811024,32.59829921259843,33.67574015748032,27.776582677165354,464072.24,585404.2,548883.25,610867.83,569014.2,587821.3,484849.52
2532,South Coast,4366.539287592107,847669500,2020-01,2020.0,1.0,month,1.027488188976378,1.4133346456692912,1.5536496062992127,1.18598031496063,1.9259763779527561,1.8161181102362205,1.66801968503937,17935.15,24670.23,27119.47,20701.68,33618.56,31700.95,29115.84
2533,South Coast,4366.539287592107,847669500,2020-02,2020.0,2.0,month,1.5244527559055119,2.043003937007874,2.0464606299212598,1.886472440944882,2.0988464566929133,2.333165354330709,2.1386417322834648,26609.83,35661.32,35721.65,32929.01,36636.07,40726.18,37330.71
2534,South Coast,4366.539287592107,847669500,2020-03,2020.0,3.0,month,1.8596181102362206,2.3555314960629925,2.514007874015748,2.5617992125984252,2.7866102362204725,3.0815590551181105,2.149488188976378,32460.26,41116.59,43882.85,44717.06,48641.21,53789.64,37520.03
2535,South Coast,4366.539287592107,847669500,2020-04,2020.0,4.0,month,2.9769370078740156,2.8875393700787404,3.2341259842519685,3.685425196850394,3.2777480314960634,3.463661417322835,2.8483149606299216,51963.43,50402.96,56452.75,64330.33,57214.19,60459.37,49718.29
2536,South Coast,4366.539287592107,847669500,2020-05,2020.0,5.0,month,3.8925511811023625,4.063590551181102,3.9146811023622052,4.889629921259843,3.910066929133859,3.6499960629921264,3.019102362204724,67945.78,70931.33,68332.07,85350.12,68251.52,63711.9,52699.44
2537,South Coast,4366.539287592107,847669500,2020-06,2020.0,6.0,month,3.3281181102362205,3.7937755905511814,3.4552992125984257,4.063834645669291,3.191236220472441,3.4705905511811026,2.8873897637795274,58093.41,66221.62,60313.4,70935.59,55704.09,60580.32,50400.35
2538,South Coast,4366.539287592107,847669500,2020-07,2020.0,7.0,month,3.4508385826771657,4.471,3.770685039370079,5.213838582677166,3.6880157480314963,3.56084251968504,2.96642125984252,60235.54,78042.8,65818.57,91009.29,64375.55,62155.7,51779.87
2539,South Coast,4366.539287592107,847669500,2020-08,2020.0,8.0,month,3.3724055118110234,4.349047244094488,3.633200787401575,4.900909448818898,3.42046062992126,3.4011614173228346,2.87194094488189,58866.46,75914.07,63418.73,85547.01,59705.28,59368.41,50130.69
2540,South Coast,4366.539287592107,847669500,2020-09,2020.0,9.0,month,2.392200787401575,3.2485039370078743,2.5643622047244095,2.9474685039370083,2.4816929133858268,2.6753346456692917,2.1679173228346458,41756.66,56703.72,44761.8,51449.05,43318.78,46698.86,37841.72
2541,South Coast,4366.539287592107,847669500,2020-10,2020.0,10.0,month,1.4423385826771653,2.057755905511811,1.8738818897637797,1.5368582677165357,2.1220905511811026,2.254669291338583,1.895169291338583,25176.5,35918.82,32709.23,26826.37,37041.8,39356.01,33080.81
2542,South Coast,4366.539287592107,847669500,2020-11,2020.0,11.0,month,0.7131968503937008,1.3540748031496066,1.3604724409448818,1.0730511811023624,1.893763779527559,1.7271338582677167,1.480503937007874,12449.09,23635.83,23747.5,18730.47,33056.28,30147.7,25842.69
2543,South Coast,4366.539287592107,847669500,2020-12,2020.0,12.0,month,0.46425984251968505,1.2324527559055118,1.2271023622047244,0.782,1.5303661417322836,1.718984251968504,1.5403031496062993,8103.81,21512.87,21419.48,13650.07,26713.05,30005.44,26886.51
2544,South Coast,4366.539287592107,847669500,2021-00,,,water_year,24.28794094488189,35.315661417322836,29.721145669291335,34.537133858267715,30.048862204724408,31.332598425196856,26.464059055118113,423954.12,616446.6399999999,518792.51999999996,602857.2,524512.92,546920.99,461938.98
2545,South Coast,4366.539287592107,847669500,2021-01,2021.0,1.0,month,0.7751535433070866,1.3798346456692916,1.3726692913385827,1.0121338582677166,1.51748031496063,1.9016614173228348,1.6585787401574803,13530.56,24085.47,23960.4,17667.13,26488.13,33194.14,28951.05
2546,South Coast,4366.539287592107,847669500,2021-02,2021.0,2.0,month,1.2549094488188977,1.720011811023622,1.7647677165354332,1.5495590551181104,1.9044094488188978,2.0237992125984254,1.9799015748031497,21904.86,30023.38,30804.61,27048.07,33242.1,35326.09,34559.84
2547,South Coast,4366.539287592107,847669500,2021-03,2021.0,3.0,month,1.9425236220472442,2.545279527559055,2.510035433070866,2.3774094488188977,2.483763779527559,3.081732283464567,2.48846062992126,33907.4,44428.7,43813.51,41498.48,43354.93,53792.67,43436.91
2548,South Coast,4366.539287592107,847669500,2021-04,2021.0,4.0,month,2.6711141732283465,3.0603307086614175,2.906090551181103,3.451476377952756,2.7324055118110238,3.058740157480315,2.630051181102362,46625.19,53419.09,50726.78,60246.67,47695.05,53391.33,45908.42
2549,South Coast,4366.539287592107,847669500,2021-05,2021.0,5.0,month,3.1461299212598424,3.6426220472440947,3.246751968503937,4.421098425196851,3.2552480314960635,3.0170826771653543,2.429287401574803,54916.75,63583.18,56673.14,77171.75,56821.44,52664.19,42404.02
2550,South Coast,4366.539287592107,847669500,2021-06,2021.0,6.0,month,3.472425196850394,4.626625984251969,3.5588267716535436,4.765059055118111,3.111291338582677,3.2620275590551184,2.7086732283464565,60612.34,80759.3,62120.51,83175.7,54308.63,56939.78,47280.8
2551,South Coast,4366.539287592107,847669500,2021-07,2021.0,7.0,month,3.4425,5.229893700787402,3.7597125984251973,5.246122047244095,3.420125984251969,3.5816889763779534,2.873929133858268,60089.99,91289.54,65627.04,91572.81,59699.44,62519.58,50165.39
2552,South Coast,4366.539287592107,847669500,2021-08,2021.0,8.0,month,2.964153543307087,4.627389763779528,3.3535,4.747759842519685,3.1897913385826775,3.1448110236220477,2.625429133858268,51740.29,80772.63,58536.46,82873.73,55678.87,54893.73,45827.74
2553,South Coast,4366.539287592107,847669500,2021-09,2021.0,9.0,month,1.999236220472441,3.839389763779528,2.7873346456692913,3.574606299212599,2.888125984251969,2.5602677165354333,2.1537716535433074,34897.34,67017.83,48653.86,62395.95,50413.2,44690.33,37594.8
2554,South Coast,4366.539287592107,847669500,2021-10,2021.0,10.0,month,1.1501181102362206,2.323437007874016,2.013976377952756,1.7843897637795278,2.2797952755905513,2.5292755905511815,1.9391377952755906,20075.7,40556.37,35154.63,31147.12,39794.59,44149.35,33848.3
2555,South Coast,4366.539287592107,847669500,2021-11,2021.0,11.0,month,0.8426968503937008,1.503740157480315,1.4386141732283464,1.3420984251968506,1.558464566929134,1.6493582677165357,1.588984251968504,14709.55,26248.29,25111.49,23426.78,27203.52,28790.1,27736.25
2556,South Coast,4366.539287592107,847669500,2021-12,2021.0,12.0,month,0.5044685039370079,0.9130629921259843,0.9966181102362205,0.8955275590551182,1.1383740157480315,1.4299173228346456,0.9286929133858268,8805.67,15937.82,17396.3,15631.73,19870.7,24959.68,16210.64
2557,South Coast,4366.539287592107,847669500,2022-00,,,water_year,24.11455118110236,35.24637795275591,31.16046850393701,36.57460236220472,31.187877952755905,33.75288976377953,28.218425196850394,420927.54,615237.2999999999,543916.39,638421.9,544394.82,589167.96,492562.0300000001
2558,South Coast,4366.539287592107,847669500,2022-01,2022.0,1.0,month,0.8556535433070867,1.3000236220472443,1.520464566929134,1.2853818897637794,1.6788937007874019,1.9290511811023623,1.8743267716535434,14935.72,22692.35,26540.22,22436.77,29305.65,33672.23,32717.0
2559,South Coast,4366.539287592107,847669500,2022-02,2022.0,2.0,month,1.1001653543307086,2.1862165354330707,2.0735787401574806,1.7949094488188977,2.1690826771653544,2.569358267716536,2.3698425196850397,19203.75,38161.14,36195.01,31330.74,37862.06,44849.01,41366.39
2560,South Coast,4366.539287592107,847669500,2022-03,2022.0,3.0,month,1.932248031496063,2.8573582677165352,2.6950984251968504,2.4810748031496064,2.7021220472440945,3.3003188976377955,2.8028385826771656,33728.03,49876.14,47043.84,43307.99,47166.44,57608.17,48924.48
2561,South Coast,4366.539287592107,847669500,2022-04,2022.0,4.0,month,2.749259842519685,3.4003307086614174,3.324472440944882,4.245893700787401,3.5300629921259845,3.4042322834645673,2.8150984251968505,47989.25,59353.91,58029.78,74113.49,61618.43,59422.01,49138.48
2562,South Coast,4366.539287592107,847669500,2022-05,2022.0,5.0,month,3.188137795275591,3.7367086614173233,3.407637795275591,4.486783464566929,3.3616023622047244,3.2086732283464565,2.678665354330709,55650.01,65225.5,59481.46,78318.3,58677.89,56008.46,46757.0
2563,South Coast,4366.539287592107,847669500,2022-06,2022.0,6.0,month,3.29996062992126,4.384437007874016,3.6735078740157485,4.9299055118110235,3.4580787401574806,3.605492125984252,2.9495629921259843,57601.91,76531.81,64122.31,86053.15,60361.92,62935.07,51485.61
2564,South Coast,4366.539287592107,847669500,2022-07,2022.0,7.0,month,3.286771653543307,4.455838582677165,3.65394094488189,5.3764212598425205,3.336425196850394,3.527968503937008,2.9039566929133858,57371.7,77778.15,63780.76,93847.23,58238.42,61581.87,50689.53
2565,South Coast,4366.539287592107,847669500,2022-08,2022.0,8.0,month,3.048944881889764,4.591661417322835,3.5416062992125985,4.71334251968504,3.189696850393701,3.480917322834646,2.9217519685039375,53220.35,80148.98,61819.92,82272.97,55677.22,60760.57,51000.16
2566,South Coast,4366.539287592107,847669500,2022-09,2022.0,9.0,month,2.1561259842519687,3.5935629921259844,2.8209527559055116,3.2388740157480314,2.785279527559055,3.1183267716535434,2.4455669291338586,37635.9,62726.84,49240.67,56535.63,48617.98,54431.44,42688.19
2567,South Coast,4366.539287592107,847669500,2022-10,2022.0,10.0,month,1.3587519685039373,2.4050000000000002,2.049444881889764,2.225003937007874,2.1862362204724413,2.24190157480315,1.8058425196850396,23717.47,41980.08,35773.74,38838.19,38161.48,39133.14,31521.58
2568,South Coast,4366.539287592107,847669500,2022-11,2022.0,11.0,month,0.6193582677165355,1.3854330708661418,1.378736220472441,1.0548622047244096,1.603771653543307,1.9236062992125986,1.5166889763779527,10811.11,24183.2,24066.3,18412.97,27994.37,33577.19,26474.31
2569,South Coast,4366.539287592107,847669500,2022-12,2022.0,12.0,month,0.44420866141732285,0.8466496062992126,1.0486771653543308,0.7451968503937009,1.452204724409449,1.502728346456693,1.1410826771653544,7753.81,14778.55,18305.01,13007.66,25348.72,26230.63,19917.98
2570,South Coast,4366.539287592107,847669500,2023-00,,,water_year,25.65694881889764,32.31645669291339,31.497129921259848,37.265303149606304,34.13834251968504,33.84870472440945,27.25195669291339,447850.62,564094.54,549792.92,650478.3099999999,595896.17,590840.4600000001,475692.0
2571,South Coast,4366.539287592107,847669500,2023-01,2023.0,1.0,month,0.7731653543307088,1.017444881889764,1.3518228346456693,1.0281062992125984,1.594527559055118,2.0809173228346456,1.5646968503937009,13495.86,17759.84,23596.52,17945.94,27833.01,36323.11,27312.31
2572,South Coast,4366.539287592107,847669500,2023-02,2023.0,2.0,month,1.2529488188976379,1.5734488188976379,1.7041220472440946,1.2585472440944883,1.820185039370079,2.224972440944882,1.9021456692913388,21870.64,27465.07,29746.02,21968.36,31771.94,38837.64,33202.59
2573,South Coast,4366.539287592107,847669500,2023-03,2023.0,3.0,month,1.7896929133858268,1.8985393700787403,2.447787401574803,2.589161417322835,2.879870078740158,3.074771653543307,2.1425905511811023,31239.69,33139.64,42726.95,45194.68,50269.09,53671.17,37399.63
2574,South Coast,4366.539287592107,847669500,2023-04,2023.0,4.0,month,3.4449015748031497,3.3870787401574804,3.557157480314961,4.601011811023622,4.051279527559055,3.2868110236220476,2.845259842519685,60131.91,59122.59,62091.37,80312.2,70716.44,57372.38,49664.96
2575,South Coast,4366.539287592107,847669500,2023-05,2023.0,5.0,month,3.613728346456693,3.9487913385826774,3.6939527559055123,5.457118110236221,3.987208661417323,3.3504606299212596,2.624811023622047,63078.84,68927.47,64479.18,95255.82,69598.06,58483.41,45816.95
2576,South Coast,4366.539287592107,847669500,2023-06,2023.0,6.0,month,3.404799212598425,3.906216535433071,3.5570669291338586,4.899822834645669,3.7639606299212605,3.2087834645669293,2.608972440944882,59431.91,68184.31,62089.79,85528.04,65701.19,56010.39,45540.49
2577,South Coast,4366.539287592107,847669500,2023-07,2023.0,7.0,month,3.85101968503937,4.934685039370079,4.175129921259843,5.604578740157481,3.8358464566929134,4.06682283464567,3.438444881889764,67220.83,86136.58,72878.29,97829.79,66955.98,70987.75,60019.2
2578,South Coast,4366.539287592107,847669500,2023-08,2023.0,8.0,month,3.0813425196850392,3.670224409448819,3.6123385826771655,4.244996062992127,3.7541377952755903,4.029314960629922,3.209515748031496,53785.86,64064.99,63054.58,74097.82,65529.73,70333.04,56023.17
2579,South Coast,4366.539287592107,847669500,2023-09,2023.0,9.0,month,2.023031496062992,3.3429448818897636,2.920893700787402,3.556897637795276,3.2091141732283464,2.8576141732283467,2.451905511811024,35312.69,58352.22,50985.17,62086.84,56016.16,49880.61,42798.83
2580,South Coast,4366.539287592107,847669500,2023-10,2023.0,10.0,month,1.455992125984252,2.712929133858268,2.3585236220472443,2.0126220472440948,2.617787401574803,2.722929133858268,2.3380354330708664,25414.83,47355.08,41168.82,35130.99,45694.35,47529.64,40811.19
2581,South Coast,4366.539287592107,847669500,2023-11,2023.0,11.0,month,0.7129015748031496,1.5734488188976379,1.4855866141732283,0.561992125984252,1.8216535433070868,2.1575629921259845,1.779503937007874,12443.94,27465.07,25931.41,9809.76,31797.57,37660.98,31061.84
2582,South Coast,4366.539287592107,847669500,2023-12,2023.0,12.0,month,0.5508976377952757,1.1076496062992127,1.2126968503937008,0.5529133858267717,1.6426181102362205,1.7958267716535432,1.4405787401574803,9616.1,19334.39,21168.03,9651.29,28672.45,31346.76,25145.78
2583,South Coast,4366.539287592107,847669500,2024-00,,,water_year,27.827775590551184,35.37870078740157,33.01666141732283,36.927433070866144,35.1251968503937,35.17275590551181,28.501590551181106,485743.11,617547.02,576316.86,644580.6800000002,613122.04,613952.19,497504.7800000001
2584,South Coast,4366.539287592107,847669500,2024-01,2024.0,1.0,month,0.819988188976378,1.0979212598425196,1.350488188976378,0.9277716535433072,1.578185039370079,2.0219094488188976,1.5665708661417324,14313.17,19164.58,23573.22,16194.56,27547.75,35293.1,27345.02
2585,South Coast,4366.539287592107,847669500,2024-02,2024.0,2.0,month,1.3123976377952755,1.46744094488189,1.8869921259842521,1.8319724409448819,2.2896338582677167,2.426787401574803,1.6834173228346458,22908.34,25614.67,32938.08,31977.69,39966.32,42360.38,29384.61
2586,South Coast,4366.539287592107,847669500,2024-03,2024.0,3.0,month,2.4811417322834646,2.384779527559055,2.831952755905512,2.7812874015748035,3.246196850393701,3.282429133858268,2.518027559055118,43309.16,41627.12,49432.68,48548.3,56663.45,57295.9,43953.01
2587,South Coast,4366.539287592107,847669500,2024-04,2024.0,4.0,month,3.2685787401574804,3.196425196850394,3.4154488188976377,3.7187874015748035,3.469775590551181,3.6297362204724415,2.950885826771654,57054.13,55794.67,59617.8,64912.68,60566.09,63358.26,51508.7
2588,South Coast,4366.539287592107,847669500,2024-05,2024.0,5.0,month,3.880476377952756,3.9978622047244095,3.7561732283464573,5.387696850393701,3.955110236220473,3.3057598425196852,2.6451692913385827,67735.01,69784.02,65565.26,94044.05,69037.77,57703.14,46172.31
2589,South Coast,4366.539287592107,847669500,2024-06,2024.0,6.0,month,4.123299212598425,4.694681102362205,4.0488976377952755,5.661322834645669,3.9131377952755906,3.60594094488189,2.996759842519685,71973.56,81947.23,70674.86,98820.28,68305.13,62942.9,52309.44
2590,South Coast,4366.539287592107,847669500,2024-07,2024.0,7.0,month,4.016574803149607,4.975795275590551,4.191874015748032,5.632523622047245,4.08003937007874,3.868744094488189,3.202661417322835,70110.65,86854.17,73170.56,98317.58,71218.45,67530.22,55903.52
2591,South Coast,4366.539287592107,847669500,2024-08,2024.0,8.0,month,2.9549842519685043,4.467236220472441,3.6362677165354333,4.562326771653543,3.637181102362205,3.5306299212598424,3.0260748031496068,51580.24,77977.1,63472.27,79636.94,63488.21,61628.32,52821.15
2592,South Coast,4366.539287592107,847669500,2024-09,2024.0,9.0,month,2.2505433070866143,3.7025314960629925,2.8417598425196853,3.296216535433071,2.8738779527559055,2.8245,2.353905511811024,39283.98,64628.92,49603.87,57536.56,50164.5,49302.59,41088.21
2593,South Coast,4366.539287592107,847669500,2024-10,2024.0,10.0,month,1.3868700787401576,2.253259842519685,1.9108818897637796,1.681984251968504,2.094185039370079,2.1608661417322836,1.8733149606299213,24208.28,39331.4,33355.08,29359.6,36554.7,37718.64,32699.34
2594,South Coast,4366.539287592107,847669500,2024-11,2024.0,11.0,month,0.534503937007874,1.5439606299212598,1.4001299212598426,1.1506889763779529,1.8205196850393701,1.6030393700787402,1.3188385826771654,9329.94,26950.35,24439.74,20085.66,31777.78,27981.59,23020.77
2595,South Coast,4366.539287592107,847669500,2024-12,2024.0,12.0,month,0.5097598425196851,1.1886181102362205,1.216716535433071,1.345515748031496,1.7169527559055118,1.1898740157480316,1.0783897637795277,8898.03,20747.73,21238.19,23486.43,29969.98,20769.65,18823.65
2596,South Coast,4366.539287592107,847669500,2025-00,,,water_year,24.116803149606298,32.884748031496066,30.123547244094492,34.52724409448819,32.06840551181102,31.981255905511816,25.850181102362207,420966.86,574014.26,525816.5900000001,602684.58,559764.73,558243.5,451223.54
2597,South Coast,4366.539287592107,847669500,2025-01,2025.0,1.0,month,0.7062047244094488,1.2638307086614176,1.2090078740157482,0.8247086614173229,1.271216535433071,1.766204724409449,1.471669291338583,12327.04,22060.59,21103.64,14395.57,22189.51,30829.69,25688.48
2598,South Coast,4366.539287592107,847669500,2025-02,2025.0,2.0,month,1.1817440944881892,1.4458503937007876,1.5734685039370078,1.3836299212598424,1.871444881889764,2.074153543307087,1.367011811023622,20627.74,25237.8,27465.42,24151.72,32666.7,36205.04,23861.65
2599,South Coast,4366.539287592107,847669500,2025-03,2025.0,3.0,month,1.892464566929134,2.1820551181102363,2.3698307086614174,2.2265393700787404,2.510515748031496,2.980157480314961,2.2079212598425197,33033.6,38088.5,41366.19,38864.99,43821.89,52019.64,38540.0
2600,South Coast,4366.539287592107,847669500,2025-04,2025.0,4.0,month,2.854669291338583,3.2007086614173232,3.173964566929134,3.5166299212598426,3.2141889763779528,3.2999645669291344,2.8473661417322833,49829.21,55869.44,55402.61,61383.95,56104.74,57601.98,49701.73
2601,South Coast,4366.539287592107,847669500,2025-05,2025.0,5.0,month,3.269181102362205,3.9967755905511817,3.7323307086614173,4.859255905511811,4.031169291338583,3.5378897637795275,2.869133858267717,57064.65,69765.05,65149.08,84819.93,70365.41,61755.05,50081.69
2602,South Coast,4366.539287592107,847669500,2025-06,2025.0,6.0,month,3.4186181102362205,4.284287401574804,3.6765236220472444,5.021799212598426,3.3887440944881893,3.4761377952755903,2.81353937007874,59673.12,74783.67,64174.95,87657.18,59151.66,60677.15,49111.27
2603,South Coast,4366.539287592107,847669500,2025-07,2025.0,7.0,month,3.28555905511811,4.294169291338583,3.759751968503937,5.276562992125984,3.7271062992125983,3.5201653543307088,2.9106181102362205,57350.53,74956.16,65627.73,92104.17,65057.89,61445.66,50805.81
2604,South Coast,4366.539287592107,847669500,2025-08,2025.0,8.0,month,3.154728346456693,4.150047244094488,3.4859921259842523,4.598972440944882,3.4507677165354336,3.4410196850393704,2.8583700787401574,55066.84,72440.46,60849.16,80276.6,60234.3,60064.15,49893.8
2605,South Coast,4366.539287592107,847669500,2025-09,2025.0,9.0,month,1.9225,3.0811850393700793,2.614948818897638,2.640956692913386,2.9715944881889764,2.931783464566929,2.2340078740157483,33557.88,53783.11,45644.8,46098.78,51870.17,51175.26,38995.35
2606,South Coast,4366.539287592107,847669500,2025-10,2025.0,10.0,month,1.3352992125984253,2.1758110236220474,1.876724409448819,1.2865157480314962,2.4633228346456693,2.351433070866142,1.7492874015748032,23308.09,37979.51,32758.85,22456.56,42998.12,41045.05,30534.4
2607,South Coast,4366.539287592107,847669500,2025-11,2025.0,11.0,month,0.7739685039370079,1.1090708661417323,1.3634763779527561,1.1292716535433072,2.114657480314961,1.8221181102362205,1.327204724409449,13509.88,19359.2,23799.94,19711.81,36912.05,31805.68,23166.8
2608,South Coast,4366.539287592107,847669500,2025-12,2025.0,12.0,month,0.723236220472441,1.2388267716535435,1.399224409448819,0.9881496062992127,1.6908858267716538,1.7206338582677165,1.5864055118110236,12624.33,21624.13,24423.93,17248.48,29514.98,30034.24,27691.24
2609,South Coast,4366.539287592107,847669500,2026-00,,,water_year,,,,,,,,,,,,,,
2610,South Lahontan,26088569.082677525,302283900,2003-10,2003.0,10.0,month,1.5873267716535435,2.1626220472440947,1.7573031496062994,1.1948110236220473,1.7910826771653543,2.2021259842519685,1.8477755905511812,9880.59,13461.62,10938.64,7437.31,11148.91,13707.52,11501.8
2611,South Lahontan,26088569.082677525,302283900,2003-11,2003.0,11.0,month,0.674492125984252,0.9198543307086615,0.8295314960629921,0.6933188976377953,1.2320708661417323,1.1819448818897638,0.6459645669291338,4198.49,5725.79,5163.56,4315.68,7669.24,7357.22,4020.92
2612,South Lahontan,26088569.082677525,302283900,2003-12,2003.0,12.0,month,0.45005118110236225,0.6124448818897639,0.6321181102362206,0.8283897637795277,0.8332165354330708,0.8334527559055118,0.49053543307086617,2801.42,3812.27,3934.73,5156.46,5186.5,5187.97,3053.42
2613,South Lahontan,26088569.082677525,302283900,2004-00,,,water_year,24.51271653543307,28.373448818897636,25.24366535433071,20.29328346456693,24.984688976377956,31.65466141732284,24.48698031496063,152583.66,176615.46000000002,157133.56999999998,126319.07999999999,155521.56,197039.94999999998,152423.48
2614,South Lahontan,26088569.082677525,302283900,2004-01,2004.0,1.0,month,0.596511811023622,0.4733425196850394,0.5602677165354332,0.5799527559055119,0.8710314960629921,0.5593622047244095,0.35042913385826774,3713.09,2946.4,3487.48,3610.02,5421.89,3481.85,2181.31
2615,South Lahontan,26088569.082677525,302283900,2004-02,2004.0,2.0,month,0.8461614173228347,0.8041102362204724,0.8457992125984253,0.8332362204724411,0.9143228346456693,1.476007874015748,0.5133425196850394,5267.08,5005.32,5264.82,5186.62,5691.36,9187.67,3195.39
2616,South Lahontan,26088569.082677525,302283900,2004-03,2004.0,3.0,month,2.145137795275591,1.8363425196850394,1.9114015748031496,1.700952755905512,1.9103385826771653,2.089488188976378,1.7423031496062993,13352.78,11430.63,11897.85,10587.88,11891.24,13006.38,10845.27
2617,South Lahontan,26088569.082677525,302283900,2004-04,2004.0,4.0,month,2.5385866141732283,2.614688976377953,2.4866929133858267,2.0843740157480317,2.6204921259842524,2.8359015748031493,2.368212598425197,15801.87,16275.59,15478.85,12974.55,16311.71,17652.56,14741.35
2618,South Lahontan,26088569.082677525,302283900,2004-05,2004.0,5.0,month,3.102783464566929,3.720118110236221,3.2638307086614176,2.748468503937008,3.1177598425196855,3.8350354330708663,3.1360708661417322,19313.82,23156.52,20316.28,17108.32,19407.04,23871.85,19521.02
2619,South Lahontan,26088569.082677525,302283900,2004-06,2004.0,6.0,month,3.678988188976378,3.975251968503937,3.5654448818897637,2.820326771653544,3.2411141732283464,4.269480314960631,3.4662401574803154,22900.5,24744.65,22193.73,17555.62,20174.88,26576.12,21576.22
2620,South Lahontan,26088569.082677525,302283900,2004-07,2004.0,7.0,month,3.5960551181102365,4.566496062992126,3.7938228346456695,2.9731141732283466,3.35144094488189,4.822543307086614,3.9904330708661417,22384.27,28424.95,23615.31,18506.67,20861.63,30018.76,24839.15
2621,South Lahontan,26088569.082677525,302283900,2004-08,2004.0,8.0,month,3.145681102362205,3.706716535433071,3.231354330708662,2.2587952755905514,3.011614173228347,4.361874015748032,3.3704763779527562,19580.84,23073.1,20114.13,14060.26,18746.32,27151.24,20980.12
2622,South Lahontan,26088569.082677525,302283900,2004-09,2004.0,9.0,month,2.15094094488189,2.9814606299212603,2.3660984251968507,1.5775433070866143,2.090204724409449,3.187444881889764,2.565196850393701,13388.91,18558.62,14728.19,9819.69,13010.84,19840.81,15967.51
2623,South Lahontan,26088569.082677525,302283900,2004-10,2004.0,10.0,month,1.375751968503937,1.632188976377953,1.4931692913385826,0.7968110236220474,1.728716535433071,2.2115275590551184,1.4183346456692913,8563.61,10159.84,9294.49,4959.89,10760.7,13766.04,8828.67
2624,South Lahontan,26088569.082677525,302283900,2004-11,2004.0,11.0,month,0.8792992125984253,0.7810157480314962,0.8227125984251968,0.4153661417322835,1.3336141732283466,1.1458110236220473,0.7559094488188977,5473.35,4861.57,5121.12,2585.52,8301.31,7132.3,4705.29
2625,South Lahontan,26088569.082677525,302283900,2004-12,2004.0,12.0,month,0.5329527559055118,0.6200669291338583,0.6287677165354332,0.6426574803149606,0.9392716535433072,0.7229133858267717,0.4937637795275591,3317.46,3859.71,3913.87,4000.33,5846.66,4499.9,3073.52
2626,South Lahontan,26088569.082677525,302283900,2005-00,,,water_year,27.01494881889764,29.680960629921262,27.647381889763782,22.645141732283466,29.26299212598426,34.478259842519684,26.675173228346456,168159.26,184754.28999999998,172095.95,140958.63,182152.59000000003,214615.94,166044.26
2627,South Lahontan,26088569.082677525,302283900,2005-01,2005.0,1.0,month,0.6526889763779528,0.5553031496062992,0.7616889763779529,0.7457992125984253,1.107992125984252,1.285492125984252,0.5631850393700788,4062.78,3456.58,4741.27,4642.36,6896.89,8001.77,3505.64
2628,South Lahontan,26088569.082677525,302283900,2005-02,2005.0,2.0,month,1.0112677165354331,0.7156811023622047,0.97298031496063,0.7275,1.7128425196850394,1.491224409448819,0.7804488188976378,6294.81,4454.88,6056.49,4528.45,10661.89,9282.39,4858.04
2629,South Lahontan,26088569.082677525,302283900,2005-03,2005.0,3.0,month,2.0388031496062995,1.983700787401575,2.18101968503937,2.1853543307086616,2.491996062992126,2.3899212598425197,2.0372874015748033,12690.89,12347.89,13576.14,13603.12,15511.86,14876.48,12681.45
2630,South Lahontan,26088569.082677525,302283900,2005-04,2005.0,4.0,month,2.816602362204725,2.8256889763779527,2.7816023622047243,2.616413385826772,3.0441220472440946,2.981169291338583,2.704216535433071,17532.43,17588.99,17314.57,16286.32,18948.67,18556.81,16832.87
2631,South Lahontan,26088569.082677525,302283900,2005-05,2005.0,5.0,month,3.7598582677165355,3.618464566929134,3.608732283464567,3.0558228346456695,3.8902440944881893,4.19140157480315,3.3210708661417323,23403.89,22523.76,22463.18,19021.5,24215.5,26090.11,20672.58
2632,South Lahontan,26088569.082677525,302283900,2005-06,2005.0,6.0,month,3.8986732283464574,4.601535433070866,3.9005078740157484,3.197263779527559,3.451976377952756,4.437397637795276,3.8979645669291343,24267.97,28643.06,24279.39,19901.93,21487.43,27621.35,24263.56
2633,South Lahontan,26088569.082677525,302283900,2005-07,2005.0,7.0,month,4.473330708661417,4.8838149606299215,4.2972598425196855,3.6543228346456695,3.837216535433071,5.238405511811024,4.238870078740158,27845.03,30400.16,26749.04,22746.97,23885.42,32607.37,26385.58
2634,South Lahontan,26088569.082677525,302283900,2005-08,2005.0,8.0,month,3.41646062992126,4.27161811023622,3.6209133858267717,2.9736968503937007,3.287736220472441,4.83653937007874,3.6635118110236222,21266.35,26589.43,22539.01,18510.29,20465.09,30105.88,22804.17
2635,South Lahontan,26088569.082677525,302283900,2005-09,2005.0,9.0,month,2.159259842519685,3.19188188976378,2.5780275590551183,1.6341338582677165,2.437263779527559,3.546456692913386,2.8006102362204723,13440.69,19868.42,16047.38,10171.95,15171.17,22075.54,17432.89
2636,South Lahontan,26088569.082677525,302283900,2005-10,2005.0,10.0,month,1.6548346456692915,1.9703897637795276,1.7318070866141735,1.0008425196850395,1.8126771653543308,2.2935866141732286,1.6896377952755908,10300.81,12265.03,10779.93,6229.92,11283.32,14276.83,10517.44
2637,South Lahontan,26088569.082677525,302283900,2005-11,2005.0,11.0,month,0.8363228346456694,1.2777913385826771,1.0512795275590552,0.5546338582677166,1.2386929133858269,1.2900275590551182,1.2034173228346459,5205.84,7953.83,6543.87,3452.42,7710.46,8030.0,7490.88
2638,South Lahontan,26088569.082677525,302283900,2005-12,2005.0,12.0,month,0.5306456692913386,0.7628228346456692,0.6580669291338583,0.48107086614173233,0.8333188976377953,1.015988188976378,0.676236220472441,3303.1,4748.32,4096.25,2994.51,5187.14,6324.2,4209.35
2639,South Lahontan,26088569.082677525,302283900,2006-00,,,water_year,27.276681102362204,31.40832677165355,27.451236220472442,20.618346456692915,27.910622047244097,33.93077165354331,26.826968503937007,169788.47000000003,195506.58000000002,170874.99,128342.5,173734.53,211208.0,166989.14
2640,South Lahontan,26088569.082677525,302283900,2006-01,2006.0,1.0,month,0.751251968503937,0.8657677165354332,0.8386692913385827,0.7604527559055119,1.1012677165354332,1.0853031496062993,0.6461338582677165,4676.3,5389.12,5220.44,4733.57,6855.03,6755.66,4021.97
2641,South Lahontan,26088569.082677525,302283900,2006-02,2006.0,2.0,month,0.9454212598425198,0.8521653543307087,0.9932677165354331,0.9652913385826772,1.4104763779527558,1.114,0.8668976377952757,5884.94,5304.45,6182.77,6008.62,8779.76,6934.29,5396.16
2642,South Lahontan,26088569.082677525,302283900,2006-03,2006.0,3.0,month,1.6257874015748033,1.2644488188976377,1.5816141732283466,1.601476377952756,2.1358818897637795,2.0892362204724413,1.1918307086614175,10120.0,7870.78,9845.03,9968.67,13295.17,13004.81,7418.76
2643,South Lahontan,26088569.082677525,302283900,2006-04,2006.0,4.0,month,2.646212598425197,2.656511811023622,2.583523622047244,2.2425944881889763,3.318618110236221,2.978488188976378,2.2863385826771654,16471.81,16535.92,16081.59,13959.42,20657.32,18540.12,14231.71
2644,South Lahontan,26088569.082677525,302283900,2006-05,2006.0,5.0,month,4.008007874015748,3.9862913385826775,3.5241220472440946,2.7917992125984252,3.3048385826771653,4.102574803149606,3.372496062992126,24948.54,24813.36,21936.51,17378.04,20571.54,25537.19,20992.69
2645,South Lahontan,26088569.082677525,302283900,2006-06,2006.0,6.0,month,3.984259842519685,4.913055118110236,4.01248031496063,3.4104527559055122,3.478295275590551,4.8307677165354335,3.988129921259843,24800.72,30582.17,24976.38,21228.96,21651.25,30069.95,24824.81
2646,South Lahontan,26088569.082677525,302283900,2006-07,2006.0,7.0,month,4.365929133858268,5.026775590551181,4.3186141732283465,3.1759685039370082,3.8650000000000007,5.334877952755906,4.228897637795276,27176.49,31290.04,26881.97,19769.37,24058.37,33207.88,26323.51
2647,South Lahontan,26088569.082677525,302283900,2006-08,2006.0,8.0,month,3.621771653543307,4.438456692913386,3.5991023622047242,1.8950984251968506,3.0693976377952756,4.569259842519686,3.8816535433070865,22544.35,27627.95,22403.24,11796.37,19106.0,28442.15,24162.03
2648,South Lahontan,26088569.082677525,302283900,2006-09,2006.0,9.0,month,2.3062362204724414,3.3938503937007876,2.5586889763779532,1.738665354330709,2.342157480314961,3.226661417322835,2.7952992125984255,14355.57,21125.61,15927.01,10822.63,14579.17,20084.92,17399.83
2649,South Lahontan,26088569.082677525,302283900,2006-10,2006.0,10.0,month,1.3668779527559056,2.0870236220472442,1.684259842519685,1.130988188976378,1.831751968503937,2.1325433070866144,1.6992637795275591,8508.37,12991.04,10483.97,7040.03,11402.06,13274.39,10577.36
2650,South Lahontan,26088569.082677525,302283900,2006-11,2006.0,11.0,month,0.6986456692913386,1.0689566929133858,0.9036614173228347,0.6051456692913386,1.2575905511811023,1.1241574803149608,0.963007874015748,4348.84,6653.91,5625.0,3766.83,7828.09,6997.51,5994.41
2651,South Lahontan,26088569.082677525,302283900,2006-12,2006.0,12.0,month,0.3712047244094488,0.6563385826771654,0.5975629921259843,0.4913188976377953,0.9211299212598425,0.8994566929133858,0.5722834645669291,2310.63,4085.49,3719.63,3058.3,5733.73,5598.82,3562.28
2652,South Lahontan,26088569.082677525,302283900,2007-00,,,water_year,24.94105118110236,28.236118110236223,25.139062992125982,19.020204724409453,24.82633464566929,32.10676377952756,25.228208661417323,155249.91999999998,175760.64,156482.47,118394.57,154535.86,199854.13999999998,157037.38
2653,South Lahontan,26088569.082677525,302283900,2007-01,2007.0,1.0,month,0.5281141732283464,0.5157677165354331,0.513492125984252,0.3984645669291339,0.7028188976377954,0.7013464566929134,0.4853425196850394,3287.34,3210.49,3196.32,2480.31,4374.82,4365.65,3021.1
2654,South Lahontan,26088569.082677525,302283900,2007-02,2007.0,2.0,month,0.9123622047244094,0.653759842519685,0.7091023622047244,0.4567637795275591,1.1240748031496064,0.9925433070866142,0.5117598425196851,5679.16,4069.44,4413.93,2843.21,6997.0,6178.26,3185.54
2655,South Lahontan,26088569.082677525,302283900,2007-03,2007.0,3.0,month,1.917700787401575,1.7947440944881892,1.6890236220472443,1.469763779527559,1.6620157480314963,1.832413385826772,1.5370748031496064,11937.06,11171.7,10513.62,9148.8,10345.51,11406.18,9567.79
2656,South Lahontan,26088569.082677525,302283900,2007-04,2007.0,4.0,month,2.683744094488189,2.609177165354331,2.460204724409449,2.1195708661417325,2.297444881889764,2.82838188976378,2.437311023622047,16705.43,16241.28,15313.97,13193.64,14300.85,17605.76,15171.47
2657,South Lahontan,26088569.082677525,302283900,2007-05,2007.0,5.0,month,3.3954409448818903,3.493468503937008,3.3287834645669294,2.9905826771653548,3.2875078740157484,3.9118149606299215,3.1623031496062994,21135.51,21745.7,20720.59,18615.4,20463.67,24349.77,19684.31
2658,South Lahontan,26088569.082677525,302283900,2007-06,2007.0,6.0,month,3.7642755905511813,4.105023622047244,3.7286220472440945,3.3149763779527563,3.3392992125984255,4.680614173228347,3.7335984251968504,23431.39,25552.43,23209.46,20634.65,20786.05,29135.3,23240.43
2659,South Lahontan,26088569.082677525,302283900,2007-07,2007.0,7.0,month,3.904744094488189,4.924830708661418,4.007102362204725,2.8358779527559057,3.4416850393700793,5.264736220472441,4.254578740157481,24305.76,30655.47,24942.91,17652.42,21423.37,32771.27,26483.37
2660,South Lahontan,26088569.082677525,302283900,2007-08,2007.0,8.0,month,3.2779251968503935,3.678188976377953,3.230929133858268,1.8213149606299215,2.8192637795275592,4.431244094488189,3.4817007874015746,20404.02,22895.53,20111.48,11337.09,17549.0,27583.05,21672.45
2661,South Lahontan,26088569.082677525,302283900,2007-09,2007.0,9.0,month,2.1200157480314963,2.6488385826771657,2.2863188976377953,1.385437007874016,2.1417519685039372,3.3075118110236224,2.389984251968504,13196.41,16488.16,14231.59,8623.89,13331.71,20588.18,14876.87
2662,South Lahontan,26088569.082677525,302283900,2007-10,2007.0,10.0,month,1.4986181102362206,2.0734173228346457,1.6503582677165356,1.2283582677165354,1.630220472440945,2.027669291338583,1.7190708661417324,9328.41,12906.35,10272.94,7646.13,10147.59,12621.58,10700.66
2663,South Lahontan,26088569.082677525,302283900,2007-11,2007.0,11.0,month,0.7880236220472441,0.9508228346456693,0.9042716535433071,0.6585708661417322,1.2095511811023623,1.2421850393700788,0.9081377952755907,4905.19,5918.56,5628.8,4099.39,7529.06,7732.2,5652.86
2664,South Lahontan,26088569.082677525,302283900,2007-12,2007.0,12.0,month,0.5747007874015748,0.655503937007874,0.6400196850393701,0.4581692913385827,0.9950669291338583,0.9691929133858268,0.5681141732283465,3577.33,4080.3,3983.91,2851.95,6193.97,6032.91,3536.33
2665,South Lahontan,26088569.082677525,302283900,2008-00,,,water_year,25.396594488188978,30.310893700787403,26.96812598425197,20.622,26.88979527559055,34.78551574803149,27.663775590551182,158085.53,188675.44999999998,167867.81,128365.22999999998,167380.22,216528.51,172197.99000000002
2666,South Lahontan,26088569.082677525,302283900,2008-01,2008.0,1.0,month,0.6586141732283465,0.7071889763779527,0.7063858267716536,0.5267952755905512,0.9315314960629922,1.2330669291338583,0.5076653543307087,4099.66,4402.02,4397.02,3279.13,5798.48,7675.44,3160.05
2667,South Lahontan,26088569.082677525,302283900,2008-02,2008.0,2.0,month,0.9938937007874017,0.5435433070866141,0.9553779527559055,1.13098031496063,1.4634015748031497,1.2337047244094488,0.6429724409448818,6186.66,3383.38,5946.92,7039.98,9109.2,7679.41,4002.29
2668,South Lahontan,26088569.082677525,302283900,2008-03,2008.0,3.0,month,1.9967834645669291,1.9793543307086614,1.8855551181102361,1.5288582677165354,2.0538858267716535,1.8423818897637796,1.786744094488189,12429.33,12320.84,11736.97,9516.64,12784.77,11468.23,11121.9
2669,South Lahontan,26088569.082677525,302283900,2008-04,2008.0,4.0,month,2.6996496062992126,3.132503937007874,2.726759842519685,2.154681102362205,2.4692519685039374,3.078547244094488,2.9170905511811025,16804.44,19498.82,16973.19,13412.19,15370.29,19162.95,18157.94
2670,South Lahontan,26088569.082677525,302283900,2008-05,2008.0,5.0,month,3.408984251968504,3.6095944881889768,3.224818897637795,2.031,2.996185039370079,3.8916456692913393,3.3631889763779528,21219.82,22468.55,20073.45,12642.31,18650.28,24224.23,20934.76
2671,South Lahontan,26088569.082677525,302283900,2008-06,2008.0,6.0,month,3.266425196850394,4.4281929133858275,3.8060944881889767,3.0708976377952757,3.5801023622047246,4.92244094488189,4.070917322834646,20332.43,27564.06,23691.7,19115.34,22284.97,30640.59,25340.13
2672,South Lahontan,26088569.082677525,302283900,2008-07,2008.0,7.0,month,4.0245078740157485,4.70842125984252,4.147657480314961,3.6318700787401577,3.615929133858268,5.639165354330709,4.261696850393701,25051.25,29308.39,25817.82,22607.21,22507.98,35101.97,26527.67
2673,South Lahontan,26088569.082677525,302283900,2008-08,2008.0,8.0,month,3.4472637795275594,4.492255905511811,3.769641732283465,2.46792125984252,3.4306102362204727,5.163838582677165,4.144086614173228,21458.09,27962.83,23464.79,15362.01,21354.43,32143.21,25795.59
2674,South Lahontan,26088569.082677525,302283900,2008-09,2008.0,9.0,month,2.0391299212598426,3.0300944881889764,2.551185039370079,1.7338976377952755,2.5140590551181106,3.541677165354331,2.7740905511811027,12692.92,18861.35,15880.3,10792.95,15649.2,22045.79,17267.81
2675,South Lahontan,26088569.082677525,302283900,2008-10,2008.0,10.0,month,1.088996062992126,1.9862913385826773,1.5780669291338585,0.8405551181102363,1.649740157480315,2.2168937007874017,1.8287874015748034,6778.65,12364.02,9822.95,5232.18,10269.09,13799.44,11383.61
2676,South Lahontan,26088569.082677525,302283900,2008-11,2008.0,11.0,month,0.758728346456693,1.003429133858268,0.9084330708661418,0.5494212598425197,0.9814251968503938,1.5783661417322834,1.0299370078740158,4722.84,6246.02,5654.7,3419.97,6109.05,9824.81,6411.02
2677,South Lahontan,26088569.082677525,302283900,2008-12,2008.0,12.0,month,0.5739094488188976,0.5807716535433071,0.6680196850393701,0.41773622047244097,0.8513543307086615,1.041759842519685,0.6719448818897638,3572.4,3615.11,4158.2,2600.27,5299.4,6484.62,4182.64
2678,South Lahontan,26088569.082677525,302283900,2009-00,,,water_year,22.66723228346457,31.18290157480315,26.74596062992126,20.08006299212599,27.51390157480315,33.06319291338583,27.435586614173232,141096.13,194103.40000000002,166484.87999999998,124991.85,171265.07,205807.6,170777.59
2679,South Lahontan,26088569.082677525,302283900,2009-01,2009.0,1.0,month,0.6177125984251969,0.7838543307086615,0.7760905511811025,0.7320314960629921,1.0177795275590553,0.9330629921259843,0.8065196850393702,3845.06,4879.24,4830.91,4556.66,6335.35,5808.01,5020.32
2680,South Lahontan,26088569.082677525,302283900,2009-02,2009.0,2.0,month,0.8169685039370079,0.8864409448818897,1.0122795275590553,0.9036889763779529,1.3821102362204727,1.5590984251968505,0.8557677165354332,5085.36,5517.81,6301.11,5625.17,8603.19,9704.88,5326.88
2681,South Lahontan,26088569.082677525,302283900,2009-03,2009.0,3.0,month,1.6680590551181103,1.7681062992125984,1.8488228346456692,1.6634291338582678,2.3158070866141736,2.090889763779528,1.7647440944881891,10383.12,11005.89,11508.32,10354.3,14415.14,13015.11,10984.96
2682,South Lahontan,26088569.082677525,302283900,2009-04,2009.0,4.0,month,2.4293385826771656,3.364267716535433,2.8926062992125985,3.1282716535433073,2.8782480314960632,2.920129921259843,2.6682952755905514,15121.84,20941.47,18005.53,19472.47,17916.16,18176.86,16609.27
2683,South Lahontan,26088569.082677525,302283900,2009-05,2009.0,5.0,month,3.4110472440944886,3.977248031496063,3.5678779527559055,2.750476377952756,3.5128307086614172,4.045370078740158,3.457708661417323,21232.66,24757.07,22208.88,17120.82,21866.23,25181.11,21523.11
2684,South Lahontan,26088569.082677525,302283900,2009-06,2009.0,6.0,month,2.6289094488188978,3.859956692913386,3.307551181102362,2.458732283464567,3.4982913385826775,3.9860590551181105,3.3173385826771655,16364.1,24026.97,20588.43,15304.81,21775.72,24811.92,20649.35
2685,South Lahontan,26088569.082677525,302283900,2009-07,2009.0,7.0,month,3.660877952755906,4.969503937007874,4.02853937007874,2.6311062992125986,3.741992125984252,5.067287401574804,4.231110236220473,22787.77,30933.54,25076.34,16377.78,23292.68,31542.21,26337.28
2686,South Lahontan,26088569.082677525,302283900,2009-08,2009.0,8.0,month,3.005318897637795,4.708220472440946,3.513917322834646,2.226271653543307,3.123,4.316531496062992,3.9155157480314964,18707.13,29307.14,21872.99,13857.82,19439.66,26869.0,24372.81
2687,South Lahontan,26088569.082677525,302283900,2009-09,2009.0,9.0,month,2.0073661417322834,3.294811023622047,2.643755905511811,1.7783425196850393,2.561322834645669,3.3077440944881893,2.8879173228346455,12495.2,20509.12,16456.52,11069.6,15943.4,20589.63,17976.34
2688,South Lahontan,26088569.082677525,302283900,2009-10,2009.0,10.0,month,1.165767716535433,1.8901535433070868,1.547007874015748,1.040712598425197,1.5895708661417325,2.0853976377952756,1.5982716535433072,7256.52,11765.59,9629.62,6478.1,9894.56,12980.92,9948.72
2689,South Lahontan,26088569.082677525,302283900,2009-11,2009.0,11.0,month,0.6385944881889765,1.149972440944882,0.9088385826771653,0.6836653543307087,1.0506732283464568,1.1132716535433071,0.9569409448818899,3975.04,7158.2,5657.22,4255.59,6540.1,6929.75,5956.65
2690,South Lahontan,26088569.082677525,302283900,2009-12,2009.0,12.0,month,0.43911023622047246,0.6336141732283466,0.5939251968503937,0.5648149606299213,0.7518700787401575,0.9447598425196851,0.5050472440944882,2733.32,3944.04,3696.99,3515.79,4680.15,5880.82,3143.75
2691,South Lahontan,26088569.082677525,302283900,2010-00,,,water_year,25.228259842519684,30.159893700787404,27.030555118110236,20.426748031496064,28.380696850393704,31.488728346456696,26.33294881889764,157037.69,187735.5,168256.40000000002,127149.85999999999,176660.6,196007.08000000002,163914.03
2692,South Lahontan,26088569.082677525,302283900,2010-01,2010.0,1.0,month,0.64798031496063,0.5968031496062992,0.7656535433070867,0.744228346456693,1.2318188976377953,1.0013307086614174,0.537988188976378,4033.47,3714.91,4765.94,4632.58,7667.67,6232.96,3348.8
2693,South Lahontan,26088569.082677525,302283900,2010-02,2010.0,2.0,month,1.0516259842519686,0.5575590551181103,0.9576102362204725,0.7873425196850394,1.4851496062992127,1.2290433070866142,0.6861062992125985,6546.03,3470.62,5960.81,4900.95,9244.57,7650.39,4270.79
2694,South Lahontan,26088569.082677525,302283900,2010-03,2010.0,3.0,month,1.9987519685039372,1.9015984251968505,1.9998346456692915,1.7160393700787404,2.5440393700787403,1.9432480314960632,1.771759842519685,12441.58,11836.83,12448.32,10681.79,15835.82,12096.09,11028.63
2695,South Lahontan,26088569.082677525,302283900,2010-04,2010.0,4.0,month,2.7863070866141735,3.132251968503937,2.6679724409448817,1.862779527559055,2.8813346456692916,2.896129921259843,2.4745787401574804,17343.85,19497.25,16607.26,11595.2,17935.37,18027.47,15403.45
2696,South Lahontan,26088569.082677525,302283900,2010-05,2010.0,5.0,month,3.4627598425196853,3.814338582677166,3.3654606299212597,2.2804606299212598,3.4044094488188974,3.585094488188977,3.3678818897637797,21554.55,23743.01,20948.9,14195.12,21191.34,22316.04,20963.97
2697,South Lahontan,26088569.082677525,302283900,2010-06,2010.0,6.0,month,3.721700787401575,4.259023622047244,3.834720472440945,3.230106299212599,3.724716535433071,4.391377952755906,3.721673228346457,23166.37,26511.03,23869.89,20106.36,23185.15,27334.9,23166.2
2698,South Lahontan,26088569.082677525,302283900,2010-07,2010.0,7.0,month,4.130385826771653,4.697488188976378,4.162157480314961,3.137299212598425,3.84498031496063,4.786425196850394,4.125771653543308,25710.31,29240.33,25908.07,19528.67,23933.75,29793.94,25681.58
2699,South Lahontan,26088569.082677525,302283900,2010-08,2010.0,8.0,month,3.205224409448819,4.334909448818898,3.628086614173229,2.563173228346457,3.3202204724409454,4.333712598425198,3.801614173228347,19951.48,26983.4,22583.66,15954.92,20667.29,26975.95,23663.81
2700,South Lahontan,26088569.082677525,302283900,2010-09,2010.0,9.0,month,1.9800511811023624,3.192181102362205,2.5992874015748035,1.8161259842519688,2.5519133858267717,3.178937007874016,2.7853149606299215,12325.17,19870.29,16179.72,11304.79,15884.83,19787.85,17337.68
2701,South Lahontan,26088569.082677525,302283900,2010-10,2010.0,10.0,month,1.562220472440945,1.9701181102362204,1.7240551181102362,1.0539212598425198,1.8263267716535434,2.1805748031496064,1.6487874015748032,9724.31,12263.34,10731.68,6560.32,11368.29,13573.37,10263.16
2702,South Lahontan,26088569.082677525,302283900,2010-11,2010.0,11.0,month,0.7400511811023622,1.4236062992125984,1.0205472440944883,0.53048031496063,1.1442047244094489,1.1861259842519687,1.141736220472441,4606.58,8861.49,6352.57,3302.07,7122.3,7383.25,7106.94
2703,South Lahontan,26088569.082677525,302283900,2010-12,2010.0,12.0,month,0.48448818897637796,0.7264330708661417,0.791503937007874,0.5932952755905512,1.4409330708661419,1.168724409448819,0.6831811023622048,3015.78,4521.81,4926.85,3693.07,8969.34,7274.93,4252.58
2704,South Lahontan,26088569.082677525,302283900,2011-00,,,water_year,26.103826771653548,32.347255905511815,28.379362204724412,19.749814960629923,30.34532283464567,33.18594881889764,28.24238188976378,162487.82,201351.12000000002,176652.27000000002,122936.17,188889.75999999998,206571.74000000002,175799.62999999998
2705,South Lahontan,26088569.082677525,302283900,2011-01,2011.0,1.0,month,0.690220472440945,0.7548346456692914,0.7723346456692914,0.5371574803149607,1.2875748031496064,0.8508937007874017,0.6661535433070866,4296.4,4698.6,4807.53,3343.63,8014.73,5296.54,4146.59
2706,South Lahontan,26088569.082677525,302283900,2011-02,2011.0,2.0,month,1.0251732283464567,1.1619370078740159,1.0969212598425198,0.5700905511811024,1.3750787401574804,1.4171456692913387,0.9674370078740159,6381.37,7232.68,6827.98,3548.63,8559.42,8821.27,6021.98
2707,South Lahontan,26088569.082677525,302283900,2011-03,2011.0,3.0,month,1.8919921259842523,2.0975354330708664,2.023468503937008,1.6209803149606299,2.612102362204724,2.2263937007874017,1.622732283464567,11777.03,13056.47,12595.43,10090.07,16259.49,13858.58,10100.98
2708,South Lahontan,26088569.082677525,302283900,2011-04,2011.0,4.0,month,3.070468503937008,3.1325787401574803,2.9222244094488192,2.0428149606299213,3.2409448818897637,3.1181062992125987,2.8974803149606303,19112.67,19499.28,18189.89,12715.86,20173.83,19409.2,18035.87
2709,South Lahontan,26088569.082677525,302283900,2011-05,2011.0,5.0,month,3.474417322834646,4.176464566929134,3.653685039370079,2.8727362204724414,3.75653937007874,3.8280157480314965,3.526948818897638,21627.12,25997.13,22743.0,17881.85,23383.23,23828.15,21954.11
2710,South Lahontan,26088569.082677525,302283900,2011-06,2011.0,6.0,month,3.7731220472440947,4.418586614173229,3.860161417322835,2.5283346456692914,3.802748031496063,4.355885826771654,3.8915157480314964,23486.46,27504.26,24028.25,15738.06,23670.87,27113.97,24223.42
2711,South Lahontan,26088569.082677525,302283900,2011-07,2011.0,7.0,month,3.7502677165354332,4.755767716535433,4.041972440944882,2.6365944881889765,3.7020314960629923,4.906503937007875,4.403078740157481,23344.19,29603.1,25159.96,16411.94,23043.94,30541.39,27407.73
2712,South Lahontan,26088569.082677525,302283900,2011-08,2011.0,8.0,month,3.297484251968504,4.722854330708661,3.7906062992125986,2.772818897637795,3.451452755905512,4.5593937007874015,4.046661417322835,20525.76,29398.23,23595.29,17259.89,21484.17,28380.74,25189.15
2713,South Lahontan,26088569.082677525,302283900,2011-09,2011.0,9.0,month,2.34392125984252,3.0065393700787406,2.6818818897637797,1.9905905511811024,2.705385826771654,3.3881850393700788,2.746669291338583,14590.15,18714.73,16693.84,12390.78,16840.15,21090.35,17097.12
2714,South Lahontan,26088569.082677525,302283900,2011-10,2011.0,10.0,month,1.5653188976377952,2.190181102362205,1.7986417322834645,0.8625669291338582,1.8874842519685042,2.233669291338583,1.7952795275590552,9743.6,13633.16,11195.96,5369.2,11748.97,13903.86,11175.03
2715,South Lahontan,26088569.082677525,302283900,2011-11,2011.0,11.0,month,0.6983425196850394,0.9692047244094488,0.8365472440944882,0.5155511811023623,1.307196850393701,1.1782755905511813,0.7425590551181103,4346.95,6032.98,5207.23,3209.14,8136.87,7334.38,4622.19
2716,South Lahontan,26088569.082677525,302283900,2011-12,2011.0,12.0,month,0.44475590551181104,0.7537795275590552,0.6633700787401575,0.7262244094488189,0.9495708661417324,0.7197047244094489,0.5695708661417324,2768.46,4692.03,4129.26,4520.51,5910.77,4479.93,3545.39
2717,South Lahontan,26088569.082677525,302283900,2012-00,,,water_year,25.454401574803146,31.240736220472442,27.31261811023622,20.363460629921263,28.84892913385827,32.72553543307087,26.808330708661416,158445.35,194463.40000000002,170012.14,126755.90000000001,179575.18,203705.8,166873.11000000002
2718,South Lahontan,26088569.082677525,302283900,2012-01,2012.0,1.0,month,0.6570787401574805,0.7392913385826771,0.8241968503937008,1.0435236220472441,1.1324960629921261,0.8560236220472441,0.6221417322834646,4090.1,4601.85,5130.36,6495.59,7049.42,5328.47,3872.63
2719,South Lahontan,26088569.082677525,302283900,2012-02,2012.0,2.0,month,1.1167598425196852,0.9484448818897638,1.048015748031496,1.206748031496063,1.9183110236220473,1.0220905511811023,0.7446929133858268,6951.47,5903.76,6523.56,7511.61,11940.86,6362.18,4635.47
2720,South Lahontan,26088569.082677525,302283900,2012-03,2012.0,3.0,month,2.0874133858267716,2.1688307086614174,2.0138149606299214,1.8931062992125984,2.3866653543307086,2.068307086614173,1.5321377952755906,12993.47,13500.26,12535.34,11783.97,14856.21,12874.54,9537.06
2721,South Lahontan,26088569.082677525,302283900,2012-04,2012.0,4.0,month,2.8900314960629925,2.885484251968504,2.6946732283464567,1.898232283464567,2.8531496062992128,3.1408858267716533,2.6436692913385826,17989.5,17961.2,16773.46,11815.88,17759.93,19550.99,16455.98
2722,South Lahontan,26088569.082677525,302283900,2012-05,2012.0,5.0,month,3.3826692913385825,4.325472440944882,3.6167244094488193,2.498003937007874,3.5948307086614175,4.157334645669292,3.6558385826771658,21056.01,26924.66,22512.93,15549.26,22376.65,25878.05,22756.4
2723,South Lahontan,26088569.082677525,302283900,2012-06,2012.0,6.0,month,3.46688188976378,4.58386220472441,3.830409448818898,2.953263779527559,3.518425196850394,4.595157480314961,4.011047244094488,21580.21,28533.05,23843.05,18383.1,21901.05,28603.36,24967.46
2724,South Lahontan,26088569.082677525,302283900,2012-07,2012.0,7.0,month,3.365673228346457,4.433858267716536,3.8562086614173228,2.7648031496062995,3.6535905511811024,4.8640708661417325,4.0507795275590555,20950.22,27599.32,24003.64,17210.0,22742.41,30277.26,25214.78
2725,South Lahontan,26088569.082677525,302283900,2012-08,2012.0,8.0,month,3.388787401574803,4.045141732283465,3.5322677165354333,2.4258149606299213,3.272263779527559,4.591874015748032,3.6603543307086617,21094.1,25179.69,21987.22,15099.91,20368.78,28582.92,22784.51
2726,South Lahontan,26088569.082677525,302283900,2012-09,2012.0,9.0,month,2.390688976377953,3.197185039370079,2.5977480314960633,1.5756220472440947,2.374944881889764,3.2981417322834647,2.780259842519685,14881.26,19901.44,16170.13,9807.73,14783.26,20529.86,17306.21
2727,South Lahontan,26088569.082677525,302283900,2012-10,2012.0,10.0,month,1.4375314960629924,2.266051181102362,1.7630944881889765,0.968216535433071,1.8304133858267717,2.192767716535433,1.8461889763779529,8948.17,14105.43,10974.69,6026.83,11393.73,13649.26,11491.92
2728,South Lahontan,26088569.082677525,302283900,2012-11,2012.0,11.0,month,0.6862047244094489,1.2561653543307087,0.9639015748031496,0.6592362204724409,1.3337992125984253,1.093492125984252,0.9711259842519685,4271.4,7819.22,5999.97,4103.53,8302.47,6806.63,6044.94
2729,South Lahontan,26088569.082677525,302283900,2012-12,2012.0,12.0,month,0.5127362204724409,0.6558661417322834,0.661496062992126,0.5375511811023622,1.033712598425197,1.0172795275590552,0.5634724409448819,3191.62,4082.55,4117.6,3346.08,6434.52,6332.23,3507.43
2730,South Lahontan,26088569.082677525,302283900,2013-00,,,water_year,23.129515748031498,30.766228346456696,26.582657480314964,18.76988188976378,27.01857086614173,33.83145275590551,27.88996850393701,143973.69999999998,191509.71999999997,165468.38,116836.38999999998,168181.77999999997,210589.76,173605.94999999998
2731,South Lahontan,26088569.082677525,302283900,2013-01,2013.0,1.0,month,0.5998661417322835,0.3371574803149607,0.5864370078740158,0.6060708661417323,0.9343385826771654,0.7882007874015748,0.4801496062992126,3733.97,2098.7,3650.38,3772.59,5815.95,4906.29,2988.77
2732,South Lahontan,26088569.082677525,302283900,2013-02,2013.0,2.0,month,0.9144527559055119,0.7229173228346458,0.75798031496063,0.6399094488188977,0.9502047244094489,0.8210826771653543,0.6056850393700788,5692.17,4499.92,4718.18,3983.23,5914.71,5110.97,3770.19
2733,South Lahontan,26088569.082677525,302283900,2013-03,2013.0,3.0,month,1.7531771653543309,1.9998740157480315,1.8165708661417324,1.7370472440944884,2.0843070866141735,1.9505944881889763,1.5810748031496065,10912.96,12448.56,11307.56,10812.55,12974.13,12141.82,9841.68
2734,South Lahontan,26088569.082677525,302283900,2013-04,2013.0,4.0,month,2.6888740157480315,2.9155314960629926,2.741736220472441,1.983492125984252,2.9084881889763783,3.2347874015748035,2.7677598425196854,16737.36,18148.23,17066.41,12346.59,18104.39,20135.5,17228.4
2735,South Lahontan,26088569.082677525,302283900,2013-05,2013.0,5.0,month,3.0379606299212596,4.251972440944883,3.537728346456693,2.7158267716535436,3.318996062992126,4.3950472440944885,3.7273188976377956,18910.31,26467.14,22021.21,16905.14,20659.67,27357.74,23201.35
2736,South Lahontan,26088569.082677525,302283900,2013-06,2013.0,6.0,month,3.231444881889764,4.204192913385827,3.7740629921259843,2.7061220472440946,3.5919251968503936,4.933299212598426,4.13288188976378,20114.69,26169.73,23492.31,16844.73,22358.56,30708.18,25725.84
2737,South Lahontan,26088569.082677525,302283900,2013-07,2013.0,7.0,month,3.2756141732283464,4.811433070866142,3.9265314960629927,2.572358267716536,3.5193897637795275,5.2432716535433075,4.370350393700788,20389.63,29949.6,24441.38,16012.09,21907.05,32637.66,27204.01
2738,South Lahontan,26088569.082677525,302283900,2013-08,2013.0,8.0,month,2.8080472440944884,4.253118110236221,3.4317716535433074,2.0958582677165354,3.0580748031496063,4.7086456692913385,3.8970157480314964,17479.18,26474.27,21361.66,13046.03,19035.52,29309.78,24257.65
2739,South Lahontan,26088569.082677525,302283900,2013-09,2013.0,9.0,month,2.1836062992125984,3.091948818897638,2.6213464566929137,1.548192913385827,2.4549212598425196,3.452984251968504,2.946944881889764,13592.24,19246.37,16317.03,9637.0,15281.08,21493.7,18343.77
2740,South Lahontan,26088569.082677525,302283900,2013-10,2013.0,10.0,month,1.1188110236220472,2.044503937007874,1.5500236220472443,0.9865078740157481,1.7747834645669294,1.9487874015748032,1.5760669291338583,6964.23,12726.37,9648.39,6140.69,11047.45,12130.57,9810.5
2741,South Lahontan,26088569.082677525,302283900,2013-11,2013.0,11.0,month,0.5823543307086615,0.9414094488188977,0.805244094488189,0.5056574803149607,0.9729566929133859,1.1954015748031497,0.7734173228346457,3624.97,5859.97,5012.38,3147.55,6056.34,7440.99,4814.27
2742,South Lahontan,26088569.082677525,302283900,2013-12,2013.0,12.0,month,0.444751968503937,0.659964566929134,0.6218818897637796,0.5717716535433071,1.0573188976377952,0.7605984251968504,0.5284133858267717,2768.44,4108.06,3871.01,3559.09,6581.47,4734.48,3289.2
2743,South Lahontan,26088569.082677525,302283900,2014-00,,,water_year,24.654846456692916,32.925137795275596,27.9479094488189,19.15712992125984,27.957799212598427,34.50086220472441,28.822661417322834,153468.38,204948.26,173966.63,119246.88,174028.2,214756.63,179411.66
2744,South Lahontan,26088569.082677525,302283900,2014-01,2014.0,1.0,month,0.4979448818897638,0.8199212598425197,0.6851299212598426,0.7696653543307086,0.9028070866141733,0.7043425196850394,0.5700748031496063,3099.54,5103.74,4264.71,4790.92,5619.68,4384.3,3548.53
2745,South Lahontan,26088569.082677525,302283900,2014-02,2014.0,2.0,month,0.9543937007874016,1.0343661417322836,0.9176692913385828,0.6023700787401576,1.1523031496062992,1.1168267716535434,0.6970590551181103,5940.79,6438.59,5712.19,3749.56,7172.71,6951.88,4338.97
2746,South Lahontan,26088569.082677525,302283900,2014-03,2014.0,3.0,month,1.852744094488189,2.3397716535433073,1.978944881889764,1.4419685039370078,2.052255905511811,2.212984251968504,1.91796062992126,11532.73,14564.32,12318.29,8975.78,12774.62,13775.11,11938.68
2747,South Lahontan,26088569.082677525,302283900,2014-04,2014.0,4.0,month,2.8509842519685042,3.1115196850393705,2.8993976377952757,1.9801377952755905,2.770472440944882,3.3260393700787403,3.1113858267716537,17746.45,19368.2,18047.81,12325.71,17245.29,20703.51,19367.36
2748,South Lahontan,26088569.082677525,302283900,2014-05,2014.0,5.0,month,2.9982519685039373,3.998834645669292,3.565929133858268,2.6037834645669293,3.6321850393700785,4.318393700787402,3.7008385826771657,18663.14,24891.44,22196.75,16207.7,22609.17,26880.59,23036.51
2749,South Lahontan,26088569.082677525,302283900,2014-06,2014.0,6.0,month,3.6187440944881892,5.045346456692914,4.078220472440945,2.9758622047244097,3.698653543307087,5.026889763779528,4.420118110236221,22525.5,31405.64,25385.59,18523.77,23022.91,31290.75,27513.79
2750,South Lahontan,26088569.082677525,302283900,2014-07,2014.0,7.0,month,4.263448818897638,5.168291338582677,4.35542125984252,2.7455433070866144,3.7034251968503935,5.372338582677166,4.6451574803149605,26538.58,32170.93,27111.08,17090.11,23052.62,33441.06,28914.59
2751,South Lahontan,26088569.082677525,302283900,2014-08,2014.0,8.0,month,3.0386141732283467,4.347503937007874,3.6879960629921262,2.2267992125984253,3.5548031496062995,4.844948818897638,3.900988188976378,18914.38,27061.8,22956.57,13861.1,22127.49,30158.23,24282.38
2752,South Lahontan,26088569.082677525,302283900,2014-09,2014.0,9.0,month,2.4338031496062995,3.413704724409449,2.8020511811023625,1.7470629921259844,2.6858346456692916,3.6733110236220474,2.981181102362205,15149.63,21249.2,17441.86,10874.9,16718.45,22865.16,18556.88
2753,South Lahontan,26088569.082677525,302283900,2014-10,2014.0,10.0,month,1.346452755905512,2.358696850393701,1.770984251968504,0.9719212598425198,1.7995669291338585,2.2930708661417323,1.9140433070866143,8381.23,14682.12,11023.8,6049.89,11201.72,14273.62,11914.3
2754,South Lahontan,26088569.082677525,302283900,2014-11,2014.0,11.0,month,0.6410511811023621,1.150732283464567,0.9059055118110237,0.45518110236220477,1.0363622047244094,1.2036850393700789,0.9526259842519685,3990.33,7162.93,5638.97,2833.35,6451.02,7492.55,5929.79
2755,South Lahontan,26088569.082677525,302283900,2014-12,2014.0,12.0,month,0.438988188976378,0.600232283464567,0.6886259842519685,0.5906220472440945,1.1500905511811024,1.1523346456692916,0.5683582677165354,2732.56,3736.25,4286.47,3676.43,7158.94,7172.91,3537.85
2756,South Lahontan,26088569.082677525,302283900,2015-00,,,water_year,20.576874015748032,31.81176377952756,27.159830708661417,19.432433070866143,28.516248031496062,36.12155118110236,28.645807086614173,128084.33,198017.86999999997,169061.09999999998,120960.56,177504.35,224844.89,178310.82
2757,South Lahontan,26088569.082677525,302283900,2015-01,2015.0,1.0,month,0.5473779527559055,0.6501023622047244,0.7548110236220473,0.7993700787401574,1.1929370078740158,1.033724409448819,0.5707677165354331,3407.25,4046.68,4698.45,4975.82,7425.64,6434.6,3552.84
2758,South Lahontan,26088569.082677525,302283900,2015-02,2015.0,2.0,month,0.9643976377952757,1.3622086614173228,1.1928110236220473,0.9160157480314961,1.4285314960629922,1.5591299212598426,1.0901653543307088,6003.06,8479.31,7424.86,5701.9,8892.14,9705.08,6785.92
2759,South Lahontan,26088569.082677525,302283900,2015-03,2015.0,3.0,month,1.6853228346456695,2.402917322834646,2.1348228346456692,1.6913149606299214,2.259295275590551,2.638314960629921,2.181964566929134,10490.59,14957.38,13288.58,10527.88,14063.38,16422.65,13582.02
2760,South Lahontan,26088569.082677525,302283900,2015-04,2015.0,4.0,month,2.2190944881889765,3.065720472440945,2.623566929133858,2.088751968503937,2.631511811023622,3.2784015748031496,2.68003937007874,13813.14,19083.11,16330.85,13001.8,16380.3,20406.98,16682.37
2761,South Lahontan,26088569.082677525,302283900,2015-05,2015.0,5.0,month,2.5954055118110237,3.6250590551181103,3.1248976377952755,2.369448818897638,3.3815078740157483,3.8752952755905516,3.0789015748031496,16155.55,22564.81,19451.47,14749.05,21048.78,24122.45,19165.16
2762,South Lahontan,26088569.082677525,302283900,2015-06,2015.0,6.0,month,2.8166574803149604,4.619614173228347,3.9003937007874017,3.2008858267716533,3.745452755905512,4.992417322834646,4.201405511811024,17532.77,28755.59,24278.68,19924.47,23314.22,31076.17,26152.38
2763,South Lahontan,26088569.082677525,302283900,2015-07,2015.0,7.0,month,2.4730944881889765,4.5349291338582685,3.8088976377952757,2.7022795275590554,3.796748031496063,5.3558582677165365,4.219854330708661,15394.21,28228.46,23709.15,16820.81,23633.52,33338.47,26267.22
2764,South Lahontan,26088569.082677525,302283900,2015-08,2015.0,8.0,month,2.531488188976378,4.197326771653543,3.4898149606299214,2.188236220472441,3.3412086614173226,4.932023622047244,4.202551181102362,15757.69,26126.99,21722.96,13621.06,20797.94,30700.24,26159.51
2765,South Lahontan,26088569.082677525,302283900,2015-09,2015.0,9.0,month,2.3175433070866145,3.2442244094488193,2.7642992125984254,1.4584055118110237,2.753035433070866,3.807295275590551,2.9851299212598428,14425.95,20194.24,17206.86,9078.1,17136.75,23699.17,18581.46
2766,South Lahontan,26088569.082677525,302283900,2015-10,2015.0,10.0,month,1.4440393700787404,2.200035433070866,1.8540433070866142,1.1104251968503938,2.0670393700787404,2.640917322834646,1.8943740157480315,8988.67,13694.5,11540.82,6912.04,12866.65,16438.85,11791.86
2767,South Lahontan,26088569.082677525,302283900,2015-11,2015.0,11.0,month,0.5136259842519685,1.1246181102362205,0.9279330708661419,0.5208661417322835,1.2440984251968505,1.342988188976378,0.9425866141732284,3197.15,7000.38,5776.08,3242.22,7744.11,8359.66,5867.29
2768,South Lahontan,26088569.082677525,302283900,2015-12,2015.0,12.0,month,0.4251417322834646,0.677492125984252,0.6182125984251969,0.32124803149606307,1.0040354330708663,1.0754527559055118,0.5989566929133858,2646.37,4217.17,3848.17,1999.66,6249.79,6694.34,3728.31
2769,South Lahontan,26088569.082677525,302283900,2016-00,,,water_year,22.339098425196852,33.665598425196855,27.867669291338583,19.77025984251969,29.08902362204725,36.35427559055118,29.034074803149604,139053.59,209557.38,173467.13999999998,123063.43000000001,181069.68999999997,226293.52000000002,180727.65
2770,South Lahontan,26088569.082677525,302283900,2016-01,2016.0,1.0,month,0.5623031496062992,0.7001220472440945,0.6737322834645669,0.37888976377952754,1.1481102362204725,1.0255590551181102,0.4886377952755906,3500.15,4358.03,4193.76,2358.47,7146.61,6383.77,3041.61
2771,South Lahontan,26088569.082677525,302283900,2016-02,2016.0,2.0,month,1.2180118110236222,1.1224094488188976,1.1721102362204725,0.8992440944881891,1.380251968503937,1.3768818897637796,1.0268779527559055,7581.73,6986.63,7296.0,5597.5,8591.62,8570.64,6391.98
2772,South Lahontan,26088569.082677525,302283900,2016-03,2016.0,3.0,month,1.93242125984252,2.162913385826772,2.0010984251968504,1.3336220472440947,2.261275590551181,2.6443582677165356,1.8459370078740158,12028.69,13463.43,12456.19,8301.36,14075.7,16460.27,11490.36
2773,South Lahontan,26088569.082677525,302283900,2016-04,2016.0,4.0,month,2.398736220472441,2.9563267716535435,2.6936259842519683,1.9409291338582677,2.998338582677165,3.423031496062992,2.5672047244094487,14931.35,18402.17,16766.94,12081.65,18663.68,21307.26,15980.01
2774,South Lahontan,26088569.082677525,302283900,2016-05,2016.0,5.0,month,2.8378110236220473,3.9503346456692916,3.413622047244095,2.761877952755906,3.6259055118110237,4.057866141732283,3.4048110236220475,17664.45,24589.55,21248.68,17191.79,22570.08,25258.89,21193.84
2775,South Lahontan,26088569.082677525,302283900,2016-06,2016.0,6.0,month,3.301456692913386,5.229748031496063,4.33234251968504,3.940614173228347,4.0511811023622055,5.2266102362204725,4.511854330708662,20550.49,32553.48,26967.42,24529.04,25217.28,32533.95,28084.82
2776,South Lahontan,26088569.082677525,302283900,2016-07,2016.0,7.0,month,3.209846456692914,5.693157480314961,4.221476377952756,2.9500787401574806,3.8555433070866147,5.507397637795276,4.792507874015748,19980.25,35438.05,26277.31,18363.28,23999.5,34281.76,29831.8
2777,South Lahontan,26088569.082677525,302283900,2016-08,2016.0,8.0,month,2.596645669291339,4.653200787401575,3.4883503937007876,2.2065629921259844,3.17042125984252,4.670606299212598,4.053283464566929,16163.27,28964.66,21713.84,13735.14,19734.84,29073.0,25230.37
2778,South Lahontan,26088569.082677525,302283900,2016-09,2016.0,9.0,month,1.8990590551181104,3.195240157480315,2.4711220472440947,1.4059015748031496,2.2828228346456694,3.3626062992125987,2.907043307086614,11821.02,19889.33,15381.93,8751.28,14209.83,20931.13,18095.4
2779,South Lahontan,26088569.082677525,302283900,2016-10,2016.0,10.0,month,1.1752755905511811,2.3696259842519685,1.8220472440944884,0.9857755905511811,1.9445236220472444,2.51348031496063,1.9300393700787404,7315.71,14750.15,11341.65,6136.13,12104.03,15645.6,12013.87
2780,South Lahontan,26088569.082677525,302283900,2016-11,2016.0,11.0,month,0.5510708661417323,1.1679251968503936,1.030496062992126,0.6201220472440945,1.4458543307086615,1.4032007874015748,1.0825629921259843,3430.24,7269.95,6414.5,3860.06,8999.97,8734.47,6738.6
2781,South Lahontan,26088569.082677525,302283900,2016-12,2016.0,12.0,month,0.4108740157480315,0.6177952755905513,0.6153897637795276,0.3301811023622047,1.1954094488188975,1.1206259842519686,0.5847519685039371,2557.56,3845.57,3830.6,2055.27,7441.03,6975.53,3639.89
2782,South Lahontan,26088569.082677525,302283900,2017-00,,,water_year,25.76222440944882,33.82454724409449,29.888122047244096,21.41505511811024,31.30382283464568,37.33426377952756,31.04852755905512,160361.45,210546.79,186043.82,133301.74,194856.09000000003,232393.63,193266.94999999998
2783,South Lahontan,26088569.082677525,302283900,2017-01,2017.0,1.0,month,0.5787952755905512,0.5686062992125985,0.6953700787401575,0.6099055118110237,1.2938307086614176,1.5880551181102363,0.4652204724409449,3602.81,3539.39,4328.45,3796.46,8053.67,9885.13,2895.85
2784,South Lahontan,26088569.082677525,302283900,2017-02,2017.0,2.0,month,0.8681811023622048,0.7623818897637795,0.9903070866141733,0.9060472440944882,1.2383425196850395,1.6187874015748032,0.8486299212598425,5404.14,4745.58,6164.34,5639.85,7708.28,10076.42,5282.44
2785,South Lahontan,26088569.082677525,302283900,2017-03,2017.0,3.0,month,2.3446574803149605,2.2222125984251972,2.3034645669291343,1.7564015748031496,2.432826771653543,2.534925196850394,2.3885787401574805,14594.73,13832.55,14338.32,10933.03,15143.55,15779.08,14868.12
2786,South Lahontan,26088569.082677525,302283900,2017-04,2017.0,4.0,month,3.0153425196850394,3.2474803149606304,3.1215944881889763,2.370732283464567,3.2295275590551182,3.7035236220472445,3.1894881889763784,18769.52,20214.51,19430.91,14757.04,20102.76,23053.23,19853.52
2787,South Lahontan,26088569.082677525,302283900,2017-05,2017.0,5.0,month,3.467657480314961,4.457952755905512,3.8945984251968504,3.2790551181102363,4.047909448818898,4.261610236220473,3.7984291338582676,21585.04,27749.3,24242.61,20411.05,25196.92,26527.14,23643.98
2788,South Lahontan,26088569.082677525,302283900,2017-06,2017.0,6.0,month,4.28790157480315,5.213208661417323,4.513216535433071,3.426,4.225468503937008,5.1273622047244105,4.720779527559055,26690.79,32450.53,28093.3,21325.73,26302.16,31916.16,29385.31
2789,South Lahontan,26088569.082677525,302283900,2017-07,2017.0,7.0,month,3.741059055118111,5.463188976377952,4.443090551181102,3.0383425196850395,4.043480314960631,5.366011811023622,4.932948818897638,23286.87,34006.57,27656.79,18912.69,25169.35,33401.67,30706.0
2790,South Lahontan,26088569.082677525,302283900,2017-08,2017.0,8.0,month,2.9729527559055122,4.335728346456693,3.625637795275591,2.546192913385827,3.4252716535433074,4.549129921259842,4.036169291338583,18505.66,26988.5,22568.41,15849.22,21321.2,28316.85,25123.84
2791,South Lahontan,26088569.082677525,302283900,2017-09,2017.0,9.0,month,2.348456692913386,3.3984409448818904,2.832909448818898,1.5462992125984254,2.7813779527559057,3.5475511811023623,3.0709291338582676,14618.38,21154.19,17633.94,9625.21,17313.17,22082.35,19115.53
2792,South Lahontan,26088569.082677525,302283900,2017-10,2017.0,10.0,month,1.2980433070866144,2.2296141732283465,1.7620039370078742,0.9286102362204726,1.8476299212598426,2.209452755905512,1.9385000000000003,8079.9,13878.62,10967.9,5780.3,11500.89,13753.12,12066.53
2793,South Lahontan,26088569.082677525,302283900,2017-11,2017.0,11.0,month,0.8173464566929134,1.4711220472440947,1.0791653543307087,0.5693582677165355,1.3740511811023624,1.3116023622047246,1.1296102362204725,5087.72,9157.26,6717.45,3544.07,8553.02,8164.3,7031.46
2794,South Lahontan,26088569.082677525,302283900,2017-12,2017.0,12.0,month,0.4143267716535433,1.161720472440945,0.7978110236220473,0.5525354330708662,1.0215551181102362,0.9156653543307087,0.9116456692913386,2579.05,7231.33,4966.11,3439.35,6358.85,5699.72,5674.7
2795,South Lahontan,26088569.082677525,302283900,2018-00,,,water_year,24.624500000000005,33.178212598425205,28.387629921259844,20.389377952755908,29.779988188976382,33.85546062992127,29.374287401574804,153279.5,206523.56000000003,176703.74000000002,126917.25,185370.72999999998,210739.20999999996,182845.37
2796,South Lahontan,26088569.082677525,302283900,2018-01,2018.0,1.0,month,0.6803740157480316,0.7995472440944882,0.7800748031496063,0.5180511811023623,1.3136653543307089,0.9899291338582679,0.6800078740157481,4235.11,4976.92,4855.71,3224.7,8177.14,6161.99,4232.83
2797,South Lahontan,26088569.082677525,302283900,2018-02,2018.0,2.0,month,1.0109409448818898,1.1515551181102364,0.955984251968504,0.549,1.2013070866141733,1.0646338582677166,0.9271811023622047,6292.78,7168.06,5950.69,3417.35,7477.75,6627.0,5771.4
2798,South Lahontan,26088569.082677525,302283900,2018-03,2018.0,3.0,month,1.4907637795275592,2.1410275590551184,1.85498031496063,1.5408976377952759,2.2980590551181104,2.3965708661417326,1.5816417322834646,9279.52,13327.2,11546.65,9591.59,14304.67,14917.87,9845.2
2799,South Lahontan,26088569.082677525,302283900,2018-04,2018.0,4.0,month,2.72136220472441,3.316169291338583,2.9921259842519685,2.5274055118110237,3.0995511811023624,3.3409055118110236,2.9268425196850396,16939.59,20642.07,18625.01,15732.28,19293.7,20796.05,18218.64
2800,South Lahontan,26088569.082677525,302283900,2018-05,2018.0,5.0,month,3.316374015748032,4.000007874015748,3.5957755905511815,2.8553937007874017,3.749090551181103,3.9556102362204726,3.536259842519685,20643.35,24898.75,22382.53,17773.9,23336.87,24622.38,22012.07
2801,South Lahontan,26088569.082677525,302283900,2018-06,2018.0,6.0,month,3.6620944881889765,4.7019960629921265,4.060035433070866,3.0879881889763783,3.823905511811024,4.781858267716536,4.328866141732283,22795.34,29268.39,25272.4,19221.72,23802.57,29765.51,26945.78
2802,South Lahontan,26088569.082677525,302283900,2018-07,2018.0,7.0,month,4.14282283464567,4.4527598425196855,4.213129921259842,3.1463543307086614,4.089665354330709,5.044669291338583,4.337913385826772,25787.72,27716.98,26225.36,19585.03,25456.83,31401.42,27002.1
2803,South Lahontan,26088569.082677525,302283900,2018-08,2018.0,8.0,month,3.0957007874015745,4.307972440944882,3.599688976377953,2.5231496062992127,3.438492125984252,4.384665354330709,3.90438188976378,19269.73,26815.72,22406.89,15705.78,21403.49,27293.11,24303.5
2804,South Lahontan,26088569.082677525,302283900,2018-09,2018.0,9.0,month,1.9743503937007874,3.4447204724409453,2.696854330708662,1.5906338582677164,2.523015748031496,3.459897637795276,3.171437007874016,12289.69,21442.26,16787.04,9901.18,15704.95,21536.74,19741.16
2805,South Lahontan,26088569.082677525,302283900,2018-10,2018.0,10.0,month,1.0885984251968506,2.2021102362204723,1.6790118110236223,0.9464291338582678,1.843712598425197,2.1447992125984254,1.74251968503937,6776.17,13707.42,10451.3,5891.21,11476.51,13350.68,10846.62
2806,South Lahontan,26088569.082677525,302283900,2018-11,2018.0,11.0,month,0.5033582677165355,1.2223503937007874,0.9269015748031496,0.7167204724409448,0.9774251968503938,1.1904330708661417,0.9556023622047245,3133.24,7608.73,5769.66,4461.35,6084.15,7410.06,5948.31
2807,South Lahontan,26088569.082677525,302283900,2018-12,2018.0,12.0,month,0.5577283464566929,0.763732283464567,0.6677992125984252,0.467492125984252,0.8569055118110237,0.8929015748031497,0.6058622047244094,3471.68,4753.98,4156.83,2909.99,5333.96,5558.02,3771.29
2808,South Lahontan,26088569.082677525,302283900,2019-00,,,water_year,23.807433070866146,34.730940944881894,29.453901574803147,22.859413385826773,30.52034251968504,35.55508267716535,30.070062992125987,148193.5,216188.79,183340.93000000002,142292.41,189979.18,221318.82,187176.34
2809,South Lahontan,26088569.082677525,302283900,2019-01,2019.0,1.0,month,0.5600984251968504,0.9384645669291339,0.7871259842519684,0.3990511811023622,1.121992125984252,1.1917362204724409,0.6269133858267717,3486.43,5841.64,4899.6,2483.96,6984.04,7418.17,3902.33
2810,South Lahontan,26088569.082677525,302283900,2019-02,2019.0,2.0,month,0.743740157480315,0.8435157480314961,1.1150275590551182,1.2690708661417325,1.582476377952756,1.8392440944881892,0.8256377952755906,4629.54,5250.61,6940.68,7899.55,9850.4,11448.7,5139.33
2811,South Lahontan,26088569.082677525,302283900,2019-03,2019.0,3.0,month,1.692948818897638,2.0851102362204723,2.191496062992126,2.1244960629921263,2.716527559055118,2.708814960629921,1.9155944881889766,10538.05,12979.13,13641.35,13224.3,16909.5,16861.49,11923.95
2812,South Lahontan,26088569.082677525,302283900,2019-04,2019.0,4.0,month,2.851948818897638,4.125748031496063,3.395795275590552,2.9795551181102367,3.423645669291339,3.5915433070866145,3.480732283464567,17752.45,25681.44,21137.72,18546.76,21311.08,22356.19,21666.42
2813,South Lahontan,26088569.082677525,302283900,2019-05,2019.0,5.0,month,3.094874015748032,3.8034330708661424,3.4128307086614176,2.588925196850394,3.5123307086614175,4.016456692913386,3.3018779527559055,19264.58,23675.13,21243.76,16115.22,21863.11,25001.13,20553.11
2814,South Lahontan,26088569.082677525,302283900,2019-06,2019.0,6.0,month,3.6555511811023624,4.60470472440945,4.100783464566929,3.0801929133858272,4.029141732283465,4.675696850393701,4.260877952755906,22754.61,28662.79,25526.04,19173.2,25080.09,29104.69,26522.58
2815,South Lahontan,26088569.082677525,302283900,2019-07,2019.0,7.0,month,3.5741259842519684,5.471956692913386,4.396263779527559,3.559,4.0791102362204725,5.165767716535433,4.7680078740157485,22247.77,34061.15,27365.31,22153.62,25391.13,32155.22,29679.3
2816,South Lahontan,26088569.082677525,302283900,2019-08,2019.0,8.0,month,3.168161417322835,4.995700787401575,3.893992125984252,2.7046023622047244,3.628047244094488,4.699543307086614,4.3624606299212605,19720.77,31096.61,24238.83,16835.27,22583.41,29253.13,27154.9
2817,South Lahontan,26088569.082677525,302283900,2019-09,2019.0,9.0,month,2.3162992125984254,3.6741141732283467,2.8868740157480315,2.023877952755906,2.749027559055118,3.438145669291339,3.2239763779527557,14418.21,22870.16,17969.85,12597.98,17111.8,21401.34,20068.2
2818,South Lahontan,26088569.082677525,302283900,2019-10,2019.0,10.0,month,1.1873818897637796,2.0839724409448817,1.6272874015748033,0.9250551181102363,1.6995826771653546,1.995161417322835,1.842763779527559,7391.07,12972.05,10129.33,5758.17,10579.35,12419.23,11470.6
2819,South Lahontan,26088569.082677525,302283900,2019-11,2019.0,11.0,month,0.5332637795275591,1.1401299212598426,0.9627677165354331,0.614503937007874,1.5827125984251968,1.3106968503937009,0.9000669291338583,3319.39,7096.94,5992.92,3825.09,9851.87,8158.66,5602.62
2820,South Lahontan,26088569.082677525,302283900,2019-12,2019.0,12.0,month,0.5110826771653544,0.6876299212598426,0.7074173228346456,0.6684724409448819,1.1480354330708662,1.1490629921259843,0.5226496062992126,3181.32,4280.27,4403.44,4161.02,7146.15,7152.54,3253.32
2821,South Lahontan,26088569.082677525,302283900,2020-00,,,water_year,24.05900393700788,33.227500000000006,29.077811023622054,20.746539370078743,30.92773228346457,34.63727165354331,30.171499999999998,149759.46,206830.35999999996,180999.89999999997,129140.45000000001,192515.08000000002,215605.71999999997,187807.75000000003
2822,South Lahontan,26088569.082677525,302283900,2020-01,2020.0,1.0,month,0.7300354330708662,0.898748031496063,0.7913897637795275,0.5623818897637796,1.3264094488188978,0.8404094488188977,0.7000314960629921,4544.23,5594.41,4926.14,3500.64,8256.47,5231.27,4357.47
2823,South Lahontan,26088569.082677525,302283900,2020-02,2020.0,2.0,month,1.0706692913385827,1.3986259842519686,1.1385393700787403,0.7595629921259843,1.2408700787401576,1.224216535433071,1.0616771653543307,6664.57,8705.99,7087.04,4728.03,7724.01,7620.35,6608.59
2824,South Lahontan,26088569.082677525,302283900,2020-03,2020.0,3.0,month,1.5675000000000001,1.9384763779527558,1.8205866141732283,1.4893740157480317,2.4361496062992125,2.379129921259843,1.5590629921259844,9757.18,12066.38,11332.56,9270.87,15164.24,14809.31,9704.66
2825,South Lahontan,26088569.082677525,302283900,2020-04,2020.0,4.0,month,2.618118110236221,3.3242559055118113,3.1450393700787402,2.383968503937008,3.2235866141732283,3.769307086614173,3.1681299212598426,16296.93,20692.41,19576.85,14839.43,20065.78,23462.71,19720.58
2826,South Lahontan,26088569.082677525,302283900,2020-05,2020.0,5.0,month,3.7300118110236222,4.265177165354331,4.06101968503937,3.364570866141732,4.143307086614174,4.3857992125984255,4.065200787401575,23218.11,26549.34,25278.52,20943.36,25790.74,27300.17,25304.55
2827,South Lahontan,26088569.082677525,302283900,2020-06,2020.0,6.0,month,3.199236220472441,4.459606299212599,4.072157480314961,3.1520354330708664,4.021578740157481,4.750161417322835,4.458779527559055,19914.2,27759.6,25347.85,19620.39,25033.02,29568.21,27754.45
2828,South Lahontan,26088569.082677525,302283900,2020-07,2020.0,7.0,month,3.533334645669292,5.421566929133858,4.319645669291338,2.6403110236220475,4.013031496062992,5.144224409448819,4.859385826771653,21993.86,33747.49,26888.39,16435.08,24979.81,32021.12,30248.09
2829,South Lahontan,26088569.082677525,302283900,2020-08,2020.0,8.0,month,3.0187086614173233,4.52253937007874,3.783629921259843,2.4795984251968504,3.5611496062992125,4.585708661417323,4.1568740157480315,18790.48,28151.33,23551.86,15434.69,22167.0,28544.54,25875.19
2830,South Lahontan,26088569.082677525,302283900,2020-09,2020.0,9.0,month,2.359661417322835,3.086771653543307,2.6483307086614176,1.7067047244094489,2.5313188976377954,3.103393700787402,2.8768779527559056,14688.12,19214.15,16485.0,10623.68,15756.64,19317.61,17907.63
2831,South Lahontan,26088569.082677525,302283900,2020-10,2020.0,10.0,month,1.3795629921259844,2.15198031496063,1.7700629921259845,0.8125905511811025,1.872952755905512,2.0964055118110236,1.9555472440944883,8587.33,13395.38,11018.07,5058.11,11658.52,13049.44,12172.64
2832,South Lahontan,26088569.082677525,302283900,2020-11,2020.0,11.0,month,0.46004330708661423,1.1906141732283464,0.9320590551181103,0.5898582677165355,1.122248031496063,1.2255590551181104,0.9742874015748032,2863.62,7411.19,5801.76,3671.68,6985.63,7628.71,6064.62
2833,South Lahontan,26088569.082677525,302283900,2020-12,2020.0,12.0,month,0.3376496062992126,0.8467874015748033,0.6511259842519685,0.3867992125984252,0.8898464566929134,0.9306220472440945,0.6541614173228347,2101.76,5270.98,4053.05,2407.7,5539.0,5792.82,4071.94
2834,South Lahontan,26088569.082677525,302283900,2021-00,,,water_year,21.226602362204723,29.984649606299214,24.994118110236222,18.391141732283465,25.362421259842524,29.636275590551186,26.116673228346457,132128.68000000002,186644.68000000002,155580.24,114478.88,157872.80999999997,184476.15999999997,162567.78
2835,South Lahontan,26088569.082677525,302283900,2021-01,2021.0,1.0,month,0.5161062992125984,0.843492125984252,0.7349251968503938,0.6762165354330708,1.0025472440944883,1.0338031496062994,0.6257716535433071,3212.59,5250.46,4574.67,4209.23,6240.53,6435.09,3895.22
2836,South Lahontan,26088569.082677525,302283900,2021-02,2021.0,2.0,month,0.9540275590551182,1.2346102362204725,0.9971417322834647,0.7693937007874017,1.374976377952756,0.9836732283464567,0.9134173228346457,5938.51,7685.05,6206.88,4789.23,8558.78,6123.05,5685.73
2837,South Lahontan,26088569.082677525,302283900,2021-03,2021.0,3.0,month,1.3662992125984252,1.4502007874015748,1.4001062992125985,1.2976220472440947,1.741192913385827,1.5121102362204726,1.2096338582677166,8504.77,9027.03,8715.21,8077.27,10838.36,9412.39,7529.58
2838,South Lahontan,26088569.082677525,302283900,2021-04,2021.0,4.0,month,2.336996062992126,2.9165275590551185,2.550570866141732,2.427507874015748,2.5875275590551183,2.5325118110236224,2.4535,14547.04,18154.43,15876.47,15110.45,16106.52,15764.06,15272.24
2839,South Lahontan,26088569.082677525,302283900,2021-05,2021.0,5.0,month,2.832074803149607,3.951425196850394,3.3216102362204727,2.8958779527559058,3.1106732283464567,3.6982952755905516,3.474240157480315,17628.74,24596.33,20675.94,18025.9,19362.93,23020.68,21626.01
2840,South Lahontan,26088569.082677525,302283900,2021-06,2021.0,6.0,month,3.2700393700787402,4.252125984251969,3.578716535433071,2.476740157480315,3.2543700787401577,4.284366141732284,3.9646062992125986,20354.93,26468.1,22276.34,15416.9,20257.39,26668.78,24678.38
2841,South Lahontan,26088569.082677525,302283900,2021-07,2021.0,7.0,month,3.19186220472441,4.495437007874016,3.685433070866142,2.6204724409448823,3.3976889763779528,4.585314960629922,3.9783031496062997,19868.3,27982.63,22940.62,16311.59,21149.51,28542.09,24763.64
2842,South Lahontan,26088569.082677525,302283900,2021-08,2021.0,8.0,month,2.6248582677165357,3.84236220472441,3.0951929133858274,2.007535433070866,2.9142362204724415,3.853740157480315,3.383527559055118,16338.89,23917.45,19266.57,12496.25,18140.17,23988.28,21061.36
2843,South Lahontan,26088569.082677525,302283900,2021-09,2021.0,9.0,month,1.9570826771653544,2.809086614173229,2.2771732283464567,1.430527559055118,2.0941614173228347,2.899874015748032,2.5296771653543306,12182.2,17485.65,14174.66,8904.57,13035.47,18050.77,15746.42
2844,South Lahontan,26088569.082677525,302283900,2021-10,2021.0,10.0,month,0.8910039370078741,1.861228346456693,1.5603897637795274,1.1017677165354332,1.9506456692913385,1.9706653543307089,1.6218818897637794,5546.21,11585.54,9712.92,6858.15,12142.13,12266.75,10095.69
2845,South Lahontan,26088569.082677525,302283900,2021-11,2021.0,11.0,month,0.6121574803149606,1.151216535433071,0.9339370078740159,0.6884606299212598,1.2368070866141734,1.037736220472441,0.9845236220472442,3810.48,7165.95,5813.45,4285.44,7698.72,6459.57,6128.34
2846,South Lahontan,26088569.082677525,302283900,2021-12,2021.0,12.0,month,0.38308661417322837,0.40820078740157484,0.5641653543307087,0.5232086614173229,0.7303858267716535,1.110212598425197,0.5393740157480316,2384.59,2540.92,3511.75,3256.8,4546.41,6910.71,3357.43
2847,South Lahontan,26088569.082677525,302283900,2022-00,,,water_year,20.64198425196851,30.31298031496063,25.811755905511813,20.255248031496063,26.502437007874022,31.082437007874017,26.622346456692913,128489.62000000002,188688.42000000004,160669.77000000002,126082.32,164969.02,193478.05,165715.43999999997
2848,South Lahontan,26088569.082677525,302283900,2022-01,2022.0,1.0,month,0.7172125984251968,0.67,0.7206929133858267,0.5697283464566929,0.9597952755905511,0.6915944881889765,0.7020669291338583,4464.41,4170.53,4486.08,3546.37,5974.41,4304.95,4370.14
2849,South Lahontan,26088569.082677525,302283900,2022-02,2022.0,2.0,month,0.8276811023622047,1.0608385826771654,1.001255905511811,1.0875669291338583,1.209472440944882,1.0458976377952756,0.9651220472440946,5152.05,6603.37,6232.49,6769.75,7528.57,6510.37,6007.57
2850,South Lahontan,26088569.082677525,302283900,2022-03,2022.0,3.0,month,1.443488188976378,2.374303149606299,1.720492125984252,1.15796062992126,1.6649055118110239,1.9772952755905513,1.8085,8985.24,14779.26,10709.5,7207.93,10363.49,12308.02,11257.32
2851,South Lahontan,26088569.082677525,302283900,2022-04,2022.0,4.0,month,2.4471299212598425,3.430948818897638,2.814818897637795,2.342448818897638,2.7482913385826775,3.064996062992126,2.7797440944881893,15232.59,21356.54,17521.33,14580.98,17107.22,19078.6,17303.0
2852,South Lahontan,26088569.082677525,302283900,2022-05,2022.0,5.0,month,2.9020511811023626,3.890429133858268,3.321236220472441,2.7775000000000003,3.209759842519685,3.7141456692913386,3.2889173228346458,18064.32,24216.65,20673.61,17289.03,19979.71,23119.35,20472.44
2853,South Lahontan,26088569.082677525,302283900,2022-06,2022.0,6.0,month,2.539208661417323,4.130464566929134,3.4898188976377957,2.9367992125984257,3.529933070866142,4.295535433070866,3.5913070866141736,15805.75,25710.8,21722.99,18280.62,21972.68,26738.31,22354.72
2854,South Lahontan,26088569.082677525,302283900,2022-07,2022.0,7.0,month,3.210716535433071,4.329051181102362,3.711944881889764,2.516188976377953,3.4406496062992127,4.591948818897638,4.0830590551181105,19985.66,26946.93,23105.65,15662.46,21416.92,28583.39,25415.71
2855,South Lahontan,26088569.082677525,302283900,2022-08,2022.0,8.0,month,2.6693188976377957,3.8972480314960634,3.359803149606299,2.561118110236221,3.1932913385826773,4.364897637795275,3.573708661417323,16615.64,24259.1,20913.68,15942.13,19877.2,27170.07,22245.17
2856,South Lahontan,26088569.082677525,302283900,2022-09,2022.0,9.0,month,1.9989291338582678,3.109051181102362,2.6132007874015746,1.9925,2.6285000000000003,3.2175118110236225,2.684141732283465,12442.68,19352.83,16266.32,12402.66,16361.56,20027.96,16707.91
2857,South Lahontan,26088569.082677525,302283900,2022-10,2022.0,10.0,month,1.0467913385826773,2.0048661417322835,1.5954842519685042,0.9550669291338584,1.752775590551181,1.954228346456693,1.6701377952755907,6515.93,12479.64,9931.37,5944.98,10910.46,12164.43,10396.06
2858,South Lahontan,26088569.082677525,302283900,2022-11,2022.0,11.0,month,0.4119409448818898,0.9781771653543307,0.8082755905511811,0.42141338582677174,1.1915157480314962,1.1723188976377954,0.7930236220472442,2564.2,6088.83,5031.25,2623.16,7416.8,7297.3,4936.31
2859,South Lahontan,26088569.082677525,302283900,2022-12,2022.0,12.0,month,0.3844055118110236,0.4542913385826772,0.5474685039370079,0.5433543307086615,1.0978503937007875,0.8298976377952756,0.445996062992126,2392.8,2827.82,3407.81,3382.2,6833.76,5165.84,2776.18
2860,South Lahontan,26088569.082677525,302283900,2023-00,,,water_year,23.696716535433076,33.13542913385827,29.217232283464572,21.495586614173227,31.476110236220467,34.80875590551181,29.753145669291342,147504.33000000002,206257.24000000002,181867.75999999998,133803.01,195928.53,216673.15,185203.63
2861,South Lahontan,26088569.082677525,302283900,2023-01,2023.0,1.0,month,0.5718346456692913,0.4340984251968504,0.7215905511811024,0.6588188976377953,1.1296614173228348,1.364692913385827,0.6077637795275591,3559.48,2702.12,4491.67,4100.93,7031.77,8494.77,3783.13
2862,South Lahontan,26088569.082677525,302283900,2023-02,2023.0,2.0,month,0.8870590551181103,1.0590629921259844,1.0398740157480315,0.7846496062992127,1.335968503937008,1.223468503937008,0.8073149606299214,5521.65,6592.32,6472.88,4884.19,8315.97,7615.69,5025.27
2863,South Lahontan,26088569.082677525,302283900,2023-03,2023.0,3.0,month,1.674712598425197,1.213763779527559,1.6943149606299215,1.2842125984251969,2.5332834645669293,2.319196850393701,1.405228346456693,10424.54,7555.28,10546.56,7993.8,15768.86,14436.24,8747.09
2864,South Lahontan,26088569.082677525,302283900,2023-04,2023.0,4.0,month,2.7933110236220475,2.9254173228346456,2.9290511811023627,2.336866141732284,3.4586102362204723,2.9700433070866143,2.8801929133858266,17387.45,18209.77,18232.39,14546.23,21528.72,18487.55,17928.26
2865,South Lahontan,26088569.082677525,302283900,2023-05,2023.0,5.0,month,3.3951653543307088,4.325964566929134,3.7715551181102365,3.0783070866141733,3.775984251968504,4.106169291338583,3.813913385826772,21133.8,26927.72,23476.7,19161.46,23504.27,25559.57,23740.37
2866,South Lahontan,26088569.082677525,302283900,2023-06,2023.0,6.0,month,3.422385826771654,4.860614173228346,3.985125984251969,2.820551181102362,3.8535748031496064,4.578846456692914,4.1762637795275594,21303.24,30255.74,24806.11,17557.01,23987.25,28501.83,25995.88
2867,South Lahontan,26088569.082677525,302283900,2023-07,2023.0,7.0,month,3.707775590551181,5.7240590551181105,4.5776102362204725,2.874976377952756,4.17101968503937,5.375259842519685,5.098976377952757,23079.69,35630.4,28494.13,17895.79,25963.24,33459.24,31739.47
2868,South Lahontan,26088569.082677525,302283900,2023-08,2023.0,8.0,month,2.9997677165354335,4.822507874015748,4.1414803149606305,3.2426023622047246,3.9478307086614177,4.895141732283465,4.311393700787402,18672.58,30018.54,25779.37,20184.14,24573.96,30470.66,26837.02
2869,South Lahontan,26088569.082677525,302283900,2023-09,2023.0,9.0,month,2.4015669291338586,4.332606299212599,3.40540157480315,2.494767716535433,3.228035433070866,4.019492125984252,3.74294094488189,14948.97,26969.06,21197.52,15529.12,20093.47,25020.03,23298.59
2870,South Lahontan,26088569.082677525,302283900,2023-10,2023.0,10.0,month,1.6174409448818898,2.8850000000000002,2.1651456692913387,1.3686614173228349,2.288771653543307,2.5358503937007875,2.2694566929133857,10068.04,17958.18,13477.33,8519.47,14246.86,15784.84,14126.63
2871,South Lahontan,26088569.082677525,302283900,2023-11,2023.0,11.0,month,0.5637992125984252,1.621484251968504,1.102216535433071,0.6410787401574803,1.3806141732283466,1.3864015748031495,1.1406456692913387,3509.47,10093.21,6860.94,3990.51,8593.87,8629.9,7100.15
2872,South Lahontan,26088569.082677525,302283900,2023-12,2023.0,12.0,month,0.4741259842519685,0.663232283464567,0.6564724409448819,0.3728070866141733,1.2133818897637796,0.8834015748031497,0.6045669291338583,2951.28,4128.4,4086.33,2320.6,7552.91,5498.89,3763.23
2873,South Lahontan,26088569.082677525,302283900,2024-00,,,water_year,25.3715905511811,34.330988188976384,30.474842519685037,22.520251968503935,33.31701968503938,35.324653543307086,30.633094488188974,157929.89,213699.2,189695.95999999996,140181.23,207387.59,219884.44999999998,190681.03
2874,South Lahontan,26088569.082677525,302283900,2024-01,2024.0,1.0,month,0.7260354330708662,0.5861181102362205,0.7769960629921261,0.523007874015748,1.1109448818897638,1.1893543307086614,0.7111653543307087,4519.33,3648.39,4836.55,3255.55,6915.27,7403.34,4426.77
2875,South Lahontan,26088569.082677525,302283900,2024-02,2024.0,2.0,month,1.143992125984252,1.0724409448818897,1.2458779527559056,1.0303385826771654,1.8152795275590552,1.7497598425196852,0.9902755905511811,7120.98,6675.6,7755.18,6413.52,11299.52,10891.68,6164.14
2876,South Lahontan,26088569.082677525,302283900,2024-03,2024.0,3.0,month,1.9120275590551181,2.1736338582677166,2.201007874015748,1.8790393700787404,2.8925590551181104,2.5035393700787405,2.1891929133858268,11901.75,13530.16,13700.56,11696.41,18005.24,15583.72,13627.01
2877,South Lahontan,26088569.082677525,302283900,2024-04,2024.0,4.0,month,2.8268818897637797,3.5931889763779528,3.3180314960629924,2.631700787401575,3.8418385826771657,3.484106299212599,3.132511811023622,17596.42,22366.43,20653.66,16381.48,23914.19,21687.43,19498.87
2878,South Lahontan,26088569.082677525,302283900,2024-05,2024.0,5.0,month,3.68248031496063,4.324358267716536,3.9951141732283464,3.2653661417322835,4.143606299212599,4.301716535433071,3.872649606299213,22922.24,26917.72,24868.28,20325.84,25792.6,26776.78,24105.98
2879,South Lahontan,26088569.082677525,302283900,2024-06,2024.0,6.0,month,4.06459842519685,4.734771653543307,4.368661417322834,3.5118740157480315,4.216248031496063,4.808681102362205,4.337834645669291,25300.8,29472.41,27193.49,21860.27,26244.77,29932.47,27001.61
2880,South Lahontan,26088569.082677525,302283900,2024-07,2024.0,7.0,month,3.739637795275591,4.795027559055119,4.360232283464567,3.283787401574803,4.236066929133859,4.9630787401574805,4.400059055118111,23278.03,29847.48,27141.03,20440.51,26368.14,30893.55,27388.93
2881,South Lahontan,26088569.082677525,302283900,2024-08,2024.0,8.0,month,2.6803425196850394,4.5662677165354335,3.6369409448818897,2.4131141732283465,3.452169291338583,4.365165354330709,4.085429133858268,16684.26,28423.53,22638.77,15020.85,21488.63,27171.73,25430.47
2882,South Lahontan,26088569.082677525,302283900,2024-09,2024.0,9.0,month,1.940228346456693,3.3154645669291343,2.6481456692913388,1.5994763779527559,2.7255393700787405,3.1535984251968503,2.899307086614173,12077.29,20637.69,16483.84,9956.22,16965.59,19630.12,18047.24
2883,South Lahontan,26088569.082677525,302283900,2024-10,2024.0,10.0,month,1.1249173228346458,2.2633897637795277,1.713948818897638,0.8126062992125985,1.7633543307086617,2.1195039370078743,1.9929173228346457,7002.24,14088.86,10668.77,5058.21,10976.31,13193.22,12405.26
2884,South Lahontan,26088569.082677525,302283900,2024-11,2024.0,11.0,month,0.4448700787401575,1.138996062992126,0.812472440944882,0.33540157480314964,1.0928267716535434,1.122740157480315,0.922,2769.17,7089.88,5057.38,2087.77,6802.49,6988.69,5739.15
2885,South Lahontan,26088569.082677525,302283900,2024-12,2024.0,12.0,month,0.33274015748031494,0.6620000000000001,0.5653425196850395,0.41904724409448824,1.004496062992126,0.7582086614173229,0.560996062992126,2071.2,4120.73,3519.07,2608.43,6252.66,4719.6,3492.02
2886,South Lahontan,26088569.082677525,302283900,2025-00,,,water_year,21.106944881889767,31.13427952755906,26.57485826771654,19.420232283464568,28.38028346456693,31.652889763779527,27.124307086614177,131383.84,193800.73,165419.83000000002,120884.62,176658.01,197028.91999999995,168839.97999999998
2887,South Lahontan,26088569.082677525,302283900,2025-01,2025.0,1.0,month,0.45607874015748034,0.6615708661417322,0.6504133858267717,0.5482244094488189,0.8803976377952757,1.0350118110236222,0.5437716535433071,2838.94,4118.06,4048.61,3412.52,5480.19,6442.61,3384.8
2888,South Lahontan,26088569.082677525,302283900,2025-02,2025.0,2.0,month,0.9490826771653544,0.8222795275590551,0.9809921259842521,0.6923582677165354,1.5668031496062993,1.3123543307086614,0.8584370078740159,5907.73,5118.42,6106.36,4309.7,9752.84,8168.98,5343.49
2889,South Lahontan,26088569.082677525,302283900,2025-03,2025.0,3.0,month,1.5496456692913385,1.8429173228346458,1.731523622047244,1.2281535433070867,2.1565826771653547,1.9641574803149608,1.5883031496062994,9646.04,11471.56,10778.17,7644.86,13424.02,12226.24,9886.67
2890,South Lahontan,26088569.082677525,302283900,2025-04,2025.0,4.0,month,2.3638070866141736,2.761437007874016,2.4640078740157483,1.9510787401574805,2.625244094488189,2.6408188976377955,2.2810551181102365,14713.93,17189.05,15337.65,12144.83,16341.29,16438.24,14198.82
2891,South Lahontan,26088569.082677525,302283900,2025-05,2025.0,5.0,month,3.064385826771654,4.163511811023622,3.648472440944882,3.252909448818898,3.734744094488189,4.043547244094489,3.403740157480315,19074.8,25916.5,22710.55,20248.3,23247.56,25169.76,21187.17
2892,South Lahontan,26088569.082677525,302283900,2025-06,2025.0,6.0,month,3.1292519685039375,4.5622165354330715,3.846425196850394,2.896996062992126,3.7238779527559056,4.4885314960629925,4.077157480314961,19478.57,28398.31,23942.74,18032.86,23179.93,27939.65,25378.98
2893,South Lahontan,26088569.082677525,302283900,2025-07,2025.0,7.0,month,3.267507874015748,4.854929133858268,3.975366141732284,2.9632716535433072,3.4968070866141736,4.755929133858268,4.515527559055118,20339.17,30220.35,24745.36,18445.4,21766.48,29604.11,28107.69
2894,South Lahontan,26088569.082677525,302283900,2025-08,2025.0,8.0,month,2.750192913385827,4.166740157480315,3.49498031496063,2.594216535433071,3.307944881889764,4.195283464566929,3.678169291338583,17119.05,25936.6,21755.11,16148.15,20590.88,26114.27,22895.41
2895,South Lahontan,26088569.082677525,302283900,2025-09,2025.0,9.0,month,1.6744645669291338,3.2342913385826773,2.6909133858267715,1.7259685039370078,3.027204724409449,3.2168031496062994,2.7022322834645673,10423.0,20132.41,16750.06,10743.59,18843.36,20023.55,16820.52
2896,South Lahontan,26088569.082677525,302283900,2025-10,2025.0,10.0,month,1.3233031496062992,2.2167992125984255,1.8072755905511813,0.9575826771653544,2.031236220472441,2.185515748031496,1.7744409448818899,8237.13,13798.85,11249.7,5960.64,12643.78,13604.12,11045.32
2897,South Lahontan,26088569.082677525,302283900,2025-11,2025.0,11.0,month,0.6987637795275591,1.3436417322834648,1.0420275590551182,0.477228346456693,1.3405708661417324,1.4585236220472442,0.9924212598425197,4349.58,8363.73,6486.28,2970.59,8344.62,9078.83,6177.5
2898,South Lahontan,26088569.082677525,302283900,2025-12,2025.0,12.0,month,0.6093267716535433,1.276972440944882,0.9522755905511812,0.5379251968503937,1.2756141732283464,1.1513976377952757,0.916992125984252,3792.86,7948.74,5927.61,3348.41,7940.28,7167.08,5707.98
2899,South Lahontan,26088569.082677525,302283900,2026-00,,,water_year,,,,,,,,,,,,,,
2900,Tulare Lake,16529578.590641888,12792676500,2003-10,2003.0,10.0,month,2.0583307086614173,2.520413385826772,1.9462204724409449,1.9107637795275592,1.9800000000000002,1.668925196850394,1.6078425196850394,542223.3,663949.12,512690.25,503349.94,521588.75,439642.73,423551.8
2901,Tulare Lake,16529578.590641888,12792676500,2003-11,2003.0,11.0,month,0.9024763779527559,1.0144133858267719,0.8836141732283465,0.7928031496062993,1.3620787401574805,0.8837677165354332,0.6655748031496064,237738.14,267225.56,232769.3,208847.07,358810.58,232809.75,175331.48
2902,Tulare Lake,16529578.590641888,12792676500,2003-12,2003.0,12.0,month,0.5978779527559055,0.8292637795275591,0.7979881889763779,0.6671653543307088,1.3510551181102364,1.0915118110236222,0.6085905511811024,157498.19,218451.85,210212.96,175750.48,355906.64,287535.49,160320.19
2903,Tulare Lake,16529578.590641888,12792676500,2004-00,,,water_year,33.53794881889763,34.52924015748032,31.837342519685038,32.44702755905512,34.26630708661418,31.281263779527563,25.84722440944882,8834856.91,9095991.45,8386868.4799999995,8547476.99,9026727.36,8240381.379999999,6808899.67
2904,Tulare Lake,16529578.590641888,12792676500,2004-01,2004.0,1.0,month,0.9957598425196851,0.8017795275590552,0.9477716535433072,1.064948818897638,1.3855826771653545,0.8484566929133859,0.6247244094488189,262311.68,211211.71,249670.22,280538.04,365002.19,223507.81,164570.31
2905,Tulare Lake,16529578.590641888,12792676500,2004-02,2004.0,2.0,month,1.2431062992125985,1.2096653543307088,1.4374685039370079,1.5759291338582677,2.266787401574803,1.6555866141732285,1.0777755905511812,327469.83,318660.52,378670.4,415144.9,597136.77,436128.96,283916.98
2906,Tulare Lake,16529578.590641888,12792676500,2004-03,2004.0,3.0,month,2.9670905511811023,2.240031496062992,2.6145,2.607255905511811,3.534716535433071,2.414370078740158,2.0207913385826775,781616.69,590088.49,688734.23,686825.93,931145.64,636014.27,532334.35
2907,Tulare Lake,16529578.590641888,12792676500,2004-04,2004.0,4.0,month,3.246476377952756,2.8542874015748034,2.833925196850394,2.763866141732284,2.9724173228346458,2.795933070866142,2.0542913385826775,855214.92,751901.1,746537.12,728081.55,783019.91,736528.9,541159.21
2908,Tulare Lake,16529578.590641888,12792676500,2004-05,2004.0,5.0,month,3.6052204724409447,3.7243818897637797,3.5348425196850393,3.9905393700787406,3.611562992125984,3.393629921259843,2.6457204724409453,949718.4,981108.93,931178.83,1051222.44,951389.2,893979.38,696958.6
2909,Tulare Lake,16529578.590641888,12792676500,2004-06,2004.0,6.0,month,4.938948818897638,4.907220472440945,4.522240157480315,4.589188976377953,4.273633858267717,4.4327086614173234,3.817996062992126,1301060.67,1292702.51,1191287.66,1208923.9,1125797.64,1167702.5,1005769.59
2910,Tulare Lake,16529578.590641888,12792676500,2004-07,2004.0,7.0,month,5.33848031496063,5.584740157480315,5.009681102362205,4.8672480314960636,4.717263779527559,5.186775590551181,4.499527559055118,1406308.71,1471180.61,1319693.58,1282172.63,1242662.47,1366345.34,1185304.51
2911,Tulare Lake,16529578.590641888,12792676500,2004-08,2004.0,8.0,month,4.709311023622048,5.23390157480315,4.369413385826771,4.459992125984252,4.02403937007874,4.135925196850394,3.784653543307087,1240567.49,1378759.68,1151028.71,1174889.75,1060047.3,1089521.23,996986.21
2912,Tulare Lake,16529578.590641888,12792676500,2004-09,2004.0,9.0,month,2.9348700787401576,3.609141732283465,2.9396771653543308,3.1573267716535436,2.787169291338583,2.773673228346457,2.439736220472441,773128.89,950751.37,774395.22,831730.36,734220.27,730665.02,642696.44
2913,Tulare Lake,16529578.590641888,12792676500,2004-10,2004.0,10.0,month,1.8141259842519686,1.9571535433070868,1.7595078740157482,1.6643031496062992,2.0153188976377954,1.858751968503937,1.2805275590551182,477892.78,515570.33,463504.8,438425.15,530892.76,489648.54,337327.66
2914,Tulare Lake,16529578.590641888,12792676500,2004-11,2004.0,11.0,month,1.1512559055118112,1.0008503937007875,1.0135196850393702,0.9645157480314961,1.4763267716535433,0.9242677165354332,0.7386929133858268,303273.8,263652.68,266990.13,254081.09,388906.78,243478.61,194592.88
2915,Tulare Lake,16529578.590641888,12792676500,2004-12,2004.0,12.0,month,0.8024527559055119,0.6700275590551181,0.771259842519685,0.7096929133858267,1.1235393700787402,0.7463622047244095,0.5659409448818898,211389.05,176504.46,203171.95,186953.45,295972.47,196613.2,149085.06
2916,Tulare Lake,16529578.590641888,12792676500,2005-00,,,water_year,34.37609055118111,32.00648425196851,32.414500000000004,34.15705905511811,35.95362992125985,32.27561811023622,25.854889763779532,9055647.45,8431425.229999999,8538908.290000001,8997948.28,9471216.540000001,8502322.819999998,6810918.960000001
2917,Tulare Lake,16529578.590641888,12792676500,2005-01,2005.0,1.0,month,1.0028661417322835,0.5949055118110237,0.9795157480314961,0.9957480314960631,1.3971220472440946,1.1467716535433072,0.6295984251968504,264183.68,156715.16,258032.52,262308.57,368041.99,302092.52,165854.27
2918,Tulare Lake,16529578.590641888,12792676500,2005-02,2005.0,2.0,month,1.5429015748031498,1.0523307086614173,1.469248031496063,1.5720393700787403,2.3904055118110237,1.5744724409448818,1.121492125984252,406444.49,277214.07,387042.04,414120.22,629701.32,414761.16,295433.17
2919,Tulare Lake,16529578.590641888,12792676500,2005-03,2005.0,3.0,month,2.493996062992126,1.910472440944882,2.509007874015748,2.9730275590551183,3.57951968503937,2.5528582677165357,1.7368779527559057,656990.04,503273.19,660944.58,783180.66,942948.07,672496.03,457543.43
2920,Tulare Lake,16529578.590641888,12792676500,2005-04,2005.0,4.0,month,3.1885,2.485492125984252,2.9011023622047247,3.10586220472441,3.7493385826771655,2.80553937007874,2.023905511811024,839942.28,654749.86,764233.51,818173.12,987683.24,739059.48,533154.72
2921,Tulare Lake,16529578.590641888,12792676500,2005-05,2005.0,5.0,month,3.981425196850394,3.3569960629921263,3.6358700787401577,3.7946102362204726,3.9898307086614175,3.6785472440944886,2.60090157480315,1048821.5,884328.97,957792.38,999609.09,1051035.76,969034.77,685152.02
2922,Tulare Lake,16529578.590641888,12792676500,2005-06,2005.0,6.0,month,4.66653937007874,4.039047244094489,4.157157480314961,4.503248031496063,4.154503937007874,3.9862598425196856,3.2666653543307085,1229300.21,1064000.8,1095114.42,1186284.59,1094415.4,1050095.09,860533.28
2923,Tulare Lake,16529578.590641888,12792676500,2005-07,2005.0,7.0,month,5.819299212598426,5.978653543307087,5.49296062992126,5.96928346456693,5.021389763779528,5.4378307086614175,4.897759842519685,1532970.19,1574948.69,1447003.26,1572480.34,1322777.98,1432480.45,1290210.31
2924,Tulare Lake,16529578.590641888,12792676500,2005-08,2005.0,8.0,month,4.829562992125985,5.364736220472441,4.664685039370079,4.81586220472441,4.033956692913386,4.63224409448819,4.3119842519685045,1272245.31,1413225.27,1228811.73,1268636.13,1062659.8,1220265.85,1135900.23
2925,Tulare Lake,16529578.590641888,12792676500,2005-09,2005.0,9.0,month,3.0831653543307085,3.595818897637795,3.0606653543307085,3.0888661417322836,3.022377952755906,2.931712598425197,2.6805433070866145,812194.12,947241.75,806266.97,813695.87,796180.97,772297.12,706131.93
2926,Tulare Lake,16529578.590641888,12792676500,2005-10,2005.0,10.0,month,1.9635708661417324,2.2003228346456694,1.8993188976377953,1.7758346456692915,2.2611496062992127,1.7115354330708663,1.5477322834645668,517260.84,579628.1,500335.03,467805.74,595651.61,450867.49,407717.04
2927,Tulare Lake,16529578.590641888,12792676500,2005-11,2005.0,11.0,month,0.970992125984252,1.2621023622047245,1.056988188976378,1.1881141732283464,1.4741574803149609,0.8131102362204724,0.7528385826771654,255787.15,332473.93,278440.98,312983.32,388335.33,214196.54,198319.26
2928,Tulare Lake,16529578.590641888,12792676500,2005-12,2005.0,12.0,month,0.6661023622047245,0.7317874015748032,0.7060669291338584,0.6433582677165355,1.0336299212598425,0.8613543307086614,0.4969251968503937,175470.45,192773.77,185998.26,169479.01,272287.74,226905.42,130904.34
2929,Tulare Lake,16529578.590641888,12792676500,2006-00,,,water_year,34.37033070866142,34.15633858267717,32.022763779527565,31.37562598425197,34.552263779527564,31.976106299212603,26.21629133858268,9054130.15,8997758.49,8435713.72,8265239.090000001,9102056.53,8423422.83,6906122.49
2930,Tulare Lake,16529578.590641888,12792676500,2006-01,2006.0,1.0,month,1.0186338582677166,0.8502913385826772,0.9714566929133859,0.9338464566929134,1.2770275590551183,1.0680314960629922,0.6696850393700788,268337.35,223991.11,255909.53,246001.92,336405.66,281350.11,176414.23
2931,Tulare Lake,16529578.590641888,12792676500,2006-02,2006.0,2.0,month,1.4957362204724411,1.348011811023622,1.409996062992126,1.4271574803149607,1.9552440944881893,1.2019212598425197,1.1064370078740158,394019.79,355104.94,371433.37,375954.18,515067.33,316620.51,291467.22
2932,Tulare Lake,16529578.590641888,12792676500,2006-03,2006.0,3.0,month,1.9684724409448822,1.6845472440944884,2.0133110236220473,1.8152086614173228,2.646299212598425,2.551488188976378,1.5144527559055119,518552.06,443758.02,530363.82,478177.98,697111.05,672135.11,398950.26
2933,Tulare Lake,16529578.590641888,12792676500,2006-04,2006.0,4.0,month,3.1217874015748035,2.5620708661417324,2.863716535433071,2.9267244094488194,3.2595393700787403,3.065496062992126,2.1255314960629925,822368.27,674922.89,754385.01,770983.09,858656.09,807539.52,559925.91
2934,Tulare Lake,16529578.590641888,12792676500,2006-05,2006.0,5.0,month,4.401059055118111,3.901582677165355,3.8957204724409453,3.8805984251968506,4.158062992125984,3.743779527559055,2.807870078740158,1159365.09,1027788.7,1026244.42,1022260.84,1095352.96,986218.82,739673.45
2935,Tulare Lake,16529578.590641888,12792676500,2006-06,2006.0,6.0,month,5.142051181102363,4.967417322834645,4.523354330708662,4.362968503937008,4.36446062992126,4.335173228346457,3.723661417322835,1354563.65,1308560.09,1191581.17,1149330.95,1149724.01,1142008.87,980919.14
2936,Tulare Lake,16529578.590641888,12792676500,2006-07,2006.0,7.0,month,5.727181102362206,5.605850393700788,5.285850393700788,5.263767716535433,5.0184448818897645,5.409385826771654,4.832834645669291,1508703.64,1476741.66,1392444.48,1386627.27,1322002.21,1424987.26,1273107.15
2937,Tulare Lake,16529578.590641888,12792676500,2006-08,2006.0,8.0,month,4.706787401574804,4.77826377952756,4.2810078740157484,4.12476377952756,4.110015748031496,4.2798346456692915,3.801653543307087,1239902.7,1258731.62,1127740.17,1086580.99,1082695.94,1127431.1,1001464.5
2938,Tulare Lake,16529578.590641888,12792676500,2006-09,2006.0,9.0,month,3.1879566929133865,4.264090551181103,3.115976377952756,3.0332834645669293,2.994232283464567,2.934996062992126,2.8366692913385827,839799.16,1123283.66,820837.48,799053.8,788766.6,773162.08,747259.99
2939,Tulare Lake,16529578.590641888,12792676500,2006-10,2006.0,10.0,month,1.658488188976378,2.3147992125984254,1.7708385826771655,1.6587125984251971,2.2171968503937007,1.6243582677165354,1.4392204724409448,436893.32,609784.45,466489.63,436952.44,584073.19,427902.52,379131.92
2940,Tulare Lake,16529578.590641888,12792676500,2006-11,2006.0,11.0,month,0.8720118110236221,1.133976377952756,0.9465354330708663,1.0222874015748031,1.3001574803149607,0.7731259842519685,0.6638149606299213,229712.9,298721.88,249344.56,269299.8,342498.74,203663.54,174867.89
2941,Tulare Lake,16529578.590641888,12792676500,2006-12,2006.0,12.0,month,0.5671614173228348,0.8677086614173228,0.7350354330708662,0.6880748031496063,1.0618149606299212,0.8978582677165354,0.5211732283464567,149406.57,228579.33,193629.4,181258.62,279712.49,236521.6,137291.96
2942,Tulare Lake,16529578.590641888,12792676500,2007-00,,,water_year,31.417122047244096,34.20537007874016,31.080472440944884,32.37397637795276,32.19620866141732,30.74853149606299,25.329814960629925,8276170.339999999,9010674.790000001,8187487.199999999,8528233.200000001,8481404.09,8100044.4399999995,6672599.22
2943,Tulare Lake,16529578.590641888,12792676500,2007-01,2007.0,1.0,month,0.8306377952755906,0.910468503937008,0.814003937007874,0.860988188976378,0.9824842519685041,0.7225039370078741,0.5276771653543307,218813.8,239843.5,214431.97,226808.96,258814.51,190328.24,139005.29
2944,Tulare Lake,16529578.590641888,12792676500,2007-02,2007.0,2.0,month,1.1677716535433071,1.1488307086614173,1.1686535433070868,1.0935826771653545,1.632523622047244,1.3241023622047243,0.8050196850393702,307624.52,302634.93,307856.84,288081.02,430053.51,348806.51,212065.26
2945,Tulare Lake,16529578.590641888,12792676500,2007-03,2007.0,3.0,month,2.5394330708661417,2.317417322834646,2.362279527559055,2.746688976377953,2.598330708661418,2.0888070866141732,1.576062992125984,668959.45,610474.14,622292.13,723556.6,684474.78,550251.65,415180.16
2946,Tulare Lake,16529578.590641888,12792676500,2007-04,2007.0,4.0,month,2.9353188976377957,2.7407283464566934,2.8896377952755907,3.212027559055118,3.0321496062992126,2.859122047244095,2.1416299212598426,773247.12,721986.39,761213.41,846140.11,798755.11,753174.69,564166.7
2947,Tulare Lake,16529578.590641888,12792676500,2007-05,2007.0,5.0,month,3.8998779527559058,3.83890157480315,3.722157480314961,3.7572480314960632,3.78942125984252,3.8251023622047247,3.000696850393701,1027339.62,1011276.7,980522.96,989766.81,998242.16,1007641.59,790469.55
2948,Tulare Lake,16529578.590641888,12792676500,2007-06,2007.0,6.0,month,4.561047244094488,4.890527559055118,4.479988188976378,4.6236732283464566,4.243370078740158,4.538425196850394,3.9690275590551183,1201510.56,1288305.12,1180157.28,1218008.04,1117825.29,1195551.27,1045555.61
2949,Tulare Lake,16529578.590641888,12792676500,2007-07,2007.0,7.0,month,4.955728346456693,5.6256377952755905,4.908338582677166,5.045850393700788,4.4732677165354335,4.974102362204725,4.479409448818898,1305480.88,1481954.22,1292997.05,1329221.61,1178386.92,1310321.12,1180004.83
2950,Tulare Lake,16529578.590641888,12792676500,2007-08,2007.0,8.0,month,4.437897637795276,4.954944881889764,4.2983031496062996,4.708586614173229,3.8902637795275594,4.166086614173229,3.651685039370079,1169069.43,1305274.49,1132296.24,1240376.66,1024806.97,1097466.61,961958.5
2951,Tulare Lake,16529578.590641888,12792676500,2007-09,2007.0,9.0,month,2.991748031496063,3.461429133858268,2.984700787401575,2.956255905511811,2.975228346456693,2.9549370078740163,2.5543976377952755,788112.17,911839.64,786255.73,778762.53,783760.42,778415.1,672901.55
2952,Tulare Lake,16529578.590641888,12792676500,2007-10,2007.0,10.0,month,1.573744094488189,2.116031496062992,1.833007874015748,1.853248031496063,2.233531496062992,1.7908346456692914,1.5231496062992127,414569.3,557423.34,482866.81,488198.64,588376.21,471757.17,401241.26
2953,Tulare Lake,16529578.590641888,12792676500,2007-11,2007.0,11.0,month,1.1851062992125985,1.2129330708661417,1.1233740157480316,1.529948818897638,1.4179212598425197,0.8488858267716535,0.8105511811023622,312190.96,319521.33,295928.91,403032.37,373521.1,223620.86,213522.41
2954,Tulare Lake,16529578.590641888,12792676500,2007-12,2007.0,12.0,month,0.6979330708661418,0.8631338582677166,0.8834685039370079,0.9904921259842521,1.4706535433070866,0.9556259842519685,0.5480157480314961,183855.57,227374.2,232730.92,260924.01,387412.29,251739.27,144363.05
2955,Tulare Lake,16529578.590641888,12792676500,2008-00,,,water_year,31.336169291338585,34.50236614173229,31.80733858267717,34.40510236220473,34.40816535433071,31.08396062992126,25.871437007874018,8254845.07,9088912.05,8378964.57,9063290.0,9064096.889999999,8188406.08,6815277.96
2956,Tulare Lake,16529578.590641888,12792676500,2008-01,2008.0,1.0,month,0.8426377952755906,0.9451653543307088,1.058484251968504,1.09696062992126,1.7523858267716534,1.3032992125984253,0.6999015748031496,221974.94,248983.64,278835.09,288970.87,461628.65,343326.36,184374.13
2957,Tulare Lake,16529578.590641888,12792676500,2008-02,2008.0,2.0,month,1.5568779527559056,1.2640748031496065,1.4987637795275592,1.5914133858267718,2.015929133858268,1.4893464566929135,1.060228346456693,410126.27,332993.53,394817.33,419223.9,531053.51,392336.54,279294.53
2958,Tulare Lake,16529578.590641888,12792676500,2008-03,2008.0,3.0,month,2.5922598425196854,2.3368267716535436,2.50196062992126,2.8191496062992125,3.2535000000000003,2.124188976377953,1.9617165354330708,682875.54,615587.14,659088.14,742644.8,857065.14,559572.25,516772.36
2959,Tulare Lake,16529578.590641888,12792676500,2008-04,2008.0,4.0,month,3.084704724409449,3.14651968503937,3.0878346456692913,3.410437007874016,3.3626535433070868,2.8860157480314963,2.3813110236220476,812599.63,828883.46,813424.14,898406.85,885819.32,760259.26,627305.57
2960,Tulare Lake,16529578.590641888,12792676500,2008-05,2008.0,5.0,month,3.733988188976378,4.062712598425197,3.673055118110236,3.9114960629921263,3.689275590551181,3.636169291338583,2.884716535433071,983639.5,1070234.93,967587.99,1030400.17,971860.92,957871.2,759917.01
2961,Tulare Lake,16529578.590641888,12792676500,2008-06,2008.0,6.0,month,4.3253937007874015,4.801992125984253,4.373618110236221,4.909299212598426,4.123637795275591,4.368791338582677,3.6845551181102363,1139432.67,1264982.35,1152136.36,1293250.11,1086284.38,1150864.85,970617.42
2962,Tulare Lake,16529578.590641888,12792676500,2008-07,2008.0,7.0,month,4.767011811023623,5.618228346456694,4.773192913385826,4.929988188976378,4.410401574803149,4.8087047244094485,4.27188188976378,1255767.53,1480002.36,1257395.81,1298700.18,1161826.18,1266750.64,1125336.12
2963,Tulare Lake,16529578.590641888,12792676500,2008-08,2008.0,8.0,month,4.115531496062992,4.697956692913387,4.125625984251968,4.340519685039371,3.8036181102362208,4.155153543307087,3.6860629921259846,1084148.95,1237576.43,1086808.12,1143417.28,1001982.02,1094586.53,971014.63
2964,Tulare Lake,16529578.590641888,12792676500,2008-09,2008.0,9.0,month,2.8609803149606297,3.4367913385826774,2.874952755905512,3.022149606299213,2.8746574803149607,2.716944881889764,2.3593464566929137,753664.21,905349.34,757344.95,796120.82,757267.17,715721.15,621519.47
2965,Tulare Lake,16529578.590641888,12792676500,2008-10,2008.0,10.0,month,1.5120393700787402,2.3345629921259845,1.8298070866141734,2.098992125984252,2.0477834645669293,1.6314291338582678,1.516244094488189,398314.5,614990.8,482023.63,552934.68,539444.85,429765.19,399422.15
2966,Tulare Lake,16529578.590641888,12792676500,2008-11,2008.0,11.0,month,1.0243228346456694,1.1371692913385827,1.1217559055118111,1.2966771653543308,1.7376417322834645,1.0665196850393701,0.7163582677165354,269835.99,299562.98,295502.65,341581.93,457744.63,280951.85,188709.3
2967,Tulare Lake,16529578.590641888,12792676500,2008-12,2008.0,12.0,month,0.8114803149606299,0.6535393700787403,0.7876338582677166,0.9125944881889764,1.0496811023622048,0.7944448818897638,0.41457874015748036,213767.17,172161.0,207485.33,240403.54,276516.09,209279.55,109211.92
2968,Tulare Lake,16529578.590641888,12792676500,2009-00,,,water_year,29.22370472440945,33.38711023622048,30.731543307086614,33.43782283464568,32.36370472440945,31.311744094488187,25.701228346456695,7698361.350000001,8795121.690000001,8095569.24,8808480.84,8525527.34,8248410.760000001,6770440.130000001
2969,Tulare Lake,16529578.590641888,12792676500,2009-01,2009.0,1.0,month,1.0004803149606298,0.7968937007874016,0.9710196850393702,1.2234094488188978,1.1783740157480316,0.8902244094488189,0.612755905511811,263555.19,209924.64,255794.41,322281.11,310417.49,234510.62,161417.47
2970,Tulare Lake,16529578.590641888,12792676500,2009-02,2009.0,2.0,month,1.23748031496063,1.0713858267716536,1.4425236220472442,1.6127125984251969,2.141956692913386,1.7141889763779528,1.0965590551181104,325987.78,282233.73,380002.06,424834.72,564252.78,451566.5,288865.08
2971,Tulare Lake,16529578.590641888,12792676500,2009-03,2009.0,3.0,month,2.414712598425197,2.1337480314960633,2.39146062992126,2.6207637795275596,3.160996062992126,2.213496062992126,1.9495669291338582,636104.5,562090.38,629979.27,690384.29,832696.96,583098.3,513571.8
2972,Tulare Lake,16529578.590641888,12792676500,2009-04,2009.0,4.0,month,2.934496062992126,2.9260118110236224,2.8095196850393704,3.103696850393701,2.489956692913386,2.941543307086614,2.3342401574803153,773030.36,770795.37,740108.0,817602.7,655925.95,774886.81,614905.76
2973,Tulare Lake,16529578.590641888,12792676500,2009-05,2009.0,5.0,month,3.5847874015748036,4.275255905511811,3.8414724409448824,4.092838582677166,3.7602559055118108,4.114759842519685,3.1535866141732285,944335.74,1126224.93,1011953.94,1078170.98,990559.17,1083945.67,830745.09
2974,Tulare Lake,16529578.590641888,12792676500,2009-06,2009.0,6.0,month,3.7654527559055118,4.273574803149606,4.073870078740158,4.558759842519685,4.08794094488189,4.230996062992126,3.469248031496063,991928.17,1125782.08,1073174.13,1200907.99,1076880.8,1114565.62,913899.36
2975,Tulare Lake,16529578.590641888,12792676500,2009-07,2009.0,7.0,month,4.689334645669292,5.55836220472441,4.832822834645669,5.179472440944883,4.263224409448819,5.051389763779527,4.419582677165355,1235305.14,1464231.91,1273104.04,1364421.48,1123055.49,1330680.83,1164244.74
2976,Tulare Lake,16529578.590641888,12792676500,2009-08,2009.0,8.0,month,3.6650118110236223,4.865527559055119,3.889161417322835,4.160263779527559,3.636877952755906,3.8670826771653544,3.4740866141732285,965469.15,1281719.4,1024516.58,1095932.71,958057.88,1018700.41,915173.98
2977,Tulare Lake,16529578.590641888,12792676500,2009-09,2009.0,9.0,month,2.584106299212599,3.36107874015748,2.740496062992126,2.577641732283465,2.8090157480314963,2.795669291338583,2.5444212598425198,680727.66,885404.47,721925.2,679024.71,739975.25,736459.41,670273.48
2978,Tulare Lake,16529578.590641888,12792676500,2009-10,2009.0,10.0,month,1.5140669291338582,2.0087440944881894,1.7057913385826773,1.6023543307086616,2.238129921259843,1.7110393700787403,1.3656732283464568,398848.62,529160.76,449354.33,422106.05,589587.57,450736.81,359757.47
2979,Tulare Lake,16529578.590641888,12792676500,2009-11,2009.0,11.0,month,0.8317204724409448,1.1246102362204726,0.9943858267716537,1.184700787401575,1.3688976377952757,0.8564173228346457,0.6915393700787402,219099.01,296254.57,261949.73,312084.14,360606.87,225604.87,182171.29
2980,Tulare Lake,16529578.590641888,12792676500,2009-12,2009.0,12.0,month,0.5987244094488189,0.6174448818897638,0.7227125984251969,0.7613188976377953,1.1385196850393702,0.9462519685039371,0.4219724409448819,157721.17,162652.68,190383.21,200553.22,299918.71,249269.89,111159.63
2981,Tulare Lake,16529578.590641888,12792676500,2010-00,,,water_year,32.19998818897638,31.363968503937013,31.205905511811025,31.319759842519687,35.910362204724414,31.50122047244095,25.636984251968503,8482399.72,8262168.190000001,8220529.859999999,8250522.34,9459818.59,8298324.289999999,6753516.390000001
2982,Tulare Lake,16529578.590641888,12792676500,2010-01,2010.0,1.0,month,1.0034173228346457,0.6672598425196851,0.923232283464567,0.6849488188976378,1.5418700787401576,1.0851220472440946,0.7104094488188977,264328.88,175775.37,243205.84,180435.15,406172.77,285852.25,187142.21
2983,Tulare Lake,16529578.590641888,12792676500,2010-02,2010.0,2.0,month,1.44392125984252,1.0181496062992126,1.3545551181102364,1.289244094488189,2.161692913385827,1.5287047244094487,1.0074842519685039,380370.24,268209.79,356828.64,339623.84,569451.87,402704.64,265400.23
2984,Tulare Lake,16529578.590641888,12792676500,2010-03,2010.0,3.0,month,2.7920393700787405,2.2825984251968507,2.5907125984251973,2.8965393700787407,3.541437007874016,2.336102362204725,1.9510433070866142,735503.19,601301.84,682467.95,763031.48,932916.0,615396.31,513960.72
2985,Tulare Lake,16529578.590641888,12792676500,2010-04,2010.0,4.0,month,3.415893700787402,2.5431377952755905,3.0280118110236223,3.184307086614173,3.448803149606299,3.1013976377952757,2.0818858267716536,899844.3,669935.38,797665.09,838837.75,908513.59,816997.02,548428.39
2986,Tulare Lake,16529578.590641888,12792676500,2010-05,2010.0,5.0,month,3.7666338582677166,3.3392322834645674,3.502771653543307,3.2847637795275597,4.380011811023622,3.494496062992126,2.805929133858268,992239.31,879649.48,922730.44,865300.92,1153820.64,920550.41,739162.15
2987,Tulare Lake,16529578.590641888,12792676500,2010-06,2010.0,6.0,month,4.2710984251968505,4.462133858267717,4.168385826771654,4.044094488188977,4.097507874015748,4.306271653543307,3.7058070866141732,1125129.73,1175453.94,1098072.29,1065330.39,1079401.01,1134395.37,976215.79
2988,Tulare Lake,16529578.590641888,12792676500,2010-07,2010.0,7.0,month,5.19815748031496,5.327822834645669,4.882307086614174,4.7262480314960635,4.656559055118111,5.038177165354331,4.411208661417323,1369343.66,1403501.23,1286139.61,1245029.18,1226671.11,1327200.26,1162038.79
2989,Tulare Lake,16529578.590641888,12792676500,2010-08,2010.0,8.0,month,4.380771653543308,4.48620472440945,4.203968503937008,4.208653543307086,4.05726377952756,4.238118110236221,3.826448818897638,1154020.8,1181794.9,1107445.79,1108679.96,1068799.56,1116441.77,1007996.28
2990,Tulare Lake,16529578.590641888,12792676500,2010-09,2010.0,9.0,month,2.9835433070866144,3.486629921259843,3.129070866141732,3.4525866141732284,3.2796692913385828,2.859122047244095,2.6575826771653546,785950.81,918478.25,824286.94,909510.26,863958.89,753174.69,700083.44
2991,Tulare Lake,16529578.590641888,12792676500,2010-10,2010.0,10.0,month,1.9410866141732286,2.337216535433071,1.9265000000000003,1.7826102362204725,2.191468503937008,1.9107637795275592,1.6128700787401578,511337.85,615689.82,507495.31,469590.63,577295.61,503349.94,424876.2
2992,Tulare Lake,16529578.590641888,12792676500,2010-11,2010.0,11.0,month,1.1139527559055118,1.1803976377952756,1.1137677165354332,0.9590511811023622,1.8621535433070866,1.207767716535433,0.8377992125984253,293447.08,310950.57,293398.34,252641.57,490544.61,318160.63,220700.32
2993,Tulare Lake,16529578.590641888,12792676500,2010-12,2010.0,12.0,month,0.6533346456692913,0.7319606299212599,0.7485275590551181,0.3331338582677166,1.3683228346456695,1.051712598425197,0.6011811023622048,172107.07,192819.41,197183.61,87757.01,360455.45,277051.24,158368.33
2994,Tulare Lake,16529578.590641888,12792676500,2011-00,,,water_year,33.11312992125985,32.18837007874016,32.01980708661418,31.69120866141732,37.40696456692913,32.6973937007874,27.041137795275592,8722947.430000002,8479339.19,8434934.86,8348372.64,9854066.54,8613430.610000001,7123410.66
2995,Tulare Lake,16529578.590641888,12792676500,2011-01,2011.0,1.0,month,1.0883818897637796,0.7161062992125985,0.8009015748031496,0.6908700787401576,1.0785905511811025,0.7745236220472441,0.6147165354330709,286710.98,188642.92,210980.43,181994.98,284131.66,204031.72,161933.95
2996,Tulare Lake,16529578.590641888,12792676500,2011-02,2011.0,2.0,month,1.483976377952756,1.264543307086614,1.4428937007874019,1.4116456692913388,2.1596220472440946,1.4965708661417325,1.1388110236220472,390921.91,333116.95,380099.55,371867.93,568906.34,394239.66,299995.46
2997,Tulare Lake,16529578.590641888,12792676500,2011-03,2011.0,3.0,month,2.162763779527559,1.7573346456692913,2.102200787401575,2.0593110236220475,3.3695866141732287,2.332677165354331,1.6333582677165355,569733.96,462932.31,553779.94,542481.54,887645.69,614494.02,430273.38
2998,Tulare Lake,16529578.590641888,12792676500,2011-04,2011.0,4.0,month,3.0727992125984254,2.760704724409449,2.9810984251968504,3.0976023622047246,4.0184448818897645,2.8736614173228348,2.4135629921259842,809463.38,727248.75,785306.76,815997.24,1058573.55,757004.78,635801.66
2999,Tulare Lake,16529578.590641888,12792676500,2011-05,2011.0,5.0,month,3.5226889763779528,3.5090314960629927,3.5952007874015752,3.816578740157481,4.265952755905512,3.6587677165354333,2.725228346456693,927977.24,924379.46,947078.92,1005396.22,1123774.22,963824.28,717903.25
3000,Tulare Lake,16529578.590641888,12792676500,2011-06,2011.0,6.0,month,4.426511811023622,4.075437007874016,4.182295275590551,4.205228346456693,4.275889763779528,4.341314960629922,3.531511811023622,1166070.07,1073586.91,1101736.44,1107777.67,1126391.91,1143626.78,930301.42
3001,Tulare Lake,16529578.590641888,12792676500,2011-07,2011.0,7.0,month,5.516913385826772,5.231775590551181,5.1938464566929134,5.393275590551182,5.054114173228347,5.229035433070866,4.658468503937009,1453313.1,1378199.63,1368208.01,1420743.36,1331398.52,1377477.8,1227174.11
3002,Tulare Lake,16529578.590641888,12792676500,2011-08,2011.0,8.0,month,4.85996062992126,4.814236220472441,4.542834645669291,4.445196850393701,4.280535433070867,4.592685039370079,4.229696850393701,1280252.91,1268207.79,1196712.84,1170992.25,1127615.71,1209844.86,1114223.37
3003,Tulare Lake,16529578.590641888,12792676500,2011-09,2011.0,9.0,month,3.270759842519685,3.809625984251969,3.389740157480315,3.496704724409449,3.4822834645669296,3.227913385826772,3.043933070866142,861611.88,1003564.67,892954.71,921132.24,917333.27,850324.9,801859.21
3004,Tulare Lake,16529578.590641888,12792676500,2011-10,2011.0,10.0,month,2.00192125984252,2.3621259842519686,2.0146220472440945,1.8467874015748034,2.5315944881889765,1.8679488188976379,1.603740157480315,527363.43,622251.68,530709.19,486496.73,666894.54,492071.25,422471.12
3005,Tulare Lake,16529578.590641888,12792676500,2011-11,2011.0,11.0,month,1.036748031496063,1.1086535433070868,1.0644330708661418,0.9223070866141733,1.6803503937007875,1.194464566929134,0.7908385826771653,273109.14,292051.12,280402.18,242962.12,442652.45,314656.2,208329.55
3006,Tulare Lake,16529578.590641888,12792676500,2011-12,2011.0,12.0,month,0.7604370078740158,0.9809881889763781,0.7773464566929134,0.7906023622047245,1.1452007874015748,0.5200984251968505,0.6365393700787402,200320.9,258420.4,204775.34,208267.32,301678.71,137008.83,167682.71
3007,Tulare Lake,16529578.590641888,12792676500,2012-00,,,water_year,32.995539370078745,34.11926771653543,32.411417322834644,33.0937125984252,34.045492125984254,32.642240157480316,27.65270472440945,8691970.7,8987992.96,8538096.239999998,8717832.35,8968558.360000001,8598901.57,7284514.930000001
3008,Tulare Lake,16529578.590641888,12792676500,2012-01,2012.0,1.0,month,0.9150511811023623,0.9680826771653545,0.9339330708661419,1.0623503937007874,1.0628897637795276,0.9205393700787402,0.6109488188976379,241050.71,255020.72,246024.74,279853.54,279995.63,242496.45,160941.43
3009,Tulare Lake,16529578.590641888,12792676500,2012-02,2012.0,2.0,month,1.2566456692913386,1.3783700787401574,1.336492125984252,1.3931850393700786,1.8233267716535435,1.236724409448819,0.9951181102362205,331036.48,363102.18,352070.33,367004.87,480316.53,325788.65,262142.63
3010,Tulare Lake,16529578.590641888,12792676500,2012-03,2012.0,3.0,month,2.15459842519685,1.9258543307086615,2.119696850393701,2.132468503937008,2.4238582677165357,2.29446062992126,1.5950826771653543,567582.98,507325.23,558388.9,561753.32,638513.73,604426.69,420190.49
3011,Tulare Lake,16529578.590641888,12792676500,2012-04,2012.0,4.0,month,3.351185039370079,2.559240157480315,2.9292519685039373,3.027397637795276,2.923988188976378,3.2317401574803153,2.2195629921259843,882798.18,674177.2,771648.92,797503.3,770262.29,851332.98,584696.5
3012,Tulare Lake,16529578.590641888,12792676500,2012-05,2012.0,5.0,month,4.268937007874016,4.1131299212598424,4.0992086614173235,4.501224409448819,4.051944881889764,4.063157480314961,3.3904566929133857,1124560.35,1083516.3,1079849.04,1185751.51,1067398.41,1070352.13,893143.46
3013,Tulare Lake,16529578.590641888,12792676500,2012-06,2012.0,6.0,month,4.489988188976378,4.555236220472441,4.397177165354331,4.479783464566929,4.272562992125985,4.518102362204725,3.9269133858267717,1182791.57,1199979.77,1158342.49,1180103.35,1125515.54,1190197.65,1034461.53
3014,Tulare Lake,16529578.590641888,12792676500,2012-07,2012.0,7.0,month,4.846472440944882,5.232645669291339,4.910177165354331,4.9807362204724415,4.801149606299213,5.046759842519686,4.6661220472440945,1276699.74,1378428.84,1293481.39,1312068.67,1264760.41,1329461.18,1229190.28
3015,Tulare Lake,16529578.590641888,12792676500,2012-08,2012.0,8.0,month,4.765913385826772,5.225051181102362,4.677531496062992,4.78817716535433,4.334133858267717,4.650448818897638,4.354370078740158,1255478.18,1376428.23,1232195.85,1261343.09,1141735.07,1225061.5,1147065.87
3016,Tulare Lake,16529578.590641888,12792676500,2012-09,2012.0,9.0,month,3.147641732283465,3.7098897637795276,3.1515472440944885,3.168692913385827,2.9944921259842525,3.0977952755905513,2.8630118110236222,829179.04,977291.29,830207.87,834724.53,788835.05,816048.06,754199.36
3017,Tulare Lake,16529578.590641888,12792676500,2012-10,2012.0,10.0,month,1.8878503937007876,2.3673031496062995,1.9620236220472442,1.9941614173228346,2.1618897637795276,1.749972440944882,1.6434212598425197,497313.9,623615.5,516853.25,525319.27,569503.72,460992.89,432924.26
3018,Tulare Lake,16529578.590641888,12792676500,2012-11,2012.0,11.0,month,0.9475708661417324,1.3690708661417323,1.1209133858267717,1.105511811023622,1.677476377952756,1.0272637795275592,0.9018267716535434,249617.32,360652.5,295280.71,291223.49,441895.35,270610.72,237567.02
3019,Tulare Lake,16529578.590641888,12792676500,2012-12,2012.0,12.0,month,0.5763700787401574,0.8191496062992126,0.7951377952755906,0.704228346456693,1.2325433070866143,1.1360944881889765,0.5666062992125984,151832.4,215787.48,209462.08,185513.93,324687.23,299279.85,149260.34
3020,Tulare Lake,16529578.590641888,12792676500,2013-00,,,water_year,31.833736220472442,34.9366968503937,32.71155118110236,33.280543307086624,34.84059842519685,33.62026771653543,28.831307086614174,8385918.45,9203327.229999999,8617160.07,8767048.93,9178012.14,8856542.06,7594992.57
3021,Tulare Lake,16529578.590641888,12792676500,2013-01,2013.0,1.0,month,0.9383700787401574,1.0309173228346458,1.0117952755905513,1.0061181102362204,1.3951929133858267,1.000503937007874,0.7540118110236221,247193.57,271573.17,266535.87,265040.35,367533.8,263561.41,198628.32
3022,Tulare Lake,16529578.590641888,12792676500,2013-02,2013.0,2.0,month,1.444972440944882,1.288704724409449,1.466728346456693,1.7004685039370078,2.2036062992125984,1.3173779527559055,1.1388779527559054,380647.15,339481.76,386378.28,447952.14,580493.05,347035.11,300013.09
3023,Tulare Lake,16529578.590641888,12792676500,2013-03,2013.0,3.0,month,2.259188976377953,2.3371062992125986,2.4025511811023623,2.5793346456692916,3.119996062992126,2.2877952755905513,1.9049370078740158,595135.12,615660.78,632900.84,679470.67,821896.38,602670.84,501815.0
3024,Tulare Lake,16529578.590641888,12792676500,2013-04,2013.0,4.0,month,3.336744094488189,3.0288149606299215,3.1916535433070865,3.0096929133858272,3.4627992125984255,3.3845590551181104,2.6550236220472443,878994.02,797876.67,840773.01,792839.37,912200.56,891589.86,699409.31
3025,Tulare Lake,16529578.590641888,12792676500,2013-05,2013.0,5.0,month,3.9775551181102364,3.91436220472441,3.8936732283464566,3.966484251968504,3.7845866141732287,4.211712598425198,3.413976377952756,1047802.01,1031155.19,1025705.12,1044885.63,996968.58,1109485.8,899339.22
3026,Tulare Lake,16529578.590641888,12792676500,2013-06,2013.0,6.0,month,4.755192913385827,5.049779527559055,4.690350393700788,4.867641732283465,4.387448818897638,4.744744094488189,4.270090551181103,1252654.1,1330256.65,1235572.72,1282276.34,1155779.76,1249901.58,1124864.23
3027,Tulare Lake,16529578.590641888,12792676500,2013-07,2013.0,7.0,month,4.69605905511811,5.291925196850394,4.912893700787402,5.157440944881889,4.5559763779527565,5.3499251968503945,4.616354330708662,1237076.54,1394044.76,1294197.0,1358617.76,1200174.75,1409323.62,1216080.03
3028,Tulare Lake,16529578.590641888,12792676500,2013-08,2013.0,8.0,month,4.049775590551182,4.69905905511811,4.225200787401575,4.1738149606299215,3.9509842519685043,4.448751968503937,4.113925196850394,1066826.96,1237866.83,1113038.98,1099502.48,1040802.49,1171928.77,1083725.8
3029,Tulare Lake,16529578.590641888,12792676500,2013-09,2013.0,9.0,month,2.9640866141732287,3.740503937007874,3.038629921259843,3.0156456692913385,2.908098425196851,2.961566929133858,2.8522559055118113,780825.36,985355.94,800462.21,794407.5,766076.47,780161.61,751365.95
3030,Tulare Lake,16529578.590641888,12792676500,2013-10,2013.0,10.0,month,1.5088818897637797,2.211405511811024,1.6605078740157482,1.491700787401575,1.9042283464566931,1.5936141732283466,1.5342598425196852,397482.73,582547.59,437425.36,392956.74,501628.32,419803.65,404168.01
3031,Tulare Lake,16529578.590641888,12792676500,2013-11,2013.0,11.0,month,0.9464606299212599,1.3721181102362205,0.9782795275590551,0.8996692913385828,0.9594606299212599,1.029724409448819,0.8745433070866142,249324.86,361455.23,257706.86,236998.68,252749.43,271258.92,230379.77
3032,Tulare Lake,16529578.590641888,12792676500,2013-12,2013.0,12.0,month,0.6368425196850394,1.0283228346456692,0.7700393700787402,0.9063110236220473,0.9738582677165355,0.6445000000000001,0.5300511811023623,167762.57,270889.71,202850.44,238748.3,256542.18,169779.77,139630.67
3033,Tulare Lake,16529578.590641888,12792676500,2014-00,,,water_year,30.45999212598425,34.46317322834646,30.69830708661417,31.335889763779527,30.371996062992128,31.90874015748032,26.556188976377953,8024034.899999999,9078587.53,8086813.89,8254771.45,8000854.22,8405676.65,6995661.25
3034,Tulare Lake,16529578.590641888,12792676500,2014-01,2014.0,1.0,month,0.7795196850393702,1.115192913385827,0.9195196850393701,1.1985393700787403,1.006,0.7985629921259843,0.7380314960629921,205347.83,293773.77,242227.84,315729.62,265009.23,210364.38,194418.65
3035,Tulare Lake,16529578.590641888,12792676500,2014-02,2014.0,2.0,month,1.1842637795275592,1.2717519685039371,1.2602795275590553,1.394271653543307,1.261444881889764,1.3602795275590551,0.946740157480315,311969.02,335015.92,331993.75,367291.11,332300.73,358336.61,249398.49
3036,Tulare Lake,16529578.590641888,12792676500,2014-03,2014.0,3.0,month,2.103543307086614,2.445929133858268,2.2530433070866143,2.6508385826771654,2.2588661417322835,2.2925354330708663,1.6589803149606301,554133.59,644327.83,593516.18,698306.85,595050.08,603919.54,437022.96
3037,Tulare Lake,16529578.590641888,12792676500,2014-04,2014.0,4.0,month,3.1639685039370082,2.912330708661418,3.0472007874015747,3.0977204724409453,3.303964566929134,3.224515748031496,2.421015748031496,833479.98,767191.38,802720.02,816028.35,870358.96,849429.86,637764.93
3038,Tulare Lake,16529578.590641888,12792676500,2014-05,2014.0,5.0,month,3.639917322834646,4.004685039370079,3.815358267716536,3.903685039370079,3.9666377952755907,4.075165354330709,3.31501968503937,958858.54,1054948.81,1005074.71,1028342.52,1044926.08,1073515.35,873271.19
3039,Tulare Lake,16529578.590641888,12792676500,2014-06,2014.0,6.0,month,4.292972440944882,5.236937007874016,4.341153543307087,3.912972440944882,4.0422125984251975,4.720153543307087,4.117988188976378,1130891.98,1379559.3,1143584.26,1030789.09,1064834.65,1243423.72,1084796.11
3040,Tulare Lake,16529578.590641888,12792676500,2014-07,2014.0,7.0,month,5.402062992125985,5.164011811023622,4.7385039370078745,4.694586614173229,4.163618110236221,4.969106299212599,4.193503937007875,1423058.21,1360348.71,1248257.74,1236688.66,1096816.34,1309005.01,1104689.12
3041,Tulare Lake,16529578.590641888,12792676500,2014-08,2014.0,8.0,month,3.9980157480314964,4.479893700787402,4.037523622047244,4.163535433070867,3.7109921259842524,4.28346062992126,3.7344527559055116,1053191.93,1180132.39,1063599.44,1096794.56,977581.68,1128386.29,983761.88
3042,Tulare Lake,16529578.590641888,12792676500,2014-09,2014.0,9.0,month,2.8035433070866143,3.2205944881889765,2.8768976377952757,3.0220590551181106,2.8207125984251973,2.9171220472440944,2.4916023622047248,738533.66,848396.89,757857.29,796096.97,743056.54,768453.55,656359.47
3043,Tulare Lake,16529578.590641888,12792676500,2014-10,2014.0,10.0,month,1.7476377952755906,2.45644094488189,1.8367677165354332,1.7971456692913388,1.8933622047244096,1.7148031496062992,1.6548779527559057,460377.88,647096.95,483857.26,473419.67,498765.87,451728.3,435942.28
3044,Tulare Lake,16529578.590641888,12792676500,2014-11,2014.0,11.0,month,1.11,1.232007874015748,1.1368307086614173,1.1292598425196851,1.6320000000000001,1.0436929133858268,0.8874685039370078,292405.81,324546.18,299473.79,297479.41,429915.57,274938.63,233784.64
3045,Tulare Lake,16529578.590641888,12792676500,2014-12,2014.0,12.0,month,0.5981062992125985,0.7458937007874016,0.8389763779527559,0.8403110236220473,1.1561732283464567,1.167996062992126,0.7191181102362205,157558.34,196489.78,221010.42,221362.01,304569.16,307683.64,189436.32
3046,Tulare Lake,16529578.590641888,12792676500,2015-00,,,water_year,29.4423188976378,33.20820472440945,30.59199606299213,30.15509448818898,32.33995669291338,32.7177874015748,27.342929133858274,7755950.6,8747992.86,8058808.51,7943716.1,8519271.43,8618802.889999999,7202911.17
3047,Tulare Lake,16529578.590641888,12792676500,2015-01,2015.0,1.0,month,1.0027755905511813,0.6923228346456693,0.8857598425196851,1.029527559055118,1.0907992125984252,0.7313897637795277,0.6813818897637794,264159.83,182377.68,233334.53,271207.06,287347.77,192669.03,179495.52
3048,Tulare Lake,16529578.590641888,12792676500,2015-02,2015.0,2.0,month,1.4719842519685038,1.4998307086614175,1.5166220472440946,1.4651141732283466,2.2346023622047246,1.5168740157480314,1.206496062992126,387762.84,395098.39,399521.71,385953.06,588658.31,399588.09,317825.64
3049,Tulare Lake,16529578.590641888,12792676500,2015-03,2015.0,3.0,month,2.494740157480315,2.667082677165354,2.5270826771653545,2.5231496062992127,2.761515748031496,2.4573858267716537,2.108854330708662,657186.06,702586.01,665706.0,664669.92,727462.39,647345.85,555532.67
3050,Tulare Lake,16529578.590641888,12792676500,2015-04,2015.0,4.0,month,2.794086614173229,2.9513464566929137,2.9360826771653543,2.948948818897638,3.14,3.2875629921259844,2.4985,736042.49,777469.24,773448.32,776837.63,827165.99,866038.31,658176.51
3051,Tulare Lake,16529578.590641888,12792676500,2015-05,2015.0,5.0,month,3.4096141732283467,3.5806141732283465,3.45894094488189,3.3108740157480314,3.7135472440944883,3.9160511811023624,2.933145669291339,898190.09,943236.39,911184.18,872179.1,978254.77,1031600.11,772674.63
3052,Tulare Lake,16529578.590641888,12792676500,2015-06,2015.0,6.0,month,4.031523622047244,4.718858267716535,4.342503937007875,4.456244094488189,4.263649606299213,4.69194094488189,4.002484251968504,1062018.86,1243082.51,1143939.99,1173902.41,1123167.5,1235991.71,1054369.06
3053,Tulare Lake,16529578.590641888,12792676500,2015-07,2015.0,7.0,month,4.234090551181103,4.879854330708662,4.484629921259843,4.334870078740158,4.25236220472441,5.218425196850394,4.332149606299213,1115380.8,1285493.49,1181380.05,1141929.01,1120194.08,1374682.76,1141212.36
3054,Tulare Lake,16529578.590641888,12792676500,2015-08,2015.0,8.0,month,3.917015748031496,4.410405511811024,3.873830708661418,3.648118110236221,3.5775236220472446,4.111255905511811,3.752724409448819,1031854.21,1161827.21,1020478.03,961018.86,942422.25,1083022.63,988575.16
3055,Tulare Lake,16529578.590641888,12792676500,2015-09,2015.0,9.0,month,2.630744094488189,3.3735472440944885,2.753968503937008,2.6715314960629923,2.6244212598425203,2.860409448818898,2.565728346456693,693013.39,888689.03,725474.23,703757.96,691347.77,753513.83,675886.38
3056,Tulare Lake,16529578.590641888,12792676500,2015-10,2015.0,10.0,month,1.892240157480315,2.5673149606299215,2.0260984251968504,1.9270393700787405,2.183968503937008,2.049893700787402,1.8017716535433073,498470.29,676304.34,533732.39,507637.4,575319.9,540000.75,474638.29
3057,Tulare Lake,16529578.590641888,12792676500,2015-11,2015.0,11.0,month,1.0315590551181102,1.126456692913386,1.2080354330708662,1.224992125984252,1.8581574803149608,1.3996377952755907,0.9130748031496063,271742.22,296740.98,318231.15,322698.03,489491.93,368704.71,240530.07
3058,Tulare Lake,16529578.590641888,12792676500,2015-12,2015.0,12.0,month,0.6771574803149607,0.8539488188976379,0.8808228346456694,0.8871377952755907,1.416708661417323,1.024240157480315,0.6379921259842519,178382.69,224954.59,232033.98,233697.52,373201.66,269814.21,168065.41
3059,Tulare Lake,16529578.590641888,12792676500,2016-00,,,water_year,32.0404251968504,33.93281496062992,32.33042913385827,32.71383070866142,35.19864960629921,34.33036220472441,27.716011811023623,8440366.25,8938875.969999999,8516761.610000001,8617760.58,9272333.07,9043601.299999999,7301191.840000001
3060,Tulare Lake,16529578.590641888,12792676500,2016-01,2016.0,1.0,month,0.8157834645669292,0.8786220472440945,0.9766771653543308,0.9490196850393702,1.4900826771653546,1.237964566929134,0.7252322834645669,214900.74,231454.23,257284.76,249998.98,392530.48,326115.35,191046.97
3061,Tulare Lake,16529578.590641888,12792676500,2016-02,2016.0,2.0,month,1.8888385826771654,1.3532716535433071,1.6238267716535433,1.5941811023622048,2.559696850393701,1.498448818897638,1.3318543307086614,497574.22,356490.54,427762.51,419952.99,674297.51,394734.36,350848.6
3062,Tulare Lake,16529578.590641888,12792676500,2016-03,2016.0,3.0,month,2.5483464566929133,2.0849133858267717,2.467720472440945,2.426972440944882,3.409724409448819,2.65634251968504,1.9431771653543306,671307.49,549225.94,650068.3,639334.1,898219.13,699756.75,511888.56
3063,Tulare Lake,16529578.590641888,12792676500,2016-04,2016.0,4.0,month,3.1760944881889763,2.8198346456692915,3.0791102362204725,3.073334645669292,3.328909448818898,3.3984881889763785,2.406763779527559,836674.31,742825.26,811125.88,809604.43,876930.15,895259.19,634010.56
3064,Tulare Lake,16529578.590641888,12792676500,2016-05,2016.0,5.0,month,3.7649173228346458,3.840956692913386,3.787905511811024,3.967129921259843,3.858692913385827,4.042811023622047,3.1924606299212597,991787.12,1011818.07,997842.87,1045055.72,1016490.3,1064992.29,840985.62
3065,Tulare Lake,16529578.590641888,12792676500,2016-06,2016.0,6.0,month,4.55392125984252,5.12494094488189,4.683661417322835,5.152389763779528,4.266476377952756,4.927618110236221,4.249456692913386,1199633.37,1350056.32,1233810.65,1357287.13,1123912.15,1298075.83,1119428.68
3066,Tulare Lake,16529578.590641888,12792676500,2016-07,2016.0,7.0,month,4.758645669291339,5.2676338582677165,4.781074803149607,4.707039370078741,4.4457755905511815,5.1813307086614175,4.4885866141732285,1253563.65,1387645.73,1259472.13,1239969.07,1171144.7,1364911.0,1182422.36
3067,Tulare Lake,16529578.590641888,12792676500,2016-08,2016.0,8.0,month,4.225200787401575,4.589696850393701,4.046874015748032,4.0909566929133865,3.64698031496063,4.136696850393701,3.580531496062992,1113038.98,1209057.69,1066062.6,1077675.24,960719.14,1089724.51,943214.61
3068,Tulare Lake,16529578.590641888,12792676500,2016-09,2016.0,9.0,month,2.707720472440945,3.425224409448819,2.7686220472440946,2.7136377952755906,2.733476377952756,2.776889763779528,2.4451102362204726,713291.17,902302.28,729334.39,714849.97,720076.02,731512.35,644112.11
3069,Tulare Lake,16529578.590641888,12792676500,2016-10,2016.0,10.0,month,1.5478503937007873,2.230988188976378,1.8013503937007875,1.6480511811023624,2.0991377952755905,1.8244566929133859,1.5774015748031498,407748.15,587706.23,474527.32,434143.91,552973.06,480614.18,415532.78
3070,Tulare Lake,16529578.590641888,12792676500,2016-11,2016.0,11.0,month,1.1417992125984253,1.3910669291338584,1.1370275590551182,1.0981417322834646,1.3661732283464567,1.101251968503937,0.939503937007874,300782.64,366446.9,299525.65,289282.0,359889.18,290101.33,247492.26
3071,Tulare Lake,16529578.590641888,12792676500,2016-12,2016.0,12.0,month,0.7249370078740157,0.7570866141732284,0.7957913385826773,0.7426456692913386,1.1680236220472442,0.9021614173228347,0.5088543307086614,190969.18,199438.31,209634.25,195634.15,307690.9,237655.17,134046.81
3072,Tulare Lake,16529578.590641888,12792676500,2017-00,,,water_year,33.99074803149606,34.0966377952756,33.49668503937008,33.3215905511811,36.550968503937014,34.986633858267716,28.684968503937007,8954137.19,8982031.61,8823986.86,8777861.92,9628572.65,9216482.07,7556442.800000001
3073,Tulare Lake,16529578.590641888,12792676500,2017-01,2017.0,1.0,month,0.9121377952755906,0.8708858267716536,1.059732283464567,1.0166968503937008,1.5500393700787403,1.4069685039370081,0.6795078740157481,240283.24,229416.29,279163.86,267827.09,408324.79,370635.83,179001.85
3074,Tulare Lake,16529578.590641888,12792676500,2017-02,2017.0,2.0,month,1.198212598425197,1.1017086614173228,1.4012401574803153,1.4407519685039372,1.955468503937008,1.8352992125984253,1.103484251968504,315643.54,290221.64,369126.82,379535.36,515126.45,483470.41,290689.38
3075,Tulare Lake,16529578.590641888,12792676500,2017-03,2017.0,3.0,month,2.7121535433070867,2.269909448818898,2.604535433070866,2.7771535433070866,3.7120984251968507,2.54057874015748,2.0290787401574804,714458.97,597959.2,686109.28,731581.84,977873.11,669261.25,534517.49
3076,Tulare Lake,16529578.590641888,12792676500,2017-04,2017.0,4.0,month,3.102472440944882,2.7744685039370083,3.1713740157480315,3.2748740157480314,3.8535669291338586,3.352204724409449,2.5678897637795277,817280.16,730874.52,835430.81,862695.67,1015139.97,883066.8,676455.76
3077,Tulare Lake,16529578.590641888,12792676500,2017-05,2017.0,5.0,month,4.369917322834646,3.621503937007874,3.931070866141732,3.971594488188977,4.248161417322835,3.9268070866141733,3.1860314960629923,1151161.46,954007.93,1035556.73,1046231.81,1119087.47,1034433.53,839292.01
3078,Tulare Lake,16529578.590641888,12792676500,2017-06,2017.0,6.0,month,5.329602362204725,4.8430708661417325,4.760200787401575,4.537779527559056,4.502673228346457,4.889751968503938,4.326795275590551,1403970.01,1275803.67,1253973.31,1195381.18,1186133.17,1288100.81,1139801.88
3079,Tulare Lake,16529578.590641888,12792676500,2017-07,2017.0,7.0,month,5.491736220472442,5.829106299212599,5.327677165354332,5.17894094488189,4.970086614173229,5.611204724409449,4.970334645669292,1446680.71,1535553.66,1403462.85,1364281.47,1309263.26,1478152.14,1309328.59
3080,Tulare Lake,16529578.590641888,12792676500,2017-08,2017.0,8.0,month,4.61582283464567,4.783338582677166,4.368464566929134,4.238901574803149,4.117267716535433,4.428976377952756,3.953661417322835,1215940.02,1260068.47,1150778.77,1116648.16,1084606.32,1166719.31,1041507.73
3081,Tulare Lake,16529578.590641888,12792676500,2017-09,2017.0,9.0,month,2.8441062992125987,3.6235039370078743,3.1382204724409455,3.3960590551181107,3.008271653543307,3.1669724409448823,2.8424251968503937,749219.11,954534.79,826697.21,894619.28,792464.97,834271.31,748776.26
3082,Tulare Lake,16529578.590641888,12792676500,2017-10,2017.0,10.0,month,1.766023622047244,2.3652244094488193,1.9873661417322837,1.9333543307086616,2.266027559055118,1.857216535433071,1.8481889763779529,465221.24,623067.9,523529.2,509300.94,596936.6,489244.06,486865.94
3083,Tulare Lake,16529578.590641888,12792676500,2017-11,2017.0,11.0,month,0.9608740157480314,1.321043307086614,1.082972440944882,1.0118070866141733,1.5388149606299215,1.0403464566929135,0.8901968503937009,253121.75,348000.67,285285.98,266538.98,405367.96,274057.07,234503.36
3084,Tulare Lake,16529578.590641888,12792676500,2017-12,2017.0,12.0,month,0.753236220472441,1.0461771653543308,0.7739370078740159,0.7083897637795276,1.0781692913385827,0.6199015748031497,0.6000511811023622,198424.01,275593.05,203877.19,186610.17,284020.69,163299.84,158070.68
3085,Tulare Lake,16529578.590641888,12792676500,2018-00,,,water_year,32.843661417322835,35.07056692913387,32.713767716535436,32.569665354330716,35.20759448818898,33.11073228346457,28.267279527559054,8651961.71,9238592.450000001,8617743.98,8579783.28,9274689.42,8722315.82,7446411.56
3086,Tulare Lake,16529578.590641888,12792676500,2018-01,2018.0,1.0,month,0.9043503937007875,1.0377755905511812,1.0061102362204726,0.8299566929133859,1.4427637795275592,1.180503937007874,0.6687834645669293,238231.81,273379.83,265038.27,218634.38,380065.33,310978.57,176176.73
3087,Tulare Lake,16529578.590641888,12792676500,2018-02,2018.0,2.0,month,1.4015590551181103,1.367732283464567,1.3161377952755908,1.1336299212598426,1.5098937007874018,1.1908740157480315,1.1281102362204725,369210.82,360299.88,346708.42,298630.61,397749.27,313710.35,297176.57
3088,Tulare Lake,16529578.590641888,12792676500,2018-03,2018.0,3.0,month,1.8960118110236224,1.7586220472440945,2.1206614173228346,2.1141614173228347,2.8998543307086617,2.6380275590551183,1.6747992125984255,499463.85,463271.45,558642.99,556930.71,763904.74,694932.06,441190.11
3089,Tulare Lake,16529578.590641888,12792676500,2018-04,2018.0,4.0,month,3.1970118110236223,2.8873740157480317,3.117070866141732,3.3095196850393704,3.5991102362204725,3.1372559055118114,2.540240157480315,842184.54,760617.07,821125.8,871822.33,948108.79,826443.12,669172.06
3090,Tulare Lake,16529578.590641888,12792676500,2018-05,2018.0,5.0,month,3.9409606299212596,3.745657480314961,3.904976377952756,4.099633858267717,4.408996062992126,3.9107047244094493,3.244976377952756,1038161.98,986713.53,1028682.69,1079961.05,1161455.92,1030191.7,854819.78
3091,Tulare Lake,16529578.590641888,12792676500,2018-06,2018.0,6.0,month,4.867566929133859,4.882023622047244,4.616448818897638,4.542712598425197,4.4769370078740165,4.757527559055118,4.154358267716536,1282256.63,1286064.94,1216104.92,1196680.69,1179353.52,1253269.11,1094377.03
3092,Tulare Lake,16529578.590641888,12792676500,2018-07,2018.0,7.0,month,5.522240157480316,5.829228346456693,5.258326771653543,5.227326771653543,4.9465196850393705,5.40662598425197,4.692098425196851,1454716.32,1535585.81,1385193.97,1377027.68,1303055.05,1424260.24,1236033.2
3093,Tulare Lake,16529578.590641888,12792676500,2018-08,2018.0,8.0,month,4.524984251968505,5.056775590551182,4.4525551181102365,4.621602362204725,4.123649606299213,4.404700787401575,4.028594488188976,1192010.54,1332099.62,1172930.63,1217462.52,1086287.49,1160324.42,1061247.25
3094,Tulare Lake,16529578.590641888,12792676500,2018-09,2018.0,9.0,month,3.1088425196850396,3.772933070866142,3.077204724409449,3.0375708661417327,2.9168582677165356,2.967047244094488,2.79688188976378,818958.22,993898.7,810623.92,800183.22,768384.06,781605.28,736778.85
3095,Tulare Lake,16529578.590641888,12792676500,2018-10,2018.0,10.0,month,1.8038228346456695,2.4125669291338587,1.896913385826772,1.8381220472440944,2.0755748031496064,1.7931614173228347,1.669224409448819,475178.63,635539.27,499701.35,484214.03,546765.89,472370.11,439721.55
3096,Tulare Lake,16529578.590641888,12792676500,2018-11,2018.0,11.0,month,0.8687716535433072,1.3324212598425198,1.0822755905511812,1.24948031496063,1.3180157480314962,1.0318976377952758,0.7593740157480315,228859.35,350997.95,285102.41,329148.92,347203.12,271831.41,200040.88
3097,Tulare Lake,16529578.590641888,12792676500,2018-12,2018.0,12.0,month,0.7391299212598426,0.7384409448818898,0.766232283464567,0.7569921259842519,1.239972440944882,0.7779370078740158,0.5616771653543308,194708.0,194526.51,201847.54,199413.42,326644.28,204930.9,147961.86
3098,Tulare Lake,16529578.590641888,12792676500,2019-00,,,water_year,32.42728346456693,33.70273228346457,33.07142913385827,33.86820078740158,35.41615354330709,35.09744881889765,28.67853937007874,8542275.82,8878265.59,8711962.25,8921854.73,9329629.850000001,9245673.889999999,7554749.18
3099,Tulare Lake,16529578.590641888,12792676500,2019-01,2019.0,1.0,month,0.867224409448819,0.8307716535433072,1.0283503937007874,0.95548031496063,1.5485826771653546,1.359720472440945,0.9084763779527559,228451.76,218849.06,270896.97,251700.9,407941.06,358189.34,239318.71
3100,Tulare Lake,16529578.590641888,12792676500,2019-02,2019.0,2.0,month,1.1216181102362206,1.0118779527559054,1.491429133858268,1.869677165354331,1.9662086614173229,1.9069251968503937,1.1674173228346458,295466.36,266557.65,392885.18,492526.55,517955.71,502338.75,307531.18
3101,Tulare Lake,16529578.590641888,12792676500,2019-03,2019.0,3.0,month,2.2483740157480314,1.940271653543307,2.3328740157480317,2.3916614173228345,3.176185039370079,2.6167283464566933,1.7802755905511813,592286.15,511123.16,614545.88,630032.16,836698.17,689321.24,468975.61
3102,Tulare Lake,16529578.590641888,12792676500,2019-04,2019.0,4.0,month,3.0605078740157485,2.944606299212599,3.145110236220473,3.2846496062992125,3.540740157480315,3.282665354330709,2.591240157480315,806225.49,775693.69,828512.17,865270.84,932732.43,864748.13,682606.92
3103,Tulare Lake,16529578.590641888,12792676500,2019-05,2019.0,5.0,month,3.5750708661417323,3.473255905511811,3.629507874015748,3.882649606299213,3.7361771653543308,4.1823818897637794,2.7744960629921263,941776.13,914955.15,956116.39,1022801.18,984216.14,1101759.26,730881.78
3104,Tulare Lake,16529578.590641888,12792676500,2019-06,2019.0,6.0,month,5.001724409448819,4.652417322834646,4.765637795275591,4.743984251968504,4.734472440944883,4.976570866141732,4.335551181102363,1317597.56,1225580.06,1255405.58,1249701.41,1247195.73,1310971.39,1142108.44
3105,Tulare Lake,16529578.590641888,12792676500,2019-07,2019.0,7.0,month,5.3827913385826776,5.59632283464567,5.219751968503938,5.022314960629922,4.9271496062992135,5.481248031496063,4.966555118110236,1417981.51,1474231.82,1375032.26,1323021.7,1297952.42,1443917.82,1308332.96
3106,Tulare Lake,16529578.590641888,12792676500,2019-08,2019.0,8.0,month,4.753551181102362,4.9215,4.6070866141732285,4.805633858267717,4.164224409448819,4.6669606299212605,4.255023622047244,1252221.62,1296464.15,1213638.65,1265941.69,1096976.05,1229411.18,1120895.17
3107,Tulare Lake,16529578.590641888,12792676500,2019-09,2019.0,9.0,month,3.004696850393701,3.8482795275590553,3.1062598425196852,3.0675551181102363,2.9888503937007873,3.0212519685039374,2.9092283464566933,791523.26,1013747.12,818277.87,808081.93,787348.85,795884.36,766374.12
3108,Tulare Lake,16529578.590641888,12792676500,2019-10,2019.0,10.0,month,1.8166299212598427,2.3523267716535434,1.9270826771653544,1.9146456692913385,2.1343503937007875,1.729803149606299,1.6851929133858268,478552.39,619670.29,507648.81,504372.54,562249.06,455679.73,443928.11
3109,Tulare Lake,16529578.590641888,12792676500,2019-11,2019.0,11.0,month,0.9984015748031497,1.310496062992126,1.0913267716535433,1.0255748031496064,1.474515748031496,1.0180511811023623,0.8737716535433071,263007.59,345222.22,287486.75,270165.8,388429.71,268183.86,230176.5
3110,Tulare Lake,16529578.590641888,12792676500,2019-12,2019.0,12.0,month,0.7151023622047245,0.6922755905511812,0.8738149606299214,0.8377165354330709,1.5025472440944885,1.1655708661417323,0.7167007874015748,188378.46,182365.23,230187.9,220678.54,395814.01,307044.77,188799.53
3111,Tulare Lake,16529578.590641888,12792676500,2020-00,,,water_year,33.524657480314964,32.38543700787402,32.71588188976378,34.663244094488185,37.006645669291345,32.314956692913384,27.584055118110232,8831355.6,8531252.270000001,8618300.91,9131291.92,9748611.069999998,8512685.72,7266430.680000001
3112,Tulare Lake,16529578.590641888,12792676500,2020-01,2020.0,1.0,month,0.9801771653543307,0.7308149606299212,0.8667047244094488,0.5971850393700787,1.3030629921259842,0.9132913385826773,0.754507874015748,258206.76,192517.61,228314.86,157315.65,343264.14,240587.11,198759.0
3113,Tulare Lake,16529578.590641888,12792676500,2020-02,2020.0,2.0,month,1.5638346456692915,1.5838031496062992,1.5771181102362204,1.4591181102362205,2.2992086614173233,1.365956692913386,1.4316220472440946,411958.86,417219.14,415458.11,384373.53,605677.46,359832.14,377130.28
3114,Tulare Lake,16529578.590641888,12792676500,2020-03,2020.0,3.0,month,2.036484251968504,1.7415826771653542,2.205003937007874,2.329751968503937,3.238283464566929,2.5520511811023625,1.6702401574803152,536468.32,458782.79,580861.23,613723.44,853056.67,672283.42,439989.13
3115,Tulare Lake,16529578.590641888,12792676500,2020-04,2020.0,4.0,month,3.3584251968503938,2.5900984251968504,3.286771653543307,3.6811811023622045,4.255822834645669,3.3491811023622047,2.6337007874015748,884705.45,682306.16,865829.85,969728.6,1121105.71,882270.29,693792.27
3116,Tulare Lake,16529578.590641888,12792676500,2020-05,2020.0,5.0,month,4.158818897637795,3.596220472440945,4.117925196850393,5.1365,4.592629921259843,4.024047244094489,3.3654133858267716,1095552.09,947347.54,1084779.52,1353101.31,1209830.34,1060049.37,886546.34
3117,Tulare Lake,16529578.590641888,12792676500,2020-06,2020.0,6.0,month,4.645590551181103,4.514374015748031,4.563145669291338,5.191244094488189,4.47638188976378,4.517649606299213,4.064397637795276,1223781.69,1189215.5,1202063.35,1367522.47,1179207.28,1190078.38,1070678.82
3118,Tulare Lake,16529578.590641888,12792676500,2020-07,2020.0,7.0,month,5.236933070866142,5.107433070866143,4.9460078740157485,5.080818897637795,4.797311023622047,5.043326771653544,4.344661417322834,1379558.26,1345444.25,1302920.22,1338433.31,1263749.21,1328556.81,1144508.33
3119,Tulare Lake,16529578.590641888,12792676500,2020-08,2020.0,8.0,month,4.622366141732284,4.819299212598426,4.221370078740158,4.100496062992127,3.8926299212598425,4.127346456692913,3.768204724409449,1217663.72,1269541.53,1112029.86,1080188.18,1025430.28,1087261.34,992653.12
3120,Tulare Lake,16529578.590641888,12792676500,2020-09,2020.0,9.0,month,3.391893700787402,3.346712598425197,3.0396102362204727,3.3090118110236224,3.0399015748031495,2.508681102362205,2.275641732283465,893522.01,881620.01,800720.45,871688.55,800797.2,660858.5,599469.25
3121,Tulare Lake,16529578.590641888,12792676500,2020-10,2020.0,10.0,month,2.0815866141732284,2.4370669291338585,1.963692913385827,2.016417322834646,2.0779960629921264,1.59146062992126,1.5152952755905513,548349.57,641993.27,517292.99,531182.11,547403.72,419236.34,399172.2
3122,Tulare Lake,16529578.590641888,12792676500,2020-11,2020.0,11.0,month,1.0225236220472442,1.3738700787401574,1.1078031496062992,1.1194055118110238,1.5655511811023624,0.9493070866141733,0.7950629921259843,269362.03,361916.75,291827.1,294883.49,412411.05,250074.69,209442.38
3123,Tulare Lake,16529578.590641888,12792676500,2020-12,2020.0,12.0,month,0.6799685039370079,0.8893582677165355,0.7791377952755906,0.7650708661417324,1.041767716535433,0.8091023622047245,0.5569251968503937,179123.19,234282.46,205247.23,201541.59,274431.47,213140.75,146710.06
3124,Tulare Lake,16529578.590641888,12792676500,2021-00,,,water_year,32.702362204724416,34.47684251968504,32.067405511811025,33.476188976377955,32.88062598425197,31.60855905511811,27.458141732283465,8614739.440000001,9082188.4,8447473.67,8818587.57,8661699.24,8326600.35,7233261.460000001
3125,Tulare Lake,16529578.590641888,12792676500,2021-01,2021.0,1.0,month,0.8986771653543307,0.9203937007874017,0.977216535433071,1.1044094488188976,1.268232283464567,0.9792283464566929,0.6774488188976379,236737.32,242458.08,257426.84,290933.1,334088.73,257956.81,178459.43
3126,Tulare Lake,16529578.590641888,12792676500,2021-02,2021.0,2.0,month,1.4080866141732284,1.2892637795275592,1.3761181102362205,1.5181023622047245,1.9375314960629921,1.0768858267716537,1.107968503937008,370930.37,339629.03,362508.95,399911.67,510401.33,283682.59,291870.66
3127,Tulare Lake,16529578.590641888,12792676500,2021-03,2021.0,3.0,month,2.209255905511811,1.9403503937007875,2.2470629921259846,2.357515748031496,2.6742992125984255,2.349744094488189,1.9018188976377952,581981.32,511143.9,591940.79,621037.21,704487.06,618989.94,500993.6
3128,Tulare Lake,16529578.590641888,12792676500,2021-04,2021.0,4.0,month,3.2685314960629923,3.018275590551181,3.139854330708662,3.2697913385826776,3.2834173228346457,3.105385826771654,2.6192637795275595,861024.87,795100.29,827127.62,861356.75,864946.22,818047.63,689989.15
3129,Tulare Lake,16529578.590641888,12792676500,2021-05,2021.0,5.0,month,4.0710826771653545,4.102291338582678,4.0948307086614175,4.240488188976378,4.191358267716535,4.238448818897638,3.69246062992126,1072439.85,1080661.11,1078695.77,1117066.12,1104123.89,1116528.89,972699.95
3130,Tulare Lake,16529578.590641888,12792676500,2021-06,2021.0,6.0,month,4.8258228346456695,4.632094488188977,4.497433070866142,4.593137795275591,4.186807086614174,4.66057874015748,4.047527559055118,1271260.04,1220226.44,1184752.77,1209964.13,1102924.98,1227730.01,1066234.76
3131,Tulare Lake,16529578.590641888,12792676500,2021-07,2021.0,7.0,month,5.014275590551182,5.593318897637796,4.936818897637796,5.027933070866142,4.377909448818897,5.14251968503937,4.521759842519685,1320903.9,1473440.5,1300499.59,1324501.67,1153266.82,1354687.07,1191161.13
3132,Tulare Lake,16529578.590641888,12792676500,2021-08,2021.0,8.0,month,4.350330708661418,4.728846456692914,4.153452755905512,4.393736220472441,3.759661417322835,4.057043307086614,3.646893700787402,1146001.79,1245713.68,1094138.49,1157436.04,990402.57,1068741.48,960696.32
3133,Tulare Lake,16529578.590641888,12792676500,2021-09,2021.0,9.0,month,2.8722204724409455,3.5517125984251967,2.7939842519685043,3.070181102362205,2.5160944881889766,2.648854330708662,2.375716535433071,756625.19,935622.89,736015.53,808773.69,662811.4,697784.15,625831.82
3134,Tulare Lake,16529578.590641888,12792676500,2021-10,2021.0,10.0,month,1.668515748031496,2.429759842519685,1.994263779527559,2.27903937007874,2.1360157480314963,1.9328622047244097,1.6806456692913387,439534.87,640068.38,525346.23,600364.29,562687.77,509171.3,442730.24
3135,Tulare Lake,16529578.590641888,12792676500,2021-11,2021.0,11.0,month,1.103744094488189,1.1783582677165354,1.052232283464567,1.1228149606299214,1.4566811023622046,0.7665039370078741,0.8105866141732283,290757.83,310413.34,277188.14,295781.64,383731.55,201919.1,213531.75
3136,Tulare Lake,16529578.590641888,12792676500,2021-12,2021.0,12.0,month,0.6332952755905512,0.7828779527559057,0.7976850393700787,0.8272913385826772,1.008728346456693,0.9341338582677166,0.5061496062992126,166828.13,206232.49,210133.1,217932.25,265727.96,246077.63,133334.31
3137,Tulare Lake,16529578.590641888,12792676500,2022-00,,,water_year,32.10477952755906,34.87731102362205,32.45907874015749,33.22739763779528,32.94286220472441,33.1926062992126,29.209503937007874,8457319.04,9187683.3,8550651.61,8753048.829999998,8678094.049999999,8743883.79,7694620.49
3138,Tulare Lake,16529578.590641888,12792676500,2022-01,2022.0,1.0,month,1.1030787401574804,0.926728346456693,1.0060590551181103,1.1076377952755907,1.4467992125984253,0.7279330708661418,0.7844094488188976,290582.55,244126.81,265024.79,291783.54,381128.38,191758.43,206635.93
3139,Tulare Lake,16529578.590641888,12792676500,2022-02,2022.0,2.0,month,1.4450708661417324,1.3998110236220473,1.4481377952755905,1.4460905511811024,1.8956062992125986,1.301732283464567,1.2521732283464568,380673.08,368750.34,381481.0,380941.7,499357.03,342913.59,329858.32
3140,Tulare Lake,16529578.590641888,12792676500,2022-03,2022.0,3.0,month,2.29194094488189,2.2325905511811026,2.393437007874016,2.557972440944882,2.5945590551181104,2.5692559055118114,1.8495511811023624,603762.93,588128.34,630499.9,673843.25,683481.21,676815.64,487224.79
3141,Tulare Lake,16529578.590641888,12792676500,2022-04,2022.0,4.0,month,3.2106023622047246,2.9553070866141735,3.1171574803149604,3.2573149606299214,3.3042834645669292,3.230531496062992,2.677122047244095,845764.68,778512.58,821148.62,858070.11,870442.96,851014.58,705230.67
3142,Tulare Lake,16529578.590641888,12792676500,2022-05,2022.0,5.0,month,4.132570866141732,3.820712598425197,4.014551181102362,4.033141732283465,4.089893700787402,4.1590354330708665,3.6950551181102362,1088637.6,1006485.2,1057547.84,1062445.12,1077395.22,1095609.13,973383.42
3143,Tulare Lake,16529578.590641888,12792676500,2022-06,2022.0,6.0,month,4.452822834645669,4.637185039370078,4.435870078740158,4.120830708661417,4.298818897637795,4.840236220472441,4.367523622047244,1173001.15,1221567.44,1168535.31,1085544.91,1132432.1,1275056.94,1150530.89
3144,Tulare Lake,16529578.590641888,12792676500,2022-07,2022.0,7.0,month,4.942519685039371,5.172460629921261,4.8963503937007875,5.177236220472441,4.4621929133858265,5.150972440944882,4.520759842519685,1302001.34,1362574.37,1289839.02,1363832.4,1175469.5,1356913.77,1190897.71
3145,Tulare Lake,16529578.590641888,12792676500,2022-08,2022.0,8.0,month,4.2267874015748035,5.15628346456693,4.247405511811024,4.270492125984252,3.419543307086614,4.426192913385827,4.160433070866142,1113456.94,1358312.84,1118888.34,1124970.02,900805.71,1165986.07,1095977.31
3146,Tulare Lake,16529578.590641888,12792676500,2022-09,2022.0,9.0,month,2.8938307086614175,4.185236220472442,3.055929133858268,3.027535433070866,2.829740157480315,3.1532165354330712,2.9050944881889764,762317.94,1102511.17,805019.32,797539.6,745434.66,830647.61,765285.15
3147,Tulare Lake,16529578.590641888,12792676500,2022-10,2022.0,10.0,month,1.8758543307086617,2.5191496062992127,1.9626653543307089,1.9190000000000003,2.1048188976377955,1.7866102362204725,1.753716535433071,494153.79,663616.2,517022.3,505519.6,554469.62,470644.34,461979.2
3148,Tulare Lake,16529578.590641888,12792676500,2022-11,2022.0,11.0,month,0.8862677165354331,1.0561771653543308,1.0742755905511812,1.1825748031496064,1.6956535433070867,1.1066141732283465,0.8131692913385826,233468.32,278227.34,282994.98,311524.1,446683.74,291513.89,214212.1
3149,Tulare Lake,16529578.590641888,12792676500,2022-12,2022.0,12.0,month,0.6316929133858269,0.5555944881889764,0.6743818897637796,0.6294370078740158,1.0533740157480316,0.9373897637795275,0.4183582677165355,166406.02,146359.51,177651.52,165811.75,277488.91,246935.33,110207.56
3150,Tulare Lake,16529578.590641888,12792676500,2023-00,,,water_year,34.55620866141733,31.052059055118114,33.80105118110236,34.23093307086614,38.95467322834646,33.70411023622047,29.370862204724414,9103095.73,8180002.279999999,8904165.62,9017408.829999998,10261777.360000001,8878628.58,7737126.86
3151,Tulare Lake,16529578.590641888,12792676500,2023-01,2023.0,1.0,month,0.8715787401574804,0.8284566929133859,1.032736220472441,0.9250826771653544,1.4573858267716537,1.4179448818897638,0.8120236220472441,229598.82,218239.24,272052.32,243693.29,383917.19,373527.32,213910.29
3152,Tulare Lake,16529578.590641888,12792676500,2023-02,2023.0,2.0,month,1.4315748031496065,1.1368543307086616,1.4154173228346456,1.4949330708661417,2.251429133858268,1.4858543307086614,1.130968503937008,377117.83,299480.01,372861.49,393808.22,593090.96,391416.61,297929.52
3153,Tulare Lake,16529578.590641888,12792676500,2023-03,2023.0,3.0,month,2.182685039370079,1.4338582677165357,2.3092992125984253,2.357240157480315,3.1250196850393706,2.8069566929133862,1.9004133858267718,574981.79,377719.36,608335.6,620964.62,823219.75,739432.84,500623.35
3154,Tulare Lake,16529578.590641888,12792676500,2023-04,2023.0,4.0,month,3.9195748031496063,2.8883622047244097,3.583200787401575,3.79648031496063,4.527074803149607,3.266389763779528,3.0071456692913388,1032528.34,760877.38,943917.78,1000101.72,1192561.25,860460.68,792168.35
3155,Tulare Lake,16529578.590641888,12792676500,2023-05,2023.0,5.0,month,4.398740157480315,3.573405511811024,4.20438188976378,4.163763779527559,4.891405511811024,4.111204724409449,3.511913385826772,1158754.22,941337.42,1107554.69,1096854.71,1288536.4,1083009.15,925138.64
3156,Tulare Lake,16529578.590641888,12792676500,2023-06,2023.0,6.0,month,4.868641732283465,4.054389763779528,4.461535433070866,4.638610236220472,4.647692913385827,4.197866141732284,3.873692913385827,1282539.77,1068042.46,1175296.3,1221942.88,1224335.51,1105838.25,1020441.73
3157,Tulare Lake,16529578.590641888,12792676500,2023-07,2023.0,7.0,month,5.738212598425197,5.203118110236221,5.334913385826772,5.343677165354331,5.121212598425197,5.213177165354331,4.953393700787402,1511609.65,1370650.43,1405369.08,1407677.71,1349074.17,1373300.27,1304865.86
3158,Tulare Lake,16529578.590641888,12792676500,2023-08,2023.0,8.0,month,4.747657480314961,4.502523622047244,4.615338582677166,4.55094094488189,4.632645669291339,4.561196850393701,4.349952755905512,1250669.05,1186093.76,1215812.46,1198848.27,1220371.64,1201549.97,1145902.22
3159,Tulare Lake,16529578.590641888,12792676500,2023-09,2023.0,9.0,month,3.0037283464566933,3.3001692913385825,3.132905511811024,3.2291929133858273,3.4469606299212603,2.812905511811024,2.846114173228347,791268.13,869359.17,825297.1,850661.96,908028.22,740999.93,749748.04
3160,Tulare Lake,16529578.590641888,12792676500,2023-10,2023.0,10.0,month,1.9517244094488189,2.3749370078740157,2.0130708661417325,1.914204724409449,2.4091889763779526,1.7655669291338583,1.7555551181102362,514140.15,625626.47,530300.56,504256.38,634649.42,465100.93,462463.53
3161,Tulare Lake,16529578.590641888,12792676500,2023-11,2023.0,11.0,month,0.9366574803149607,1.3767992125984254,1.0911141732283465,0.8366141732283465,1.6489094488188978,1.0396299212598425,1.0106614173228348,246742.42,362688.37,287430.74,220388.15,434370.01,273868.32,266237.18
3162,Tulare Lake,16529578.590641888,12792676500,2023-12,2023.0,12.0,month,0.6721850393700788,0.8252480314960631,0.7783346456692914,0.6169173228346457,1.4581220472440946,0.9236377952755906,0.652751968503937,177072.8,217393.98,205035.65,162513.7,384111.14,243312.67,171953.58
3163,Tulare Lake,16529578.590641888,12792676500,2024-00,,,water_year,35.16741338582677,34.41502362204725,34.68246850393701,34.23501181102363,39.352039370078735,35.70833464566929,30.6072125984252,9264104.57,9065903.52,9136356.18,9018483.27,10366455.0,9406598.74,8062816.98
3164,Tulare Lake,16529578.590641888,12792676500,2024-01,2024.0,1.0,month,0.9110905511811024,0.7496889763779528,0.9691771653543307,0.79446062992126,1.5034133858267718,1.324988188976378,0.7774881889763781,240007.36,197489.56,255309.04,209283.7,396042.17,349039.86,204812.67
3165,Tulare Lake,16529578.590641888,12792676500,2024-02,2024.0,2.0,month,1.5574330708661417,1.1346574803149607,1.5886417322834647,1.4341850393700788,2.138035433070866,1.9546023622047246,1.3268188976377953,410272.51,298901.3,418493.76,377805.44,563219.81,514898.28,349522.12
3166,Tulare Lake,16529578.590641888,12792676500,2024-03,2024.0,3.0,month,2.5968543307086613,2.1034803149606303,2.6111929133858265,2.4905511811023624,3.337598425196851,2.9042519685039374,2.297944881889764,684085.86,554117.0,687863.05,656082.56,879219.08,765063.2,605344.54
3167,Tulare Lake,16529578.590641888,12792676500,2024-04,2024.0,4.0,month,3.646468503937008,2.5381023622047243,3.4508937007874017,3.598889763779528,4.700429133858268,3.5422677165354335,2.958232283464567,960584.31,668608.9,909064.3,948050.71,1238227.75,933134.84,779283.17
3168,Tulare Lake,16529578.590641888,12792676500,2024-05,2024.0,5.0,month,4.457051181102362,3.5751574803149606,4.253885826771653,4.634366141732284,4.640224409448819,4.312657480314961,3.5250905511811026,1174115.02,941798.94,1120595.44,1220824.86,1222368.1,1136077.58,928609.88
3169,Tulare Lake,16529578.590641888,12792676500,2024-06,2024.0,6.0,month,5.165641732283465,4.847153543307087,4.926153543307087,5.337641732283465,4.880539370078741,4.921704724409449,4.309562992125985,1360778.08,1276879.16,1297690.03,1406087.81,1285673.94,1296518.08,1135262.4
3170,Tulare Lake,16529578.590641888,12792676500,2024-07,2024.0,7.0,month,5.843212598425197,6.2506850393700795,5.69474409448819,5.868614173228347,5.584149606299213,5.560712598425197,5.053570866141733,1539269.66,1646609.58,1500158.8,1545961.17,1471025.05,1464851.07,1331255.4
3171,Tulare Lake,16529578.590641888,12792676500,2024-08,2024.0,8.0,month,4.3531102362204726,4.747114173228347,4.2687519685039375,4.028066929133859,4.067645669291339,4.409232283464568,4.094232283464567,1146733.99,1250525.92,1124511.61,1061108.27,1071534.45,1161518.15,1078538.12
3172,Tulare Lake,16529578.590641888,12792676500,2024-09,2024.0,9.0,month,3.075984251968504,3.8920000000000003,3.0365078740157485,2.6805,2.9837834645669292,3.0490826771653547,2.8453031496062997,810302.41,1025264.34,799903.2,706120.52,786014.08,803215.76,749534.39
3173,Tulare Lake,16529578.590641888,12792676500,2024-10,2024.0,10.0,month,1.866708661417323,2.68548031496063,2.003464566929134,1.8515000000000001,2.1898937007874015,1.894708661417323,1.846712598425197,491744.56,707432.48,527769.99,487738.16,576880.76,499120.56,486477.02
3174,Tulare Lake,16529578.590641888,12792676500,2024-11,2024.0,11.0,month,0.8904173228346457,1.2825905511811027,1.0806417322834647,1.006531496062992,1.365720472440945,1.154492125984252,0.8988110236220472,234561.44,337871.11,284672.0,265149.24,359769.91,304126.31,236772.58
3175,Tulare Lake,16529578.590641888,12792676500,2024-12,2024.0,12.0,month,0.735496062992126,0.8740984251968505,0.8700590551181102,0.9883582677165355,1.4002598425196853,0.8210551181102363,0.6380826771653544,193750.74,230262.58,229198.49,260361.89,368868.57,216289.45,168089.26
3176,Tulare Lake,16529578.590641888,12792676500,2025-00,,,water_year,32.06524409448819,33.25327559055118,32.81796062992127,33.08323622047245,35.71175984251969,34.391940944881895,28.654118110236226,8446904.27,8759865.82,8645191.39,8715072.57,9407501.010000002,9059822.92,7548315.9
3177,Tulare Lake,16529578.590641888,12792676500,2025-01,2025.0,1.0,month,1.005188976377953,1.0816062992125985,1.1343543307086614,1.0638464566929133,1.5091456692913385,1.2155393700787402,0.9574606299212599,264795.58,284926.1,298821.44,280247.65,397552.22,320207.91,252222.57
3178,Tulare Lake,16529578.590641888,12792676500,2025-02,2025.0,2.0,month,1.3466732283464569,1.351035433070866,1.5302244094488189,1.589224409448819,2.1611259842519686,1.7245669291338583,1.1809133858267717,354752.32,355901.45,403104.97,418647.26,569302.52,454300.35,311086.43
3179,Tulare Lake,16529578.590641888,12792676500,2025-03,2025.0,3.0,month,2.1885472440944884,2.025200787401575,2.3358267716535432,2.343472440944882,2.6219133858267716,2.765763779527559,1.8961181102362206,576526.07,533495.93,615323.72,617337.8,690687.13,728581.45,499491.85
3180,Tulare Lake,16529578.590641888,12792676500,2025-04,2025.0,4.0,month,3.189003937007874,2.4870866141732284,3.0473661417322835,3.11336220472441,3.5939606299212605,3.1497755905511813,2.4990511811023626,840075.03,655169.89,802763.58,820148.83,946752.23,829741.16,658321.7
3181,Tulare Lake,16529578.590641888,12792676500,2025-05,2025.0,5.0,month,4.170606299212599,3.8265472440944883,4.168314960629922,4.317708661417323,4.620377952755906,4.272488188976378,3.6434330708661418,1098657.23,1008022.21,1098053.62,1137408.21,1217139.97,1125495.84,959784.69
3182,Tulare Lake,16529578.590641888,12792676500,2025-06,2025.0,6.0,month,4.5952401574803154,4.3471968503937015,4.529326771653544,4.610531496062992,4.444665354330708,4.884090551181102,4.2289488188976385,1210517.96,1145176.24,1193154.48,1214546.13,1170852.24,1286609.43,1114026.32
3183,Tulare Lake,16529578.590641888,12792676500,2025-07,2025.0,7.0,month,4.910377952755906,4.762929133858267,4.788535433070867,5.16334251968504,4.558023622047244,5.005992125984252,4.221366141732283,1293534.28,1254692.04,1261437.47,1360172.4,1200714.05,1318721.8,1112028.82
3184,Tulare Lake,16529578.590641888,12792676500,2025-08,2025.0,8.0,month,4.314208661417323,5.008271653543307,4.30440157480315,4.340885826771654,4.012342519685039,4.3365236220472445,3.8794921259842523,1136486.21,1319322.29,1133902.74,1143513.74,1056966.01,1142364.61,1021969.41
3185,Tulare Lake,16529578.590641888,12792676500,2025-09,2025.0,9.0,month,2.852775590551181,3.5212322834645673,3.025444881889764,2.694472440944882,3.2343307086614175,3.166944881889764,2.763728346456693,751502.85,927593.5,796988.89,709801.26,852015.4,834264.05,728045.25
3186,Tulare Lake,16529578.590641888,12792676500,2025-10,2025.0,10.0,month,1.9279330708661417,2.006263779527559,2.0062007874015753,2.1150669291338584,2.8381220472440947,1.9146141732283466,1.612244094488189,507872.82,528507.38,528490.78,557169.25,747642.69,504364.25,424711.3
3187,Tulare Lake,16529578.590641888,12792676500,2025-11,2025.0,11.0,month,1.0948149606299213,1.0689488188976377,1.104779527559055,1.0532874015748033,1.642003937007874,1.1713661417322836,0.9093543307086615,288405.64,281591.75,291030.59,277466.09,432550.9,308571.41,239549.99
3188,Tulare Lake,16529578.590641888,12792676500,2025-12,2025.0,12.0,month,0.8957795275590552,0.5441220472440945,0.7394763779527559,0.5585196850393701,1.0418818897637796,0.7437007874015749,0.669468503937008,235974.0,143337.34,194799.27,147130.09,274461.55,195912.1,176357.19
3189,Tulare Lake,16529578.590641888,12792676500,2026-00,,,water_year,,,,,,,,,,,,,,
